formula,predicted_mV,norm,is_novel
Mn13Cu5Co22W19Ni6,24.365715,CoCuMnNiW,True
Ni6Cu5W14Mn16Co21,24.611221,CoCuMnNiW,True
Cu5Co7Ni24Mn23W22,24.697403,CoCuMnNiW,True
Co19W23Cu6Ni6Mn19,25.027184,CoCuMnNiW,True
Cu23Ni12Fe5Mo7Co25,25.146973,CoCuFeMoNi,True
Ni15W23Cu5Co5Mn19,25.210297,CoCuMnNiW,True
W24Co5Cu7Ni24Mn5,25.24736,CoCuMnNiW,True
Co6Ni17Mn12W20Cu5,25.3536,CoCuMnNiW,True
Co21Mn20Cu12W25Ni5,25.36602,CoCuMnNiW,True
Mn17Ni5Cu6W16Co14,25.36998,CoCuMnNiW,True
W25Co7Mn16Ni23Cu8,25.414711,CoCuMnNiW,True
Ni16Co7W22Cu5Mn17,25.417099,CoCuMnNiW,True
W16Ni6Cu9Mn24Co23,25.575958,CoCuMnNiW,True
Cu8Co18Ni9W24Mn23,25.659348,CoCuMnNiW,True
Ni5Mn22Co22Cu6W9,25.693123,CoCuMnNiW,True
Cu7W25Fe24Mn13Co5,25.74704,CoCuFeMnW,True
Ni6Cu21W25Mn14Co7,25.752579,CoCuMnNiW,True
Mn21Ni5Co21W18Cu12,25.771988,CoCuMnNiW,True
Mn14W25Cu6Ni22Co11,25.87777,CoCuMnNiW,True
Co5Cu11Ni18Mn16W22,25.989716,CoCuMnNiW,True
Fe21Cu7Ni6Mn9W16,26.001366,CuFeMnNiW,True
Mn19Ni16Cu7W15Co6,26.010178,CoCuMnNiW,True
Cu16Ni6W23Mn21Co6,26.013336,CoCuMnNiW,True
W24Cu25Co8Ni8Mn16,26.02227,CoCuMnNiW,True
Cu7Co20W22Ni6Mn5,26.079155,CoCuMnNiW,True
Cu14Mn19W19Co5Ni5,26.098053,CoCuMnNiW,True
W23Mn20Cu6Fe7Ni7,26.148804,CuFeMnNiW,True
Mn21Ni13Cu24Co5W18,26.150986,CoCuMnNiW,True
Ni25Cu10Mn24Co9W21,26.177132,CoCuMnNiW,True
W15Cu10Co5Mn23Ni14,26.264793,CoCuMnNiW,True
W21Mn24Cu11Co20Ni9,26.290512,CoCuMnNiW,True
Cu12Co19W21Mn24Ni8,26.312332,CoCuMnNiW,True
Ni8Cu11Mn25Co5W20,26.334137,CoCuMnNiW,True
Ni10Co5W20Mn7Cu5,26.370056,CoCuMnNiW,True
W12Cu12Co5Mn24Ni22,26.396797,CoCuMnNiW,True
Cu5Fe7Mn21W22Co14,26.405624,CoCuFeMnW,True
Mn21Cu6W25Co8Fe24,26.416214,CoCuFeMnW,True
Mn20Co15W16Cu5Ni13,26.41623,CoCuMnNiW,True
Mn14Co7Cu8W23Ni16,26.456917,CoCuMnNiW,True
Co8Ni12W25Cu17Mn23,26.464012,CoCuMnNiW,True
Cu5W25Co8Fe21Mn14,26.54979,CoCuFeMnW,True
Ni6Mn23Fe19W23Cu9,26.564476,CuFeMnNiW,True
W14Co5Ni17Mn9Cu8,26.600998,CoCuMnNiW,True
Ni6Cu12Mn14W20Co7,26.606377,CoCuMnNiW,True
Ni13Mn18Co6Cu14W20,26.608475,CoCuMnNiW,True
Mn24W17Co19Ni6Cu18,26.65467,CoCuMnNiW,True
Co23Fe10Cu5W24Mn6,26.659134,CoCuFeMnW,True
Cu13Co5Mn9W25Ni14,26.664711,CoCuMnNiW,True
Ni8W23Mn20Cu7Fe9,26.689034,CuFeMnNiW,True
Cu7W21Mn13Co25Fe8,26.711487,CoCuFeMnW,True
Ni17Mn8Cu6W24Fe24,26.711586,CuFeMnNiW,True
Ni6Mn15Co12Cu14W24,26.729065,CoCuMnNiW,True
Co16Cu6Ni7Mn21W8,26.74823,CoCuMnNiW,True
Ni13W20Cu18Mn23Co7,26.748802,CoCuMnNiW,True
Cu5Ni13Co25Mn10W16,26.75019,CoCuMnNiW,True
Mn22Cu8W16Ni6Co8,26.753548,CoCuMnNiW,True
Cu20Ni5Mn14Co19W24,26.781662,CoCuMnNiW,True
W13Co23Mn15Ni8Cu9,26.784119,CoCuMnNiW,True
Fe6W24Ni18Mn23Cu9,26.805801,CuFeMnNiW,True
Mn11Ni17W24Cu6Co12,26.812508,CoCuMnNiW,True
W20Cu5Ni18Co16Mn12,26.861824,CoCuMnNiW,True
Co8Cu6Fe22Mn17W20,26.866905,CoCuFeMnW,True
Cu10Co6Ni6W13Mn20,26.877853,CoCuMnNiW,True
Cu23Mn22Ni8W15Co8,26.888092,CoCuMnNiW,True
Ni17Mn22Co10Cu8W14,26.891144,CoCuMnNiW,True
Co8Cu15Ni6W12Mn23,26.894066,CoCuMnNiW,True
Cu5Fe22W25Mn25Ni16,26.928047,CuFeMnNiW,True
Ni15Co8Cu10W17Mn19,26.959518,CoCuMnNiW,True
Ni9Cu6Fe23W17Mn5,26.96428,CuFeMnNiW,True
Cu21Co6Mn21Ni12W15,26.986649,CoCuMnNiW,True
Ni25W25Mn24Co16Cu9,27.004211,CoCuMnNiW,True
Mn24W22Cu20Fe5Co6,27.013786,CoCuFeMnW,True
Mn15Co6W8Cu6Ni9,27.035423,CoCuMnNiW,True
Co23Cu9Ni9Mn6W23,27.043983,CoCuMnNiW,True
Cu9Mn14Ni24Co6W8,27.045578,CoCuMnNiW,True
Mn25Cu15W18Ni9Co16,27.047913,CoCuMnNiW,True
Co5Ni15Mn6Cu9W16,27.1195,CoCuMnNiW,True
Co15W8Ni9Cu7Mn22,27.154144,CoCuMnNiW,True
Mn21Co9W23Cu12Fe5,27.176117,CoCuFeMnW,True
Mn18Ni14Co20W20Cu7,27.181854,CoCuMnNiW,True
Mn24Cu10W12Ni12Co10,27.18763,CoCuMnNiW,True
W14Fe18Mn6Co7Cu6,27.188385,CoCuFeMnW,True
W21Mn25Cu15Fe22Ni5,27.20514,CuFeMnNiW,True
Co6Cu20Mn15Ni5W6,27.218582,CoCuMnNiW,True
Ni23Mn5W14Fe6Co6,27.25418,CoFeMnNiW,True
Cu22Mn24W24Ni9Co19,27.285034,CoCuMnNiW,True
Ni8Co6Mn9W21Cu7,27.310425,CoCuMnNiW,True
Ni6W16Mn7Cu6Co11,27.318008,CoCuMnNiW,True
Mn17Ni16Cu7W21Co19,27.341621,CoCuMnNiW,True
W18Mn17Cu8Co10Ni17,27.343124,CoCuMnNiW,True
W24Cu16Ni14Mn22Co10,27.34658,CoCuMnNiW,True
Mn18Fe6Ni6W15Cu23,27.362457,CuFeMnNiW,True
Mn19W20Co13Cu13Ni9,27.377296,CoCuMnNiW,True
Co17W14Ni5Cu25Mn24,27.383232,CoCuMnNiW,True
Cu17W25Mn7Ni7Co12,27.39441,CoCuMnNiW,True
Cu23Mn25W19Co7Fe5,27.403542,CoCuFeMnW,True
W13Co7Mn22Cu6Fe21,27.412506,CoCuFeMnW,True
Mo12Co8W22Cu5Mn23,27.413406,CoCuMnMoW,True
Fe23W16Ni6Co7Mn5,27.426216,CoFeMnNiW,True
Cu9Mn19Ni18W23Fe6,27.437721,CuFeMnNiW,True
Mn17Co23Ni12W14Cu7,27.439117,CoCuMnNiW,True
Ni5Co18Cu12Mn14W14,27.441635,CoCuMnNiW,True
Cu6Fe17W25Co7Mn12,27.46457,CoCuFeMnW,True
Co6W15Ni6Mn11Cu14,27.468933,CoCuMnNiW,True
Ni13Mn16Cu7Co21W19,27.481369,CoCuMnNiW,True
Ni10Mn20W20Co18Cu12,27.483673,CoCuMnNiW,True
Co11Fe25W19Cu8Mn7,27.488266,CoCuFeMnW,True
Mn17Co5Fe8W23Cu13,27.52552,CoCuFeMnW,True
W25Mo11Mn10Cu5Ni11,27.552696,CuMnMoNiW,True
Mn9W23Co15Cu10Ni8,27.586456,CoCuMnNiW,True
Mn20Ni10Co12Cu18W24,27.605614,CoCuMnNiW,True
W10Fe6Cu5Co18Mn8,27.607697,CoCuFeMnW,True
Mn24Cu8Ni11W23Fe14,27.633888,CuFeMnNiW,True
Co11W24Ni20Mn9Fe5Cu6,27.645683,CoCuFeMnNiW,True
W19Ni25Co10Mn6Cu9,27.650032,CoCuMnNiW,True
Ni7Co15W17Cu8Mn7,27.655052,CoCuMnNiW,True
Fe25Cu11W11Co5Mn19,27.657936,CoCuFeMnW,True
W18Mn17Cu5Ni12Fe18,27.66047,CuFeMnNiW,True
W17Cu14Mn25Ni19Co10,27.664986,CoCuMnNiW,True
Mn25W12Co8Cu15Ni17,27.695381,CoCuMnNiW,True
W21Fe18Ni7Mn25Cu13,27.701263,CuFeMnNiW,True
Co5Cu8Fe9W20Mn14,27.711166,CoCuFeMnW,True
W22Ni21Co7Cu17Mn16,27.736572,CoCuMnNiW,True
Mn19Cu5W14Co21Fe8,27.739487,CoCuFeMnW,True
W17Mn14Cu11Co24Ni10,27.766273,CoCuMnNiW,True
Co7Cu12Mn6W17Fe24,27.767181,CoCuFeMnW,True
Ni15Fe25Cu6W16Mn11,27.782845,CuFeMnNiW,True
Co12Fe21Cu6Mn23W20,27.823708,CoCuFeMnW,True
Mn22Cu23W12Ni12Co7,27.837547,CoCuMnNiW,True
Co19Ni12W24Mn19Cu12,27.847557,CoCuMnNiW,True
Ni15Cu21Mn20W21Co8,27.854332,CoCuMnNiW,True
Mn11W24Ni10Cu6Fe17,27.858368,CuFeMnNiW,True
Cu6Co21Fe18W25Mn6,27.873512,CoCuFeMnW,True
Fe25Ni7Cu8W8Mn24,27.874458,CuFeMnNiW,True
Cu6Mn11Co17Ni6W5,27.907959,CoCuMnNiW,True
Mn9W25Cu7Ni11Fe18,27.935364,CuFeMnNiW,True
Cu20Mn24W25Ni13Co13,27.940948,CoCuMnNiW,True
Cu20Mn24Ni6Co15W11,27.970985,CoCuMnNiW,True
Mn25W16Cu6Ni5Mo24,28.051346,CuMnMoNiW,True
W8Cu10Ni13Co5Mn16,28.053452,CoCuMnNiW,True
W15Ni11Mn12Co19Cu7,28.05841,CoCuMnNiW,True
Cu7Ni10Mn17W22Mo9,28.061287,CuMnMoNiW,True
Mn24W14Cu17Ni19Co8,28.069084,CoCuMnNiW,True
Mn13W16Cu8Co23Ni13,28.071152,CoCuMnNiW,True
Ni12Mn21Cu9W9Co11,28.082634,CoCuMnNiW,True
Fe25W25Mn18Cu21Co5,28.085152,CoCuFeMnW,True
W22Cu5Mo20Mn23Co6,28.08519,CoCuMnMoW,True
W20Co18Ni10Cu8Mn6,28.09726,CoCuMnNiW,True
Fe13Cu6W21Co20Mn6,28.104805,CoCuFeMnW,True
Cu10Ni19W22Mn23Fe9,28.134201,CuFeMnNiW,True
Cu5Co18W21Fe20Mn24,28.147057,CoCuFeMnW,True
Mn21Cu12Co21W21Ni13,28.158844,CoCuMnNiW,True
Fe5Ni15W23Cu23Mn23,28.174744,CuFeMnNiW,True
Co7Mn17Ni15W13Cu12,28.229553,CoCuMnNiW,True
Co7Mn7Ni17Cu24W20,28.234245,CoCuMnNiW,True
Cu18W12Mn8Fe6Co5,28.241486,CoCuFeMnW,True
Mn25Ni13W21Cu15Co25,28.24398,CoCuMnNiW,True
Mn25Cu7Ni11Mo19W23,28.251434,CuMnMoNiW,True
Ni20W21Cu25Co7Mn15,28.255447,CoCuMnNiW,True
Fe13Cu5Ni18Mn12W21,28.266876,CuFeMnNiW,True
W16Ni19Co9Mn20Cu13,28.269531,CoCuMnNiW,True
W24Ni6Cu14Mn21Mo20,28.32563,CuMnMoNiW,True
W20Co6Mo14Cu7Mn20,28.33033,CoCuMnMoW,True
Mo9W20Cu5Co10Mn18,28.33371,CoCuMnMoW,True
Co7Cu18W22Mn6Ni19,28.33995,CoCuMnNiW,True
Co7Ni16Mn25Cu22W12,28.370537,CoCuMnNiW,True
Mn10Ni8Cu16Co8W19,28.38311,CoCuMnNiW,True
Mn11Ni16Cu7W20Fe7,28.384743,CuFeMnNiW,True
Co6Cu24W24Mn11Fe20,28.39949,CoCuFeMnW,True
Mn25Fe15Co10W18Cu8,28.41401,CoCuFeMnW,True
Cu10Mo10W25Mn24Ni11,28.416588,CuMnMoNiW,True
Cu6Ni6Mo24W25Mn12,28.419388,CuMnMoNiW,True
Ni13Mn24Cu7Fe12W15,28.425362,CuFeMnNiW,True
W25Cu25Mo6Ni6Mn12,28.441467,CuMnMoNiW,True
Ni17W25Fe20Cu9Mn25,28.459625,CuFeMnNiW,True
Co7Mn7Ni8Cu15W25Fe18,28.464981,CoCuFeMnNiW,True
W16Cu5Ni24Fe17Mn14,28.467545,CuFeMnNiW,True
Ni25Mn9Cu21Co6W19,28.47792,CoCuMnNiW,True
Ni9Cu12W16Co22Mn11,28.49524,CoCuMnNiW,True
Cu21Mn16Co9Ni24W25,28.496048,CoCuMnNiW,True
Cu6Mn17W6Co12Ni25,28.50727,CoCuMnNiW,True
Co5Fe10W22Mn9Cu17,28.51107,CoCuFeMnW,True
W21Co6Mn19Cu17Fe9,28.514175,CoCuFeMnW,True
Fe7Co7Mn8W21Ni20Cu5,28.528835,CoCuFeMnNiW,True
Ni22Co21Cu10Mn15W24,28.537872,CoCuMnNiW,True
Co10Ni12Mn17Cu10W16,28.544724,CoCuMnNiW,True
W24Cu13Mn25Co25Ni19,28.549038,CoCuMnNiW,True
Mn5Cu7Ni23W23Fe18,28.549164,CuFeMnNiW,True
Co7W13Fe9Cu6Mn17,28.579636,CoCuFeMnW,True
Cu7Mn14Ni10Fe5W12,28.583672,CuFeMnNiW,True
W24Cu13Fe10Ni10Mn21,28.593151,CuFeMnNiW,True
Co7Ni22W20Cu24Mn19,28.604713,CoCuMnNiW,True
Mn7W17Co6Cu17Fe7,28.611835,CoCuFeMnW,True
Mn8Cu9Co13W21Ni14,28.621552,CoCuMnNiW,True
Mn6Cu8W10Ni20Fe5,28.626034,CuFeMnNiW,True
Ni18W21Mn8Mo12Cu5,28.626724,CuMnMoNiW,True
Mn14W9Ni6Cu12Co8,28.627514,CoCuMnNiW,True
W22Cu6Mo19Fe7Mn24,28.63739,CuFeMnMoW,True
W23Mn5Fe6Cu13Ni11,28.649113,CuFeMnNiW,True
Cu5Co7W23Mo25Mn24,28.650257,CoCuMnMoW,True
Co18Cu11Fe6W24Mn15,28.678986,CoCuFeMnW,True
Co18Mn15W16Cu25Ni7,28.687641,CoCuMnNiW,True
W23Cu25Fe18Mn9Co7,28.690147,CoCuFeMnW,True
Ni6Fe14Mn5Cu6W11,28.703075,CuFeMnNiW,True
Cu9Mn19Co15Ni17W16,28.710537,CoCuMnNiW,True
Ni7Cu15Co15W17Mn10,28.72211,CoCuMnNiW,True
Ni6Mn19W11Co17Cu17,28.740612,CoCuMnNiW,True
Mn18Cu11Fe12Co5W15,28.743595,CoCuFeMnW,True
Mn19Mo21W23Ni16Cu5,28.747551,CuMnMoNiW,True
Ni8Cu6Mn24W17Mo25,28.768349,CuMnMoNiW,True
Ni7Mn16W18Fe20Cu12,28.769382,CuFeMnNiW,True
W20Mn21Mo12Cu9Ni9,28.773232,CuMnMoNiW,True
Fe6W21Ni23Co7Mn9,28.79306,CoFeMnNiW,True
W24Fe21Cu11Mn25Ni13,28.797283,CuFeMnNiW,True
Mn15W20Ni7Cu10Mo11,28.804852,CuMnMoNiW,True
Fe21Mn10W24Co7Cu25,28.816486,CoCuFeMnW,True
W17Cu11Mn19Fe12Co6,28.820904,CoCuFeMnW,True
W14Co15Cu7Ni24Mn10,28.823227,CoCuMnNiW,True
Mn25W23Ni16Co18Cu15,28.836765,CoCuMnNiW,True
Ni13Mn9W20Cu7Fe18,28.837013,CuFeMnNiW,True
Fe6Cu13W14Mn12Ni5,28.850285,CuFeMnNiW,True
W12Co23Mn5Fe14Cu5,28.85289,CoCuFeMnW,True
Ni21Fe5Mn9W13Co6,28.857952,CoFeMnNiW,True
Fe5W19Mn16Cu18Ni12,28.871075,CuFeMnNiW,True
Mn7Co18W25Fe9Cu9,28.887661,CoCuFeMnW,True
W25Fe5Mn9Co12Cu13,28.917812,CoCuFeMnW,True
Cu7W13Mn12Ni14Co9,28.923641,CoCuMnNiW,True
W19Ni5Co6Mn8Fe18,28.925907,CoFeMnNiW,True
Mn7Ni5Fe7Cu6W18,28.935795,CuFeMnNiW,True
Ni12Mo25Cu6Mn23W22,28.938908,CuMnMoNiW,True
Ni6W5Cu6Fe18Mn20,28.939762,CuFeMnNiW,True
Fe6Mn13Cu21Ni13W22,28.945595,CuFeMnNiW,True
Cu10Mo21Ni8Mn15W24,28.94661,CuMnMoNiW,True
Co5Mn11Mo9W20Cu9,28.950855,CoCuMnMoW,True
Co10Mn12Cu8Fe22W15,28.957771,CoCuFeMnW,True
Ni21Fe5Mn15W24Cu25,28.965237,CuFeMnNiW,True
Fe13Ni13W21Cu10Mn23,28.975906,CuFeMnNiW,True
Fe5Cu25Mo16Ni24Co20,28.984127,CoCuFeMoNi,True
Co9Mo16Cu5W23Mn10,28.987362,CoCuMnMoW,True
Mn5W25Ni23Fe9Co8,28.992355,CoFeMnNiW,True
Fe20Mn17Cu6W18Ni18,28.993149,CuFeMnNiW,True
W13Co9Cu10Fe5Mn18,29.00124,CoCuFeMnW,True
Ni21Cu13Co20Mn24W22,29.005001,CoCuMnNiW,True
Co10W24Ni14Mn10Cu18,29.024326,CoCuMnNiW,True
Mn17Co7Cu25Fe9W16,29.042332,CoCuFeMnW,True
Ni9Mn10W11Cu7Co16,29.049484,CoCuMnNiW,True
Fe9Cu22Co9W22Mn7,29.05347,CoCuFeMnW,True
Co15W18Cu7Fe7Mn13,29.06279,CoCuFeMnW,True
Cu8Ni6Mo24Mn13W21,29.082191,CuMnMoNiW,True
Cu8W16Fe9Mn23Co18,29.103733,CoCuFeMnW,True
Fe9Cu6Mo12W24Mn14,29.138222,CuFeMnMoW,True
Mn19Cu6Ni5Mo14W9,29.147018,CuMnMoNiW,True
Ni7Mo13W25Mn6Cu22,29.148651,CuMnMoNiW,True
Co10Mn14W21Fe9Cu8,29.169731,CoCuFeMnW,True
Mn8Cu15Ni7Fe15W25,29.177277,CuFeMnNiW,True
Mo24Mn24Ni8Cu16W25,29.178864,CuMnMoNiW,True
Cu8Fe11Mn17Ni16W20,29.179996,CuFeMnNiW,True
W17Mn14Co12Cu21Fe5,29.180286,CoCuFeMnW,True
W22Cu18Mn7Ni9Co24,29.180882,CoCuMnNiW,True
Cu11W18Mo23Ni5Mn13,29.191135,CuMnMoNiW,True
Cu14Fe6W22Mn8Ni11,29.19239,CuFeMnNiW,True
Co22W21Cu8Mn7Ni20,29.192776,CoCuMnNiW,True
Cu12Mn12Mo13Co5W24,29.196884,CoCuMnMoW,True
Co6Mn5Mo6W25Cu11,29.199074,CoCuMnMoW,True
Ni9Cu11Fe9Mn16W21,29.203358,CuFeMnNiW,True
Cu9Mn16W25Co18Fe10,29.213863,CoCuFeMnW,True
Mn10Co20Fe6Cu5W21Ni10,29.224804,CoCuFeMnNiW,True
W18Fe20Mn9Co7Cu14,29.235,CoCuFeMnW,True
Co13Mn22W16Cu19Fe5,29.243015,CoCuFeMnW,True
W21Ni5Mo11Mn10Cu14,29.245556,CuMnMoNiW,True
Mn18W10Cu12Co6Fe5,29.249054,CoCuFeMnW,True
Mn5Fe12W14Co6Cu21,29.251263,CoCuFeMnW,True
Fe20Co8Mn23Cu16W23,29.268059,CoCuFeMnW,True
Cu17Fe9Mn23Co11W23,29.27335,CoCuFeMnW,True
W23Mo5Ni6Co23Mn6,29.29301,CoMnMoNiW,True
Cu15W20Fe7Ni7Mn9,29.316418,CuFeMnNiW,True
Mn10Cu21Co10Ni8W11,29.316814,CoCuMnNiW,True
W22Ni22Cu11Co13Mn7,29.326283,CoCuMnNiW,True
W19Ni8Fe9Cu21Mn7,29.33297,CuFeMnNiW,True
Mn25Cu5W17Ni16Mo17,29.3406,CuMnMoNiW,True
Cu18Ni5Mo6Co25Fe6,29.342438,CoCuFeMoNi,True
W5Cu9Ni5Co17Mn7,29.346043,CoCuMnNiW,True
Ni9Cu11Mn12Co8W15,29.352562,CoCuMnNiW,True
W20Mo6Ni12Cu7Mn6,29.359528,CuMnMoNiW,True
Ni10W18Cu9Mn6Co10,29.366383,CoCuMnNiW,True
W21Mn5Cu11Co16Ni11,29.368587,CoCuMnNiW,True
Mn15Co7Fe15W21Cu10,29.37468,CoCuFeMnW,True
Co10Cu11Ni6Mn6W13,29.382217,CoCuMnNiW,True
Mn16Cu7W16Fe21Ni14,29.382595,CuFeMnNiW,True
Mo25W22Cu8Mn20Ni10,29.387802,CuMnMoNiW,True
Cu23W24Co22Fe5Mn17,29.39045,CoCuFeMnW,True
Mn21W19Ni20Cu12Co17,29.40187,CoCuMnNiW,True
Mo20Cu11Co5Mn22W20,29.41164,CoCuMnMoW,True
Ni17Mn10Co9Cu21W20,29.411873,CoCuMnNiW,True
Co11Mn22Cu5W8Fe7,29.416866,CoCuFeMnW,True
Ni15Cu21Co15W23Mn24,29.421513,CoCuMnNiW,True
Cu20Fe5Mn24Co18W17,29.440243,CoCuFeMnW,True
W15Mn18Co14Fe7Cu9,29.44632,CoCuFeMnW,True
W12Cu22Ni8Co24Mn25,29.446667,CoCuMnNiW,True
Fe13Co8Mn13Cu8W22,29.45311,CoCuFeMnW,True
Cu5Mo22Mn10W23Ni18,29.478722,CuMnMoNiW,True
Cu10W20Mn10Ni14Fe7,29.482853,CuFeMnNiW,True
Co7Cu24W7Ni12Mn14,29.484604,CoCuMnNiW,True
Co5Cu6Mn16Mo20W16,29.493256,CoCuMnMoW,True
W6Cu9Mo18Ni5Mn25,29.497143,CuMnMoNiW,True
W11Ni9Co16Cu8Mn12,29.498764,CoCuMnNiW,True
Ni12Fe22Cu9W17Mn19,29.514671,CuFeMnNiW,True
Mo21Fe5Cu9W21Mn25,29.517601,CuFeMnMoW,True
W21Cu18Fe7Ni15Mn18,29.519547,CuFeMnNiW,True
Cu11Ni11W16Fe8Mn19,29.520306,CuFeMnNiW,True
Cu11Fe9Co11W15Mn25,29.525364,CoCuFeMnW,True
Fe14Cu13Ni5W10Mn20,29.52652,CuFeMnNiW,True
Mn7Ni18W23Mo11Cu8,29.536434,CuMnMoNiW,True
Cu23Fe8Co13W22Mn6,29.539162,CoCuFeMnW,True
Fe6Mn9Co9W23Cu12,29.546337,CoCuFeMnW,True
Co8Fe13Cu22W22Mn23,29.549183,CoCuFeMnW,True
Fe23W23Cu6Mn5Mo14,29.55315,CuFeMnMoW,True
Cu5W20Mo14Mn8Fe24,29.55577,CuFeMnMoW,True
Co10W22Mo11Mn16Cu8,29.557388,CoCuMnMoW,True
Mn24Fe18Co17Cu10W25,29.558083,CoCuFeMnW,True
W14Cu5Mn6Fe9Ni8,29.56681,CuFeMnNiW,True
Co11Fe5W14Cu22Mn18,29.568352,CoCuFeMnW,True
Mo21Ni23W21Mn7Cu5,29.590927,CuMnMoNiW,True
Mn24Mo18W24Cu19Co5,29.597424,CoCuMnMoW,True
Ni5Mo9Cu17W19Mn16,29.615772,CuMnMoNiW,True
Co21Ni7W18Cu23Mn7,29.625198,CoCuMnNiW,True
W21Ni21Cu17Mn21Co13,29.640083,CoCuMnNiW,True
Cu16Fe11Mn23W18Ni10,29.64014,CuFeMnNiW,True
Mn14W18Mo22Cu6Fe5,29.647385,CuFeMnMoW,True
W19Cu15Mn12Fe9Co6,29.64833,CoCuFeMnW,True
Mn10W19Ni14Mo10Cu6,29.667515,CuMnMoNiW,True
Co17Cu17Ni23Fe5Mo11,29.686367,CoCuFeMoNi,True
Ni10Mn21W25Cu15Mo18,29.705353,CuMnMoNiW,True
Ni19W22Mn6Cu10Mo5,29.71703,CuMnMoNiW,True
Cu21Mn23W9Ni7Co18,29.719036,CoCuMnNiW,True
Mn10Mo17W20Ni12Cu7,29.731892,CuMnMoNiW,True
W23Cu23Fe7Co16Mn21,29.73217,CoCuFeMnW,True
Co9Cu15Ni8W5Mn20,29.735645,CoCuMnNiW,True
Cu13W23Co20Fe8Mn10,29.747879,CoCuFeMnW,True
Cu23Mn24W22Fe8Ni18,29.752487,CuFeMnNiW,True
Ni5Fe6Mn6Co17W9,29.766006,CoFeMnNiW,True
W15Mn7Co14Ni22Cu8,29.773895,CoCuMnNiW,True
Fe6W15Mn18Ni24Co5,29.781628,CoFeMnNiW,True
Fe25Mn13W24Cu20Co9,29.786697,CoCuFeMnW,True
Cu9W10Ni12Mn16Co22,29.78994,CoCuMnNiW,True
Mn25W25Fe11Cu15Co18,29.814926,CoCuFeMnW,True
Mn15Ni14W11Co6Cu19,29.81662,CoCuMnNiW,True
Fe18Co7Mn25W14Cu14,29.819927,CoCuFeMnW,True
Cu5Cr24W19Mn12Co5,29.822453,CoCrCuMnW,True
W23Ni14Cu20Mn18Fe8,29.836094,CuFeMnNiW,True
W24Mo17Mn12Co21Cu5,29.840427,CoCuMnMoW,True
Fe12Mo14W23Mn5Cu5,29.863972,CuFeMnMoW,True
Cu5Fe23Co8Ni5W9,29.870579,CoCuFeNiW,True
Cu5Co14Mn5Mo10W19,29.876282,CoCuMnMoW,True
Co9Cu19W12Ni23Mn23,29.885181,CoCuMnNiW,True
Fe23W17Cu15Co7Mn15,29.88601,CoCuFeMnW,True
Cu7Mo24Mn18W25Fe10,29.899021,CuFeMnMoW,True
W9Ni25Cu5Mn6Co16,29.901848,CoCuMnNiW,True
Cu12Mn8Ni8Fe15W21,29.903904,CuFeMnNiW,True
Fe6Ni9Mn10Co21W25,29.919258,CoFeMnNiW,True
Mn15Ni10W19Cu24Fe9,29.922153,CuFeMnNiW,True
Ni11Cu5Mo25W11Mn5,29.94917,CuMnMoNiW,True
Cu17Mo6W22Co5Mn21,29.951733,CoCuMnMoW,True
Co10Mn5Ni19Cu16W21,29.95248,CoCuMnNiW,True
Fe10Mo25Mn11W23Cu5,29.955791,CuFeMnMoW,True
Mo16W21Mn13Fe8Cu6,29.956676,CuFeMnMoW,True
Cu7Mn9Co20Ni25W15,29.965694,CoCuMnNiW,True
Co7Mn6Fe22Ni19Cu6W21,29.96843,CoCuFeMnNiW,True
Co24Mo16Mn8Cu5W17,29.98621,CoCuMnMoW,True
Cu10Ni16W12Co12Mn18,29.989677,CoCuMnNiW,True
Cu16W24Mn13Ni10Fe22,29.992748,CuFeMnNiW,True
Cu21Ni11W18Mn21Fe8,30.00135,CuFeMnNiW,True
W18Co22Cu13Mn23Ni20,30.002522,CoCuMnNiW,True
Ni20Mn7Co11W23Cu20,30.008682,CoCuMnNiW,True
Co17W17Ni16Cu10Mn13,30.010017,CoCuMnNiW,True
Ni14W14Cu5Co5Fe24,30.011726,CoCuFeNiW,True
W24Cu16Mo11Mn6Ni8,30.011955,CuMnMoNiW,True
Fe9W16Ni17Mn19Cu10,30.013977,CuFeMnNiW,True
Cu10W24Ni21Fe14Mn9,30.017262,CuFeMnNiW,True
Ni6W10Cu9Mo16Mn22,30.026455,CuMnMoNiW,True
Co11Mo25W17Mn9Cu5,30.028496,CoCuMnMoW,True
Fe7Mo16W14Cu5Mn24,30.030128,CuFeMnMoW,True
Mn22Ni12Mo14W17Cu8,30.030231,CuMnMoNiW,True
Mn9Cu7W22Ni24Mo20,30.031136,CuMnMoNiW,True
Mo19W22Cu9Co8Mn10,30.047016,CoCuMnMoW,True
Cu6Mn5Fe9Mo16W23,30.05019,CuFeMnMoW,True
W20Cu16Mn24Co5Mo8,30.051521,CoCuMnMoW,True
Cu11Ni13Mn6Mo12W25,30.07779,CuMnMoNiW,True
W18Mn8Co7Cu16Fe18,30.085533,CoCuFeMnW,True
Ni11Cu12Mo10W24Mn15,30.09132,CuMnMoNiW,True
Cu6Co6Ni14W6Mn5,30.104603,CoCuMnNiW,True
Mn5Cu23Mo19W24Co5,30.112381,CoCuMnMoW,True
Cu12Mn10Mo24W15Ni6,30.12265,CuMnMoNiW,True
Cu24Mn19W22Ni8Fe24,30.127323,CuFeMnNiW,True
W25Mn12Co13Cu9Fe14,30.13673,CoCuFeMnW,True
Co8W16Ni9Fe21Mn5,30.137436,CoFeMnNiW,True
W9Cu24Co17Mn13Ni6,30.139145,CoCuMnNiW,True
Mn23Ni10Mo18Cu9W17,30.140144,CuMnMoNiW,True
W23Mo14Ni7Mn12Cu24,30.141823,CuMnMoNiW,True
Mo5Ni19Mn15Cu6W19,30.146832,CuMnMoNiW,True
Cu9Mn6W7Ni23Fe6,30.155575,CuFeMnNiW,True
Cu5Mn14W10Co10Fe17,30.16018,CoCuFeMnW,True
Cu7Mo25W22Fe9Mn22,30.165958,CuFeMnMoW,True
Mo22Ni5W7Cu9Mn11,30.169598,CuMnMoNiW,True
Cu12Ni17Mn9W20Fe8,30.17049,CuFeMnNiW,True
Ni19W15Co23Mn13Cu8,30.182137,CoCuMnNiW,True
Fe20Cu18W21Mn22Co8,30.18777,CoCuFeMnW,True
W19Mn20Ni25Cu8Fe16,30.191277,CuFeMnNiW,True
Co9Ni5W23Mn20Mo18,30.192455,CoMnMoNiW,True
W15Cu6Fe12Mn6Co15,30.203701,CoCuFeMnW,True
Fe11Cu11W24Co22Mn15,30.209583,CoCuFeMnW,True
Cu17Mo23Ni5Mn14W17,30.215672,CuMnMoNiW,True
Ni5Mn8W5Cu25Mo6,30.21793,CuMnMoNiW,True
Mn25W15Cu15Ni15Co24,30.217999,CoCuMnNiW,True
Ni5Fe12Mn6Cu11W12,30.243217,CuFeMnNiW,True
Fe5Mn6Cu18W16Co20,30.248966,CoCuFeMnW,True
W19Mn6Cu8Co25Ni25,30.249016,CoCuMnNiW,True
Cu25Fe21W23Co9Mn5,30.253708,CoCuFeMnW,True
Co6Mn10Cu14Ni19W10,30.260578,CoCuMnNiW,True
Cu13Ni11Fe23Mn8W21,30.265171,CuFeMnNiW,True
Fe8Mn22Ni17W8Cu6,30.2738,CuFeMnNiW,True
Mo23Cu15Co7Ni7Mn5,30.274559,CoCuMnMoNi,True
Mo14Cu14Ni6Mn7W20,30.291893,CuMnMoNiW,True
Cu14Fe10Ni13Mn24W17,30.299091,CuFeMnNiW,True
Fe17Cu9W18Mn24Ni21,30.303291,CuFeMnNiW,True
Cu22Mn5Ni6Fe21W16,30.305927,CuFeMnNiW,True
Co20W19Mn16Cu23Ni11,30.318302,CoCuMnNiW,True
Mn22W15Co13Cu15Ni18,30.337887,CoCuMnNiW,True
W25Ni12Cu18Mn22Fe19,30.338192,CuFeMnNiW,True
W19Cu13Ni12Mn13Co16,30.364994,CoCuMnNiW,True
Cu18Co10W25Mn18Fe19,30.36596,CoCuFeMnW,True
Mn20Cu16W19Ni13Fe9,30.368748,CuFeMnNiW,True
Fe9W25Ni23Cu22Mn11,30.370121,CuFeMnNiW,True
W14Ni22Cu7Mn14Co23,30.382195,CoCuMnNiW,True
Cr25W5Mn6Cu5Co5,30.38438,CoCrCuMnW,True
Cu18Mn19W12Fe5Co10,30.388195,CoCuFeMnW,True
Cu20Ni21Co9Mn11W18,30.388203,CoCuMnNiW,True
Cu10Co5Mn16W14Mo9,30.407963,CoCuMnMoW,True
Mn6Ni8Cu17Fe12W19,30.40971,CuFeMnNiW,True
Fe8W24Mn18Co22Cu20,30.426342,CoCuFeMnW,True
Cu13Mn25Fe5Mo19W22,30.440434,CuFeMnMoW,True
Mo22Cu5Mn8W22Fe13,30.445976,CuFeMnMoW,True
Mn25Fe5Co13Cu6W6,30.445988,CoCuFeMnW,True
Cu15Mn16Fe10W24Ni22,30.447361,CuFeMnNiW,True
W6Mn14Ni7Co8Cu11,30.454525,CoCuMnNiW,True
Mn11Cu9W21Mo22Ni14,30.458118,CuMnMoNiW,True
Fe6Ni12Mo25Mn9Cu8,30.459026,CuFeMnMoNi,True
Co5Fe22Ni5Cu24W7,30.491528,CoCuFeNiW,True
Cu20Ni24W23Mn8Co12,30.496403,CoCuMnNiW,True
Mn19Ni9W20Fe24Cu19,30.502434,CuFeMnNiW,True
W23Fe10Cu24Mn23Ni15,30.509716,CuFeMnNiW,True
W22Mn16Co10Fe11Cu15,30.51519,CoCuFeMnW,True
Mn23W24Co11Ni5Fe18,30.516232,CoFeMnNiW,True
Cu13Co8Mn17W8Ni14,30.5304,CoCuMnNiW,True
W23Ni7Fe5Co9Mn25,30.533634,CoFeMnNiW,True
Ni9Mn19W19Fe18Cu17,30.53384,CuFeMnNiW,True
Co15W24Mn17Ni15Cu24,30.53901,CoCuMnNiW,True
W24Fe9Mn23Co5Ni20,30.539833,CoFeMnNiW,True
Mn21Ni25Cu5W14Mo8,30.54021,CuMnMoNiW,True
Mo9Cu8W25Co19Mn25,30.54987,CoCuMnMoW,True
Cu17Mn21Fe6W13Ni14,30.564762,CuFeMnNiW,True
Ni17Cu20W6Mn20Co5,30.57581,CoCuMnNiW,True
W19Co9Fe21Ni5Mn24,30.578903,CoFeMnNiW,True
Co6Mn17Mo23W17Cu10,30.626408,CoCuMnMoW,True
Fe10Cu7W21Mn7Mo19,30.644897,CuFeMnMoW,True
Mn13W22Fe11Co11Cu11,30.653355,CoCuFeMnW,True
Mn6Cu22Co8W14Ni15,30.653992,CoCuMnNiW,True
Mo25Cu11Mn19Co11W25,30.673061,CoCuMnMoW,True
Mn11Fe5Co5Cu12Mo24,30.678677,CoCuFeMnMo,True
Cu9W19Mo11Mn5Co22,30.688297,CoCuMnMoW,True
Cu23Co10Ni17W17Mn14,30.697441,CoCuMnNiW,True
Ni7Mo19W11Cu7Mn8,30.703037,CuMnMoNiW,True
Mo5Mn22Cu13Ni5W12,30.703297,CuMnMoNiW,True
Cu12W19Mn8Co9Fe18,30.70739,CoCuFeMnW,True
Ni6W20Fe7Mn16Co21,30.710705,CoFeMnNiW,True
Mo8Co11W20Cu8Mn16,30.714893,CoCuMnMoW,True
Ni5Fe6W24Mo12Mn7,30.715008,FeMnMoNiW,True
Mn10Mo19W22Ni21Cu8,30.728512,CuMnMoNiW,True
Mn24Cu10Ni18Mo21W22,30.731709,CuMnMoNiW,True
Fe8Mo20Mn6Cu9W22,30.740913,CuFeMnMoW,True
Mn9Mo15Cu8W25Co22,30.746151,CoCuMnMoW,True
W12Co12Mn17Cu11Ni20,30.748554,CoCuMnNiW,True
Cu16Ni18Fe11Mn21W22,30.755833,CuFeMnNiW,True
W23Fe17Cu9Co7Ni5Mn13,30.763374,CoCuFeMnNiW,True
Mn13Ni9W19Mo15Cu12,30.76572,CuMnMoNiW,True
Co10Fe7Cu23Ni21Mo7,30.766174,CoCuFeMoNi,True
Ni15Fe23W9Mn11Cu6,30.767132,CuFeMnNiW,True
Ni16W21Mn19Cu11Fe17,30.77081,CuFeMnNiW,True
Ni14Mn17Cu9Fe22W16,30.773525,CuFeMnNiW,True
W9Mn17Cu13Mo23Ni5,30.779198,CuMnMoNiW,True
Fe24Co12Mn5W20Cu13,30.785439,CoCuFeMnW,True
W24Mn24Fe21Cu16Co12,30.790966,CoCuFeMnW,True
Mn23W19Ni13Cu13Fe20,30.791512,CuFeMnNiW,True
Mn11Ni19W25Cu15Co25,30.794254,CoCuMnNiW,True
Cu7Co19W22Mo14Mn7,30.800518,CoCuMnMoW,True
Mo9W24Mn7Cu9Fe23,30.80473,CuFeMnMoW,True
Cu16Fe14Mn24Ni22W25,30.8149,CuFeMnNiW,True
Mn25W13Ni14Cu17Co21,30.831528,CoCuMnNiW,True
Mn6Cu8Fe18Mo9W24,30.837093,CuFeMnMoW,True
Cu19Mn10Ni11Fe15W25,30.8573,CuFeMnNiW,True
Mn5Co5W23Mo7Ni14,30.8609,CoMnMoNiW,True
Mo23Co9Fe5Cu17Mn9,30.871315,CoCuFeMnMo,True
Mo9Mn21Cu7W8Ni7,30.884323,CuMnMoNiW,True
Cu9W21Mn22Ni19Mo16,30.886444,CuMnMoNiW,True
Mo6Fe11Mn23Ni5W25,30.887394,FeMnMoNiW,True
Ni24W24Fe7Co8Mn22,30.902206,CoFeMnNiW,True
Mo10Cu11Mn16W24Fe7,30.905426,CuFeMnMoW,True
Mn20Cu18W25Ni19Co21,30.906551,CoCuMnNiW,True
Mo15Ni7W7Mn22Cu8,30.92278,CuMnMoNiW,True
W20Co16Mn18Cu15Ni19,30.92308,CoCuMnNiW,True
Mn21Mo14Cu5W17Fe13,30.925606,CuFeMnMoW,True
Mn14Fe8W20Cu14Co18,30.933407,CoCuFeMnW,True
Ni17W23Fe17Cu13Mn22,30.93911,CuFeMnNiW,True
Cu7W16Co5Ni22Fe8Mn9,30.945965,CoCuFeMnNiW,True
Cu9Mn6Ni13Fe18W23Co10,30.953037,CoCuFeMnNiW,True
Co7Cu6W7Mn5Mo21,30.958282,CoCuMnMoW,True
Co5Ni8Mn13Fe10W21,30.964119,CoFeMnNiW,True
Ni6Cu25Mn5W9Mo13,30.965485,CuMnMoNiW,True
Co21Mo19Cu6W22Mn12,30.979153,CoCuMnMoW,True
Ni17Mo10W19Mn6Cu9,30.982578,CuMnMoNiW,True
Cu8Fe6W12Co8Mn10,30.98259,CoCuFeMnW,True
Cu25W24Mo22Mn5Co7,30.983395,CoCuMnMoW,True
W25Fe14Cu15Mn9Ni25,30.984455,CuFeMnNiW,True
Mn6Cu17Co8W17Fe11,30.98769,CoCuFeMnW,True
Cr6Mn22W23Mo25Cu5,30.990898,CrCuMnMoW,True
Mo12W5Cu7Ni7Mn24,30.99429,CuMnMoNiW,True
Mn15Cu13Fe23W14Co8,31.000195,CoCuFeMnW,True
W21Ni18Fe10Mn25Co5,31.004356,CoFeMnNiW,True
W20Cu18Ni12Fe9Mn5,31.017052,CuFeMnNiW,True
Fe21Ni14Cu11W20Mn15,31.019253,CuFeMnNiW,True
W24Co15Fe23Mn17Ni5,31.020672,CoFeMnNiW,True
Cu22Ni9W16Mn9Fe10,31.025928,CuFeMnNiW,True
Co9W21Fe25Ni5Cu10,31.03669,CoCuFeNiW,True
Mo9W20Cu6Mn23Co25,31.0626,CoCuMnMoW,True
Cu11W23Mn22Ni18Mo25,31.074444,CuMnMoNiW,True
W19Ni6Co23Mo10Mn8,31.080746,CoMnMoNiW,True
W6Mo23Cu5Mn13Fe7,31.082142,CuFeMnMoW,True
Mn8W12Fe19Cu10Co8,31.089973,CoCuFeMnW,True
W12Mn20Cu10Ni22Co20,31.095055,CoCuMnNiW,True
Mo17Mn23W20Co25Cu6,31.099838,CoCuMnMoW,True
Mo10W25Ni6Co13Mn5,31.122341,CoMnMoNiW,True
Co16Cu8Ni22Mn15W10,31.124123,CoCuMnNiW,True
W21Co6Ni11Mn17Fe23,31.147163,CoFeMnNiW,True
Co15W24Fe20Ni5Mn21,31.147358,CoFeMnNiW,True
Mn13W14Cu12Fe6Co11,31.14793,CoCuFeMnW,True
W7Co8Cu23Mn9Ni12,31.149086,CoCuMnNiW,True
Cu11Mn20Fe16W23Co21,31.149315,CoCuFeMnW,True
Co16Mn21Mo25W20Cu7,31.162987,CoCuMnMoW,True
Co16Mn24W13Fe7Cu15,31.163483,CoCuFeMnW,True
Cu11Mo8Mn7W18Ni24,31.17693,CuMnMoNiW,True
W22Ni25Cu8Mn25Mo5,31.180069,CuMnMoNiW,True
Mn22W17Fe11Mo11Cu6,31.181316,CuFeMnMoW,True
Fe18Mn16Co21W15Cu6,31.19125,CoCuFeMnW,True
Mn5Cu14Ni8W19Mo18,31.197937,CuMnMoNiW,True
Cu19Fe5Mn13Ni11Co8W25,31.198017,CoCuFeMnNiW,True
W23Cu18Ni21Co23Mn22,31.205261,CoCuMnNiW,True
Co24Fe11W7Cu6Ni6,31.21822,CoCuFeNiW,True
Co7Mn18Cu13Mo19W19,31.219208,CoCuMnMoW,True
Ni13Mn23Fe5W23Co18,31.22073,CoFeMnNiW,True
W24Mn19Mo7Fe5Ni9,31.22126,FeMnMoNiW,True
Mn12Ni6W15Cu25Fe21,31.221405,CuFeMnNiW,True
Mo24Co25Mn17Cu6W23,31.228638,CoCuMnMoW,True
Mn25Ni10Cu19Fe24W18,31.229939,CuFeMnNiW,True
W22Mn21Cu21Mo22Ni9,31.237526,CuMnMoNiW,True
Mn10Ni22Mo10W19Cu9,31.238865,CuMnMoNiW,True
Fe24W18Mn11Ni12Co8,31.246914,CoFeMnNiW,True
Mo12Cu13Mn6W22Ni25,31.259407,CuMnMoNiW,True
Mn24Mo20Ni14Cu9W16,31.268032,CuMnMoNiW,True
Co7W24Mo7Cu16Mn19,31.282848,CoCuMnMoW,True
Ni18Cu11W18Co16Mn6,31.289589,CoCuMnNiW,True
Fe7Ni6Mn10W25Mo18,31.307903,FeMnMoNiW,True
Fe20Cu17Mn18W25Co12,31.308975,CoCuFeMnW,True
Ni5Mo15Mn9Cu24W10,31.32022,CuMnMoNiW,True
W23Cu20Fe9Mn11Co23,31.330006,CoCuFeMnW,True
Ni14W22Fe12Cu13Mn14,31.344105,CuFeMnNiW,True
Fe21Mn16Mo22W24Cu5,31.344692,CuFeMnMoW,True
Mo17Fe5W7Mn8Cu5,31.346771,CuFeMnMoW,True
Mo16W13Cu5Ni20Mn16,31.35233,CuMnMoNiW,True
Mn6Co9Cu16Fe14W19,31.354046,CoCuFeMnW,True
Ni11Mo12W13Cu6Mn8,31.357468,CuMnMoNiW,True
Mo12Mn19W17Ni17Cu7,31.373337,CuMnMoNiW,True
Mn9W17Ni21Cu24Fe5,31.378075,CuFeMnNiW,True
Fe14W18Mn23Ni5Co10,31.395851,CoFeMnNiW,True
Mn21Cu25W10Co7Ni23,31.397705,CoCuMnNiW,True
Mo17W19Co11Cu8Mn11,31.405807,CoCuMnMoW,True
W11Cu5Mn10Mo14Co7,31.410126,CoCuMnMoW,True
Co6W22Ni9Mn19Mo19,31.414082,CoMnMoNiW,True
Fe7Mn25W14Mo10Cu8,31.420681,CuFeMnMoW,True
Ni16Fe13W15Cu8Mn9,31.423038,CuFeMnNiW,True
Ni6W8Mn22Cu13Fe17,31.440609,CuFeMnNiW,True
Mn25Fe6Ni5W18Mo6,31.449097,FeMnMoNiW,True
Cu10W17Ni21Fe13Mn5,31.450985,CuFeMnNiW,True
Mn9Co18W22Ni14Cu22,31.454891,CoCuMnNiW,True
Fe25W19Co8Mn21Cu21,31.46883,CoCuFeMnW,True
Cu5Mo10Co14W14Mn7,31.476341,CoCuMnMoW,True
Cu5Mn11Ni14Mo21W10,31.478645,CuMnMoNiW,True
Ni19W21Co12Cu8Fe9Mn6,31.484207,CoCuFeMnNiW,True
Co21Cu7W19Mo15Mn9,31.48479,CoCuMnMoW,True
W10Co8Ni10Mn11Cu11,31.48808,CoCuMnNiW,True
Mn25Ni16Cu9W16Mo23,31.493828,CuMnMoNiW,True
Mo8W18Mn23Cu10Fe7,31.524292,CuFeMnMoW,True
Cu9Cr22W21Co5Mn5,31.539913,CoCrCuMnW,True
Fe18Ni8W17Cu25Mn13,31.539959,CuFeMnNiW,True
Mo17W7Cu5Mn25Ni15,31.540844,CuMnMoNiW,True
W12Mn5Cu8Ni7Mo14,31.545025,CuMnMoNiW,True
Mn15Mo15Cu16W21Ni9,31.545208,CuMnMoNiW,True
Ni16W18Cu11Fe10Mn13,31.55204,CuFeMnNiW,True
Mn22Ni22Cu23W25Fe11,31.563438,CuFeMnNiW,True
Mn14W25Co22Ni24Cu17,31.565517,CoCuMnNiW,True
Cu23Co5Mo15Mn21W21,31.567532,CoCuMnMoW,True
Fe8Co7Mn18W21Ni22,31.580116,CoFeMnNiW,True
Mn13W21Cu5Mo8Cr6,31.589684,CrCuMnMoW,True
Mo19W11Co5Cu9Mn11,31.591145,CoCuMnMoW,True
Mn24W22Co18Fe9Cu25,31.594627,CoCuFeMnW,True
Ni12Mo24Cu5W5Mn13,31.601192,CuMnMoNiW,True
Cu14W23Ni19Mn21Fe18,31.602901,CuFeMnNiW,True
Co23Cu7Mo15Mn6W14,31.609127,CoCuMnMoW,True
Co5Mn25W11Ni8Mo25,31.620712,CoMnMoNiW,True
Fe7Co14Mn13W25Ni24,31.621342,CoFeMnNiW,True
Fe17Cu5W20Mo23Mn18,31.639645,CuFeMnMoW,True
Mn5Cu10Fe12Mo12W25,31.6418,CuFeMnMoW,True
Ni6Mn24Fe8W24Mo20,31.642471,FeMnMoNiW,True
Co7W11Cu16Fe11Mn24,31.646324,CoCuFeMnW,True
Ni22Mn20W20Cu11Fe24,31.671284,CuFeMnNiW,True
Cu18Co9Ni19Mn9W15,31.671741,CoCuMnNiW,True
W18Co9Mo24Mn7Ni6,31.69397,CoMnMoNiW,True
Ni21Cu7Fe7W5Mn11,31.698952,CuFeMnNiW,True
W18Mn21Ni13Co5Fe11,31.704777,CoFeMnNiW,True
W17Co5Cu7Cr24Mn17,31.709126,CoCrCuMnW,True
W23Mo25Cu5Mn18Fe22,31.712051,CuFeMnMoW,True
Mn17Fe19Ni5Cu17W11,31.712784,CuFeMnNiW,True
W23Ni17Fe25Mn18Cu14,31.72277,CuFeMnNiW,True
Co12W17Cu8Mo15Mn18,31.723179,CoCuMnMoW,True
W12Cu16Mn18Co15Fe5,31.727985,CoCuFeMnW,True
Mn5Co8Cu21Mo25Ni13,31.729427,CoCuMnMoNi,True
Mo7Mn11W23Cu10Co11,31.74287,CoCuMnMoW,True
Cu10Ni13Co17W12Mn13,31.744617,CoCuMnNiW,True
Cu24Ni9Mn11W14Co24,31.746841,CoCuMnNiW,True
Cu25Ni10W19Mo14Mn7,31.747875,CuMnMoNiW,True
Cr8W21Mn19Ni6Cu5,31.750954,CrCuMnNiW,True
Fe6W25Cu5Mn6Cr23,31.755405,CrCuFeMnW,True
W21Mn18Mo22Ni7Co8,31.755627,CoMnMoNiW,True
W24Cu5Mn11Co13Cr23,31.768562,CoCrCuMnW,True
W23Fe24Co7Cu9Mn11Ni14,31.77644,CoCuFeMnNiW,True
Cu7Mn25Mo14W11Co12,31.776543,CoCuMnMoW,True
Ni7W5Cu24Mn25Co22,31.776749,CoCuMnNiW,True
Ni5W15Mn22Mo6Cu22,31.77737,CuMnMoNiW,True
Co5Ni10W17Mo20Mn24,31.77974,CoMnMoNiW,True
Co10Fe19Cu21W22Mn14,31.78534,CoCuFeMnW,True
Ni25Cu5W12Mo10Mn25,31.787796,CuMnMoNiW,True
Mn9Cu7Mo19Ni9W10,31.791191,CuMnMoNiW,True
Mn16W25Cu6Fe25Mo24,31.815758,CuFeMnMoW,True
W9Mn24Cu10Mo12Co6,31.825336,CoCuMnMoW,True
W7Cu12Co5Mn17Mo25,31.826176,CoCuMnMoW,True
Mn20W13Ni17Mo12Cu6,31.83456,CuMnMoNiW,True
W15Mn6Cu15Ni6Mo17,31.834656,CuMnMoNiW,True
Ni19Mn25W13Co15Cu21,31.838562,CoCuMnNiW,True
Mn23Mo22W6Cu10Co5,31.860325,CoCuMnMoW,True
W13Cu5Ni13Mo6Mn13,31.871899,CuMnMoNiW,True
Mn6Co10Mo6W15Cu6,31.879993,CoCuMnMoW,True
Mn20Co12W9Ni13Cu14,31.895447,CoCuMnNiW,True
Mn7Co10Cu22W20Fe25,31.898056,CoCuFeMnW,True
Cu14W20Fe6Mn25Mo23,31.90142,CuFeMnMoW,True
Fe20Mn20Ni13Cu15W20,31.907635,CuFeMnNiW,True
W16Cu8Mo24Mn23Ni21,31.908543,CuMnMoNiW,True
Cu6Mn8Ni22W8Co24,31.910236,CoCuMnNiW,True
W15Fe5Mn17Cu13Mo25,31.912102,CuFeMnMoW,True
W21Mn25Co11Cu20Fe22,31.912113,CoCuFeMnW,True
Cu19Mn5W22Mo10Fe6,31.913342,CuFeMnMoW,True
Mo22W11Cu7Mn10Ni13,31.913898,CuMnMoNiW,True
Mo23Co7W18Ni7Mn8,31.915264,CoMnMoNiW,True
Ni25Fe15W9Cu5Co8,31.917057,CoCuFeNiW,True
Ni17Cu25Mn7Mo25Co6,31.917702,CoCuMnMoNi,True
Co21Cu10Mn13W13Ni17,31.919113,CoCuMnNiW,True
Mn7W19Co19Cu12Fe12,31.92463,CoCuFeMnW,True
Ni21Fe16Cu16W25Mn21,31.92862,CuFeMnNiW,True
Ni7Co12W22Mn8Fe7,31.947815,CoFeMnNiW,True
Fe11W19Cu7Mn17Mo15,31.950161,CuFeMnMoW,True
Ni23Mo11Mn6W22Cu13,31.97145,CuMnMoNiW,True
W7Ni15Cu20Co8Mn18,31.974781,CoCuMnNiW,True
Fe25Ni17Cu15W22Mn23,31.97847,CuFeMnNiW,True
Mn11Ni5W14Cu16Mo17,31.991974,CuMnMoNiW,True
W18Ni6Fe23Cu7Co13,31.995102,CoCuFeNiW,True
W7Mo10Cu5Mn21Fe6,31.999023,CuFeMnMoW,True
Cu6Co25Mo11W15Mn17,32.02122,CoCuMnMoW,True
Co14W18Mn16Fe5Ni9,32.023342,CoFeMnNiW,True
Mn7Fe22W21Co11Cu19,32.04846,CoCuFeMnW,True
Co6Ni15W25Mn21Mo6,32.05045,CoMnMoNiW,True
Mn11W25Fe5Ni9Mo12,32.05333,FeMnMoNiW,True
Fe18W25Ni21Cu17Mn25,32.066685,CuFeMnNiW,True
Cu10W13Mo23Ni11Mn8,32.072193,CuMnMoNiW,True
Cu19Mn15W10Co15Ni9,32.072285,CoCuMnNiW,True
Mn10Cu6W12Mo19Co11,32.073383,CoCuMnMoW,True
W22Ni5Fe15Co17Mn11,32.107582,CoFeMnNiW,True
Ni5W21Mo9Co12Mn13,32.10939,CoMnMoNiW,True
Mn8W16Co9Fe7Ni19,32.120262,CoFeMnNiW,True
W18Cu13Fe5Mn17Mo21,32.1209,CuFeMnMoW,True
W14Cu5Co25Mn23Mo11,32.125217,CoCuMnMoW,True
Mn23Cu19Ni5Mo11W12,32.133694,CuMnMoNiW,True
W20Mn9Fe9Co12Ni24,32.148174,CoFeMnNiW,True
Mn7Cu17W16Co9Fe10,32.152325,CoCuFeMnW,True
Mn5W8Co11Cu21Ni8,32.16203,CoCuMnNiW,True
Mo20W16Mn11Cu5Fe14,32.183502,CuFeMnMoW,True
Ni7Cu22Mn17Mo19W20,32.20559,CuMnMoNiW,True
Mn16Ni7W8Mo23Co5,32.20607,CoMnMoNiW,True
Cu8Mn9Ni19Fe13W13,32.227478,CuFeMnNiW,True
Cu9W23Co6Mn5Cr20,32.228,CoCrCuMnW,True
W13Mn12Cu16Ni7Mo24,32.229267,CuMnMoNiW,True
Ni5W21Cu18Co15Mn9Fe12,32.242954,CoCuFeMnNiW,True
Mo23Mn15W25Cu7Fe23,32.2479,CuFeMnMoW,True
Fe11W12Cu7Mn17Co14,32.248528,CoCuFeMnW,True
Ni11Cr22Mn10W25Cu8,32.25656,CrCuMnNiW,True
Cr7Mn24Co10W25Cu5,32.260376,CoCrCuMnW,True
Cu19Mn6Fe6W25Mo15,32.26054,CuFeMnMoW,True
Fe6Co8W23Mn24Mo16,32.274864,CoFeMnMoW,True
Cu6Mo15Fe9Mn6W14,32.27749,CuFeMnMoW,True
Co17Mn25Ni23W8Cu13,32.27749,CoCuMnNiW,True
Mo23Cu5Fe10Mn21W10,32.28717,CuFeMnMoW,True
Mn24Cu5Mo14Co14W8,32.288235,CoCuMnMoW,True
Ni17Fe12Co7W23Mn8,32.288383,CoFeMnNiW,True
Co5Fe20W13Cu23Mn13,32.298462,CoCuFeMnW,True
W8Mn6Cu22Ni6Co21,32.301205,CoCuMnNiW,True
Mo19Co6W21Fe7Mn7,32.307632,CoFeMnMoW,True
Mn9Cu5Fe5Cr21W15,32.311523,CrCuFeMnW,True
Ni6Mo25W10Co8Mn13,32.31158,CoMnMoNiW,True
Co7W12Mo15Mn23Ni6,32.312702,CoMnMoNiW,True
Ni19Fe21Mn20W23Cu15,32.314533,CuFeMnNiW,True
Cu20Mn20Ni15W24Fe18,32.31456,CuFeMnNiW,True
Mo23Mn11W13Ni6Cu18,32.31567,CuMnMoNiW,True
Ni24Mo6W17Mn5Fe5,32.315796,FeMnMoNiW,True
Mn12Cu5W25Mo22Cr10,32.318382,CrCuMnMoW,True
Mo17Mn6Cu17W24Co9,32.31928,CoCuMnMoW,True
W9Co6Ni22Cu24Mn10,32.32295,CoCuMnNiW,True
Mn24W5Cu21Ni12Co12,32.32549,CoCuMnNiW,True
W22Cr21Cu12Ni5Mn13,32.330185,CrCuMnNiW,True
W6Mn12Ni20Fe6Co5,32.333527,CoFeMnNiW,True
Cu14Co9Fe10W17Mn11,32.334774,CoCuFeMnW,True
Fe11Mn24Cu13Mo18W25,32.356937,CuFeMnMoW,True
Cu5Cr13Ni25W15Mn6,32.359188,CrCuMnNiW,True
Fe12Co18Cu8Mn15W15,32.366676,CoCuFeMnW,True
Cu6Mn7W22Ni18Cr7,32.37077,CrCuMnNiW,True
Mo19W24Ni12Mn8Co8,32.379433,CoMnMoNiW,True
Mn15W18Ni10Mo22Co5,32.395634,CoMnMoNiW,True
Mo14Fe10Mn25W23Ni7,32.412025,FeMnMoNiW,True
Ni7W13Cu10Mo12Mn6,32.422184,CuMnMoNiW,True
W19Mn7Fe7Ni17Co10,32.427025,CoFeMnNiW,True
Co7W23Mo19Mn10Cu19,32.428947,CoCuMnMoW,True
Mn20Cu12Ni10Mo17W14,32.431347,CuMnMoNiW,True
W23Cu7Ni7Co24Fe16,32.44664,CoCuFeNiW,True
Mn23Mo25Fe5Cu20W25,32.447536,CuFeMnMoW,True
Co8W23Mn14Fe13Ni8,32.44826,CoFeMnNiW,True
Ni7Co6W9Mn25Mo21,32.44898,CoMnMoNiW,True
Mo18W14Mn5Ni7Cu20,32.460094,CuMnMoNiW,True
Co20Mn24Ni23Cu18W17,32.470356,CoCuMnNiW,True
Mo19Fe16W19Cu6Mn16,32.47341,CuFeMnMoW,True
Ni5Mo15Mn20W21Co16,32.4854,CoMnMoNiW,True
Fe6Ni14W12Cu18Mn18,32.491013,CuFeMnNiW,True
Mo12Mn5Cu9Fe19W21,32.49309,CuFeMnMoW,True
Mo15W25Ni8Co14Mn6,32.519424,CoMnMoNiW,True
Ni5W9Fe10Mn15Co25,32.52096,CoFeMnNiW,True
Cr7Cu6W11Mn5Ni22,32.535717,CrCuMnNiW,True
W8Fe10Co10Mn13Cu5,32.538986,CoCuFeMnW,True
Mo25W24Ni19Mn15Cu15,32.539825,CuMnMoNiW,True
Mn25Mo25W21Cu5Cr9,32.549377,CrCuMnMoW,True
Mn25W21Cu20Ni12Mo24,32.55347,CuMnMoNiW,True
Cr22W20Co6Cu10Mn9,32.559116,CoCrCuMnW,True
Cu24Mo5Fe7Ni13Co11,32.56363,CoCuFeMoNi,True
Mn25W14Co18Mo25Cu7,32.583797,CoCuMnMoW,True
Fe20W22Co16Mn15Cu13,32.59697,CoCuFeMnW,True
Co11Mo25Cu12Mn6Ni12,32.601997,CoCuMnMoNi,True
Cu5Mn6Ni15Mo17Co10,32.60655,CoCuMnMoNi,True
Mo21Mn10Co5Ni20W25,32.60905,CoMnMoNiW,True
Mn20Mo9W24Ni11Co9,32.615574,CoMnMoNiW,True
Cu25Mn20Fe10W22Ni18,32.61864,CuFeMnNiW,True
W12Ni16Cu18Co22Mn24,32.619057,CoCuMnNiW,True
Co23W24Cr11Cu6Mn6,32.621746,CoCrCuMnW,True
W19Fe24Cu14Mn8Ni14,32.626934,CuFeMnNiW,True
Cu5W17Fe20Ni15Co6,32.63046,CoCuFeNiW,True
Fe25W16Cu9Ni23Mn17,32.650063,CuFeMnNiW,True
Ni12Cu23Mn22W20Fe21,32.66175,CuFeMnNiW,True
Cu16Mn6Ni7Fe15W13,32.66454,CuFeMnNiW,True
Cu22Mn7Ni10W21Mo21,32.667187,CuMnMoNiW,True
Mn20Fe23Cu7Ni24W13,32.672554,CuFeMnNiW,True
Cu7W5Ni10Mn21Fe10,32.693687,CuFeMnNiW,True
Co13W22Cu18Mn23Fe16,32.696384,CoCuFeMnW,True
Cu11W20Fe10Mo24Mn10,32.701225,CuFeMnMoW,True
Mo21Cu11Mn18W12Fe5,32.7082,CuFeMnMoW,True
Mo12Co15Mn6W25Ni8,32.71074,CoMnMoNiW,True
Co6Fe8W24Mn18Mo16,32.71333,CoFeMnMoW,True
Cu15Mn23Ni22W13Co22,32.725533,CoCuMnNiW,True
Mo25W21Co5Mn21Ni15,32.7263,CoMnMoNiW,True
W13Cu25Fe13Ni8Mn18,32.73092,CuFeMnNiW,True
W14Mo9Cu7Mn15Fe7,32.73311,CuFeMnMoW,True
Fe20W11Ni9Co5Mn23,32.734722,CoFeMnNiW,True
Ni12Cu7Fe24Co12W25Mn17,32.739796,CoCuFeMnNiW,True
Co5Cu14W10Mn20Mo21,32.741707,CoCuMnMoW,True
Mn11Fe5Cu13W21Mo11,32.74276,CuFeMnMoW,True
Co19Fe12W25Ni7Mn18,32.74278,CoFeMnNiW,True
Mn16Ni14Mo20W22Co5,32.74495,CoMnMoNiW,True
Co5Ni23Mn22W14Fe10,32.7486,CoFeMnNiW,True
W21Mo25Ni18Cu13Mn18,32.76339,CuMnMoNiW,True
Mo22W24Mn13Co8Ni11,32.773945,CoMnMoNiW,True
Cu11Mo8Co14Mn23W22,32.778893,CoCuMnMoW,True
W15Co10Mn8Ni7Mo22,32.796352,CoMnMoNiW,True
Fe23Cu14W14Mn6Ni10,32.79947,CuFeMnNiW,True
Cu12Ni21Mo18Mn13W23,32.8071,CuMnMoNiW,True
W15Mn23Cu12Ni18Fe13,32.817104,CuFeMnNiW,True
W5Mn15Cu24Fe10Ni5,32.821354,CuFeMnNiW,True
Cu9Ni8Cr21W19Mn8,32.825924,CrCuMnNiW,True
Co11Cu6Mo12Mn22W7,32.829407,CoCuMnMoW,True
Fe6Co25Mn20W10Ni9,32.83396,CoFeMnNiW,True
Ni20Mn12W20Cu18Fe9,32.8508,CuFeMnNiW,True
W24Cu16Co15Fe22Mn19,32.853996,CoCuFeMnW,True
Cu16Ni12Mn17Fe24W18,32.85961,CuFeMnNiW,True
W10Mo15Mn7Co5Ni5,32.861473,CoMnMoNiW,True
Mo25Mn11W7Fe5Co7,32.88082,CoFeMnMoW,True
W16Cu20Mn23Ni19Fe9,32.898426,CuFeMnNiW,True
Cu8Mn17W5Mo17Ni6,32.90184,CuMnMoNiW,True
Fe17Mn7Cu15Co10W17,32.90838,CoCuFeMnW,True
Cu13W10Mo18Mn21Ni8,32.908936,CuMnMoNiW,True
Cu6Cr14Mn5W20Ni22,32.916794,CrCuMnNiW,True
W20Cu14Mn6Co15Fe19,32.929707,CoCuFeMnW,True
Mn21Mo10Cu12Co10W18,32.933502,CoCuMnMoW,True
Mn24W23Co5Cr11Cu8,32.93421,CoCrCuMnW,True
Co11Cu23W21Mn22Fe24,32.9372,CoCuFeMnW,True
Fe16W19Ni12Mn22Cu22,32.939484,CuFeMnNiW,True
W18Cr11Cu9Ni5Mn21,32.939953,CrCuMnNiW,True
W22Ni22Mn5Cu19Fe14,32.95163,CuFeMnNiW,True
Mn7Cu7Co7Cr24W13,32.954018,CoCrCuMnW,True
Cu5W11Cr20Ni7Mn9,32.96825,CrCuMnNiW,True
W22Cu13Mn16Co23Fe20,32.974464,CoCuFeMnW,True
Co18Mn8Cu11Mo23Fe6,32.97476,CoCuFeMnMo,True
Fe18W20Mn16Ni10Co7,32.97714,CoFeMnNiW,True
Ni7Mo20W16Mn25Cu24,32.99104,CuMnMoNiW,True
Cu19Co25W25Fe12Mn20,33.004463,CoCuFeMnW,True
Mo10Ni24Mn22Cu10W25,33.016037,CuMnMoNiW,True
Fe19W24Cu21Ni17Mn5,33.02239,CuFeMnNiW,True
W25Mo24Mn22Ni8Fe9,33.0261,FeMnMoNiW,True
Ni5Fe15Mn11W14Co8,33.03564,CoFeMnNiW,True
Co7Fe13W24Mn22Ni25,33.0442,CoFeMnNiW,True
Fe25Ni18Cu13W19Mn14,33.056366,CuFeMnNiW,True
Cu9W10Co11Fe13Mn24,33.071407,CoCuFeMnW,True
Fe6Mn6Mo12W21Co7,33.076645,CoFeMnMoW,True
Cu7W22Mn17Cr24Co9,33.082623,CoCrCuMnW,True
Cu17Fe15Mn6Ni13W19,33.08995,CuFeMnNiW,True
Mn14Co7Ni17Cu20W8,33.090824,CoCuMnNiW,True
Co7Mo25Mn16W8Cu11,33.098034,CoCuMnMoW,True
Co5Mo10W23Fe11Mn18,33.099308,CoFeMnMoW,True
Cu5Mn13Cr11Mo21W25,33.102745,CrCuMnMoW,True
Ni13Mo21Cu6Mn16W7,33.10741,CuMnMoNiW,True
Mn21Cu23W14Fe5Ni24,33.112392,CuFeMnNiW,True
Cu21Co7Fe24Mn12W14,33.113777,CoCuFeMnW,True
W21Mn7Cu7Cr14Ni24,33.114677,CrCuMnNiW,True
Co16Fe25Mn5W18Cu13,33.129887,CoCuFeMnW,True
Mn20Fe7W6Co6Cu12,33.13101,CoCuFeMnW,True
Mo6Fe7Mn14W24Co7,33.136948,CoFeMnMoW,True
Mo19Fe7Co6W23Cu5Mn5,33.142242,CoCuFeMnMoW,True
Ni11Mn24Fe23W19Co9,33.151234,CoFeMnNiW,True
W21Mn19Co17Mo20Ni5,33.15282,CoMnMoNiW,True
W22Mn9Ni25Cu13Mo18,33.179974,CuMnMoNiW,True
Cu6W16Ni7Mo11Co6Mn6,33.180965,CoCuMnMoNiW,True
Co22Cu17W15Ni20Mn22,33.1846,CoCuMnNiW,True
W21Cr5Cu5Co13Mn7,33.19173,CoCrCuMnW,True
Fe12Mo5Mn21W21Cu8,33.192173,CuFeMnMoW,True
W22Mn6Mo25Cu21Co10,33.21248,CoCuMnMoW,True
Co13Fe13W10Cu6Mn12,33.216225,CoCuFeMnW,True
Mo21Co14Mn16Cu9W17,33.21784,CoCuMnMoW,True
Ni20Fe11W23Mn18Co7,33.224037,CoFeMnNiW,True
Cr7W21Mn24Ni11Cu9,33.22439,CrCuMnNiW,True
Mo22Co16Mn6Ni9W23,33.228786,CoMnMoNiW,True
W21Mn14Co19Mo25Ni5,33.23093,CoMnMoNiW,True
Mn24W25Mo14Cu12Co18,33.231155,CoCuMnMoW,True
Ni5Mn11Mo23Cr6W23,33.256504,CrMnMoNiW,True
Cu9Mn13Cr11W23Ni5,33.26167,CrCuMnNiW,True
Mo19Co16Ni6Mn5W18,33.266903,CoMnMoNiW,True
Co15W9Cu6Mn18Fe14,33.28194,CoCuFeMnW,True
Mn14Ni6Mo17W5Cu8,33.286633,CuMnMoNiW,True
Mo20Fe20W18Cu6Mn11,33.30115,CuFeMnMoW,True
Mo18W21Fe5Ni12Mn8,33.302376,FeMnMoNiW,True
W15Fe7Mo25Ni7Mn24,33.31025,FeMnMoNiW,True
Mo6Mn19Co5W16Fe7,33.315346,CoFeMnMoW,True
Ni16W23Cu21Mn25Fe24,33.32867,CuFeMnNiW,True
Ni25Mn18Mo21Cu7W14,33.32945,CuMnMoNiW,True
Mn9Co8Cu13Ni19W7,33.352028,CoCuMnNiW,True
Cu13Mn19W14Fe9Co25,33.36045,CoCuFeMnW,True
Cu7W6Co5Mo16Mn11,33.370888,CoCuMnMoW,True
W5Ni17Mn12Co8Cu10,33.371624,CoCuMnNiW,True
Co10Cu12Mn5Mo20W15,33.374084,CoCuMnMoW,True
Co5Ni14W8Mn7Fe23,33.387173,CoFeMnNiW,True
Mn18Fe7Cu19Co11W13,33.394123,CoCuFeMnW,True
Co5W25Fe13Ni12Cu17,33.4126,CoCuFeNiW,True
W17Co7Mn18Cu5Cr7,33.415493,CoCrCuMnW,True
Co22Cu22W24Mn22Fe12,33.424507,CoCuFeMnW,True
Ni5W22Cu11Fe23Co16,33.442894,CoCuFeNiW,True
Co22W7Ni21Cu7Mn13,33.45289,CoCuMnNiW,True
Cr11Co9W21Cu5Mn16,33.452915,CoCrCuMnW,True
W14Ni12Mn11Cu21Co20,33.457405,CoCuMnNiW,True
W25Fe18Co22Cu16Mn22,33.458176,CoCuFeMnW,True
Mn7Mo11Cu8W13Ni11,33.475082,CuMnMoNiW,True
Cu6Mo8Mn18Fe18W21,33.478867,CuFeMnMoW,True
Mn16Co9Fe8W13Cu19,33.489162,CoCuFeMnW,True
Mn16W19Fe19Cu13Ni20,33.501904,CuFeMnNiW,True
Mo16Co8Cu14W14Mn22,33.514297,CoCuMnMoW,True
W21Co22Cu13Fe23Mn18,33.520462,CoCuFeMnW,True
Mn25W17Fe22Co15Ni6,33.5384,CoFeMnNiW,True
Ni24Mn24W7Cu12Co24,33.548153,CoCuMnNiW,True
Cu8Mn5W13Ni13Mo11,33.566868,CuMnMoNiW,True
Mn20W13Cu20Mo23Ni7,33.56953,CuMnMoNiW,True
Mn11Ni7Co23W25Mo20,33.57876,CoMnMoNiW,True
Mn6Co15Fe6Cu12W12,33.60009,CoCuFeMnW,True
W25Cr22Ni18Mn6Cu8,33.63031,CrCuMnNiW,True
Cu9Mn8Cr8W21Mo22,33.63844,CrCuMnMoW,True
Ni14Mn5Co15W8Cu7,33.65133,CoCuMnNiW,True
Mn13Cu20W23Mo20Ni12,33.656193,CuMnMoNiW,True
Fe12W14Mn5Co6Mo25,33.659832,CoFeMnMoW,True
Mn10W24Cr6Cu8Ni7,33.66234,CrCuMnNiW,True
Cu25Mn14Ni21Co8W9,33.669373,CoCuMnNiW,True
Mn11Cu6Cr11Co5W21,33.670807,CoCrCuMnW,True
Ni13Mn9W6Cu17Co6,33.671265,CoCuMnNiW,True
Ni17W25Mn10Mo7Co6,33.67133,CoMnMoNiW,True
Ni6W25Mo19Fe17Mn9,33.677868,FeMnMoNiW,True
Fe17Cu10W14Co15Mn21,33.686985,CoCuFeMnW,True
Mn24W12Cu7Mo19Fe11,33.704876,CuFeMnMoW,True
Mo22Mn20Cu17Co7W15,33.7072,CoCuMnMoW,True
W14Fe15Ni17Mn15Cu10,33.709743,CuFeMnNiW,True
Cu21Fe11Ni23Mn12W22,33.7176,CuFeMnNiW,True
W24Mo24Mn8Fe17Cu13,33.722874,CuFeMnMoW,True
Mn9Ni7W21Cu7Cr5,33.7239,CrCuMnNiW,True
Co24W13Ni12Cu19Mn7,33.727604,CoCuMnNiW,True
Mn7Cu23W7Ni25Co7,33.736504,CoCuMnNiW,True
Mo16Ni5Mn9W10Cu19,33.736572,CuMnMoNiW,True
W12Fe19Cu17Mn5Co7,33.744125,CoCuFeMnW,True
Mn20Cu10Mo6W17Ni13,33.762638,CuMnMoNiW,True
Mo13Ni21Cu11Mn7W17,33.763058,CuMnMoNiW,True
Ni18Cu15W20Mn19Fe19,33.765266,CuFeMnNiW,True
Ni7W24Co19Mo16Mn23,33.76698,CoMnMoNiW,True
Co11W25Ni6Cu8Fe18,33.76838,CoCuFeNiW,True
W9Cu12Mn8Ni9Co16,33.774574,CoCuMnNiW,True
Fe9Mo17Mn14W21Ni6,33.7757,FeMnMoNiW,True
Cu15Ni21Mn13Co5Mo25,33.777977,CoCuMnMoNi,True
Mn21Ni15Cu24Fe16W23,33.77919,CuFeMnNiW,True
Co11Mo5Mn18W17Ni6,33.79585,CoMnMoNiW,True
W7Mo23Mn24Fe5Cu11,33.79768,CuFeMnMoW,True
Fe9Mn22W15Ni15Cu22,33.798054,CuFeMnNiW,True
Co6Mn12Mo16W25Fe10,33.800594,CoFeMnMoW,True
Mn7W23Cu5Cr8Fe20,33.800743,CrCuFeMnW,True
Co11Mn17W21Cr19Cu5,33.804573,CoCrCuMnW,True
Ni12Mo18Co25Mn8Cu5,33.806995,CoCuMnMoNi,True
Mn24Ni5Mo24W12Co14,33.81502,CoMnMoNiW,True
Cu9Fe25W22Ni11Mn17Co5,33.816635,CoCuFeMnNiW,True
W23Cu8Mo5Mn6Cr6,33.826252,CrCuMnMoW,True
Fe19Cu8Ni10W7Mn17,33.833687,CuFeMnNiW,True
Mn13Cu5Fe24W13Mo6,33.834663,CuFeMnMoW,True
W23Mo25Co15Ni10Mn11,33.835987,CoMnMoNiW,True
Mn22Co21Cu8Mo16W18,33.846,CoCuMnMoW,True
Ni22W23Mo12Co9Mn6,33.847984,CoMnMoNiW,True
Cu15W15Ni9Mo20Mn14,33.84982,CuMnMoNiW,True
Mo10W17Fe25Mn5Ni7,33.8522,FeMnMoNiW,True
Cr21Mn9Co19Cu5W24,33.856613,CoCrCuMnW,True
Co8W17Mn15Mo11Ni8,33.880985,CoMnMoNiW,True
Mn13Mo13Co22W23Ni6,33.88244,CoMnMoNiW,True
Mn13W18Ni13Cr5Cu5,33.90003,CrCuMnNiW,True
Cu24Mn16Fe8Co11W12,33.902817,CoCuFeMnW,True
Cu15Mn10Ni14W15Mo25,33.90358,CuMnMoNiW,True
Mn12Cu13Mo25Co13Fe7,33.906372,CoCuFeMnMo,True
W5Mn25Cu15Co5Mo19,33.908894,CoCuMnMoW,True
Mo21Co18Mn20W22Ni6,33.912872,CoMnMoNiW,True
Cu18W23Mn8Co5Cr24,33.924316,CoCrCuMnW,True
Mn7Cu6Ni12W14Cr23,33.934998,CrCuMnNiW,True
Ni16Co12Mn12Fe8W25,33.94249,CoFeMnNiW,True
Co16W21Mn8Cu17Fe19,33.94358,CoCuFeMnW,True
Co5Ni24Mn8Mo22W13,33.97362,CoMnMoNiW,True
Ni11Cu8W22Mn12Cr19,33.976234,CrCuMnNiW,True
Mn10Cu9Ni14Fe25W7,33.97756,CuFeMnNiW,True
Mn6W18Ni10Co20Fe11,33.98104,CoFeMnNiW,True
Cr19Cu7Ni8W18Mn23,33.984505,CrCuMnNiW,True
Mn13W15Ni23Mo10Cu8,33.988068,CuMnMoNiW,True
Ni7Mn18Cu6Mo10Co5W25,33.98953,CoCuMnMoNiW,True
W23Ni8Cu14Mn12Cr24,34.0043,CrCuMnNiW,True
Cu12W12Co22Mn12Ni20,34.0058,CoCuMnNiW,True
Fe5W22Ni12Mo15Mn18,34.00922,FeMnMoNiW,True
Cr10Cu7Mn22Co11W23,34.01301,CoCrCuMnW,True
Ni15W15Co13Mn6Cu19,34.021294,CoCuMnNiW,True
W8Mn8Cu6Co25Mo22,34.024918,CoCuMnMoW,True
Mn23Co25Cu15Fe12W19,34.035297,CoCuFeMnW,True
Co20W8Ni9Cu25Mn11,34.037827,CoCuMnNiW,True
Mo21Fe19Mn6W22Ni6,34.043465,FeMnMoNiW,True
Co25Cu17W23Mn10Fe19,34.04365,CoCuFeMnW,True
W12Cu15Ni12Mn9Co20,34.052563,CoCuMnNiW,True
Mn17Ni10Mo15Co12W25,34.061405,CoMnMoNiW,True
Mn20Mo8Fe13Cu6W16,34.06617,CuFeMnMoW,True
Ni6Mn11Co23Cu6Mo23,34.068398,CoCuMnMoNi,True
W14Mn9Mo19Co24Cu8,34.07146,CoCuMnMoW,True
W22Fe25Mn22Cu23Ni15,34.075844,CuFeMnNiW,True
Co11Mo23Cu10Mn10Ni5,34.081898,CoCuMnMoNi,True
W13Co15Ni12Mn9Cu18,34.09837,CoCuMnNiW,True
Co10Cr14Cu6Mn15W25,34.099926,CoCrCuMnW,True
Mn15Co5Cu22W11Fe19,34.107662,CoCuFeMnW,True
Cu23Ni9Fe10Co5W5,34.122593,CoCuFeNiW,True
W21Co23Fe5Cu10Ni9,34.123363,CoCuFeNiW,True
Co12Cu25Mn7Ni21W14,34.12411,CoCuMnNiW,True
Co22Ni12Cu22Mn7W14,34.129135,CoCuMnNiW,True
Mo24Ni11Co5Mn16W8,34.13903,CoMnMoNiW,True
Fe23Ni24Co6Mn6W14,34.1391,CoFeMnNiW,True
W25Ni22Mn10Co7Mo17,34.146233,CoMnMoNiW,True
W16Cu14Mo15Mn16Ni10,34.146843,CuMnMoNiW,True
Mo23W9Mn6Co12Cu10,34.14961,CoCuMnMoW,True
W20Mn11Cu23Fe22Co12,34.152252,CoCuFeMnW,True
Ni14Mo18Cu8W9Mn5,34.161694,CuMnMoNiW,True
Co7Mo21W14Ni9Mn17,34.178055,CoMnMoNiW,True
Fe7Cr20Mn22W22Cu5,34.196213,CrCuFeMnW,True
Ni15Cu12Mo16W15Mn25,34.19694,CuMnMoNiW,True
Co17Mn13Cu12Ni7W23Fe13,34.19814,CoCuFeMnNiW,True
Mo6Ni16Mn23Cu9W16,34.198994,CuMnMoNiW,True
Fe9W24Co16Mn7Cu14Ni15,34.199142,CoCuFeMnNiW,True
Ni12W6Cu13Mn18Co18,34.201725,CoCuMnNiW,True
Co9W18Mo11Ni7Mn5Cu7,34.212955,CoCuMnMoNiW,True
Fe6W17Cu11Mn8Mo15,34.224117,CuFeMnMoW,True
Mn5W16Cu16Ni23Co18,34.23214,CoCuMnNiW,True
W6Mo13Ni14Mn23Cu7,34.234276,CuMnMoNiW,True
Ni18Cu18W5Mn24Fe5,34.25345,CuFeMnNiW,True
Mn6Cu7Cr19W21Fe8,34.2601,CrCuFeMnW,True
Co20Ni5Cu8W17Fe16,34.261616,CoCuFeNiW,True
Mn9Cu12Ni14Mo25W10,34.267227,CuMnMoNiW,True
Mo24Fe7Cu18Mn5Ni15,34.279125,CuFeMnMoNi,True
Mn18Fe19Cu18W17Ni12,34.29521,CuFeMnNiW,True
Cu6Mn5Mo17Co18W9,34.302254,CoCuMnMoW,True
Mn15Cu10W24Cr9Ni9,34.302696,CrCuMnNiW,True
Ni10W17Mn13Cu8Cr24,34.30817,CrCuMnNiW,True
W23Cu5Cr25Co5Ni20,34.311596,CoCrCuNiW,True
Cu7Mo10Co12Mn18W12,34.315998,CoCuMnMoW,True
Mn14Cu17W12Mo19Ni6,34.321945,CuMnMoNiW,True
Mn16Ni14W25Co9Fe21,34.34055,CoFeMnNiW,True
W18Cr17Co10Mn23Cu5,34.347626,CoCrCuMnW,True
Co7Cu11Mn20W24Cr23,34.35164,CoCrCuMnW,True
W15Mn6Cu16Co14Fe8,34.357147,CoCuFeMnW,True
Co21W20Ni11Fe8Cu6,34.380684,CoCuFeNiW,True
Co11Mn15Cu24W19Fe24,34.38867,CoCuFeMnW,True
Cu15Mn20W8Ni7Mo20,34.393585,CuMnMoNiW,True
Cu25Mn22W7Ni23Co11,34.399952,CoCuMnNiW,True
Co9Cu10Cr25Mn7W18,34.40644,CoCrCuMnW,True
W24Mo25Co16Mn10Cu18,34.418957,CoCuMnMoW,True
Ni6Fe6Mo19Mn10W11,34.427658,FeMnMoNiW,True
Cu14Co14Ni21W7Mn20,34.429005,CoCuMnNiW,True
W7Ni19Cu14Mn16Co11,34.436287,CoCuMnNiW,True
W24Co6Cu17Mn5Cr22,34.436985,CoCrCuMnW,True
Fe5Co15Mn16Ni20W20,34.43788,CoFeMnNiW,True
Ni5Cu14Mo6Mn24W7,34.43813,CuMnMoNiW,True
Co10Fe9W22Mn13Ni12,34.457016,CoFeMnNiW,True
Mo22Fe14Ni7W25Mn13,34.46806,FeMnMoNiW,True
Mn19W23Ni6Mo7Co19,34.470135,CoMnMoNiW,True
Mn16Co6Ni10Mo20W13,34.472954,CoMnMoNiW,True
W18Co5Mn14Cu7Cr14,34.474438,CoCrCuMnW,True
W20Cu5Cr21Mn6Co22,34.475864,CoCrCuMnW,True
Cu25W23Ni23Co22Mn11,34.50614,CoCuMnNiW,True
Ni15W25Cu14Mn20Mo5,34.50712,CuMnMoNiW,True
Co17Cu10Mn16W6Ni15,34.526276,CoCuMnNiW,True
Co6Cr10Mn10W24Cu23,34.52807,CoCrCuMnW,True
Cu11W19Mo17Mn7Co22,34.533894,CoCuMnMoW,True
Mn6Ni16Fe7Co11Cu12W19,34.53504,CoCuFeMnNiW,True
Cu18W20Mo19Ni12Mn11,34.541836,CuMnMoNiW,True
W23Fe11Mo23Mn5Cu17,34.547512,CuFeMnMoW,True
Mn20Fe6Ni22Cu20W12,34.550854,CuFeMnNiW,True
W17Fe20Cu21Mn14Ni11,34.55359,CuFeMnNiW,True
Co6W19Mo5Cu25Mn25,34.557827,CoCuMnMoW,True
W20Cu8Mn18Cr14Ni9,34.5581,CrCuMnNiW,True
W5Mo8Fe7Mn23Cu5,34.56626,CuFeMnMoW,True
W18Co24Ni21Cu19Mn15,34.570927,CoCuMnNiW,True
Fe7Cu14W22Mo13Mn12,34.577503,CuFeMnMoW,True
Ni19W24Cu18Mn13Mo22,34.6184,CuMnMoNiW,True
Ni7Co12W19Mn8Fe10,34.619175,CoFeMnNiW,True
W25Mn16Cu11Cr6Fe6,34.625626,CrCuFeMnW,True
Cu11Co12W10Mn10Ni15,34.63414,CoCuMnNiW,True
Mn6Co23Ni6Cu5Mo8,34.651558,CoCuMnMoNi,True
Mn6Cu15W20Mo22Co16,34.652657,CoCuMnMoW,True
Fe7Co6Cu9Mn11Mo23,34.681175,CoCuFeMnMo,True
Mn25Co23W12Fe9Cu15,34.695427,CoCuFeMnW,True
Co8W10Cu13Mn9Mo22,34.704453,CoCuMnMoW,True
Ni6Fe22Co17Mn18W18,34.70995,CoFeMnNiW,True
Cu5Mo21Ni7Mn11Co22,34.722534,CoCuMnMoNi,True
Mn18Ni5Co19W20Mo7,34.727226,CoMnMoNiW,True
Fe11W14Mn7Mo22Cu11,34.748844,CuFeMnMoW,True
Mn6Cu15Ni22Fe7W11,34.752792,CuFeMnNiW,True
Co7W23Mo5Ni6Mn6Cu18,34.752846,CoCuMnMoNiW,True
W23Cu21Mo21Mn13Co9,34.755062,CoCuMnMoW,True
Co12Cu11W23Cr24Mn5,34.756287,CoCrCuMnW,True
Fe25Co13W18Ni13Mn6,34.758007,CoFeMnNiW,True
Fe10Ni11Mn5W20Co13,34.75819,CoFeMnNiW,True
W22Co11Ni13Mn5Mo18,34.766247,CoMnMoNiW,True
W19Co9Mo13Fe5Mn7,34.771103,CoFeMnMoW,True
Mo20Cu8Mn11W20Cr7,34.77164,CrCuMnMoW,True
Cr7Mn7W17Cu11Ni24,34.775333,CrCuMnNiW,True
Fe6Ni13Cu17W23Co6,34.786335,CoCuFeNiW,True
Cu23W19Mo13Ni8Mn22,34.786846,CuMnMoNiW,True
Mn19Ni23Co15W6Cu12,34.786987,CoCuMnNiW,True
Co12Ni11Mo25Mn10Cu14,34.78838,CoCuMnMoNi,True
W18Mo23Ni10Co11Mn22,34.789345,CoMnMoNiW,True
W21Co12Mn25Cr9Cu8,34.802757,CoCrCuMnW,True
Cu13W19Mn24Ni6Cr14,34.803234,CrCuMnNiW,True
Co16W16Mn5Ni25Cu20,34.812874,CoCuMnNiW,True
Co11Mo15W13Mn12Cu8,34.82344,CoCuMnMoW,True
Mn16Co15Fe9W18Ni7,34.837948,CoFeMnNiW,True
Cu10Cr8W19Mn25Co7,34.84137,CoCrCuMnW,True
Co5Mo5Cu20Mn16W16,34.842266,CoCuMnMoW,True
Mn12W17Fe11Cu21Ni12,34.85427,CuFeMnNiW,True
Fe17Cr8Mn9Cu5W24,34.868824,CrCuFeMnW,True
Ni20Mn21Co25Cu25W17,34.86901,CoCuMnNiW,True
Ni7W11Fe11Mn6Co19,34.869038,CoFeMnNiW,True
Fe8W15Mo21Cu13Mn7,34.87687,CuFeMnMoW,True
W20Fe11Ni13Co22Cu5,34.87825,CoCuFeNiW,True
W13Co13Mo9Mn14Cu6,34.881855,CoCuMnMoW,True
Cu20W20Fe13Co18Mn6,34.885,CoCuFeMnW,True
Mn14W22Ni6Mo25Fe16,34.898872,FeMnMoNiW,True
Cu6Co21W8Fe16Mn12,34.90089,CoCuFeMnW,True
Ni6Mn7W18Cr20Co7,34.905975,CoCrMnNiW,True
Mn21Fe23Co21W15Cu11,34.90601,CoCuFeMnW,True
Ni9Mo12W16Mn11Co6,34.92087,CoMnMoNiW,True
W19Fe16Mn18Co5Ni20,34.927113,CoFeMnNiW,True
Fe13W23Cu10Mn20Mo9,34.929184,CuFeMnMoW,True
W16Fe8Co7Cu20Ni7,34.934444,CoCuFeNiW,True
Mo17Co24W25Ni7Mn24,34.943687,CoMnMoNiW,True
Cr24Mn25W21Ni16Cu6,34.943928,CrCuMnNiW,True
W8Mn16Cu23Ni23Co9,34.953327,CoCuMnNiW,True
Mn5Ni10W14Co9Cu6Fe7,34.9716,CoCuFeMnNiW,True
Cr25W19Mn12Cu13Ni8,34.973663,CrCuMnNiW,True
W18Ni11Mn17Fe25Co10,34.98186,CoFeMnNiW,True
Ni13Mn11W15Cu12Fe13,34.98202,CuFeMnNiW,True
Ni7Mn25Cu7Cr25W10,34.99729,CrCuMnNiW,True
Mn11Mo7Cu6Fe6W11,34.997528,CuFeMnMoW,True
Co6Mn6Cr24W22Cu18,35.005512,CoCrCuMnW,True
Cu8Mn9Cr8W16Co25,35.01171,CoCrCuMnW,True
W6Co18Ni13Mn22Cu25,35.025227,CoCuMnNiW,True
Cr5W25Mn6Cu17Mo23,35.028595,CrCuMnMoW,True
Cu13Fe6Co7W24Ni11,35.048847,CoCuFeNiW,True
Ni6Cu24Cr6Co7W16,35.049488,CoCrCuNiW,True
W14Ni25Mn14Fe6Cu22,35.053055,CuFeMnNiW,True
Mn20Mo21Cu16W24Co16,35.05773,CoCuMnMoW,True
W16Co8Mn15Ni10Fe8,35.05834,CoFeMnNiW,True
W25Cu14Co11Fe25Mn15Ni14,35.07104,CoCuFeMnNiW,True
W12Ni10Mn20Mo8Co6,35.086742,CoMnMoNiW,True
Mn17W23Fe9Cr24Cu7,35.090614,CrCuFeMnW,True
Mo24Ni16W15Fe5Mn8,35.094315,FeMnMoNiW,True
Cu9Mn5W24Co6Cr11,35.09538,CoCrCuMnW,True
W11Mo21Ni11Cu12Mn12,35.11277,CuMnMoNiW,True
Mn5Cr21Mo6Ni6W25,35.113033,CrMnMoNiW,True
Cu21Mo19Ni12W22Mn14,35.11403,CuMnMoNiW,True
Ni15W19Co8Mo18Mn23,35.11826,CoMnMoNiW,True
Cu22Fe18Ni11Mn21W15,35.120514,CuFeMnNiW,True
Ni20W13Co6Mn5Fe18,35.131416,CoFeMnNiW,True
Cu16Cr5Co9Mn23W25,35.1358,CoCrCuMnW,True
Fe15Cu12Mn15W13Ni11,35.13764,CuFeMnNiW,True
W24Mn21Ni12Co11Fe23,35.138054,CoFeMnNiW,True
Fe9Mn8Cu18Co19W17,35.14124,CoCuFeMnW,True
Mn19Ni5Cr12Cu14W19,35.14148,CrCuMnNiW,True
W16Mo24Mn5Fe13Cu13,35.157677,CuFeMnMoW,True
Fe9Mn9Ni8Cu9W10,35.15879,CuFeMnNiW,True
W19Mn22Cu15Fe22Co16,35.169804,CoCuFeMnW,True
Co19Mn16W24Fe15Cu20,35.171238,CoCuFeMnW,True
Co12W19Ni8Mn20Mo6,35.17144,CoMnMoNiW,True
W21Cu10Mo22Fe15Mn18,35.171894,CuFeMnMoW,True
Cu8Mn17Cr20W19Co8,35.185165,CoCrCuMnW,True
Fe8W10Ni5Mn15Mo21,35.19135,FeMnMoNiW,True
Mn8Cr13Fe21W25Cu5,35.19277,CrCuFeMnW,True
Cu10Mo20W6Mn7Fe6,35.194588,CuFeMnMoW,True
Co12Cr14W19Mn7Cu6,35.19636,CoCrCuMnW,True
Cu7Co13W6Mn6Ni14,35.203465,CoCuMnNiW,True
Mo20Ni5Fe10W13Mn10,35.212772,FeMnMoNiW,True
Cu6Mn15W15Cr22Co10,35.214546,CoCrCuMnW,True
Cu10Mn17W11Mo14Fe5,35.222755,CuFeMnMoW,True
Mo18Mn24Co6Ni22W22,35.224613,CoMnMoNiW,True
Co21W21Mn21Ni14Fe7,35.24728,CoFeMnNiW,True
Mn7Ni11Cu11W11Fe19,35.25342,CuFeMnNiW,True
Mo23Cu18Mn15Co12W22,35.25984,CoCuMnMoW,True
Ni25W15Fe5Mn15Co16,35.26291,CoFeMnNiW,True
Ni7Co7Cu22W14Fe25,35.270573,CoCuFeNiW,True
W6Mn10Ni23Cu9Co20,35.27548,CoCuMnNiW,True
Cu22Co9Fe17Mn11W14,35.279076,CoCuFeMnW,True
Ni25W22Mn21Fe18Cu18,35.280148,CuFeMnNiW,True
Mn11Mo24Ni14Co24Cu7,35.29582,CoCuMnMoNi,True
Ni8W23Fe18Mn16Cu10Co25,35.300922,CoCuFeMnNiW,True
W19Fe6Mo19Ni10Mn12,35.304665,FeMnMoNiW,True
Mn10W25Fe21Cu18Ni22Co8,35.305935,CoCuFeMnNiW,True
Mn6Mo8Ni8Fe10W22,35.319847,FeMnMoNiW,True
Ni13Mn19Co8W19Mo15,35.340717,CoMnMoNiW,True
Cu9Ni13Mo15W11Mn5,35.34691,CuMnMoNiW,True
Mn13Mo22Cu11Ni22Fe5,35.350727,CuFeMnMoNi,True
Cu5Cr8Co7W15Mn5,35.36011,CoCrCuMnW,True
Ni22W12Mn16Cu21Co14,35.364235,CoCuMnNiW,True
Cu12Cr21Ni7W20Mn19,35.388424,CrCuMnNiW,True
Co7W10Cu23Fe13Mn14,35.389706,CoCuFeMnW,True
Ni7Cu10Mn23W14Cr6,35.407078,CrCuMnNiW,True
Mn9Co5W19Fe15Mo21,35.40951,CoFeMnMoW,True
W24Cu22Ni6Cr6Co7,35.409935,CoCrCuNiW,True
Co8W20Mn9Fe12Ni13,35.415714,CoFeMnNiW,True
Mn8W21Cu17Co23Fe22,35.4222,CoCuFeMnW,True
Fe12Co17W19Cu12Ni6Mn11,35.43426,CoCuFeMnNiW,True
W24Ni10Cu10Fe6Co7,35.434395,CoCuFeNiW,True
Co22Ni25Cu9Fe5W25,35.440678,CoCuFeNiW,True
Co5Cu11W9Mo11Mn15,35.46287,CoCuMnMoW,True
Mn17W22Mo20Ni5Fe16,35.465187,FeMnMoNiW,True
Cr19W18Cu11Ni7Mn23,35.48498,CrCuMnNiW,True
Ni8Fe25Mn7W25Mo24,35.495277,FeMnMoNiW,True
Mn17W11Co15Cu21Ni16,35.49676,CoCuMnNiW,True
Cu13Fe12W21Mn21Mo19,35.52445,CuFeMnMoW,True
W6Ni20Cu7Fe25Mn10,35.530224,CuFeMnNiW,True
Ni14W9Cu11Mo25Mn14,35.530888,CuMnMoNiW,True
Co25Cu10Mo25Mn6Fe10,35.544743,CoCuFeMnMo,True
Fe16W25Mo8Mn21Cu10,35.556168,CuFeMnMoW,True
W22Cr24Cu15Mn5Co9,35.563244,CoCrCuMnW,True
Cu8W24Mn5Mo19Cr15,35.565037,CrCuMnMoW,True
Fe12Co5Mn22Mo12W18,35.565388,CoFeMnMoW,True
Mn12W14Co23Fe16Cu11,35.567654,CoCuFeMnW,True
Fe7Co8Ni23W16Cu9,35.57422,CoCuFeNiW,True
Ni7Fe10Mn13Cu13W9,35.576836,CuFeMnNiW,True
Cu12W16Co20Mn18Fe22,35.581543,CoCuFeMnW,True
Co8Cu7Fe25Ni17W13,35.58406,CoCuFeNiW,True
W23Mn14Cu18Co19Ni6Fe23,35.585793,CoCuFeMnNiW,True
Cu9Cr13Mn15W25Fe6,35.588097,CrCuFeMnW,True
W16Ni7Mo18Fe7Mn14,35.59035,FeMnMoNiW,True
W22Fe6Mo17Mn17Cu18,35.595528,CuFeMnMoW,True
Co21Cu7Ni8Fe17W21,35.59763,CoCuFeNiW,True
Cr25W21Mn12Co8Cu14,35.60086,CoCrCuMnW,True
Mn16Ni7W9Co23Fe8,35.603706,CoFeMnNiW,True
Cu5W12Cr6Mn7Ni6,35.606247,CrCuMnNiW,True
Cu8Co6Mn16Cr19W15,35.607006,CoCrCuMnW,True
Mo5Cu5Mn8W20Cr18,35.613625,CrCuMnMoW,True
Ni24Mn17W16Fe15Cu13,35.617287,CuFeMnNiW,True
Cu13W13Ni17Mn22Fe25,35.62506,CuFeMnNiW,True
Mn7Fe5Mo15Co7Cu11,35.628716,CoCuFeMnMo,True
Cu7Mn17W9Co19Fe17,35.637524,CoCuFeMnW,True
Cu11Ni13Mn10Co13Mo23,35.643536,CoCuMnMoNi,True
Co20W21Mo18Ni6Mn15,35.647446,CoMnMoNiW,True
Ni17W22Cu20Co9Fe12Mn6,35.65884,CoCuFeMnNiW,True
Co12W17Cu15Mn9Mo21,35.693146,CoCuMnMoW,True
W20Mo8Mn15Ni10Co9,35.699596,CoMnMoNiW,True
Cu15Mn9Ni16W18Mo20,35.711403,CuMnMoNiW,True
Fe16W21Mn23Mo23Cu11,35.715378,CuFeMnMoW,True
W17Co18Mn6Cu24Ni23,35.71667,CoCuMnNiW,True
Mo18Mn19Ni11W23Cu24,35.722282,CuMnMoNiW,True
Mo15Mn8Co19W23Fe5,35.72994,CoFeMnMoW,True
Ni8W16Mn11Cu15Mo11,35.730534,CuMnMoNiW,True
W19Mn5Cu5Cr14Mo13,35.73431,CrCuMnMoW,True
Fe13Mn6W18Mo9Ni6,35.741924,FeMnMoNiW,True
Co22Mn10W20Mo22Cu13,35.750034,CoCuMnMoW,True
Co14Ni8W19Fe15Mn21,35.755714,CoFeMnNiW,True
Ni11Mo25Fe9Cu24Mn6,35.76305,CuFeMnMoNi,True
Mo17W20Cu21Mn5Ni13,35.7688,CuMnMoNiW,True
Cu6Fe12Ni21Mn6Mo24,35.781162,CuFeMnMoNi,True
Cr9Mn22Co5Cu25W24,35.78297,CoCrCuMnW,True
Mo22W22Fe6Cu23Mn11,35.78712,CuFeMnMoW,True
W20Cu6Co18Fe7Ni12,35.792084,CoCuFeNiW,True
Ni7Cu5W6Mn24Cr23,35.794422,CrCuMnNiW,True
Cr6Mo9Mn10W24Ni6,35.815517,CrMnMoNiW,True
Cr7Mn14Co20Cu8W23,35.8229,CoCrCuMnW,True
W18Fe20Co22Mn20Ni5,35.84054,CoFeMnNiW,True
W13Mn5Fe22Co11Cu5Ni25,35.84512,CoCuFeMnNiW,True
Cu5Mn12Cr25Ni12W8,35.84967,CrCuMnNiW,True
Cr5W20Co6Cu25Mn23,35.850075,CoCrCuMnW,True
Mo24W24Cr21Cu5Mn10,35.854767,CrCuMnMoW,True
Cr22Co5Ni7W20Mn19,35.86106,CoCrMnNiW,True
Ni16Mo24Mn11Co14Cu10,35.861694,CoCuMnMoNi,True
Ni6Mn6Co18Cr5W20,35.862183,CoCrMnNiW,True
W22Cr17Cu9Mn14Ni12,35.868122,CrCuMnNiW,True
Mo17Co7Mn23Fe11W20,35.872375,CoFeMnMoW,True
Ni18Cu5Mn16Co11Fe12W21,35.87759,CoCuFeMnNiW,True
Cu14W25Fe5Cr14Mn5,35.88418,CrCuFeMnW,True
Cu23W13Ni21Mn10Co14,35.88945,CoCuMnNiW,True
Co8Cu14Mo21Ni12Mn10,35.889767,CoCuMnMoNi,True
Mn25Ni25W6Mo21Cu6,35.90281,CuMnMoNiW,True
Ni21Co23Fe7Mn8W20,35.905815,CoFeMnNiW,True
Co18Ni20W15Mn14Cu21,35.92958,CoCuMnNiW,True
W7Mn25Co6Mo22Fe6,35.9345,CoFeMnMoW,True
W23Mn17Ni11Co10Mo5,35.93787,CoMnMoNiW,True
Cu22W18Mn6Fe7Mo16,35.94685,CuFeMnMoW,True
Mn7Ni12Mo25Co16W18,35.947376,CoMnMoNiW,True
Fe6Ni8Co12W19Cu6,35.966877,CoCuFeNiW,True
W12Ni7Co17Fe25Mn12,35.969635,CoFeMnNiW,True
W24Co14Ni18Mn6Fe14,35.98415,CoFeMnNiW,True
Cr9Mn21Cu10Ni10W18,35.999306,CrCuMnNiW,True
Cu16W21Mo22Mn14Co15,36.0107,CoCuMnMoW,True
Mo13Cr24Cu6Mn11W25,36.016926,CrCuMnMoW,True
Mo23Cu5W19Co22Ni10Mn14,36.01973,CoCuMnMoNiW,True
Cu7W6Co11Fe21Ni6,36.023613,CoCuFeNiW,True
Cu5Co25Mn8Mo12Ni11,36.031834,CoCuMnMoNi,True
W17Cu15Mn16Ni5Cr21,36.036667,CrCuMnNiW,True
W22Cr12Fe20Mn7Cu6,36.043056,CrCuFeMnW,True
Cu24Mn25W18Co13Fe25,36.044903,CoCuFeMnW,True
Co13Fe24Mn6Cu11W9,36.048702,CoCuFeMnW,True
Cu20Ni13Mn17W17Fe21,36.0692,CuFeMnNiW,True
Cu7Mn5W21Cr23Co20,36.072975,CoCrCuMnW,True
Mn21Ni13W15Cu18Fe14,36.07399,CuFeMnNiW,True
Fe25Co5Mn5Cu24W15Ni12,36.08539,CoCuFeMnNiW,True
W24Cu21Co10Mn7Fe24Ni17,36.09005,CoCuFeMnNiW,True
Co6Mn21Mo20Ni23W23,36.097588,CoMnMoNiW,True
Mn24Fe9Cu15Ni16W7,36.100296,CuFeMnNiW,True
Cu25Ni9Mn12Fe15W10,36.10418,CuFeMnNiW,True
Ni9W18Mn15Cr7Cu10,36.11303,CrCuMnNiW,True
Co16Cu14Ni19Mn15W9,36.122803,CoCuMnNiW,True
Fe9Ni6Cu5W16Co12,36.12393,CoCuFeNiW,True
Mo18Cu22W22Fe8Mn7,36.134808,CuFeMnMoW,True
Ni8Cr10Mn5Cu5W11,36.153458,CrCuMnNiW,True
Mn9Mo13W17Fe8Co5,36.159637,CoFeMnMoW,True
Mo18Fe13Mn7W19Cu12,36.16276,CuFeMnMoW,True
Co19Ni13Mn11W25Fe25,36.17381,CoFeMnNiW,True
Ni7W7Cu18Mn6Fe10,36.180428,CuFeMnNiW,True
Cu6Cr11Mn6W17Fe25,36.19874,CrCuFeMnW,True
Mn15Cu18Ni8Fe5Mo22,36.206223,CuFeMnMoNi,True
Fe12W6Cu9Mn5Mo23,36.211346,CuFeMnMoW,True
Cr19Cu5Mn6W25Fe25,36.213535,CrCuFeMnW,True
Fe10Mn17W23Cu15Mo16,36.222343,CuFeMnMoW,True
Mn15Co6Ni6W23Cr20,36.22369,CoCrMnNiW,True
Co9Cu16Mn9W7Ni12,36.225155,CoCuMnNiW,True
W14Mn9Mo25Fe5Co15,36.263718,CoFeMnMoW,True
Co8Ni19Cu7Fe20W22,36.27387,CoCuFeNiW,True
Co17W8Cu11Mn8Ni17,36.27683,CoCuMnNiW,True
Co5Mn17Mo9Ni13W14,36.285786,CoMnMoNiW,True
Mn8W18Cu16Co17Fe20,36.28707,CoCuFeMnW,True
Cu10Mn15Co5W12Cr22,36.30739,CoCrCuMnW,True
W10Fe23Cu21Mn11Ni8,36.31076,CuFeMnNiW,True
Fe25Co6Ni9Cu21W7,36.31227,CoCuFeNiW,True
Mn15Fe24Co11W25Ni18,36.31286,CoFeMnNiW,True
Cu11Ni15W24Mn12Fe11Co12,36.31771,CoCuFeMnNiW,True
Cu23Co22Mn17Ni16W11,36.322327,CoCuMnNiW,True
W25Cu21Ni8Mn14Cr24,36.325138,CrCuMnNiW,True
Fe12Ni13Co6Mn7W16Cu11,36.33264,CoCuFeMnNiW,True
Cu13Cr15Mn11W23Ni10,36.34132,CrCuMnNiW,True
Cr6W17Ni5Cu16Mn15,36.34722,CrCuMnNiW,True
Cr5Cu9W25Mn10Fe11,36.35374,CrCuFeMnW,True
Cu5Fe22W9Co12Ni10,36.37525,CoCuFeNiW,True
Co24Fe21Cu5Ni12W17,36.377136,CoCuFeNiW,True
Fe12Mn6W24Mo23Cu19,36.395638,CuFeMnMoW,True
Mn11Fe5Cu25Mo23W17,36.400185,CuFeMnMoW,True
W25Ni16Mn13Co15Fe10,36.410828,CoFeMnNiW,True
W14Mn24Co9Cu7Cr8,36.41135,CoCrCuMnW,True
Cr6W17Mn21Cu6Fe7,36.412704,CrCuFeMnW,True
W22Co16Cu24Mn15Fe18,36.42122,CoCuFeMnW,True
W23Cu16Cr11Ni8Mn20,36.422,CrCuMnNiW,True
W22Mo15Cu25Co8Ni6,36.42384,CoCuMoNiW,True
Cu22Fe14W10Ni9Mn5,36.426445,CuFeMnNiW,True
Ni11Mo17Mn8Cu6Co22,36.432777,CoCuMnMoNi,True
Cu21Mn10W6Ni5Mo11,36.434235,CuMnMoNiW,True
Fe20Co6W23Ni10Cu16,36.435913,CoCuFeNiW,True
W18Ni5Cu10Mn14Fe11Co20,36.439995,CoCuFeMnNiW,True
Cu22Mn5Ni22W10Co11,36.452667,CoCuMnNiW,True
Mn13W25Ni24Co17Fe10,36.460003,CoFeMnNiW,True
Ni6Mo23Cu16Co20Mn11,36.470192,CoCuMnMoNi,True
Co12Mn19W25Cu21Mo17,36.483635,CoCuMnMoW,True
W25Cr7Mn11Cu7Fe15,36.492054,CrCuFeMnW,True
Cu8W14Mo5Ni24Mn20,36.49225,CuMnMoNiW,True
Co14W7Ni17Mn19Cu21,36.493206,CoCuMnNiW,True
Fe22W14Ni13Cu16Mn19,36.50567,CuFeMnNiW,True
Cu8Mn10Fe5Cr25W8,36.507908,CrCuFeMnW,True
W18Cu16Mn14Ni5Cr19,36.51791,CrCuMnNiW,True
Co22Cu13Mn19W6Ni24,36.52398,CoCuMnNiW,True
Mn19Mo23Fe13W22Cu14,36.524353,CuFeMnMoW,True
Mo15Mn13W22Cu6Co8Ni25,36.527924,CoCuMnMoNiW,True
Ni6Cr17Fe5Mn7W21,36.528786,CrFeMnNiW,True
Ni5W22Cu11Cr14Co5,36.5301,CoCrCuNiW,True
Cu14Co15W11Ni15Mn7,36.54611,CoCuMnNiW,True
Mn24Co18Cu12Fe23W13,36.55008,CoCuFeMnW,True
Fe18Ni25W22Mn9Cu23,36.566444,CuFeMnNiW,True
Mn6Co16W25Cr5Cu15,36.57441,CoCrCuMnW,True
Cr14Cu10Mn14Ni12W22,36.582134,CrCuMnNiW,True
Ni7Mn19Fe16W24Mo25,36.595196,FeMnMoNiW,True
Cr20Mn6Cu10Fe11W24,36.609337,CrCuFeMnW,True
Mn5Ni7Cu11W13Cr20,36.62214,CrCuMnNiW,True
Cr16Mn15W17Cu6Ni14,36.62766,CrCuMnNiW,True
Cr10Mn8Fe19Cu6W20,36.645004,CrCuFeMnW,True
W13Ni10Mo14Mn14Cu12,36.648075,CuMnMoNiW,True
Ni8Mn7Cr24Co9W17,36.6642,CoCrMnNiW,True
Co22Mn12W11Cu24Ni15,36.67794,CoCuMnNiW,True
W14Mn23Mo10Co14Ni7,36.67913,CoMnMoNiW,True
Co11Mn16Cr22W17Cu8,36.686436,CoCrCuMnW,True
Cu10Co5Fe15W20Ni14,36.687145,CoCuFeNiW,True
Cu21W24Co20Mn21Fe18,36.690773,CoCuFeMnW,True
Fe12W14Mn14Cu11Co18,36.692554,CoCuFeMnW,True
Mo20Cu18Mn5Co17W23,36.719273,CoCuMnMoW,True
Cu25Ni20W7Mn25Co18,36.71991,CoCuMnNiW,True
Co20Ni7W19Fe23Mn22,36.72798,CoFeMnNiW,True
Co23Cu10W22Ni13Mn15Fe9,36.734188,CoCuFeMnNiW,True
Cr14Mn23Fe5W17Cu10,36.748463,CrCuFeMnW,True
Ni6Cu25Co9Mn10W23Mo16,36.75186,CoCuMnMoNiW,True
Mn9Cu7Co8Ni25Mo13,36.755928,CoCuMnMoNi,True
Fe6Ni5Co7W6Mn23,36.75952,CoFeMnNiW,True
Mn7Cu17Fe7Co16Mo20,36.760967,CoCuFeMnMo,True
Ni15Co14Mo24W25Mn12,36.764095,CoMnMoNiW,True
Fe9Co25Ni5Mn24W5,36.76639,CoFeMnNiW,True
Mo25Cu21Mn5W22Cr5,36.7717,CrCuMnMoW,True
Cu17Fe9Mo17Mn11W24,36.779476,CuFeMnMoW,True
Mo21W21Cu15Mn11Co20,36.785065,CoCuMnMoW,True
W20Co8Fe13Cu6Ni13,36.792877,CoCuFeNiW,True
Ni12Cu9Mo19Co16Mn6,36.79647,CoCuMnMoNi,True
Ni12Fe21W15Cu22Mn12,36.814087,CuFeMnNiW,True
Cu16W16Mn16Ni15Fe14,36.814133,CuFeMnNiW,True
Mo21W19Ni12Mn20Co11,36.81595,CoMnMoNiW,True
Cu11W22Mn6Ni18Cr15,36.81683,CrCuMnNiW,True
W14Fe14Mn6Cu13Co16,36.818985,CoCuFeMnW,True
Mn15Co10Cu10Cr16W23,36.822983,CoCrCuMnW,True
Co25Mn17Ni12Cu17W25Fe8,36.82419,CoCuFeMnNiW,True
Co13Mn11W10Ni20Cu22,36.832024,CoCuMnNiW,True
Cu17Fe16Mn17W21Co23,36.83521,CoCuFeMnW,True
Mn8W20Cu14Cr7Co25,36.8423,CoCrCuMnW,True
Mn25Mo16Cr15Cu5W21,36.846523,CrCuMnMoW,True
Cu13Co23W7Ni20Mn14,36.846745,CoCuMnNiW,True
Cr20Ni15Mn13W20Cu9,36.8593,CrCuMnNiW,True
W20Co8Cr5Cu16Mn9,36.860847,CoCrCuMnW,True
Mn7Fe22W25Cu14Mo12,36.864414,CuFeMnMoW,True
Fe19Mn25W16Cu13Co25,36.871704,CoCuFeMnW,True
Mo23Co7Cu18Mn24W9,36.87283,CoCuMnMoW,True
Cu17W17Co11Mn16Mo24,36.873295,CoCuMnMoW,True
W21Ni13Mn16Fe6Mo17,36.87398,FeMnMoNiW,True
Cu7Cr19Ni9Mn7W10,36.878563,CrCuMnNiW,True
Fe5Cu8Co17W22Ni20,36.885094,CoCuFeNiW,True
Cu5W19Fe11Cr10Mn24,36.90083,CrCuFeMnW,True
Cu10Mn7Mo22Co16Ni19,36.902405,CoCuMnMoNi,True
Ni24Cu17W22Mo16Mn7,36.902966,CuMnMoNiW,True
Fe6Cr18W24Mn19Cu10,36.905483,CrCuFeMnW,True
Mn5W19Ni19Co10Fe16,36.91057,CoFeMnNiW,True
Cr9Ni17Cu9W22Mn18,36.924442,CrCuMnNiW,True
Fe7Mn9Cu5W9Mo10,36.927517,CuFeMnMoW,True
Fe24W8Mo19Mn8Cu6,36.92797,CuFeMnMoW,True
Ni5Cr5Co10W18Cu22,36.956722,CoCrCuNiW,True
W10Cu9Co6Cr23Mn12,36.957684,CoCrCuMnW,True
Co14Mo25Mn21W16Ni9,36.976715,CoMnMoNiW,True
Ni13Mo15Mn6W25Co21,36.97815,CoMnMoNiW,True
Co25Mn8Fe20W14Cu12Ni5,36.98045,CoCuFeMnNiW,True
Cu9Fe22Mo25W19Mn23,36.982372,CuFeMnMoW,True
Fe6Co5Cu7Mo24Mn10,36.98709,CoCuFeMnMo,True
Co10Fe22Cu21Ni5W15,36.98955,CoCuFeNiW,True
W24Cu8Co19Mn19Cr8,36.99403,CoCrCuMnW,True
Cu21Mn18Co9Fe18W13,36.995937,CoCuFeMnW,True
Cr24Co9W18Ni5Cu8,37.01043,CoCrCuNiW,True
Mo17Mn13Ni12W15Cu14,37.019714,CuMnMoNiW,True
Mo6Mn15W17Co13Ni6,37.02074,CoMnMoNiW,True
W9Fe25Co16Ni6Mn13,37.02836,CoFeMnNiW,True
Co9Ni24Mo6Cu5W6,37.033676,CoCuMoNiW,True
Ni14Cr13Mn25Cu8W16,37.03931,CrCuMnNiW,True
W24Ni8Cr14Co21Cu5,37.03946,CoCrCuNiW,True
W21Co16Mn24Cu22Fe21,37.060143,CoCuFeMnW,True
Mn6Cr6W19Cu7Fe8,37.083378,CrCuFeMnW,True
Fe20W18Cu15Co5Ni10,37.08383,CoCuFeNiW,True
Ni21Mo17Cu11Mn17W18,37.08601,CuMnMoNiW,True
W18Fe12Mn17Co18Ni7,37.093006,CoFeMnNiW,True
Ni15W21Mo18Cu21Mn9,37.10745,CuMnMoNiW,True
Co13W5Fe5Cu24Mn14,37.12128,CoCuFeMnW,True
Mo14W12Fe23Cu5Mn15,37.133766,CuFeMnMoW,True
W15Co13Cu6Mn25Cr11,37.151924,CoCrCuMnW,True
W17Ni8Mn17Cu10Cr14,37.156414,CrCuMnNiW,True
Fe24W23Cu19Mn18Co23,37.170517,CoCuFeMnW,True
Ni9Co9W25Cr24Cu8,37.176434,CoCrCuNiW,True
Mo9Cu17Ni6W24Co5,37.18216,CoCuMoNiW,True
Cr5W24Cu21Co25Mn6,37.202694,CoCrCuMnW,True
Ni8Fe10W17Cu24Co10,37.2086,CoCuFeNiW,True
Cu11Cr8W23Mn7Co12,37.216843,CoCrCuMnW,True
Mn17W18Ni12Cr9Cu9,37.222103,CrCuMnNiW,True
Mn17Co17Cu14Ni18W6,37.224857,CoCuMnNiW,True
Co25Ni19Cu22Mn13W13,37.225082,CoCuMnNiW,True
Mn18Cu21Fe13W20Co18,37.22989,CoCuFeMnW,True
W21Mn12Fe14Cr25Cu7,37.24303,CrCuFeMnW,True
Fe8Cu21Ni15W25Co8,37.256035,CoCuFeNiW,True
W24Co13Mo6Cu18Mn5,37.26981,CoCuMnMoW,True
Cu5Mo18Mn11W7Co16,37.275524,CoCuMnMoW,True
Mn18Fe14Co18W21Cu21,37.277245,CoCuFeMnW,True
Fe7W20Mo10Mn9Ni9,37.278698,FeMnMoNiW,True
Cr13W14Co5Mn9Cu23,37.29027,CoCrCuMnW,True
Mn11W20Cu11Co20Cr5,37.298237,CoCrCuMnW,True
Ni19Cu8W17Co10Fe5,37.299522,CoCuFeNiW,True
Cu6W22Fe13Cr9Mn21,37.30247,CrCuFeMnW,True
Mn15Ni11Fe8W18Co13,37.308933,CoFeMnNiW,True
Cu20Mo19Mn6Co16Fe7,37.309807,CoCuFeMnMo,True
Cu7Mn9Mo9Ni10W10,37.31186,CuMnMoNiW,True
Co5Cu25W25Mo10Fe5,37.315453,CoCuFeMoW,True
Fe10Ni21W14Cu20Mn20,37.324,CuFeMnNiW,True
Cu20Ni9Mn15Mo22W14,37.327644,CuMnMoNiW,True
Cr7Mn21W24Cu20Ni9,37.32824,CrCuMnNiW,True
Cu15Fe14Mn5W14Co13,37.33062,CoCuFeMnW,True
Fe19W16Cu15Mn18Co13,37.338814,CoCuFeMnW,True
Mn13Cu8W22Cr16Fe7,37.345078,CrCuFeMnW,True
Co6Cr13W17Cu12Mn20,37.346775,CoCrCuMnW,True
Ni7W16Cu15Cr17Mn7,37.35868,CrCuMnNiW,True
Mn16W21Cr14Ni23Cu7,37.358913,CrCuMnNiW,True
Co8Mo11Cu5Ni6W20Mn22,37.367374,CoCuMnMoNiW,True
Cr12W18Mo24Mn20Cu6,37.369015,CrCuMnMoW,True
Cr19W22Ni8Cu5Co25,37.370777,CoCrCuNiW,True
W21Fe10Mn16Mo20Ni9,37.37867,FeMnMoNiW,True
Mn18Fe8Ni13Co20W20,37.3853,CoFeMnNiW,True
Ni16Cr25Mn16W21Cu11,37.40851,CrCuMnNiW,True
Ni17Fe6W23Mn13Mo22,37.40964,FeMnMoNiW,True
Mn10W22Co15Fe12Cu23Ni12,37.411694,CoCuFeMnNiW,True
Fe19Mn13Cu11W24Ni19Co14,37.416946,CoCuFeMnNiW,True
Co9Mo8Ni15Mn9W23,37.437054,CoMnMoNiW,True
Co6Ni25W9Mn8Mo24,37.43972,CoMnMoNiW,True
Ni16Mn18Cu14Fe15W14,37.43983,CuFeMnNiW,True
Fe5W9Cu11Mn7Co12,37.442802,CoCuFeMnW,True
Cu17Mo17Ni9Mn8W13,37.44744,CuMnMoNiW,True
Ni15W13Mn16Fe11Cu14,37.448086,CuFeMnNiW,True
Cu8Cr8Co15W22Mn13,37.460613,CoCrCuMnW,True
Ni15Mn13Mo22W16Cu16,37.480618,CuMnMoNiW,True
Ni8Co6W23Cu25Mo17,37.48913,CoCuMoNiW,True
W20Cr6Mn9Cu12Co20,37.504135,CoCrCuMnW,True
Mo19Ni25Mn6Co17Cu8,37.510315,CoCuMnMoNi,True
Cu18W23Cr9Mn5Co11,37.51171,CoCrCuMnW,True
Cu13Ni12Co5Cr22W25,37.512672,CoCrCuNiW,True
Ni25Mn10Fe5Mo10Cu5,37.518055,CuFeMnMoNi,True
Ni22Cu25Mn14W23Fe24,37.522808,CuFeMnNiW,True
Ni23Mo24W8Cu10Mn7,37.53193,CuMnMoNiW,True
Cu6Mn9Co23W23Ni10Mo9,37.536175,CoCuMnMoNiW,True
Mn8Cr11W11Cu22Co5,37.53855,CoCrCuMnW,True
Ni16Fe9Co17W22Mn19,37.545776,CoFeMnNiW,True
Co23Mn18Cu5Cr15W21,37.546276,CoCrCuMnW,True
Ni17Fe6W5Mn6Co7,37.56236,CoFeMnNiW,True
Cu7Ni22Mn21W7Mo24,37.564972,CuMnMoNiW,True
W8Mn5Cr21Cu6Co10,37.57142,CoCrCuMnW,True
W20Co17Mn11Fe15Ni9,37.580708,CoFeMnNiW,True
Co5Cu14Ni19Fe13W21,37.583294,CoCuFeNiW,True
Co14W10Fe9Mn20Cu13,37.591587,CoCuFeMnW,True
Cr13W25Cu16Ni13Mn8,37.60225,CrCuMnNiW,True
Mn12Fe14Cu24Co15W18,37.605915,CoCuFeMnW,True
Ni9Co22Fe24Mn13W18,37.61756,CoFeMnNiW,True
Co10Cr7Cu7Mn9W17,37.62889,CoCrCuMnW,True
Co10Cr16Mn18W25Cu13,37.629265,CoCrCuMnW,True
Mn12Co9W22Mo9Ni13,37.631115,CoMnMoNiW,True
Cu21W11Mn14Ni6Mo10,37.651352,CuMnMoNiW,True
W19Mo8Co13Mn8Ni8,37.675102,CoMnMoNiW,True
Cr24Ni6Co10W24Cu13,37.677906,CoCrCuNiW,True
Cu5Mo16W19Co8Mn9Fe8,37.682392,CoCuFeMnMoW,True
Fe12Co23W15Ni10Mn10,37.692436,CoFeMnNiW,True
Cu9W19Ni16Mn24Cr12,37.69722,CrCuMnNiW,True
Ni11Cu5W6Co9Fe20,37.728176,CoCuFeNiW,True
Mn20Ni17W17Cu14Mo19,37.72983,CuMnMoNiW,True
W17Co5Mo8Mn9Fe21,37.731754,CoFeMnMoW,True
W23Co8Ni9Cu25Cr6,37.731846,CoCrCuNiW,True
Co25Mn14W20Ni11Cu23Fe5,37.731956,CoCuFeMnNiW,True
Ni8W23Mn16Co6Cr20,37.749268,CoCrMnNiW,True
Ni20Mn23Cr10Cu11W24,37.77903,CrCuMnNiW,True
Co24Fe16Mn16Ni11W25,37.77965,CoFeMnNiW,True
Fe5Mn11Cu19Mo17Co12,37.786785,CoCuFeMnMo,True
Cu8Mo20Mn14W5Ni12,37.78891,CuMnMoNiW,True
Co9Fe13Mn22Cu25W11,37.791275,CoCuFeMnW,True
Ni13Mo10Cu25Mn9W20,37.799164,CuMnMoNiW,True
W24Mn17Cu13Co18Mo11,37.800297,CoCuMnMoW,True
W19Mo20Cu12Ni25Mn20,37.80056,CuMnMoNiW,True
Ni14W23Mn6Co12Mo10,37.803852,CoMnMoNiW,True
Cu7W23Fe9Mn13Cr13,37.810886,CrCuFeMnW,True
W8Mn7Cr9Cu22Ni6,37.81217,CrCuMnNiW,True
Ni5Mn20W5Mo16Co11,37.816917,CoMnMoNiW,True
Ni19Cu7Fe11Co25W25,37.82726,CoCuFeNiW,True
W20Co21Mo21Ni11Mn7,37.829277,CoMnMoNiW,True
Cu8Ni20Cr25Mn9W16,37.829967,CrCuMnNiW,True
Mn5Co10W5Ni24Cu19,37.83132,CoCuMnNiW,True
Ni18Cu24Mn8W9Co13,37.841797,CoCuMnNiW,True
Co10W6Ni22Cu25Mn6,37.864353,CoCuMnNiW,True
Ni5Cu8W14Fe5Co13,37.87569,CoCuFeNiW,True
Cr5Mn9Ni12W20Cu21,37.87898,CrCuMnNiW,True
Fe16Mn5Ni10W9Cu11,37.89671,CuFeMnNiW,True
Mn11Co21Ni14W25Fe16,37.900593,CoFeMnNiW,True
Co5W17Cr21Mn10Cu21,37.909893,CoCrCuMnW,True
Fe13W13Co14Mn21Cu13,37.911137,CoCuFeMnW,True
Mn21Cr10Cu12Ni17W23,37.916,CrCuMnNiW,True
Mn5Co18Cr19Ni5W24,37.92062,CoCrMnNiW,True
Co19Fe22W16Mn10Ni9,37.92742,CoFeMnNiW,True
Cr5Cu6W17Mn16Fe22,37.93885,CrCuFeMnW,True
W14Fe19Ni13Mn5Cu19,37.940987,CuFeMnNiW,True
Cu18W15Mo24Co13Mn8,37.942802,CoCuMnMoW,True
Co13Cu19Fe6Mn10Mo18,37.952717,CoCuFeMnMo,True
Cu18Mn17Ni7Cr10W22,37.96165,CrCuMnNiW,True
Fe24Mn21W20Cu7Mo9,37.965504,CuFeMnMoW,True
Co6Ni11W14Mn10Fe11,37.97207,CoFeMnNiW,True
W5Mn23Cr20Cu5Ni7,37.975197,CrCuMnNiW,True
Cu9W22Mn15Cr6Fe10,37.983547,CrCuFeMnW,True
Fe10Cu16Mn10Ni22W13,37.98888,CuFeMnNiW,True
Ni8W8Fe20Mn19Cu21,37.993977,CuFeMnNiW,True
W9Ni11Cr6Cu5Co25,37.994186,CoCrCuNiW,True
Co6Ni24Mn8W8Mo13,38.00207,CoMnMoNiW,True
Fe5Co25Mn7Ni16W5,38.014202,CoFeMnNiW,True
Co22Mn14W13Ni24Cu22,38.020718,CoCuMnNiW,True
Mn7Cu22Fe23Co13Ni5W15,38.045147,CoCuFeMnNiW,True
Ni21Mo17Cu19Mn6Co6,38.045986,CoCuMnMoNi,True
W24Cu24Mn15Co25Fe22,38.04822,CoCuFeMnW,True
Fe18Mo16W20Cu13Mn7,38.05527,CuFeMnMoW,True
Mn12Cu20W6Co12Ni24,38.057663,CoCuMnNiW,True
Co24Cu5Mn9Mo15Ni14,38.067074,CoCuMnMoNi,True
Mn7Mo12W19Fe11Cu13,38.067707,CuFeMnMoW,True
Co5W21Ni19Cr21Cu7,38.068016,CoCrCuNiW,True
Mn20Co6Ni9Cr22W21,38.078262,CoCrMnNiW,True
Cu11Ni20W5Mn9Co18,38.079483,CoCuMnNiW,True
Ni6Cu25Mn5Fe14Mo23,38.08457,CuFeMnMoNi,True
Mn25W12Ni17Cu8Cr5,38.08889,CrCuMnNiW,True
Mo22Mn21W19Ni21Cu15,38.09219,CuMnMoNiW,True
W20Mn10Cr23Ni16Cu13,38.099384,CrCuMnNiW,True
Ni13Cu19Mn18Mo5W25,38.104588,CuMnMoNiW,True
Cr25W25Mo8Cu9Co5,38.123135,CoCrCuMoW,True
Co5W24Ni9Cu9Cr8,38.125305,CoCrCuNiW,True
Cu9Cr23Mn20W15Ni12,38.134167,CrCuMnNiW,True
Mo16Cu24W24Ni13Mn17,38.14611,CuMnMoNiW,True
W22Ni16Co7Cr17Cu5,38.161446,CoCrCuNiW,True
Mn19Mo13W11Cu5Fe17,38.170895,CuFeMnMoW,True
Ni5Mn20Fe5W5Mo8,38.1709,FeMnMoNiW,True
Mn8Ni15Co16W20Mo24,38.17472,CoMnMoNiW,True
W25Ni13Cu24Mn11Fe24Co14,38.19477,CoCuFeMnNiW,True
W11Co10Mn7Fe18Ni9,38.19819,CoFeMnNiW,True
Fe13Cu9Ni8Co7W20,38.20392,CoCuFeNiW,True
Mn10Cr14Fe5Cu15W24,38.203976,CrCuFeMnW,True
Co19Ni8W19Fe14Mn17,38.20456,CoFeMnNiW,True
Ni9Mo23W16Cr9Mn6,38.207043,CrMnMoNiW,True
Cr11W21Cu7Mo10Mn23,38.207508,CrCuMnMoW,True
Ni19Mo22Co20Cu8Mn9,38.211624,CoCuMnMoNi,True
Cr9W19Mo20Cu8Mn13,38.220676,CrCuMnMoW,True
Co8W22Fe5Mn6Mo7Cu9,38.24921,CoCuFeMnMoW,True
Ni9Mo24Cu6Mn14Co17,38.251656,CoCuMnMoNi,True
Cr15Fe19Cu8Mn6W24,38.264668,CrCuFeMnW,True
Cr16Cu6W11Mn6Co11,38.269634,CoCrCuMnW,True
Co7Mo24Cu11Mn9Fe12,38.273388,CoCuFeMnMo,True
Ni23W21Cu16Mn8Mo12,38.277866,CuMnMoNiW,True
Co22W22Fe18Cu21Mn17,38.286922,CoCuFeMnW,True
Cu16Mo15W21Co18Mn8,38.29224,CoCuMnMoW,True
Fe13W12Mn24Cu23Co10,38.31176,CoCuFeMnW,True
Co14Fe13Cu22Mn8W15,38.331112,CoCuFeMnW,True
Mo14Cu11W12Co23Mn5,38.33811,CoCuMnMoW,True
Co10Cu24W22Mn12Cr8,38.340984,CoCrCuMnW,True
Ni20Cu11W19Fe16Co7Mn13,38.3622,CoCuFeMnNiW,True
Ni11Co17Cu17W20Fe24Mn9,38.369522,CoCuFeMnNiW,True
Co16Ni6W8Fe24Mn12,38.37754,CoFeMnNiW,True
W20Cu15Mn8Co10Fe11Ni17,38.38065,CoCuFeMnNiW,True
W11Cu7Co19Cr9Mn6,38.397484,CoCrCuMnW,True
W25Cr16Fe11Mn8Cu10,38.400238,CrCuFeMnW,True
Mn5Mo23Co6Ni23W5,38.407936,CoMnMoNiW,True
Mn21Ni14Fe9W19Co17,38.42314,CoFeMnNiW,True
Cu16Mo19Ni21Mn5W18,38.42915,CuMnMoNiW,True
Mn25Mo16W9Cu8Co18,38.43392,CoCuMnMoW,True
Cu8Ni9W21Fe9Co18,38.444233,CoCuFeNiW,True
W23Co21Cu25Mn15Fe22,38.448242,CoCuFeMnW,True
Co9Cu9Fe5Mn18Mo22,38.449688,CoCuFeMnMo,True
W9Co15Ni10Fe6Mn22,38.455532,CoFeMnNiW,True
Co14Cu5W12Ni6Fe9,38.459602,CoCuFeNiW,True
Co20W24Fe20Mn15Ni12Cu12,38.46397,CoCuFeMnNiW,True
Fe18Ni20Mn16Cu17W17,38.48859,CuFeMnNiW,True
Fe5Mn8W24Cr10Mo23,38.49435,CrFeMnMoW,True
Mn20Mo9Ni20Cu15W25,38.497295,CuMnMoNiW,True
Mn16Cu16Co20W20Mo24,38.501152,CoCuMnMoW,True
Mn10Ni7Cu25W16Co14Fe14,38.502525,CoCuFeMnNiW,True
Co23Mn5W16Mo21Ni10,38.50582,CoMnMoNiW,True
Fe6Co6W6Ni18Mn15,38.51836,CoFeMnNiW,True
Cr24W22Ni5Fe12Cu6,38.52659,CrCuFeNiW,True
Cr8W24Ni10Mn17Cu19,38.53275,CrCuMnNiW,True
Co24Mn7Cu10W11Mo22,38.54192,CoCuMnMoW,True
Fe15Co12Ni11Mn9Cu17W20,38.543083,CoCuFeMnNiW,True
Co16W25Mn10Fe19Ni20,38.545803,CoFeMnNiW,True
Mn7Co18Ni9Mo23W12,38.549404,CoMnMoNiW,True
Mn12Co6Cu16Cr22W15,38.565678,CoCrCuMnW,True
Cu12Ni21W23Mn24Cr8,38.570137,CrCuMnNiW,True
W9Co7Ni9Fe16Mn21,38.597675,CoFeMnNiW,True
W24Fe14Mo21Mn19Co8,38.601883,CoFeMnMoW,True
W13Ni23Mn17Co22Cu25,38.61117,CoCuMnNiW,True
Co13Mn12Ni22W24Fe23,38.625565,CoFeMnNiW,True
Mn13W7Co19Cu7Fe15,38.62925,CoCuFeMnW,True
Cr10Mn9W24Cu9Fe13,38.631264,CrCuFeMnW,True
Ni8Co24Cr6W25Mn12,38.63908,CoCrMnNiW,True
W17Ni5Mo19Co10Cu5,38.64081,CoCuMoNiW,True
Cu23Mo22W9Co8Mn5,38.646904,CoCuMnMoW,True
Fe25Ni20W21Co5Cu16,38.65561,CoCuFeNiW,True
Fe7Mn10Mo22Cu25Ni25,38.656677,CuFeMnMoNi,True
Mo7W19Mn20Cu19Co8,38.659134,CoCuMnMoW,True
W22Cr15Ni18Mn21Cu10,38.679157,CrCuMnNiW,True
W12Cu7Mn24Cr8Fe5,38.681446,CrCuFeMnW,True
Ni17Cu10Mn23Cr14W21,38.683918,CrCuMnNiW,True
Cu13Fe17Mo12W21Mn8,38.71422,CuFeMnMoW,True
Mn16W22Fe11Ni9Cu13Co20,38.71969,CoCuFeMnNiW,True
Cu20Co6W16Cr16Mn6,38.721565,CoCrCuMnW,True
Mn6Cu7Mo13W17Cr9,38.731445,CrCuMnMoW,True
Cu13W25Mn17Cr9Ni20,38.73798,CrCuMnNiW,True
Ni17Mo22Cu16Co13Mn6,38.75642,CoCuMnMoNi,True
Co11Mn24W11Cu6Cr23,38.75893,CoCrCuMnW,True
Mn24Cu8Co15W8Mo13,38.763607,CoCuMnMoW,True
Mn5Ni16Cu10W16Cr19,38.765877,CrCuMnNiW,True
Mn17Cr11W21Cu6Mo8,38.76594,CrCuMnMoW,True
Fe5Co17W22Mn11Mo13,38.766693,CoFeMnMoW,True
Ni11Fe22Mn12Cu14W8,38.796112,CuFeMnNiW,True
Cu24Fe16Ni16W16Mn24,38.81366,CuFeMnNiW,True
Mo5W24Co6Cu6Fe22,38.81382,CoCuFeMoW,True
Fe22Mn10Ni22Cu10W8,38.81622,CuFeMnNiW,True
Mo23Co8Mn6Fe17W18,38.821213,CoFeMnMoW,True
W18Co15Cr6Mn25Cu12,38.847973,CoCrCuMnW,True
W24Cu20Co6Ni24Fe13,38.849663,CoCuFeNiW,True
Mn8W6Mo25Cu15Ni13,38.8558,CuMnMoNiW,True
Co7Cu15Mn5Mo12W11,38.85771,CoCuMnMoW,True
W23Cu11Mo23Cr9Mn15,38.870964,CrCuMnMoW,True
Co18Mn10W13Cu15Fe9,38.879894,CoCuFeMnW,True
Ni6W14Mn18Cu5Co18Mo24,38.885006,CoCuMnMoNiW,True
Cr16Ni17W25Mn11Cu16,38.905266,CrCuMnNiW,True
W21Fe6Mo5Mn12Cu19,38.905594,CuFeMnMoW,True
Co24W13Cu22Mn5Ni25,38.914528,CoCuMnNiW,True
Mn11Fe24W6Cu8Co23,38.915638,CoCuFeMnW,True
Fe10Mo15W17Mn10Ni7,38.91665,FeMnMoNiW,True
Mn7Co15W21Ni23Fe15,38.917282,CoFeMnNiW,True
Mn22Mo24Ni14Co12W18,38.918983,CoMnMoNiW,True
Fe18W23Co13Mn15Ni12,38.922466,CoFeMnNiW,True
Cr11Mn25Mo17W25Ni6,38.925854,CrMnMoNiW,True
W12Mn19Co13Cu21Fe9,38.928883,CoCuFeMnW,True
Mo25Ni15Cu23Mn15Fe8,38.932106,CuFeMnMoNi,True
W18Co9Mo20Ni19Mn9,38.932293,CoMnMoNiW,True
Mn14Fe16Co19W14Cu13,38.934925,CoCuFeMnW,True
W14Co24Cu5Ni24Fe9,38.937508,CoCuFeNiW,True
Cu10Mo9Mn24Fe9W12,38.945457,CuFeMnMoW,True
Co21Ni16W19Fe15Mn9Cu9,38.947304,CoCuFeMnNiW,True
Cu19Mn20W19Cr11Ni6,38.950874,CrCuMnNiW,True
W14Fe7Ni7Mo13Mn12,38.95126,FeMnMoNiW,True
Mn19Ni17Mo23Cu9W7,38.966255,CuMnMoNiW,True
Cr17Mo9Ni5W24Cu8,38.9817,CrCuMoNiW,True
Mo10Mn20W16Co5Ni25,38.983192,CoMnMoNiW,True
Cr12Cu7W24Co7Ni12,38.986305,CoCrCuNiW,True
Cu14Cr10W25Co16Mn9,38.9868,CoCrCuMnW,True
W25Co16Mn21Cu12Cr12,38.992924,CoCrCuMnW,True
W16Co8Mn10Ni24Mo18,38.994534,CoMnMoNiW,True
W23Fe20Cu6Co16Ni14,39.0068,CoCuFeNiW,True
W14Mn14Cu19Mo19Co7,39.00862,CoCuMnMoW,True
Mo10Fe6Co6W14Mn9,39.01057,CoFeMnMoW,True
W24Fe8Ni14Mo10Mn9,39.021996,FeMnMoNiW,True
Cu5Fe24Ni5W20Cr8,39.035683,CrCuFeNiW,True
Cr24Cu20Co13Mn10W25,39.050304,CoCrCuMnW,True
Ni5W15Cr6Cu6Mo25,39.055347,CrCuMoNiW,True
W17Co21Cu11Mo13Mn11,39.060455,CoCuMnMoW,True
Cu7W16Mn20Cr20Fe7,39.06453,CrCuFeMnW,True
Co22Mn9Cu10Fe8Mo19,39.071323,CoCuFeMnMo,True
Mn5Ni20W25Cu25Mo17,39.07876,CuMnMoNiW,True
Fe11Co16W19Ni22Mn7,39.08235,CoFeMnNiW,True
Ni23Co10W15Fe25Cu7,39.088043,CoCuFeNiW,True
Mn16W19Ni23Cr8Cu10,39.09569,CrCuMnNiW,True
W22Mn6Cu11Cr18Co19,39.09572,CoCrCuMnW,True
Co7Cu11Mn18Cr15W17,39.123043,CoCrCuMnW,True
Mo20Mn14W13Co20Ni5,39.13001,CoMnMoNiW,True
W8Mn22Mo24Fe12Cu8,39.133797,CuFeMnMoW,True
Mo24Co7W5Mn16Cu6Ni6,39.139267,CoCuMnMoNiW,True
Cu5Ni21W16Cr18Mn19,39.144714,CrCuMnNiW,True
Mo6Mn14Fe9W13Cu7,39.156918,CuFeMnMoW,True
Mo15Fe7W23Mn9Co16,39.160137,CoFeMnMoW,True
Cu22Mn9Co23W20Fe25,39.162098,CoCuFeMnW,True
Mn12Fe6Cr25W17Ni8,39.175335,CrFeMnNiW,True
Fe12W21Co17Mn8Ni18,39.19246,CoFeMnNiW,True
W24Cu13Co16Cr17Mn10,39.200253,CoCrCuMnW,True
Fe8Mn22W18Cr23Cu8,39.20069,CrCuFeMnW,True
Cu16Mo6Ni12W21Mn11,39.205338,CuMnMoNiW,True
Cu17W21Ni9Mn18Cr16,39.206444,CrCuMnNiW,True
Fe24W6Ni20Co6Cu10,39.227776,CoCuFeNiW,True
Ni17W13Mo25Cu16Mn13,39.23523,CuMnMoNiW,True
Mn18Co25Cu5Mo25Fe8,39.23629,CoCuFeMnMo,True
W21Cr9Ni25Mn22Cu10,39.23761,CrCuMnNiW,True
Cr15Cu11Mn11Ni20W22,39.239044,CrCuMnNiW,True
Mn9W23Cr14Cu9Mo19,39.241272,CrCuMnMoW,True
Fe8Mn9Cu25Ni10Mo18,39.25655,CuFeMnMoNi,True
Cu8Mn25Cr23Co16W19,39.258804,CoCrCuMnW,True
W7Mn13Ni21Cu17Co22,39.26266,CoCuMnNiW,True
Mo23Mn9Co21Cu10Ni19,39.26391,CoCuMnMoNi,True
Cr12W18Cu6Fe14Mn6,39.26732,CrCuFeMnW,True
Mo14Ni5W21Fe8Mn8Cu13,39.268715,CuFeMnMoNiW,True
W14Mn5Cr15Co11Cu9,39.27286,CoCrCuMnW,True
Co18W9Mn17Ni18Cu23,39.283985,CoCuMnNiW,True
Fe12Ni14Mn8Cu11W10,39.304073,CuFeMnNiW,True
Co17Mo12Ni12W24Mn22,39.30439,CoMnMoNiW,True
Cr11Cu8Mn11Fe22W21,39.30446,CrCuFeMnW,True
W22Fe21Co6Cu15Ni25,39.306885,CoCuFeNiW,True
Co12Fe11Cu19Mn25W9,39.308704,CoCuFeMnW,True
Cu13Cr9W21Co9Mn11,39.31801,CoCrCuMnW,True
Ni8Fe24Mn5Cr8W25,39.332916,CrFeMnNiW,True
W20Cu20Mo20Mn10Co14,39.337055,CoCuMnMoW,True
Ni24Mo8Cu8Mn16W11,39.362495,CuMnMoNiW,True
Mo18Fe7Mn9Ni8Cu14,39.368,CuFeMnMoNi,True
Mn19W21Co8Cr8Ni7,39.37241,CoCrMnNiW,True
W14Mo8Fe14Mn25Ni5,39.40778,FeMnMoNiW,True
Co13Mn17Cr24W24Ni6,39.40806,CoCrMnNiW,True
W23Mo11Co14Cu18Mn22,39.412807,CoCuMnMoW,True
Cu6Mo8W24Cr16Ni7,39.41786,CrCuMoNiW,True
Cu7Co13Mn14W7Fe10,39.41833,CoCuFeMnW,True
W24Cu19Ni18Cr11Mn6,39.419647,CrCuMnNiW,True
Mo24W16Ni16Co11Mn11,39.422344,CoMnMoNiW,True
Mn8Co18Fe5Cu24Mo14,39.430336,CoCuFeMnMo,True
Cr6Ni22Cu8W10Mn11,39.436718,CrCuMnNiW,True
Mn19Co6Cu16Mo18W8,39.44564,CoCuMnMoW,True
Mn8Cu20Fe10W22Mo14,39.450874,CuFeMnMoW,True
W19Mn14Fe11Co24Ni9Cu13,39.452343,CoCuFeMnNiW,True
Mn22Cr13Co25W19Cu6,39.456116,CoCrCuMnW,True
W17Cu19Co11Mn19Mo21,39.456833,CoCuMnMoW,True
Cr10W9Cu21Mn5Ni7,39.483627,CrCuMnNiW,True
Cu8Fe7W16Cr18Mn14,39.49417,CrCuFeMnW,True
Cr25Fe6Ni15Mn6W24,39.49472,CrFeMnNiW,True
Ni25W5Fe17Cu9Mn24,39.501873,CuFeMnNiW,True
Fe15Cu16Mo24Ni6Mn6,39.50787,CuFeMnMoNi,True
W23Mo22Mn22Co7Fe17,39.513416,CoFeMnMoW,True
Co18Mn6Ni22W11Cu22,39.523808,CoCuMnNiW,True
Mn14W14Ni14Fe21Cu22,39.52548,CuFeMnNiW,True
Mn24Cr9W21Cu14Ni15,39.525932,CrCuMnNiW,True
Cu9Mn15W8Fe18Co24,39.530365,CoCuFeMnW,True
Fe11W25Co24Cu7Ni23,39.534866,CoCuFeNiW,True
Co23Cr10Ni7Cu7W14,39.546703,CoCrCuNiW,True
Mo18W22Co22Cu16Mn14,39.551796,CoCuMnMoW,True
Cu23Mn5Mo15Ni12Fe7,39.586586,CuFeMnMoNi,True
Ni24W19Fe21Mn21Cu21,39.594063,CuFeMnNiW,True
Ni20Mn6Fe14Mo25Cu11,39.607475,CuFeMnMoNi,True
W25Co21Cu16Mo16Mn20,39.60806,CoCuMnMoW,True
Ni9Cr11Mn7Cu17W17,39.615086,CrCuMnNiW,True
Mn13Ni10Cu18W17Mo12,39.617073,CuMnMoNiW,True
W22Mo14Co5Fe23Cu5,39.625404,CoCuFeMoW,True
W21Cu11Mn12Mo5Co18,39.627808,CoCuMnMoW,True
Ni8Mn5Co7Cr22W10,39.62986,CoCrMnNiW,True
Cr5Co9Cu5W18Ni5,39.630825,CoCrCuNiW,True
Mn24Co6Mo12Cu18W10,39.661003,CoCuMnMoW,True
Co5W18Cu11Mo22Ni8,39.68921,CoCuMoNiW,True
Cu11Mn5Cr9W19Fe7,39.68981,CrCuFeMnW,True
Mn22Mo18Ni13Co5W24Cu12,39.69309,CoCuMnMoNiW,True
Mo20Ni19Cu12Co9Mn10,39.7144,CoCuMnMoNi,True
W17Mo22Cu8Cr17Mn5,39.72042,CrCuMnMoW,True
Mn22Mo21W24Fe11Co12,39.72288,CoFeMnMoW,True
Fe14Cu15Co10Mn8Mo24,39.7261,CoCuFeMnMo,True
W12Mn22Fe5Cu8Cr11,39.73194,CrCuFeMnW,True
Mn6Cr12W24Cu16Co16,39.734886,CoCrCuMnW,True
Cu9Ni25Co21W8Fe5,39.74333,CoCuFeNiW,True
Mn9Cu12Ni8Mo11W11,39.751816,CuMnMoNiW,True
W22Ni22Fe6Mo9Mn11,39.761055,FeMnMoNiW,True
Fe23Ni15W15Cu25Mn10,39.769657,CuFeMnNiW,True
Cu10Mn9Mo13Co14W13,39.790802,CoCuMnMoW,True
Cr8Cu7W8Mn13Ni25,39.79835,CrCuMnNiW,True
Mn7Mo20Fe14W23Co11,39.8025,CoFeMnMoW,True
Fe19Ni12Mn16W24Co23,39.80887,CoFeMnNiW,True
W8Cu18Mn10Ni6Mo14,39.81204,CuMnMoNiW,True
W16Mo11Cu9Mn13Co20,39.815037,CoCuMnMoW,True
Mn11Ni23Mo8W25Co5Cu12,39.816277,CoCuMnMoNiW,True
Ni6Mn25Mo19W24Cr11,39.82274,CrMnMoNiW,True
Cr7Mn11Cu22W16Ni9,39.841835,CrCuMnNiW,True
Co21Mn5Mo22W23Cu21,39.843315,CoCuMnMoW,True
Ni9Mn10W12Mo9Cu23,39.853554,CuMnMoNiW,True
Mn17Fe21Cu18W18Co23,39.856552,CoCuFeMnW,True
Ni16Cu5W25Cr12Co11,39.879986,CoCrCuNiW,True
Mn19Co9W25Ni24Mo16,39.881084,CoMnMoNiW,True
Mn18Cr6Cu15Ni9W17,39.883224,CrCuMnNiW,True
Co13Ni5W5Mo24Cu7,39.89031,CoCuMoNiW,True
W23Mn9Mo21Cu17Fe22,39.910263,CuFeMnMoW,True
Fe10Mn11W12Cu15Co21,39.92789,CoCuFeMnW,True
Fe25Ni18W24Mn10Co18,39.932938,CoFeMnNiW,True
Cu22Mn17Ni6W18Cr23,39.935806,CrCuMnNiW,True
Fe9Mn11Cu17Mo22W16,39.945976,CuFeMnMoW,True
Fe13Ni6Co19Mn5W6,39.946247,CoFeMnNiW,True
Mn13W17Mo12Cu21Co8,39.947266,CoCuMnMoW,True
W20Fe5Mn11Mo10Ni16,39.952614,FeMnMoNiW,True
Mo8Ni23Mn17W25Cu15,39.955906,CuMnMoNiW,True
Co23Mn9W7Ni6Mo6,39.957256,CoMnMoNiW,True
Ni25Mn18Co8Mo20W22,39.96392,CoMnMoNiW,True
Fe16Cu13Mo24Co9Mn6,39.96413,CoCuFeMnMo,True
W21Co21Mn18Cu10Ni6Mo20,39.967068,CoCuMnMoNiW,True
Mn19Ni18Co25Cu21W5,39.97156,CoCuMnNiW,True
Fe5Mn25Cu23Mo24Co7,39.98642,CoCuFeMnMo,True
W18Cu5Mn23Cr10Fe14,40.003204,CrCuFeMnW,True
Mn10Cu22Fe8W7Ni12,40.006878,CuFeMnNiW,True
Mn11Mo13Fe24W23Cu13,40.01004,CuFeMnMoW,True
Mn5Mo14Fe12Co13W24,40.016754,CoFeMnMoW,True
Cu6Cr7Ni14W8Mn5,40.01699,CrCuMnNiW,True
Mo17Mn10Ni15Cu24Fe6,40.0264,CuFeMnMoNi,True
Mo13Co21Mn7Cu20W25,40.037388,CoCuMnMoW,True
Mn10Mo20Cu6Cr13W15,40.037907,CrCuMnMoW,True
Cr21Mn19Cu9Ni9W11,40.043396,CrCuMnNiW,True
Fe5Co10W18Ni25Cu19,40.053593,CoCuFeNiW,True
Cr18Cu7W25Mo24Ni6,40.05493,CrCuMoNiW,True
Mo14Cr6Mn5Cu24W19,40.06163,CrCuMnMoW,True
Ni13Fe12Cu12W8Mn19,40.0631,CuFeMnNiW,True
W19Co7Fe12Ni9Cu9,40.070786,CoCuFeNiW,True
Ni11W18Cu10Co11Mo19Mn11,40.07718,CoCuMnMoNiW,True
Mo8Co21Mn19W22Ni8,40.08507,CoMnMoNiW,True
Cu12W12Co6Ni25Fe22,40.09086,CoCuFeNiW,True
Mo17Cu17W22Mn15Fe11,40.092045,CuFeMnMoW,True
Cu10W9Mn14Mo18Ni13,40.10039,CuMnMoNiW,True
Co14Ni19Mn10W21Fe17,40.108917,CoFeMnNiW,True
W18Cu15Ni24Mn13Cr5,40.114002,CrCuMnNiW,True
Co6W15Mn6Cr12Ni6,40.122772,CoCrMnNiW,True
Fe19W18Ni13Co10Mn13,40.13482,CoFeMnNiW,True
Ni7Cr9Cu18W18Mn14,40.135612,CrCuMnNiW,True
Fe13W22Cu23Co8Ni12,40.14157,CoCuFeNiW,True
Mn14Mo20Cu25Co5Ni18,40.150536,CoCuMnMoNi,True
Mn20Mo6Cu23Ni10W19,40.154858,CuMnMoNiW,True
Cr5Mn5Fe7W23Co22,40.173454,CoCrFeMnW,True
W8Ni5Fe6Cu5Co13,40.18388,CoCuFeNiW,True
Mn19Fe17W24Cu12Mo9,40.186108,CuFeMnMoW,True
Mn5Cu5W9Co13Cr9,40.18638,CoCrCuMnW,True
Fe13Mn21Cu22W15Ni22,40.186424,CuFeMnNiW,True
Co22Cu19Ni23Mn20W5,40.18711,CoCuMnNiW,True
Cu8Ni8Mn16Cr12W12,40.191174,CrCuMnNiW,True
Cu15Mn7W18Mo7Ni22,40.197098,CuMnMoNiW,True
W7Mn5Fe9Cu15Ni24,40.200096,CuFeMnNiW,True
Fe11Cr21W17Mn12Cu8,40.207104,CrCuFeMnW,True
Cu24Fe7Co9Mo16Mn12,40.209007,CoCuFeMnMo,True
Co7Cu19Fe10Mn18W7,40.21224,CoCuFeMnW,True
Co10Fe24W7Cu18Mn12,40.21482,CoCuFeMnW,True
Mn12Cu8Cr21Fe9W14,40.220573,CrCuFeMnW,True
Cu13Mo9Mn10W19Co23,40.220863,CoCuMnMoW,True
W21Mn6Cr23Cu9Mo16,40.22288,CrCuMnMoW,True
Co6Ni7Mn8Mo18W25Fe6,40.232216,CoFeMnMoNiW,True
Ni6W20Cr22Mo9Cu8,40.234875,CrCuMoNiW,True
Ni7Mn8Co22Cu15W22Mo22,40.24193,CoCuMnMoNiW,True
W19Ni10Mn10Cr5Co25,40.24573,CoCrMnNiW,True
W20Cu13Mn17Mo24Fe20,40.26079,CuFeMnMoW,True
Mn12Mo5Cu11Ni19W18,40.265434,CuMnMoNiW,True
Mn22Ni22Cu11W6Fe12,40.267433,CuFeMnNiW,True
Mn11Co7Mo16Cu14W11,40.28227,CoCuMnMoW,True
W21Mn13Cu10Cr6Mo6,40.297054,CrCuMnMoW,True
Mn6W10Ni18Co21Cu23,40.300606,CoCuMnNiW,True
Cr21W21Fe7Mn7Ni10,40.30222,CrFeMnNiW,True
W16Cu24Fe13Co25Mn6,40.31292,CoCuFeMnW,True
Mn19Cu11W14Cr7Ni10,40.312946,CrCuMnNiW,True
Cr23W11Ni13Mn13Cu9,40.316677,CrCuMnNiW,True
Mo18Ni23Mn20Cu14W19,40.323174,CuMnMoNiW,True
Co11Cr13W21Cu15Mn8,40.323765,CoCrCuMnW,True
Mn5Fe17Co7W6Cu17,40.329315,CoCuFeMnW,True
Mn6W14Ni13Co12Cu10Fe25,40.33397,CoCuFeMnNiW,True
Co5Mn16Ni20Fe25W11,40.339127,CoFeMnNiW,True
Co21Cu11Fe18Mn7W9,40.34531,CoCuFeMnW,True
Fe5Cu8Co16Mo24Mn21,40.350388,CoCuFeMnMo,True
Ni7Mn20W25Co18Cu15Mo23,40.36983,CoCuMnMoNiW,True
Mn7Mo24Fe20W18Ni10,40.37809,FeMnMoNiW,True
W16Mn14Mo6Co7Cu17,40.380043,CoCuMnMoW,True
Cu5Ni8Fe14Co11W21Mn23,40.386616,CoCuFeMnNiW,True
W16Cu9Ni23Co21Fe5,40.39451,CoCuFeNiW,True
Co20Fe6Mn7W15Mo23,40.40504,CoFeMnMoW,True
Mn15Cu6W22Fe13Mo16Ni6,40.405296,CuFeMnMoNiW,True
Cu12Mn8W18Ni9Mo23Co15,40.411705,CoCuMnMoNiW,True
Mn8Cu10W17Mo22Cr12,40.413895,CrCuMnMoW,True
Cu5Mo6Ni14Mn6Co24,40.41615,CoCuMnMoNi,True
W20Co19Cu22Ni5Fe24,40.420216,CoCuFeNiW,True
Mo8W18Cu7Cr16Mn6,40.42225,CrCuMnMoW,True
Mn16Ni10Mo16Fe9W18,40.423088,FeMnMoNiW,True
W9Mn8Mo17Cu9Co22,40.425182,CoCuMnMoW,True
W17Cr22Cu21Co6Ni6,40.44489,CoCrCuNiW,True
Co5W7Mn5Fe9Mo16,40.468014,CoFeMnMoW,True
W23Mn18Mo21Co23Cu12Ni7,40.468204,CoCuMnMoNiW,True
Co7W10Mn17Ni11Mo15,40.468845,CoMnMoNiW,True
Cu11W25Co9Ni9Cr21,40.476078,CoCrCuNiW,True
Cr8Co16Mn11Cu16W24,40.48543,CoCrCuMnW,True
Co11Cu24Fe14Mn20W13,40.485847,CoCuFeMnW,True
Cr12Mn7W9Mo24Cu8,40.492733,CrCuMnMoW,True
Mn6Co16Fe22Ni21W22,40.49832,CoFeMnNiW,True
W18Mn12Mo12Cr6Cu9,40.50513,CrCuMnMoW,True
Mn24Fe22Mo17Ni8W24,40.505917,FeMnMoNiW,True
Ni24Mn5Cr22Cu11W17,40.51297,CrCuMnNiW,True
W13Cu11Fe11Mo14Mn5,40.51788,CuFeMnMoW,True
Mn25Co10Cu21W19Mo11,40.519283,CoCuMnMoW,True
Ni9Mn19Cu21Cr21W21,40.52992,CrCuMnNiW,True
W25Mn24Ni7Co16Cr8,40.557594,CoCrMnNiW,True
Ni6W10Fe20Mn5Mo12,40.56969,FeMnMoNiW,True
W15Mo11Mn25Fe8Co10,40.57452,CoFeMnMoW,True
Mo25W19Mn15Cu11Cr9,40.580006,CrCuMnMoW,True
W13Ni17Fe12Cu6Co7,40.580902,CoCuFeNiW,True
Fe25W16Ni6Cu22Co13,40.610832,CoCuFeNiW,True
Co6Ni13Mo15W25Cu7,40.61734,CoCuMoNiW,True
W17Ni7Co7Mn12Cr18,40.61979,CoCrMnNiW,True
Mn5W21Mo20Cr8Co11,40.62444,CoCrMnMoW,True
Co11Cu7W9Cr7Mn25,40.628902,CoCrCuMnW,True
Cu12W13Mn8Co5Cr12,40.636536,CoCrCuMnW,True
W18Cu16Mn9Cr24Co13,40.63915,CoCrCuMnW,True
Mo8Ni5Fe9Cu7W25,40.641598,CuFeMoNiW,True
Cu10Ni5W22Mo8Co9,40.658585,CoCuMoNiW,True
Co18Fe10Mn9W13Cu20,40.674553,CoCuFeMnW,True
Mo14W16Mn23Cu10Co22,40.675568,CoCuMnMoW,True
Cr16Mo23Ni8Mn7W24,40.679043,CrMnMoNiW,True
W8Cu13Mn22Fe14Ni16,40.68611,CuFeMnNiW,True
Cu7Mn25W7Mo8Co15,40.687393,CoCuMnMoW,True
Mo21Ni8Mn8W11Fe12,40.687546,FeMnMoNiW,True
W11Co17Ni10Mn23Fe8,40.70179,CoFeMnNiW,True
Ni9Co25Cu6Cr25W20,40.71343,CoCrCuNiW,True
W6Ni7Cr13Mn16Cu5,40.71463,CrCuMnNiW,True
W24Cu10Co20Cr24Ni7,40.715256,CoCrCuNiW,True
W16Mn5Mo20Fe24Cu12,40.715668,CuFeMnMoW,True
Cu12Fe21W23Mn15Mo13,40.720802,CuFeMnMoW,True
Co21Mn13Ni11Fe13Cu25W22,40.72811,CoCuFeMnNiW,True
Fe10Cu9Mn6Ni23Co19W16,40.733772,CoCuFeMnNiW,True
Mn10Fe5W8Mo6Cu25,40.740276,CuFeMnMoW,True
W14Cu22Co21Fe12Mn24,40.742462,CoCuFeMnW,True
Cu11Mn10W18Mo24Fe5Co9,40.744514,CoCuFeMnMoW,True
W15Ni21Co10Mo15Mn6,40.745857,CoMnMoNiW,True
W17Fe25Co24Mn8Ni11,40.754555,CoFeMnNiW,True
Cu15W23Mo20Cr5Mn22,40.755558,CrCuMnMoW,True
W10Fe5Cu19Ni6Co19,40.758244,CoCuFeNiW,True
Fe14Mn20Ni6Mo19W15,40.762524,FeMnMoNiW,True
Co10Mo21W25Ni25Mn22,40.784554,CoMnMoNiW,True
Fe5Mo16Mn18Cu25Co12,40.79692,CoCuFeMnMo,True
W12Mn9Mo18Cr25Cu5,40.825554,CrCuMnMoW,True
Cr24Cu21Mn12W25Co14,40.828754,CoCrCuMnW,True
Cu11Mn14Mo17W10Co10,40.83201,CoCuMnMoW,True
Mn21Fe15Mo22Cu6W7,40.832973,CuFeMnMoW,True
Mo10Cr20Cu6W18Mn10,40.835564,CrCuMnMoW,True
Cu21Mn17W8Fe22Ni10,40.84057,CuFeMnNiW,True
Co24Ni6Cu12Fe24W7,40.845276,CoCuFeNiW,True
Ni10W19Cu5Co8Cr10,40.859684,CoCrCuNiW,True
Ni15Mo22Co11Mn14W18,40.860695,CoMnMoNiW,True
Ni16Co7Mn10W25Cr8,40.86485,CoCrMnNiW,True
Cu16Mn18Mo20W18Ni21,40.88083,CuMnMoNiW,True
W17Ni12Mn11Fe21Co14,40.884876,CoFeMnNiW,True
Fe10W12Mo12Mn8Ni5,40.885918,FeMnMoNiW,True
Cu11Co11W16Mn8Cr5,40.892063,CoCrCuMnW,True
W21Mn6Fe5Ni21Cr11,40.894188,CrFeMnNiW,True
Cu16W16Mn9Mo7Co8,40.89522,CoCuMnMoW,True
Mn15W19Cu25Co20Fe15,40.90872,CoCuFeMnW,True
Co6Cu13W19Mo9Ni5,40.910694,CoCuMoNiW,True
Mn10Mo21W15Fe7Co13,40.9176,CoFeMnMoW,True
Mo16Cu22Ni8W8Mn9,40.930347,CuMnMoNiW,True
Cu17W5Mn12Co18Ni14,40.938625,CoCuMnNiW,True
Co21Ni13Fe6Mo5Cu5,40.939327,CoCuFeMoNi,True
W25Ni20Cr21Cu21Mn6,40.94126,CrCuMnNiW,True
Mo22Cu17Mn13W20Fe13,40.945267,CuFeMnMoW,True
Co16Mn24Cr14Ni5W23,40.954758,CoCrMnNiW,True
Ni18W17Mn22Cu15Mo16,40.971436,CuMnMoNiW,True
Mn5W19Fe9Mo20Ni25,40.972134,FeMnMoNiW,True
Co18Ni8W17Mn23Mo8,40.97445,CoMnMoNiW,True
W14Ni6Mn6Fe8Cr23,40.98484,CrFeMnNiW,True
Mn22Co5Fe13Mo22W23Cu5,40.9926,CoCuFeMnMoW,True
W19Co24Cu21Mn18Fe22,41.009167,CoCuFeMnW,True
Co18Fe15Ni25W21Mn7,41.014256,CoFeMnNiW,True
Fe24Cu8Mo20Mn18W15,41.01659,CuFeMnMoW,True
Mn8Mo17W19Ni12Co21,41.03025,CoMnMoNiW,True
Ni19Fe8Mo11Cu22Co21,41.03279,CoCuFeMoNi,True
Cu11Mn13Mo22W8Co13,41.0496,CoCuMnMoW,True
Cr20Cu7Mo14Mn9W19,41.05473,CrCuMnMoW,True
Cr14W25Cu15Ni22Mn20,41.05474,CrCuMnNiW,True
Mn7Ni19W18Cr14Cu13,41.073017,CrCuMnNiW,True
Cr20Cu19Mn24Ni13W24,41.074142,CrCuMnNiW,True
Fe9Mn22W19Cr21Cu8,41.079105,CrCuFeMnW,True
Fe24W16Mn5Cu12Mo6,41.08367,CuFeMnMoW,True
Mn25Mo9Co7W16Fe12,41.08527,CoFeMnMoW,True
W16Cu12Cr19Ni17Mn6,41.08685,CrCuMnNiW,True
Mo13Mn9Ni13W14Co7,41.097347,CoMnMoNiW,True
Cu20Co13W18Mn5Mo10,41.111732,CoCuMnMoW,True
Mn6Fe15W15Cu5Cr17,41.117714,CrCuFeMnW,True
Mo13Ni6Co12Mn8W11,41.13053,CoMnMoNiW,True
Mn22Fe5Cu13W14Cr5,41.134045,CrCuFeMnW,True
W16Ni8Cu5Cr22Co21,41.144394,CoCrCuNiW,True
Mo24Fe14Co15W24Mn7,41.14846,CoFeMnMoW,True
Mn13Co9Fe5W23Cr22,41.153652,CoCrFeMnW,True
Ni12W18Co14Mn18Mo20,41.15435,CoMnMoNiW,True
Fe7Co19Mo14Cu16Mn5,41.163635,CoCuFeMnMo,True
Mn23Cr15Co6Cu19W18,41.165688,CoCrCuMnW,True
Cu9W8Fe19Mn5Ni9Co6,41.16646,CoCuFeMnNiW,True
Cu6W23Cr19Mo16Co6,41.168137,CoCrCuMoW,True
Co14Mn17Ni22Fe17W25,41.19683,CoFeMnNiW,True
Mn11Cr15Ni15Cu16W21,41.200615,CrCuMnNiW,True
Fe8Mo25Mn6Ni10Co21,41.206795,CoFeMnMoNi,True
Cr7Ni5Mn25W14Mo8,41.214516,CrMnMoNiW,True
Ni21Mn17W5Cu19Co25,41.222668,CoCuMnNiW,True
Mn14Mo17W11Co15Cu9,41.225834,CoCuMnMoW,True
Co10W21Cu6Mo25Ni12,41.226,CoCuMoNiW,True
Mo22Ni10Cu6Mn15Co11,41.2341,CoCuMnMoNi,True
Ni7Cr8Cu11W25Co21,41.240547,CoCrCuNiW,True
Mn7W19Co14Mo16Ni14,41.24279,CoMnMoNiW,True
Mn14Cu13Mo16W21Fe20,41.243008,CuFeMnMoW,True
Mo12Ni25Mn14Co10Cu5,41.249393,CoCuMnMoNi,True
Mn6Ni19Fe25W8Cu14,41.249763,CuFeMnNiW,True
Fe7Co24Mn13Mo15Cu5,41.262177,CoCuFeMnMo,True
Ni20Cu18W22Co6Fe25,41.264977,CoCuFeNiW,True
Ni7W22Co24Fe15Cu17,41.268536,CoCuFeNiW,True
W13Mo16Mn10Co9Ni10,41.277325,CoMnMoNiW,True
Co6W21Cr9Mo10Mn6,41.27798,CoCrMnMoW,True
Mn6Cr18Ni5Co22W19,41.286903,CoCrMnNiW,True
Cu15W22Mo15Cr5Mn25,41.297085,CrCuMnMoW,True
Mo22Co24Cu16Fe6Mn19,41.297916,CoCuFeMnMo,True
Mn14W22Mo22Fe7Co17,41.310707,CoFeMnMoW,True
Ni12Mn5Cr10W22Mo20,41.312355,CrMnMoNiW,True
W10Cr24Mn19Co10Cu8,41.318455,CoCrCuMnW,True
Mo18Ni10W22Co22Mn16,41.321663,CoMnMoNiW,True
W17Mn19Co22Cu10Mo12,41.325916,CoCuMnMoW,True
Cu8Mo20Fe24Mn25W14,41.33062,CuFeMnMoW,True
Mn16Co23W25Fe6Mo17,41.332798,CoFeMnMoW,True
Mn8W12Cu16Fe21Ni25,41.34739,CuFeMnNiW,True
Mn19Cr10W20Co7Ni9,41.347507,CoCrMnNiW,True
Mo23Fe5W5Co13Mn7,41.361435,CoFeMnMoW,True
Co24W16Ni11Mn8Mo7,41.36294,CoMnMoNiW,True
Co18Cr23W18Mn13Cu11,41.363697,CoCrCuMnW,True
Co9Mn17Fe7Ni17W12,41.36566,CoFeMnNiW,True
Cu14Mn7W5Ni10Mo20,41.368565,CuMnMoNiW,True
Cu18W17Mo18Co7Ni5,41.369823,CoCuMoNiW,True
W14Mn14Fe25Cu8Mo16,41.380184,CuFeMnMoW,True
Mn15W21Mo7Cu10Cr7,41.383656,CrCuMnMoW,True
Mn15Cr18W22Mo21Cu7,41.386154,CrCuMnMoW,True
W8Fe19Mn25Ni11Cu23,41.409924,CuFeMnNiW,True
W13Ni15Cu25Fe21Mn13,41.41188,CuFeMnNiW,True
Ni11Mn24W25Mo13Fe16,41.412212,FeMnMoNiW,True
Ni25Fe24Mn15Cu17W12,41.414543,CuFeMnNiW,True
Cu19W16Ni16Mn10Co6Fe18,41.416714,CoCuFeMnNiW,True
Mn11Cu14Ni25Mo23Fe11,41.42162,CuFeMnMoNi,True
Cu17Ni6W13Cr15Mn9,41.425896,CrCuMnNiW,True
Mo15Cu25W23Ni5Fe7,41.433605,CuFeMoNiW,True
Co7Ni17Mn10Cr23W22,41.436913,CoCrMnNiW,True
Ni14Mn20Mo16Fe11W24,41.440727,FeMnMoNiW,True
Mn19Co15W24Fe20Ni14,41.441967,CoFeMnNiW,True
Mo17W8Ni9Cu18Mn24,41.44451,CuMnMoNiW,True
Cu11Mn8Fe9Ni7W24Mo7,41.453674,CuFeMnMoNiW,True
Cu5Mo13Ni6W8Fe25,41.46414,CuFeMoNiW,True
Fe6Co10Ni8Cu21Mo7,41.467674,CoCuFeMoNi,True
Co14Mn14Ni22W11Fe6,41.47109,CoFeMnNiW,True
Fe9Cu8Mo15Mn9Co24,41.501778,CoCuFeMnMo,True
W15Ni7Cu15Cr8Mn18,41.50197,CrCuMnNiW,True
Cr10Ni19W19Mn11Cu13,41.505802,CrCuMnNiW,True
Ni13W6Mn12Co24Fe6,41.51224,CoFeMnNiW,True
Mn19Ni24W11Fe14Cu15,41.525097,CuFeMnNiW,True
Ni6Mn10W17Cr12Mo23,41.536407,CrMnMoNiW,True
Co5Mn18Ni8W15Cr11,41.545662,CoCrMnNiW,True
W22Co10Mn22Cu17Cr17,41.555534,CoCrCuMnW,True
W10Mn10Co18Fe7Ni25,41.557465,CoFeMnNiW,True
Cu23Cr10W23Mn5Co17,41.57053,CoCrCuMnW,True
Mn12Mo16Co23Cu7Ni7,41.571655,CoCuMnMoNi,True
W8Cu16Co13Mn6Fe24,41.57309,CoCuFeMnW,True
W24Mo22Ni12Fe15Mn14,41.578194,FeMnMoNiW,True
Cr20Cu18W24Ni25Mn7,41.57882,CrCuMnNiW,True
Cu10Cr25Mn12W10Co12,41.593773,CoCrCuMnW,True
Ni7W12Mn19Co12Fe13,41.60807,CoFeMnNiW,True
Mo19Mn17Fe6Cu13Co7,41.611946,CoCuFeMnMo,True
Mo6Cu13Co16W18Mn23,41.612637,CoCuMnMoW,True
W24Mo17Mn15Co16Cu22,41.616566,CoCuMnMoW,True
Co9Cr17Mn16W19Cu15,41.616997,CoCrCuMnW,True
Mo21Mn9Cu21Co20W21,41.619343,CoCuMnMoW,True
Mn22Cu13W19Cr22Ni14,41.62887,CrCuMnNiW,True
W7Fe7Mn25Cu14Mo21,41.64942,CuFeMnMoW,True
W14Co23Fe9Ni17Mn7,41.66955,CoFeMnNiW,True
Mo17Cu23Co12Mn10W18,41.692112,CoCuMnMoW,True
W15Cr21Cu22Ni9Mn7,41.696312,CrCuMnNiW,True
Mn17W19Ni24Cu10Cr13,41.702003,CrCuMnNiW,True
W21Ni6Mn25Mo24Cr11,41.70394,CrMnMoNiW,True
Mo8Mn10W23Cu16Co22,41.70969,CoCuMnMoW,True
Mn9Ni14W9Fe18Cu13,41.709763,CuFeMnNiW,True
Cu6W20Cr20Mo5Ni8,41.72418,CrCuMoNiW,True
Co22Mn20Mo16Cu9W13,41.726734,CoCuMnMoW,True
Mn15Cr12Mo25W24Cu13,41.72775,CrCuMnMoW,True
Mo17Co8Ni25Mn14Cu8,41.732006,CoCuMnMoNi,True
Ni6Co20W18Fe19Cu13,41.738033,CoCuFeNiW,True
Cu21Mn25W23Fe14Mo25,41.745064,CuFeMnMoW,True
W18Fe8Ni24Mn24Co21,41.749527,CoFeMnNiW,True
Mn12Ni17W21Fe20Co15,41.750866,CoFeMnNiW,True
Mo24Fe25Mn10W18Ni9,41.75115,FeMnMoNiW,True
Mn16W25Cu16Co15Cr18,41.75918,CoCrCuMnW,True
Fe7Mn22W22Cu19Cr7,41.76115,CrCuFeMnW,True
Mn6Cu24Fe7Co16Mo13,41.772827,CoCuFeMnMo,True
Co21Cu5Ni17Fe8W7,41.775536,CoCuFeNiW,True
W19Mn12Cr7Ni18Co5,41.779457,CoCrMnNiW,True
Cu24Mo17Co11W12Mn5,41.782448,CoCuMnMoW,True
W25Mo24Ni9Co9Cu10,41.787643,CoCuMoNiW,True
Co5Mn25Cu23Mo25Fe6,41.806572,CoCuFeMnMo,True
Ni18W9Fe10Mn13Cu12,41.812225,CuFeMnNiW,True
Mn15Cu16W24Cr12Ni24,41.813885,CrCuMnNiW,True
Fe19Mn12Cu9Ni20W16Co10,41.81566,CoCuFeMnNiW,True
Co11W21Mn13Cr14Cu15,41.82077,CoCrCuMnW,True
Fe6Mo11Cu22Mn8Co12,41.823868,CoCuFeMnMo,True
Cu22Mn17Fe20W9Ni11,41.82577,CuFeMnNiW,True
Cu11W5Mn10Mo25Ni20,41.827114,CuMnMoNiW,True
Mn19Mo22Co25Cu7W8,41.832745,CoCuMnMoW,True
Cr12Mo9Cu7W25Co5,41.834038,CoCrCuMoW,True
Mo9Cu16Mn24W14Co10,41.838005,CoCuMnMoW,True
W25Ni5Mo20Cu10Fe7,41.856667,CuFeMoNiW,True
W8Cu6Co7Cr20Ni5,41.858,CoCrCuNiW,True
Fe25Mn11W18Ni23Co12,41.862514,CoFeMnNiW,True
Fe16Co20Mn25W15Cu18,41.86873,CoCuFeMnW,True
Mn14Cr19Fe5W23Ni10,41.874973,CrFeMnNiW,True
Ni12Mn24Cr24Cu11W13,41.879673,CrCuMnNiW,True
Cr9Ni8Cu9Mn14W12,41.882713,CrCuMnNiW,True
Mo11Mn8Cu13Ni6Co24,41.882957,CoCuMnMoNi,True
Mo13Mn11Co6W9Fe5,41.88672,CoFeMnMoW,True
Mo18W19Mn7Ni10Fe21,41.895035,FeMnMoNiW,True
Fe6Ni25Mo11Mn5Cu20,41.899998,CuFeMnMoNi,True
Mn6Cr22Co8W17Ni14,41.9011,CoCrMnNiW,True
Cu14Mn18Fe11Ni20W9,41.90321,CuFeMnNiW,True
Ni8Cu14Co5Mo21W18,41.903805,CoCuMoNiW,True
Cr11Co8Mn9W17Cu16,41.914337,CoCrCuMnW,True
W6Mn8Mo5Co24Ni7,41.91656,CoMnMoNiW,True
Mn9Cu17Fe8Mo18Co18,41.92299,CoCuFeMnMo,True
Fe15Mn21Mo19Cu7W9,41.928684,CuFeMnMoW,True
Co21W20Cr5Mn8Cu22,41.930443,CoCrCuMnW,True
Fe13Cr23Cu5Ni9W23,41.950764,CrCuFeNiW,True
Co14Cr23W14Ni5Mn12,41.95462,CoCrMnNiW,True
Fe11Cr13Cu9W20Mn10,41.9616,CrCuFeMnW,True
W14Mo24Cu17Mn18Ni17,41.962803,CuMnMoNiW,True
Ni20Co8W9Cu6Fe18Mn5,41.96417,CoCuFeMnNiW,True
Ni7Cu7W23Mo13Co9,41.979187,CoCuMoNiW,True
Cr20Fe9Mn15W18Cu10,41.980125,CrCuFeMnW,True
Mo25Cu12W19Mn7Cr16,41.98115,CrCuMnMoW,True
W15Cu15Co21Mn7Mo20,41.987904,CoCuMnMoW,True
Ni10Cu16Co7W20Fe14,41.988438,CoCuFeNiW,True
Cu8Ni23Mn16Cr6W9,41.991856,CrCuMnNiW,True
Mn11Fe11Mo11Cu25W24,41.998135,CuFeMnMoW,True
Cr25Mo18W14Cu9Ni5,42.00115,CrCuMoNiW,True
Co6Ni19Mo20Cu6W16,42.005875,CoCuMoNiW,True
Co15Fe20Mn19Ni15W24,42.008556,CoFeMnNiW,True
Cr7Mn21Co8Cu6W7,42.012936,CoCrCuMnW,True
W12Cu11Mn16Fe9Mo15,42.025906,CuFeMnMoW,True
Mn5W19Mo11Cu9Cr18,42.044807,CrCuMnMoW,True
Cr23W11Ni19Mn15Cu7,42.047527,CrCuMnNiW,True
W25Mn25Ni15Co19Fe17,42.05477,CoFeMnNiW,True
W16Mo16Cu22Mn22Co9,42.054775,CoCuMnMoW,True
Fe19Ni7Co23Mn5W7,42.060974,CoFeMnNiW,True
Cr25Mn11W14Co13Ni7,42.094315,CoCrMnNiW,True
Mn19W20Fe7Cr16Cu13,42.095215,CrCuFeMnW,True
Cu14Fe12Mn10Ni8W7,42.111355,CuFeMnNiW,True
Ni23Fe9Cu9W18Co12,42.113976,CoCuFeNiW,True
W22Mo24Mn11Cr6Ni13,42.125175,CrMnMoNiW,True
Mn6Fe20Cu12Co16W8,42.132347,CoCuFeMnW,True
Cu12W6Mn20Ni16Fe12,42.13538,CuFeMnNiW,True
Ni17Cu5Co24Fe21W14,42.139538,CoCuFeNiW,True
Mn7Cr10Ni7W22Fe6,42.14497,CrFeMnNiW,True
Cr22W20Mn14Fe14Cu8,42.14854,CrCuFeMnW,True
Mn18W23Mo18Co7Cu18Ni11,42.159153,CoCuMnMoNiW,True
W23Mo16Mn23Co8Cu14Ni8,42.159245,CoCuMnMoNiW,True
W23Ni23Mn22Cr5Cu20,42.165047,CrCuMnNiW,True
Co14Ni25W25Mn19Fe21,42.167736,CoFeMnNiW,True
Mo20Mn7Cu12Cr9W16,42.170174,CrCuMnMoW,True
Mn6Cu19W14Fe24Co21,42.17183,CoCuFeMnW,True
Mn5Mo18Fe10Cu21W16,42.17431,CuFeMnMoW,True
Mo18W14Mn7Co14Cu7Ni10,42.18001,CoCuMnMoNiW,True
Fe21W23Cu8Mn8Ni7Mo18,42.181942,CuFeMnMoNiW,True
W20Mn21Mo18Fe23Co5,42.183006,CoFeMnMoW,True
Mn14W22Cu19Cr16Co10,42.187428,CoCrCuMnW,True
Cu24Fe21Co5W20Ni20,42.19019,CoCuFeNiW,True
Co11Mn24W23Mo19Fe14,42.19693,CoFeMnMoW,True
W10Mn10Ni6Fe16Mo22,42.20657,FeMnMoNiW,True
W21Mn16Fe14Ni14Co15,42.20701,CoFeMnNiW,True
Mn7W16Co16Cr5Cu23,42.210873,CoCrCuMnW,True
Cu19Fe10W13Co17Mn13,42.215687,CoCuFeMnW,True
Mn9Cu16W20Ni21Cr21,42.218666,CrCuMnNiW,True
Mn11Ni11Co8W25Cr15,42.221245,CoCrMnNiW,True
Fe9Cu19W19Cr5Mn10,42.224487,CrCuFeMnW,True
Cu24W14Ni18Fe24Mn9,42.22459,CuFeMnNiW,True
Mo21Co24Ni11Mn11Cu13,42.22957,CoCuMnMoNi,True
W7Mo23Cu9Fe20Mn6,42.235287,CuFeMnMoW,True
Mo21Co13Cu22Mn21W19,42.238354,CoCuMnMoW,True
Cr23Mn9W6Ni18Cu6,42.242958,CrCuMnNiW,True
Cu5W5Ni14Mn24Cr16,42.251564,CrCuMnNiW,True
Fe11Mn5Co11Mo17Cu14,42.251766,CoCuFeMnMo,True
Cu15Mo25Mn17Co9Ni9,42.261086,CoCuMnMoNi,True
Mn13W17Cu12Cr21Ni18,42.26167,CrCuMnNiW,True
Co13Cu20W9Fe12Mn25,42.268654,CoCuFeMnW,True
Mo19Cu5Co12Mn7Fe12,42.281963,CoCuFeMnMo,True
Mo24Mn23Fe14W7Cu8,42.288994,CuFeMnMoW,True
Ni24Mn22Cu14W9Fe16,42.290283,CuFeMnNiW,True
Co11Cu9W21Ni6Mo20,42.302387,CoCuMoNiW,True
Cu23Co6Fe16Mn6Mo20,42.312183,CoCuFeMnMo,True
Co5Ni6Mo12Cu20W7,42.32103,CoCuMoNiW,True
Mo11Cu14Fe14Mn5W17,42.33752,CuFeMnMoW,True
Fe22Mn12W13Mo15Cu8,42.34807,CuFeMnMoW,True
Cu7Mn19Cr7Ni19W12,42.357605,CrCuMnNiW,True
Fe12Mo23W13Cu5Co5Mn11,42.36287,CoCuFeMnMoW,True
Ni18W25Mo13Mn19Cu23,42.3638,CuMnMoNiW,True
W5Fe10Co6Mn21Ni24,42.365772,CoFeMnNiW,True
Cu15Co9Mn15Cr19W18,42.372562,CoCrCuMnW,True
Ni17W7Co19Cu23Mn10,42.374577,CoCuMnNiW,True
Mn19Ni25Co16Mo23Cu7,42.391212,CoCuMnMoNi,True
Mn24Fe13Ni20W10Co6,42.39152,CoFeMnNiW,True
Mn22W24Ni8Cr6Co19,42.392223,CoCrMnNiW,True
Mo14Ni21Mn17W24Cu20,42.405315,CuMnMoNiW,True
Mn18Ni7Mo22W14Co21,42.420273,CoMnMoNiW,True
Mo15Mn6Co12Cu10Ni21,42.43486,CoCuMnMoNi,True
Mo13Ni7Mn8Fe8Cu22,42.435986,CuFeMnMoNi,True
Mn18W24Ni23Mo8Cu16,42.437786,CuMnMoNiW,True
Mo17Cu8W8Co19Mn9,42.43809,CoCuMnMoW,True
Mn9Fe5W11Co25Mo13,42.451538,CoFeMnMoW,True
Cu23W11Ni20Mn22Fe12,42.463085,CuFeMnNiW,True
Mn6Cu8Mo7Co5Ni17,42.46339,CoCuMnMoNi,True
W18Cu25Co20Fe20Mn16,42.467693,CoCuFeMnW,True
Ni19Cu12W23Cr10Co5,42.467922,CoCrCuNiW,True
Ni12Fe20Co10Mn24W13,42.470272,CoFeMnNiW,True
Cu16Fe10W20Mn18Mo11,42.48597,CuFeMnMoW,True
Mn20Cr5W21Cu25Ni15,42.488544,CrCuMnNiW,True
W13Cu24Co14Mn16Fe12,42.493095,CoCuFeMnW,True
Ni20Mn14Fe17Co14Cu8W17,42.530727,CoCuFeMnNiW,True
Mn15Ni15W5Cu11Mo24,42.53084,CuMnMoNiW,True
Cu25W15Mn10Fe25Ni20,42.545246,CuFeMnNiW,True
Fe23W11Co5Mn16Ni25,42.54855,CoFeMnNiW,True
Cr6Ni19Mn20Co6W20,42.549477,CoCrMnNiW,True
Cu20W17Cr18Co6Mn13,42.55662,CoCrCuMnW,True
Co25Mn5W7Fe8Ni15,42.565784,CoFeMnNiW,True
W22Mn22Cu16Co25Mo20,42.569786,CoCuMnMoW,True
Cr8W17Mn11Co6Ni7,42.571724,CoCrMnNiW,True
Mn18W13Cu22Ni15Fe15,42.591423,CuFeMnNiW,True
W20Mo15Mn13Cu16Co21,42.592506,CoCuMnMoW,True
Cu8Ni6Cr9Co17W20,42.60135,CoCrCuNiW,True
Mn6Cu21W14Ni25Fe25,42.607594,CuFeMnNiW,True
W10Cu19Co25Fe11Mn8,42.61434,CoCuFeMnW,True
Cu23Mn23W7Co21Fe8,42.640575,CoCuFeMnW,True
Mn23Co23Mo11W23Fe5,42.64195,CoFeMnMoW,True
Cu7W13Co16Cr16Mn10,42.65008,CoCrCuMnW,True
Ni5Co19Cu11W17Cr6,42.658623,CoCrCuNiW,True
Ni16Co12Mo15W16Mn5,42.6624,CoMnMoNiW,True
Ni10Cu11Fe14Co9W22,42.668617,CoCuFeNiW,True
Co18Mn10Cu19Fe7W9,42.669872,CoCuFeMnW,True
Co12Mn7W10Cu18Fe18,42.67406,CoCuFeMnW,True
Mo7Fe18Ni5Cu5W15,42.6814,CuFeMoNiW,True
Cu7Co21Fe17Ni24W25,42.68611,CoCuFeNiW,True
Cr7Mn20Co6W11Ni5,42.69036,CoCrMnNiW,True
Mn19Fe9Ni14Mo20W19,42.692028,FeMnMoNiW,True
Cu11Mn10W12Mo16Co17,42.6926,CoCuMnMoW,True
W13Cu17Mo25Mn16Ni18,42.697216,CuMnMoNiW,True
W6Ni14Fe9Mn21Cu25,42.71208,CuFeMnNiW,True
Mn6Cr8W19Mo14Fe5,42.714874,CrFeMnMoW,True
Fe13W10Ni6Co23Mn24,42.729233,CoFeMnNiW,True
Cu23Mn14Cr11W16Ni8,42.72947,CrCuMnNiW,True
W20Cr12Cu7Fe13Mn14,42.737537,CrCuFeMnW,True
Mo20Fe5W18Mn18Ni20,42.748466,FeMnMoNiW,True
Cu22Mn5Ni24W8Co18,42.769466,CoCuMnNiW,True
Fe13Ni10Mn14W8Cu15,42.77183,CuFeMnNiW,True
Co6Cr25W12Cu6Mo17,42.7721,CoCrCuMoW,True
Fe15Mn6Cu24Cr7W20,42.799873,CrCuFeMnW,True
W12Cu13Mn16Cr5Co6,42.803596,CoCrCuMnW,True
W16Mn21Cu7Cr11Mo14,42.8157,CrCuMnMoW,True
W18Fe11Cu8Ni8Co16,42.816994,CoCuFeNiW,True
Mn13Fe8W25Cr19Cu25,42.82418,CrCuFeMnW,True
Cr8W23Mn7Ni7Fe8,42.833748,CrFeMnNiW,True
Mo12Co24Ni5Mn10Cu15,42.85385,CoCuMnMoNi,True
Fe14Co19Mn21Cu6W20Ni21,42.862003,CoCuFeMnNiW,True
W25Cu15Mn11Fe22Cr8,42.866173,CrCuFeMnW,True
Mo6Cr9Cu6W25Ni8,42.878918,CrCuMoNiW,True
Mn22W23Co25Cu12Fe14Ni11,42.883873,CoCuFeMnNiW,True
W23Cu17Cr18Ni17Mn19,42.898037,CrCuMnNiW,True
W19Cr24Mn24Ni12Co7,42.89856,CoCrMnNiW,True
W18Mo15Co20Ni9Mn20,42.901375,CoMnMoNiW,True
Fe19Mn19Mo6W25Ni9,42.90667,FeMnMoNiW,True
Mn24Cr20W6Ni16Cu5,42.90753,CrCuMnNiW,True
Co18W22Mn17Cu15Cr9,42.908077,CoCrCuMnW,True
Mo24W14Ni10Cu24Co6Mn13,42.909153,CoCuMnMoNiW,True
Fe24Cu12Mn5Ni5Mo21,42.909447,CuFeMnMoNi,True
Mn16W13Cu23Cr8Ni7,42.910843,CrCuMnNiW,True
Fe25Mn9Cu7W5Mo23,42.918346,CuFeMnMoW,True
Mn23W23Mo9Ni10Co24,42.918938,CoMnMoNiW,True
Ni22Co17W19Mn6Fe16,42.92107,CoFeMnNiW,True
Cr12Mo25W11Ni5Cu7,42.928165,CrCuMoNiW,True
Mn11Ni11W11Cr24Cu15,42.93122,CrCuMnNiW,True
Mn18Mo12Cu24Co12Fe5,42.950417,CoCuFeMnMo,True
W12Cu24Ni12Mn9Mo18,42.96183,CuMnMoNiW,True
Cr23W7Mn20Cu6Co12,42.96781,CoCrCuMnW,True
Co11Ni21Mo25W22Cu12Mn18,42.990757,CoCuMnMoNiW,True
Mn8W9Cu7Mo12Fe10,42.992752,CuFeMnMoW,True
Cu16Co5Fe14Ni11W16,43.001938,CoCuFeNiW,True
Cr17Co12Mn21Cu9W15,43.004276,CoCrCuMnW,True
Mo21Ni18Fe8Cu12Mn15,43.02479,CuFeMnMoNi,True
Co17Mn17W24Ni6Cu8Mo6,43.026913,CoCuMnMoNiW,True
W25Mo18Fe21Mn13Co10,43.041245,CoFeMnMoW,True
Co10W14Mo15Cu20Mn9,43.04175,CoCuMnMoW,True
Ni11Cr18Cu5W23Co21,43.04274,CoCrCuNiW,True
Mn22Cu11W23Co9Ni19Mo22,43.057674,CoCuMnMoNiW,True
Ni5Mo15Mn10Co8Cu6,43.060028,CoCuMnMoNi,True
Mo12Fe6Mn6Cu6Ni10,43.062263,CuFeMnMoNi,True
Cu12Mn9Fe10Cr20W17,43.091885,CrCuFeMnW,True
Co11Mo12Mn8Cu16Ni5,43.092907,CoCuMnMoNi,True
W18Mo24Fe20Cu13Mn20,43.103157,CuFeMnMoW,True
Fe11Mn24Cr5W22Ni5,43.10386,CrFeMnNiW,True
Co14Mo22W13Fe9Mn6,43.106388,CoFeMnMoW,True
Mn21W13Cr16Ni17Cu8,43.124706,CrCuMnNiW,True
Cu5Fe22W6Mo21Mn25,43.13643,CuFeMnMoW,True
Co19Cu11Mo24Mn15Ni17,43.14376,CoCuMnMoNi,True
Co23Mn21Fe25Cu10W5,43.145348,CoCuFeMnW,True
Ni10W18Cu19Cr8Mn16,43.152946,CrCuMnNiW,True
Cu5W20Fe21Ni10Mo21Mn8,43.156067,CuFeMnMoNiW,True
Ni24W17Co20Mn22Cu6Fe7,43.157143,CoCuFeMnNiW,True
Ni10Mn6Cr16Mo23W23,43.15898,CrMnMoNiW,True
Ni11Fe9Mn11Co9Cu20W14,43.169556,CoCuFeMnNiW,True
Ni15Fe12Cu24Co20Mn5W20,43.16996,CoCuFeMnNiW,True
Mn14Mo15Co7Cu23Fe7,43.177902,CoCuFeMnMo,True
Fe7W18Mn12Co15Mo20,43.17839,CoFeMnMoW,True
W7Cu5Co25Cr11Ni10,43.18977,CoCrCuNiW,True
Cr18Mo14Ni7W15Cu5,43.19589,CrCuMoNiW,True
Mn20Ni14Co21W11Fe6,43.19807,CoFeMnNiW,True
Mn20W12Co15Cu9Mo8,43.20712,CoCuMnMoW,True
Mo16Mn9Co24Fe8Cu23,43.209568,CoCuFeMnMo,True
Mo9Mn17Cu13Co19W20,43.223705,CoCuMnMoW,True
Mo18Ni8W13Mn14Fe9,43.248913,FeMnMoNiW,True
W13Ni7Cu6Fe13Co6,43.250458,CoCuFeNiW,True
Ni16Mo12Cu11Co7Mn5,43.253895,CoCuMnMoNi,True
W18Mo24Mn25Fe15Cu17,43.264904,CuFeMnMoW,True
Ni24Cu18Cr15Mn11W21,43.26591,CrCuMnNiW,True
Mo13Fe7Cu21Ni24Mn6,43.276173,CuFeMnMoNi,True
Mn16Co8Mo16W9Cu14,43.276802,CoCuMnMoW,True
Mn22Fe20W16Co25Cu19,43.27891,CoCuFeMnW,True
Ni6Mn7Mo19W5Co21,43.28468,CoMnMoNiW,True
Cu15Fe13Mn10W11Co14,43.2856,CoCuFeMnW,True
W25Cr5Co13Fe5Mn23,43.28674,CoCrFeMnW,True
Cu12W7Fe24Co6Ni23,43.299664,CoCuFeNiW,True
W13Mo18Ni7Mn8Fe21,43.30083,FeMnMoNiW,True
Cu8Mo24Fe7Ni15W22Mn19,43.312317,CuFeMnMoNiW,True
Fe19W24Co10Cu17Ni10,43.321533,CoCuFeNiW,True
Ni8W20Mn17Mo10Fe16,43.326645,FeMnMoNiW,True
Mo17Fe8Cu9Ni16Mn10,43.33262,CuFeMnMoNi,True
W17Mo25Cr10Ni6Mn25,43.334038,CrMnMoNiW,True
Cu7Cr25Fe5Mo11W23,43.33657,CrCuFeMoW,True
Cu14W10Co24Cr6Mn5,43.345806,CoCrCuMnW,True
Cr11Cu23W23Ni13Mn20,43.346973,CrCuMnNiW,True
Ni21Co11W20Mo19Mn13,43.35283,CoMnMoNiW,True
Mo19Mn13Ni19Fe5W16,43.35628,FeMnMoNiW,True
Fe6Co21Mn25Mo21W20,43.35641,CoFeMnMoW,True
Ni19Cu16Mn16W10Fe11,43.36407,CuFeMnNiW,True
Fe18W9Mo21Co5Mn7,43.365215,CoFeMnMoW,True
Fe16W19Mo20Mn10Ni11,43.365295,FeMnMoNiW,True
W18Cr17Mn22Co18Cu9,43.37171,CoCrCuMnW,True
Mn7Mo15Fe12Co12W21,43.38081,CoFeMnMoW,True
W23Co21Ni9Cr6Mn14,43.38429,CoCrMnNiW,True
Cu25Ni5Co21Mo14Mn11,43.38604,CoCuMnMoNi,True
Co6Cu11Fe19Ni17Mn7W11,43.400608,CoCuFeMnNiW,True
Ni5W11Mo11Fe15Mn24,43.407066,FeMnMoNiW,True
Mn18Cr8W22Co8Ni13,43.415745,CoCrMnNiW,True
Mn6Mo5Co17W11Ni8,43.42157,CoMnMoNiW,True
W23Ni15Mn6Co17Cr5,43.423523,CoCrMnNiW,True
Co21W17Cu21Mn20Fe20,43.425617,CoCuFeMnW,True
Mn12Cu16W18Cr8Ni22,43.430527,CrCuMnNiW,True
Mn21Cr23Cu6W21Mo25,43.431774,CrCuMnMoW,True
Mn14W23Cu22Mo9Fe9,43.433525,CuFeMnMoW,True
Cu15W16Fe11Mn25Mo13,43.441463,CuFeMnMoW,True
W21Ni17Fe18Co19Mn24Cu6,43.46843,CoCuFeMnNiW,True
Mo21Ni5W18Cr6Cu8,43.480217,CrCuMoNiW,True
W17Mn15Co10Fe20Ni19,43.49286,CoFeMnNiW,True
Ni12Mo21W9Cu15Mn13,43.50137,CuMnMoNiW,True
W22Ni25Mn24Mo5Co9,43.502457,CoMnMoNiW,True
Mo24W8Cu18Ni16Mn6,43.506165,CuMnMoNiW,True
Cr15W21Cu25Mn16Co9,43.522125,CoCrCuMnW,True
Cr5Mo8W13Mn5Cu19,43.531578,CrCuMnMoW,True
W10Cu10Mn16Ni20Mo19,43.534115,CuMnMoNiW,True
Mo25Mn17Ni12W17Co17,43.555653,CoMnMoNiW,True
Mo25Cr12Cu6Co5W10,43.557335,CoCrCuMoW,True
Fe8W25Mn7Ni15Cr8,43.559036,CrFeMnNiW,True
Mn18Cu15Co16Fe15W17Ni5,43.563423,CoCuFeMnNiW,True
Ni7Fe19Cu5Mn9Mo22W15,43.57171,CuFeMnMoNiW,True
Co12Mn19W8Cu12Mo21,43.572357,CoCuMnMoW,True
Ni7W6Fe12Co8Cu22,43.57525,CoCuFeNiW,True
Co14W12Mn10Cr15Cu7,43.581074,CoCrCuMnW,True
W12Mn14Cu13Mo20Co15,43.588116,CoCuMnMoW,True
W17Cu10Mn11Cr11Co16,43.591324,CoCrCuMnW,True
W15Cu16Co16Mo19Mn24,43.5931,CoCuMnMoW,True
Cr9Mn5Fe5Ni22W15,43.60272,CrFeMnNiW,True
W9Cu12Cr21Mn9Co9,43.61454,CoCrCuMnW,True
Mn15Mo20Cr12W21Ni5,43.62207,CrMnMoNiW,True
W7Cu15Mn21Ni17Fe12,43.62928,CuFeMnNiW,True
Mn12Cr6W12Fe20Cu6,43.64351,CrCuFeMnW,True
Ni13Cu25Cr21Mn21W24,43.64618,CrCuMnNiW,True
Cu18Ni21Mn8Mo19Fe10,43.650696,CuFeMnMoNi,True
Ni21W20Mn11Fe20Co17,43.656235,CoFeMnNiW,True
Cu14Fe22Mo24Mn5Co11,43.66532,CoCuFeMnMo,True
Cr21Mn12Cu9W8Ni11,43.667,CrCuMnNiW,True
Cr6Mn25W25Ni10Co19,43.66833,CoCrMnNiW,True
Cr13W20Mn5Co9Ni20,43.684776,CoCrMnNiW,True
Cu21Cr8Mn13Co18W24,43.693184,CoCrCuMnW,True
W17Co12Mn20Ni5Cr19,43.700233,CoCrMnNiW,True
W13Mn6Ni17Co13Fe9,43.701458,CoFeMnNiW,True
Mo9W19Mn16Cu5Cr18,43.717026,CrCuMnMoW,True
Cu25Cr20W22Co8Mn22,43.720776,CoCrCuMnW,True
Cr11Co11W23Mn20Cu21,43.72285,CoCrCuMnW,True
Ni5Mn6Cr8Fe22W14,43.732903,CrFeMnNiW,True
Fe7Mn21Cu15Mo22W8,43.73632,CuFeMnMoW,True
Fe7Cu9W14Mn20Cr9,43.740406,CrCuFeMnW,True
Mo21Mn15Cu13Co13Fe9,43.753853,CoCuFeMnMo,True
Mn7Cu10W17Cr13Fe9,43.759716,CrCuFeMnW,True
Mo16Ni12Mn6W15Co19,43.761448,CoMnMoNiW,True
W19Cu9Cr9Mn10Mo9,43.764645,CrCuMnMoW,True
Fe11Mn25W22Cu19Mo10,43.77585,CuFeMnMoW,True
Co25W23Ni20Mn11Fe25,43.77732,CoFeMnNiW,True
W23Mo24Cr16Cu11Mn16,43.78266,CrCuMnMoW,True
Mn23Mo22Cu11W13Co25,43.79427,CoCuMnMoW,True
Cu14W16Co24Mn12Mo16,43.80267,CoCuMnMoW,True
Ni12Fe6Co7W9Mn7,43.812057,CoFeMnNiW,True
Fe6Mn12Cu16Co5Mo14,43.815857,CoCuFeMnMo,True
Mo5Mn10Co20W21Cu15,43.816605,CoCuMnMoW,True
Mo19Mn8Ni20W22Fe11,43.835117,FeMnMoNiW,True
Fe5Mn16W15Cr17Ni5,43.839188,CrFeMnNiW,True
Cr5Cu9W5Ni22Co5,43.839462,CoCrCuNiW,True
Cu22Mn10Cr22Ni20W22,43.844345,CrCuMnNiW,True
Cr13Mn17Cu16W22Ni24,43.85438,CrCuMnNiW,True
Fe16Cu7Co14W21Ni21,43.85744,CoCuFeNiW,True
Ni20Mo17Cu16Fe8Mn10,43.85887,CuFeMnMoNi,True
W19Co23Mn24Mo16Cu14,43.870537,CoCuMnMoW,True
Mn5Mo21W21Cu20Fe20,43.900547,CuFeMnMoW,True
Ni22W11Mo24Fe7Mn7,43.903877,FeMnMoNiW,True
Co7Mo14W21Mn25Ni8Cu13,43.9039,CoCuMnMoNiW,True
W5Mn19Co25Fe6Ni12,43.905785,CoFeMnNiW,True
W8Mn8Ni12Co16Fe5,43.91105,CoFeMnNiW,True
Mn22Ni8W10Cu18Mo10,43.92968,CuMnMoNiW,True
Cr24W17Ni10Cu24Co5,43.932198,CoCrCuNiW,True
Cr16Mo7W16Cu6Mn9,43.956104,CrCuMnMoW,True
Co15Mo24Mn23W24Ni7Cu23,43.95822,CoCuMnMoNiW,True
Ni25W25Mn23Co15Fe22,43.97053,CoFeMnNiW,True
Co21Cu18Mo25Mn17Ni9,43.97354,CoCuMnMoNi,True
Co17Ni6W16Fe25Cu19,43.981056,CoCuFeNiW,True
W10Co17Mn5Cr20Cu8,43.982933,CoCrCuMnW,True
Cu17Mo17Mn5Co24Fe11,43.989452,CoCuFeMnMo,True
Ni14Mn23Fe24W5Cu15,43.990154,CuFeMnNiW,True
Mn20W23Ni14Co20Fe19,43.990433,CoFeMnNiW,True
Cu25W9Ni14Fe15Mn7,44.012314,CuFeMnNiW,True
Mo23Cu6Fe12Co17Mn12,44.030457,CoCuFeMnMo,True
Cu13Ni23W6Mn6Fe14,44.033413,CuFeMnNiW,True
Mo20W10Co14Ni6Cu5,44.035904,CoCuMoNiW,True
Mn17W6Fe12Co9Cu24,44.040703,CoCuFeMnW,True
W11Co10Mo19Mn23Fe8,44.044727,CoFeMnMoW,True
W20Cu16Co21Mo16Mn23,44.047855,CoCuMnMoW,True
Mo9Co12Mn20W10Cu10,44.051704,CoCuMnMoW,True
W21Fe23Co15Ni19Cu7,44.064922,CoCuFeNiW,True
Mn25Mo19W21Ni15Fe12,44.07489,FeMnMoNiW,True
Mn9Cr8Co5Mo24W7,44.098537,CoCrMnMoW,True
Mo12Cu11Mn13Fe17W17,44.109184,CuFeMnMoW,True
Fe18Ni13W20Cu20Co7,44.11174,CoCuFeNiW,True
Mn7Mo15Cu17Fe24W21,44.11662,CuFeMnMoW,True
Mo20W15Mn5Co5Cr24,44.1174,CoCrMnMoW,True
Co5Fe6W9Cu18Ni17,44.12594,CoCuFeNiW,True
Mn8Ni12Co22W17Mo11,44.133503,CoMnMoNiW,True
W16Co21Mn20Mo24Cu16,44.145054,CoCuMnMoW,True
Cr19Mn7Co15Cu22W22,44.145218,CoCrCuMnW,True
W15Mn24Ni23Cu24Fe19,44.153416,CuFeMnNiW,True
Cu24Fe5Co20Mn18Mo16,44.15485,CoCuFeMnMo,True
W13Mn10Co22Cu21Fe13,44.155727,CoCuFeMnW,True
Mn16Ni17Cu8Mo20Fe8,44.160145,CuFeMnMoNi,True
Cu6Cr18W10Mn5Mo18,44.181572,CrCuMnMoW,True
Mn5W11Cu21Ni13Mo19,44.21456,CuMnMoNiW,True
Mo7W12Fe7Ni10Mn23,44.228004,FeMnMoNiW,True
W10Ni20Co25Cu5Mn14Fe12,44.23818,CoCuFeMnNiW,True
Mo21Mn10W20Cr12Cu13,44.25367,CrCuMnMoW,True
Fe7Mo12Mn16Cu17W16,44.25597,CuFeMnMoW,True
W22Cu20Mn14Cr15Ni18,44.26034,CrCuMnNiW,True
W22Co24Fe18Ni18Mn14,44.291927,CoFeMnNiW,True
Cu13Mo10W23Mn21Fe22,44.292835,CuFeMnMoW,True
Mn15Cu24Ni14Mo24Co14,44.2961,CoCuMnMoNi,True
Cu24Ni25Fe7Mo16Mn11,44.299442,CuFeMnMoNi,True
Cr22Cu20Ni21Mn7W20,44.30009,CrCuMnNiW,True
Mn22Ni18Mo6Cu21W24,44.307938,CuMnMoNiW,True
Fe13Mn8Mo6W13Ni5,44.33281,FeMnMoNiW,True
Cu17Cr15W21Ni18Mn21,44.339764,CrCuMnNiW,True
Mn9W21Fe17Ni23Co21,44.345825,CoFeMnNiW,True
Mn22Fe18Cu22Mo24W25,44.356964,CuFeMnMoW,True
Cu5W20Cr14Ni10Co19,44.372093,CoCrCuNiW,True
Ni13W18Co20Mn10Mo18,44.37633,CoMnMoNiW,True
Cu18Fe13W9Co13Mn5,44.377876,CoCuFeMnW,True
Co13Ni7Cu18Fe23Mn10W11,44.386536,CoCuFeMnNiW,True
W10Fe25Co14Mn15Cu24,44.391277,CoCuFeMnW,True
Mo16Cu6Co6W23Cr12,44.409054,CoCrCuMoW,True
Cr8Co21W16Cu8Ni8,44.417034,CoCrCuNiW,True
Cr11Ni18W18Mn25Cu15,44.425014,CrCuMnNiW,True
W7Co16Mo23Mn16Cu10,44.42577,CoCuMnMoW,True
Cu6Ni17W22Mn10Mo13Fe9,44.429073,CuFeMnMoNiW,True
Mo23Fe21Cu7Co9Mn5W23,44.430626,CoCuFeMnMoW,True
Ni10Co22Mn12Cu7Fe16W11,44.44733,CoCuFeMnNiW,True
Mn6W13Mo18Co7Fe17,44.456543,CoFeMnMoW,True
Co16Mo24Mn23Ni21W24,44.472134,CoMnMoNiW,True
Mn18Ni10Co17W20Mo6,44.481712,CoMnMoNiW,True
Ni21Mo21W24Mn25Co16,44.485645,CoMnMoNiW,True
Mo24Mn6Cu6W7Cr24,44.496433,CrCuMnMoW,True
Cu8Ni24W18Fe12Co14,44.507618,CoCuFeNiW,True
Ni10Cu5Mo23Cr6Mn7,44.513355,CrCuMnMoNi,True
W14Cr8Mn18Cu5Fe12,44.53421,CrCuFeMnW,True
W17Cr9Mn24Co5Mo8,44.53569,CoCrMnMoW,True
Mn25Fe22W23Mo9Ni9,44.552025,FeMnMoNiW,True
Fe19Cu7Mo5Mn8W9,44.556107,CuFeMnMoW,True
Mn12W5Cu11Cr24Co7,44.559467,CoCrCuMnW,True
W15Cr11Cu9Mo24Mn23,44.568283,CrCuMnMoW,True
Mo20Co21Mn7Cu12Ni21,44.59158,CoCuMnMoNi,True
Ni12Mn8Cr17W11Cu12,44.595062,CrCuMnNiW,True
Mo5W24Cu16Cr9Mn7,44.595108,CrCuMnMoW,True
Ni11W23Mn23Fe9Cu22Co20,44.604427,CoCuFeMnNiW,True
Co15Cu5Cr9Ni14W22,44.604824,CoCrCuNiW,True
W13Co6Mo23Mn25Cu17Ni7,44.611393,CoCuMnMoNiW,True
W10Mo22Cu11Co21Mn24,44.613995,CoCuMnMoW,True
Mo23Ni21Cu19Fe7Mn24,44.61692,CuFeMnMoNi,True
Cu15W12Cr12Mn22Ni8,44.623722,CrCuMnNiW,True
Co5Mn18Mo16W16Fe19,44.632164,CoFeMnMoW,True
Ni24Fe12Cu11Co17W21Mn21,44.642815,CoCuFeMnNiW,True
Cu25Mn7Mo22W22Co24,44.64559,CoCuMnMoW,True
Ni8Cu17W13Mn21Cr20,44.659077,CrCuMnNiW,True
Cu16Cr11W24Mn7Mo14,44.666008,CrCuMnMoW,True
Fe8W16Mn10Mo21Co12Cu5,44.682312,CoCuFeMnMoW,True
Fe12Ni11Mn25Mo25W14,44.700726,FeMnMoNiW,True
Cu16Co8Mo16Mn24W6,44.703144,CoCuMnMoW,True
Cu23Mn22W25Ni18Cr17,44.708275,CrCuMnNiW,True
Ni6Fe16W6Mo24Mn10,44.709824,FeMnMoNiW,True
Mo19W19Mn17Fe5Cr6,44.717724,CrFeMnMoW,True
Ni7W9Mn8Co19Mo16,44.72703,CoMnMoNiW,True
W19Co18Mo19Mn7Cu24,44.728317,CoCuMnMoW,True
Mo25Fe12Cu12Ni19Mn15,44.746605,CuFeMnMoNi,True
Mn5Co6Mo17Cu13Fe14,44.75241,CoCuFeMnMo,True
Mn22Cr14W9Ni18Cu6,44.789547,CrCuMnNiW,True
Cu25W24Mn11Cr23Co17,44.79845,CoCrCuMnW,True
Cu5Cr13W8Ni24Mn21,44.798485,CrCuMnNiW,True
Ni14Mo21Mn12W11Cu18,44.80418,CuMnMoNiW,True
W6Mn22Co11Cu13Fe13,44.815807,CoCuFeMnW,True
W10Ni6Mo14Cu23Co8,44.832897,CoCuMoNiW,True
Cr8W14Mo7Cu7Mn6,44.834938,CrCuMnMoW,True
Co7Cu25Mn24Fe6Mo17,44.85305,CoCuFeMnMo,True
Ni10W15Co19Mo22Mn20,44.898785,CoMnMoNiW,True
W18Mn17Co16Ni11Mo12,44.90673,CoMnMoNiW,True
Fe18W24Ni17Co19Mn22,44.907787,CoFeMnNiW,True
Mn9Ni25Mo20W8Fe5,44.90878,FeMnMoNiW,True
Co19Mn5Ni12Mo5W16,44.9095,CoMnMoNiW,True
W15Co25Mn23Fe16Cu21,44.9107,CoCuFeMnW,True
Mo20Cu22Mn20Fe8Ni9,44.916454,CuFeMnMoNi,True
Mo12W17Mn12Cu15Ni23,44.926792,CuMnMoNiW,True
Mo13Cu7Ni5W6Cr24,44.931423,CrCuMoNiW,True
Cu11Mn17Mo23Co25W12,44.93207,CoCuMnMoW,True
Ni6Cu21Fe7Mn8Mo8,44.964394,CuFeMnMoNi,True
Fe14Co23Mn12Cu20Mo24,44.9657,CoCuFeMnMo,True
Cr6Ni15W23Mn6Fe10,44.966663,CrFeMnNiW,True
Mo12Cu9W14Mn24Fe19,44.967865,CuFeMnMoW,True
Fe18Mn16Co18Ni10W16,44.972073,CoFeMnNiW,True
W10Cu10Co7Ni18Fe22,44.987087,CoCuFeNiW,True
Mn9Mo14Fe17W15Ni8,44.98852,FeMnMoNiW,True
W18Mo10Fe17Co7Mn10,44.995342,CoFeMnMoW,True
Cu25Fe9Co9Mo21Mn22,44.995804,CoCuFeMnMo,True
W21Fe14Co22Ni18Mn15Cu14,44.999355,CoCuFeMnNiW,True
Mo17W24Ni24Mn24Cu22,45.000755,CuMnMoNiW,True
Ni21W18Co8Fe17Cu11,45.007175,CoCuFeNiW,True
Mo24Ni5Co22Mn21Cu20,45.0245,CoCuMnMoNi,True
Mo25Fe25W21Co7Mn25,45.02957,CoFeMnMoW,True
Ni9Co21Mo13Mn5Cu13,45.048874,CoCuMnMoNi,True
Cu23W9Fe10Mn17Ni19,45.054253,CuFeMnNiW,True
Co15Mn23Fe8Cu10Mo25,45.056725,CoCuFeMnMo,True
Co14Fe9Mn18Ni23W15,45.064323,CoFeMnNiW,True
Mn18Ni11W16Cr7Cu25,45.07515,CrCuMnNiW,True
Cu18Fe10Cr22W25Mn22,45.076508,CrCuFeMnW,True
Co17Mn21Ni11Fe13W22Cu21,45.091213,CoCuFeMnNiW,True
Cu24Mn5Mo21W13Ni16,45.09741,CuMnMoNiW,True
Cu25Mo21W24Mn24Ni24,45.09862,CuMnMoNiW,True
Cu12Mn18Mo25Co13Ni23,45.115498,CoCuMnMoNi,True
W23Co22Cr25Mn12Cu20,45.116394,CoCrCuMnW,True
Mn14Fe9W24Ni15Mo8,45.133526,FeMnMoNiW,True
Fe8Mo21Co18Cu14Mn19,45.134953,CoCuFeMnMo,True
Mo17Co16Ni5Mn14W8,45.148285,CoMnMoNiW,True
Mo7W19Ni15Mn5Fe10,45.165264,FeMnMoNiW,True
Mn11Co12Mo25W10Ni16,45.179985,CoMnMoNiW,True
Mo11Cu17Fe5Ni6Mn12,45.184444,CuFeMnMoNi,True
Mn7W16Co13Mo20Fe11,45.18562,CoFeMnMoW,True
Cr5Mn16Cu5Ni16W5,45.188446,CrCuMnNiW,True
Mo19W12Fe24Mn17Cu8,45.204155,CuFeMnMoW,True
Cu5Ni12Mo24Mn7Cr7,45.216125,CrCuMnMoNi,True
Cu14Mn22Mo13W15Ni19,45.230583,CuMnMoNiW,True
Co16Fe12Mn16W14Cu8Ni6,45.231216,CoCuFeMnNiW,True
Mn13W25Cr16Mo12Ni6,45.233418,CrMnMoNiW,True
Ni17W21Fe9Mn8Cu8Mo23,45.241867,CuFeMnMoNiW,True
Mn7Cu15W21Cr12Fe10,45.25704,CrCuFeMnW,True
Ni19Mn25Cr22W22Cu18,45.262794,CrCuMnNiW,True
Mn7Ni20Co19Cu16Mo21,45.27708,CoCuMnMoNi,True
Co18W10Fe10Ni22Cu5,45.28363,CoCuFeNiW,True
Mo7Co5Cu24W13Ni11,45.293457,CoCuMoNiW,True
Mo11Co6Fe8Mn7Cu17,45.29453,CoCuFeMnMo,True
Co16Mo23Cu11Ni7Mn17,45.296722,CoCuMnMoNi,True
Ni15Fe13Mn10W16Co21,45.299576,CoFeMnNiW,True
Cr5Cu6W24Co15Ni15,45.299625,CoCrCuNiW,True
Mo13Mn25Co22Cu13W17,45.30059,CoCuMnMoW,True
Cu18Co12Cr10W17Mn9,45.301315,CoCrCuMnW,True
Mn8Cu11Ni19Fe13W5,45.319687,CuFeMnNiW,True
Fe9Ni9Cu5W14Co7Mn18,45.33049,CoCuFeMnNiW,True
Cu19Co13Fe12Mo18Mn9,45.33077,CoCuFeMnMo,True
Co17Cu18W18Mn6Fe13Ni14,45.341732,CoCuFeMnNiW,True
Mo7W25Co19Mn11Ni14,45.352943,CoMnMoNiW,True
Fe18W14Ni25Cu25Mn15,45.3664,CuFeMnNiW,True
Co13Mo20Cu13Mn11Ni18,45.368294,CoCuMnMoNi,True
Ni14Co10Fe25Cu10W11,45.374077,CoCuFeNiW,True
W13Co16Cu9Fe24Ni10,45.37716,CoCuFeNiW,True
Ni5Cr11Mo11Mn16W18,45.386787,CrMnMoNiW,True
Fe6Mn19W24Co8Cr12,45.402317,CoCrFeMnW,True
Ni16W21Fe8Mo25Mn17Cu9,45.42609,CuFeMnMoNiW,True
W18Mo14Fe7Co20Mn10,45.429646,CoFeMnMoW,True
Cr21W16Ni9Cu22Mn25,45.43355,CrCuMnNiW,True
Mn21Ni18Fe9Mo19W20,45.435223,FeMnMoNiW,True
Fe10W17Mn19Cu14Mo7,45.441,CuFeMnMoW,True
Mo9Cu12W16Mn19Ni23,45.452328,CuMnMoNiW,True
Co12Ni25Cu6W23Mo24,45.4542,CoCuMoNiW,True
Fe25Co17Ni17Mn10W17,45.470127,CoFeMnNiW,True
Mn14Co16Ni24Mo23W23,45.473526,CoMnMoNiW,True
Mn7Fe13Co17Mo25W18,45.48154,CoFeMnMoW,True
Cu23Mn6Mo19W17Co17,45.48252,CoCuMnMoW,True
Ni8Cu6Mn10Fe12Co13W10,45.487568,CoCuFeMnNiW,True
Ni8Mn11Cr13Cu5W5,45.49687,CrCuMnNiW,True
Co10Mn25Mo25Fe22W24,45.51787,CoFeMnMoW,True
Fe25Ni8Co19W15Cu13,45.523823,CoCuFeNiW,True
Ni9Cu19Co16Mn19Mo25,45.534485,CoCuMnMoNi,True
Mn7Mo10Cr20W23Cu12,45.53476,CrCuMnMoW,True
Mo24W7Mn13Co25Ni6,45.53734,CoMnMoNiW,True
Mn11Ni7Mo5W9Co7,45.54759,CoMnMoNiW,True
Cr23Mn18Mo21Cu6W19,45.548603,CrCuMnMoW,True
Cu25W17Mn12Mo21Ni19,45.548843,CuMnMoNiW,True
Fe8Cu25Mo17Mn18Ni7,45.57786,CuFeMnMoNi,True
Ni21Cu11W25Cr16Co7,45.59858,CoCrCuNiW,True
Fe22Mn24Ni15Co16W22,45.622265,CoFeMnNiW,True
Ni23Co20W12Mn20Fe6,45.653828,CoFeMnNiW,True
Ni9Co23Cu22Fe7W18,45.654217,CoCuFeNiW,True
Mn14Fe11Co22Ni20W18,45.65482,CoFeMnNiW,True
Mo15Fe6Mn14Co10Cu12,45.66634,CoCuFeMnMo,True
Cr6W19Ni9Co9Mn11,45.686405,CoCrMnNiW,True
Fe22Co10W16Ni25Mn17,45.691814,CoFeMnNiW,True
Co23Fe24Ni16Mn25Cu6W16,45.70495,CoCuFeMnNiW,True
Mn15W22Fe14Cu25Mo23,45.70727,CuFeMnMoW,True
Ni19Co11Mo14W17Mn23,45.71041,CoMnMoNiW,True
W9Mn16Cu7Co23Ni9Fe6,45.717785,CoCuFeMnNiW,True
W11Mn8Mo21Ni11Co18,45.720757,CoMnMoNiW,True
Mo8W21Mn7Co25Fe11,45.72426,CoFeMnMoW,True
Cu19Co17Mn5Ni21Mo20,45.725857,CoCuMnMoNi,True
Mn5W22Co23Mo5Ni17,45.728073,CoMnMoNiW,True
Cr10Mn16W21Co6Mo10,45.734768,CoCrMnMoW,True
Cu22Ni6Co11Mo19Mn18,45.740795,CoCuMnMoNi,True
Fe25Co13Mo24W24Mn10,45.742687,CoFeMnMoW,True
Co21Mo23Ni5W12Cu9,45.747,CoCuMoNiW,True
Mn6Ni21Fe10W12Co15,45.747272,CoFeMnNiW,True
Mn22Fe15Mo24Cu10W9,45.75703,CuFeMnMoW,True
Mn16Fe19Co24W22Ni17,45.76097,CoFeMnNiW,True
Mo17Mn13Fe9Cu17Co25,45.76192,CoCuFeMnMo,True
Co5W8Mo15Cu6Cr22,45.763042,CoCrCuMoW,True
Co13Mo23Ni22Cu21Mn12,45.76654,CoCuMnMoNi,True
Mn23Fe15Co22W9Cu15,45.76864,CoCuFeMnW,True
Mn8Cu9Co19Mo20W5,45.781273,CoCuMnMoW,True
Ni22Cu23Mn9Cr12W20,45.786716,CrCuMnNiW,True
Co25Mo21Cu23Mn12Ni9,45.79283,CoCuMnMoNi,True
Cr16Mo21Mn13W25Co6,45.800262,CoCrMnMoW,True
Cu22Mn17Fe22W11Ni17,45.80954,CuFeMnNiW,True
Co18Cu25Ni10Fe16W20Mn21,45.81846,CoCuFeMnNiW,True
Cu18W23Mo5Fe10Mn13,45.81981,CuFeMnMoW,True
Mn5Mo20W21Co23Cu25,45.820213,CoCuMnMoW,True
W24Co18Cu22Mo10Mn25,45.820683,CoCuMnMoW,True
Cr21Fe7Mn7W19Cu21,45.82479,CrCuFeMnW,True
W20Ni25Co12Mo25Mn24,45.82783,CoMnMoNiW,True
Ni5Mn11Co25Cu12Mo11W18,45.829304,CoCuMnMoNiW,True
Ni7Mo15Mn7W5Cu14,45.84444,CuMnMoNiW,True
W21Fe16Mo19Mn25Ni13,45.86855,FeMnMoNiW,True
Mn6Cu21Mo22Cr5Co13,45.871937,CoCrCuMnMo,True
Mo23Ni21Co19Cu17Mn10,45.892708,CoCuMnMoNi,True
Fe14Mo24Mn18W19Co10,45.9212,CoFeMnMoW,True
Cu13Mo19Ni13Fe9Mn13,45.925674,CuFeMnMoNi,True
W6Cu13Cr5Ni23Mn6,45.925686,CrCuMnNiW,True
Ni24W17Cu17Cr25Mn10,45.929016,CrCuMnNiW,True
Mo6Cu5Fe11Co22Ni24,45.950596,CoCuFeMoNi,True
Mn13W25Cr22Fe23Cu11,45.95982,CrCuFeMnW,True
Cu23Ni7Mn5Mo6Co18,45.961502,CoCuMnMoNi,True
Mo22Fe14W14Mn20Co7,45.96283,CoFeMnMoW,True
Cu23W22Fe16Mn7Mo9,45.97537,CuFeMnMoW,True
W7Cu13Mn8Cr22Co8,45.98319,CoCrCuMnW,True
Mn16W16Mo9Ni24Co8,45.98607,CoMnMoNiW,True
Mo9Ni19W20Cu17Mn16,45.9933,CuMnMoNiW,True
Ni6Mn10W11Fe9Mo11,45.998642,FeMnMoNiW,True
Mn13Cr15W13Co24Cu9,46.009037,CoCrCuMnW,True
Cu5W7Co13Cr18Mn13,46.012653,CoCrCuMnW,True
Mn19Mo13Cu6Cr19W19,46.022213,CrCuMnMoW,True
Fe14Cu20W19Mn20Mo23,46.03543,CuFeMnMoW,True
Co9Mn7Cr15W20Ni12,46.037678,CoCrMnNiW,True
Mn9Co12Cu18W7Fe20,46.04188,CoCuFeMnW,True
Mn21W23Ni20Cr18Cu21,46.043163,CrCuMnNiW,True
W14Cr23Ni17Mn15Cu13,46.04894,CrCuMnNiW,True
W12Ni14Cu5Co10Mo14Mn9,46.05034,CoCuMnMoNiW,True
Ni18Mn24Fe18Co23W25,46.059204,CoFeMnNiW,True
Co7Mn25Mo18W20Cr10,46.05975,CoCrMnMoW,True
Fe5Co19Cu8Mo13Mn17,46.071766,CoCuFeMnMo,True
Mn5W12Cr20Mo9Cu8,46.077118,CrCuMnMoW,True
W9Mo16Ni15Cu13Mn22,46.080917,CuMnMoNiW,True
Cu18W13Ni9Fe5Mn20Co6,46.081326,CoCuFeMnNiW,True
Cr20Cu15Co19Mn8W17,46.10069,CoCrCuMnW,True
Cu24W16Ni24Co8Fe15Mn8,46.106594,CoCuFeMnNiW,True
W20Mn9Mo18Fe12Ni16,46.113483,FeMnMoNiW,True
Mn22Fe14W7Cu13Co24,46.124146,CoCuFeMnW,True
Fe12Co16Mn23W16Ni14,46.12514,CoFeMnNiW,True
Cu20Mo25Fe23Mn10W18,46.12655,CuFeMnMoW,True
Mn15Co11Mo15Ni20Cu5,46.12758,CoCuMnMoNi,True
Mo20Mn21W20Fe20Co8,46.13083,CoFeMnMoW,True
Co25Mn13Fe14W20Ni22,46.166023,CoFeMnNiW,True
W18Mn19Ni12Cr24Cu21,46.181965,CrCuMnNiW,True
Co6Fe16Cu19Ni11W14,46.18605,CoCuFeNiW,True
Mn10W23Fe17Ni12Mo9,46.196148,FeMnMoNiW,True
Cu18Ni20Mn17W13Mo24,46.20696,CuMnMoNiW,True
Mo24Ni25Cu23Fe14Mn11,46.22424,CuFeMnMoNi,True
W23Fe8Mn21Co22Mo20,46.233604,CoFeMnMoW,True
W25Fe19Co10Mn24Mo6,46.234596,CoFeMnMoW,True
Fe5Co22Mn13Mo20W15,46.238995,CoFeMnMoW,True
Ni21Fe11Cu17Co22W19Mn14,46.24332,CoCuFeMnNiW,True
Cu21Mn20Co25Mo20W23,46.24908,CoCuMnMoW,True
W10Mn10Co6Mo15Fe8,46.27734,CoFeMnMoW,True
W7Ni15Mn23Fe24Cu20,46.282825,CuFeMnNiW,True
Co25Mo22W21Mn7Cr5,46.28778,CoCrMnMoW,True
Fe13Mn7Ni21Mo18Cu12,46.296165,CuFeMnMoNi,True
Fe21Ni9W14Co20Mn17,46.297356,CoFeMnNiW,True
Mo19W10Mn11Fe25Co5,46.335194,CoFeMnMoW,True
Fe6Ni11Mn20W7Mo20,46.35675,FeMnMoNiW,True
Mn12Fe24Cu24Co23W13,46.364586,CoCuFeMnW,True
Ni19Cr6Mn23Cu23W21,46.366592,CrCuMnNiW,True
Ni12Fe6Mn17Co14W8,46.372272,CoFeMnNiW,True
Co13Mo21Mn8Fe19Cu5,46.374214,CoCuFeMnMo,True
Co9Fe23Cu12W10Ni11,46.374992,CoCuFeNiW,True
W11Ni16Co8Fe22Mn12Cu13,46.375004,CoCuFeMnNiW,True
Cu9Mn14W12Cr17Ni15,46.37531,CrCuMnNiW,True
Fe5Cu14W16Co25Mn23Ni18,46.376976,CoCuFeMnNiW,True
Mo5W24Cu23Mn6Fe19,46.37778,CuFeMnMoW,True
Fe20Ni11Mn14W7Co7,46.38074,CoFeMnNiW,True
Mn23W22Ni13Fe7Cr6,46.39254,CrFeMnNiW,True
Mn24Co20Cu7Cr18W13,46.42173,CoCrCuMnW,True
Fe11Mn20W25Cr7Cu22,46.42633,CrCuFeMnW,True
Co14Mn18Mo15Fe7Cu23,46.427544,CoCuFeMnMo,True
Cu6Mn10Fe9Mo6Co25,46.432766,CoCuFeMnMo,True
Ni12Mn9Co14Fe18Cu18W15,46.43621,CoCuFeMnNiW,True
Mn17Fe19Mo20Ni14W25,46.448853,FeMnMoNiW,True
Mn7Cr6Mo18W19Co13,46.452465,CoCrMnMoW,True
Cu18Mo15W22Co23Mn21,46.46427,CoCuMnMoW,True
Mn13W21Ni22Co11Mo10,46.474754,CoMnMoNiW,True
Mn13Mo19Co25Fe13Cu6,46.4799,CoCuFeMnMo,True
Cu10W22Mo21Cr7Ni6,46.497417,CrCuMoNiW,True
Cu23Ni5Mo19Mn13Co21W21,46.502087,CoCuMnMoNiW,True
Mo12Mn9Ni13Co8Cu20,46.51369,CoCuMnMoNi,True
W25Ni8Mo18Cr15Mn13,46.51853,CrMnMoNiW,True
Cu20Ni25Mn13Co7W23Mo22,46.520676,CoCuMnMoNiW,True
Cr9W23Cu10Fe20Mn20,46.527874,CrCuFeMnW,True
Mo5Mn23Cu15Fe22W25,46.53617,CuFeMnMoW,True
W12Ni9Cu22Mn23Mo5,46.564663,CuMnMoNiW,True
Co24Ni10W15Fe22Mn17,46.57255,CoFeMnNiW,True
Ni6W8Fe21Cu25Co15,46.577248,CoCuFeNiW,True
Mn11W17Fe20Ni9Mo14,46.583767,FeMnMoNiW,True
Ni10Fe22Mn7Cu14Mo25,46.586044,CuFeMnMoNi,True
Cu14Mn11Ni23Mo23Co24,46.595947,CoCuMnMoNi,True
Fe19Mn20Ni18Co13W19,46.608162,CoFeMnNiW,True
Mo18Mn9Cu16Fe18W15,46.614162,CuFeMnMoW,True
Mn6Mo25W13Ni12Cr11,46.62055,CrMnMoNiW,True
Co9Mo7Mn19Ni23W19,46.634705,CoMnMoNiW,True
Fe15Co9W7Cu20Mn14,46.64433,CoCuFeMnW,True
Co8Fe8Mo16Mn5Ni7W24,46.649963,CoFeMnMoNiW,True
Co6Cr12Mn13W13Cu20,46.653786,CoCrCuMnW,True
Co15W22Ni16Cu9Fe11,46.659103,CoCuFeNiW,True
W11Co14Cu8Mo7Mn11,46.66314,CoCuMnMoW,True
W21Mn6Cu12Mo25Ni17Co20,46.66383,CoCuMnMoNiW,True
Cu15Ni17Mo23Co18Mn13,46.679096,CoCuMnMoNi,True
Mn18Ni12Mo18Co10W10,46.68702,CoMnMoNiW,True
Cu13Ni6Fe18Co10W13,46.6903,CoCuFeNiW,True
Cu23Mo19Mn21Co16W20,46.692772,CoCuMnMoW,True
Mn13Ni17Cr17W13Cu10,46.697193,CrCuMnNiW,True
Fe24Cu8W10Co14Mn8Ni22,46.701706,CoCuFeMnNiW,True
W21Mn6Cr22Mo19Fe5,46.70222,CrFeMnMoW,True
Co22Ni18Cu6Mn14Mo17,46.70326,CoCuMnMoNi,True
Co12Mo23W24Cr9Cu5,46.704098,CoCrCuMoW,True
Cu9W22Co5Cr24Fe13,46.710907,CoCrCuFeW,True
Mo14Fe15Mn11Ni12W20,46.71501,FeMnMoNiW,True
Mn18Cu17W22Co20Cr24,46.717354,CoCrCuMnW,True
Mo11W12Cu16Fe7Mn23,46.71981,CuFeMnMoW,True
Cu12Ni20Co13W16Fe6Mn21,46.721798,CoCuFeMnNiW,True
W8Cu10Mo13Mn6Co14,46.72483,CoCuMnMoW,True
Cr8Co13Mo23Mn12W24,46.731445,CoCrMnMoW,True
Cu16Fe5Ni25Mo5Mn11,46.7409,CuFeMnMoNi,True
Mn13Ni10Fe22Mo25W21Cu8,46.768295,CuFeMnMoNiW,True
Mn12Co18Fe25Ni24W19,46.786995,CoFeMnNiW,True
Fe25Ni14Co11W9Mn13,46.78704,CoFeMnNiW,True
Mn16W9Co8Mo16Cu16,46.79093,CoCuMnMoW,True
Mo20Fe8Mn21Co24Cu15,46.800896,CoCuFeMnMo,True
Cu14W10Mn11Co6Mo8,46.80891,CoCuMnMoW,True
Fe17Cu8W8Ni7Co11Mn10,46.815956,CoCuFeMnNiW,True
Fe15Mn23Co19Ni25W22,46.82468,CoFeMnNiW,True
Co5Ni21Cu8Mo23Mn20,46.82582,CoCuMnMoNi,True
Ni25Fe21Co18Cu6W15,46.828094,CoCuFeNiW,True
W17Cr20Mn13Co9Cu21,46.835896,CoCrCuMnW,True
W19Cr10Mn13Ni7Co23,46.84755,CoCrMnNiW,True
Cu13Cr6Mn10Co16W15,46.85149,CoCrCuMnW,True
Mn21Co20W14Ni8Mo8,46.86577,CoMnMoNiW,True
Mn10Mo25Fe17Cu20Ni19,46.868275,CuFeMnMoNi,True
Fe6Mo12W22Ni6Cu22,46.874905,CuFeMoNiW,True
Cu25Co16Ni5Mo23W25,46.880432,CoCuMoNiW,True
Fe20Mn8Co5Cu22Mo21,46.880493,CoCuFeMnMo,True
Cr20Mo19W17Cu7Mn14,46.88855,CrCuMnMoW,True
Co20Ni20W23Mo18Cu6Mn18,46.894905,CoCuMnMoNiW,True
Mn22Cu17W21Mo13Fe16,46.895233,CuFeMnMoW,True
W19Cu21Mn8Ni23Mo12,46.905266,CuMnMoNiW,True
W6Mn25Cu17Co13Fe22,46.914913,CoCuFeMnW,True
Cu12Fe14Ni12Mo21Mn9,46.92827,CuFeMnMoNi,True
Mn10Cu21W23Fe17Mo12,46.93497,CuFeMnMoW,True
W24Co8Cr20Mo17Mn7,46.953236,CoCrMnMoW,True
Ni15Co21Cu10W21Fe9,46.953568,CoCuFeNiW,True
Cr24W23Co16Ni5Cu21,46.95864,CoCrCuNiW,True
Co21Cu17Ni12Mo19Mn9,46.972843,CoCuMnMoNi,True
Cr15Ni12Cu13W14Mn17,46.97656,CrCuMnNiW,True
Fe18Ni12Cu18Co11W14Mn11,46.980385,CoCuFeMnNiW,True
Cu18Cr10Ni25W20Mn24,46.981396,CrCuMnNiW,True
Fe24Co14W11Cu18Ni8Mn14,46.991325,CoCuFeMnNiW,True
Cu22Fe23Mo15Mn5W23,46.99661,CuFeMnMoW,True
Fe16Ni5Mo25W8Mn22,46.999046,FeMnMoNiW,True
Mn13Fe18Cu20W23Mo14,47.016132,CuFeMnMoW,True
Mo24W13Mn5Cr10Ni13,47.019447,CrMnMoNiW,True
W18Cu10Co16Fe12Ni8,47.023094,CoCuFeNiW,True
Co23Ni8Mn14W11Mo22,47.026665,CoMnMoNiW,True
Cu22Ni7W14Cr15Mn17,47.02847,CrCuMnNiW,True
Cu23Fe5W18Co12Ni16,47.03393,CoCuFeNiW,True
Ni14Co17Cu24Mn8Mo18,47.037163,CoCuMnMoNi,True
Mo17Fe7Cu14Mn25W5,47.04082,CuFeMnMoW,True
Ni24Cu24Mo8W22Mn6,47.05091,CuMnMoNiW,True
Mo11Mn19W23Co5Cr15,47.056137,CoCrMnMoW,True
Cr14Mn25W10Fe6Cu8,47.056435,CrCuFeMnW,True
Co16Mn24Ni23W23Fe20,47.066437,CoFeMnNiW,True
Cr17Mn9Ni8W22Mo19,47.067535,CrMnMoNiW,True
Mo23Cr6Mn9W24Co20,47.072704,CoCrMnMoW,True
Fe9Mn6Cu21W10Mo7,47.074734,CuFeMnMoW,True
Co10Mo25Ni13Mn20Cu24,47.097034,CoCuMnMoNi,True
Cr17W12Ni8Co21Cu5,47.113937,CoCrCuNiW,True
Mn18Ni23W15Mo25Fe6,47.127193,FeMnMoNiW,True
W7Cu20Mo16Co6Mn12,47.13101,CoCuMnMoW,True
Mn9Ni21W12Mo15Cu15,47.147472,CuMnMoNiW,True
Co5Cr18Ni11Mn13W14,47.160557,CoCrMnNiW,True
Ni16W21Mn16Mo12Co14,47.169704,CoMnMoNiW,True
W22Ni15Mo16Co7Cu7,47.178215,CoCuMoNiW,True
Cu16Ni18Fe9W10Co5Mn10,47.18441,CoCuFeMnNiW,True
W21Mn12Ni23Mo22Co17,47.190044,CoMnMoNiW,True
W11Cu24Mn12Ni24Fe16,47.211246,CuFeMnNiW,True
Co18Mn10W21Ni8Cr21,47.216507,CoCrMnNiW,True
Mo17Ni15Mn20Fe7W13,47.22001,FeMnMoNiW,True
Ni25Mo24Fe10Mn23Cu16,47.23004,CuFeMnMoNi,True
Ni23Co12Fe13Mn18W17,47.23026,CoFeMnNiW,True
W22Mn21Cu18Mo22Cr6,47.23283,CrCuMnMoW,True
Co11Ni17Cu14Mo22W20Mn17,47.24027,CoCuMnMoNiW,True
Co14Mo19Cu25Mn22W19,47.249573,CoCuMnMoW,True
Cu18Co9Ni12W21Fe12,47.255585,CoCuFeNiW,True
Mo25Ni8W13Cu6Cr12,47.255653,CrCuMoNiW,True
Cu9Mo12Fe5Ni8Mn11,47.257126,CuFeMnMoNi,True
Mo11Fe9Cu23Ni25Mn5,47.268387,CuFeMnMoNi,True
Ni20Mn9Cu21Co14Mo20,47.270744,CoCuMnMoNi,True
Mo12W25Ni9Cr12Mn15,47.270817,CrMnMoNiW,True
W17Co18Ni25Fe24Mn13Cu13,47.292206,CoCuFeMnNiW,True
Mo19Mn22Cu20Fe7Co20,47.29633,CoCuFeMnMo,True
Mn22Mo25Ni18W15Co13,47.299103,CoMnMoNiW,True
Mn17Cu16Fe25W7Co14,47.300068,CoCuFeMnW,True
Fe13Mo10Co22Mn6W23,47.30763,CoFeMnMoW,True
W24Cu23Mn14Cr14Co23,47.311283,CoCrCuMnW,True
Ni17Cu18Fe16Mn13W9,47.31777,CuFeMnNiW,True
Mo25Mn12Cu24W11Co12,47.318176,CoCuMnMoW,True
Mn10Co17W23Mo7Cu23,47.346058,CoCuMnMoW,True
Ni11W7Mn7Co5Fe8,47.367428,CoFeMnNiW,True
Fe10W9Co13Ni9Mn6,47.37352,CoFeMnNiW,True
Mn15W11Cu8Co17Mo6,47.37493,CoCuMnMoW,True
Ni20Fe17Mn16W5Cu12,47.392006,CuFeMnNiW,True
Fe14Mn22W14Mo9Cu11,47.39867,CuFeMnMoW,True
Mo9Mn23W19Cu15Co21,47.435818,CoCuMnMoW,True
Ni19Co20Cu25Fe10W20Mn23,47.43662,CoCuFeMnNiW,True
Co25Mo25W23Mn5Fe14,47.4413,CoFeMnMoW,True
Mn6Cu20Mo19Ni19Co11W25,47.444214,CoCuMnMoNiW,True
Cu10Co8Mo19Mn9W13Ni16,47.45723,CoCuMnMoNiW,True
Mn16Cr17Fe11Cu9W18,47.459564,CrCuFeMnW,True
W20Ni10Mn14Cr7Co24,47.472767,CoCrMnNiW,True
W9Fe14Ni24Co11Mn10,47.475418,CoFeMnNiW,True
Cu19Fe7Mo15Mn17Co9,47.496502,CoCuFeMnMo,True
Co5Cu18Ni22Mn16W12Fe21,47.496864,CoCuFeMnNiW,True
Fe24Co9Cu6Mo13W25Mn7,47.499855,CoCuFeMnMoW,True
Mn18Cr9Mo25W23Co10,47.51412,CoCrMnMoW,True
Mn20Cu7Ni23Fe13Mo25,47.524418,CuFeMnMoNi,True
Mn7Co25Mo21Fe16Cu19,47.530136,CoCuFeMnMo,True
Mo21Cu25Fe15W23Mn19,47.54476,CuFeMnMoW,True
Mn5Cu19Mo8Ni7Co16,47.547207,CoCuMnMoNi,True
W10Cu19Mn12Co17Fe11,47.55227,CoCuFeMnW,True
Ni9Co10Cu13Mo12Mn6,47.576813,CoCuMnMoNi,True
Cr12Mn14Co10W16Cu15,47.58907,CoCrCuMnW,True
W9Mo24Mn15Co24Ni7,47.59549,CoMnMoNiW,True
Ni8Mn5W8Fe18Mo21,47.61544,FeMnMoNiW,True
Mn18W14Cr25Cu14Fe7,47.625034,CrCuFeMnW,True
Cu9W24Mn20Cr14Fe22,47.627827,CrCuFeMnW,True
Mo9Ni13W22Co20Mn20,47.639317,CoMnMoNiW,True
Fe16Mn22Ni13Cu12Co19W20,47.642307,CoCuFeMnNiW,True
Cr16Cu5W18Fe17Mn20,47.65234,CrCuFeMnW,True
Ni9Mn21W13Cu18Cr7,47.653793,CrCuMnNiW,True
Mo7Co15Ni5Mn11W8,47.673393,CoMnMoNiW,True
Co24Cu17Cr12Mn7W16,47.680157,CoCrCuMnW,True
Cu25Mo16Mn18Ni8W7,47.69694,CuMnMoNiW,True
Mo20Mn8Cu11Fe15Ni20,47.70458,CuFeMnMoNi,True
Cu17Cr7Mn5W13Ni19,47.706085,CrCuMnNiW,True
Mn14W25Ni21Mo8Cu24,47.713573,CuMnMoNiW,True
Cr6Co7Mn20W17Ni23,47.738304,CoCrMnNiW,True
Cr15Co20Mn16Ni6W23,47.773067,CoCrMnNiW,True
Cu7Co13Fe18W9Ni25,47.776905,CoCuFeNiW,True
Ni17Mn6W10Cu23Mo24,47.777996,CuMnMoNiW,True
Cr8Cu6W8Ni14Mn15,47.778614,CrCuMnNiW,True
Co25Ni7W11Mn25Mo11,47.7807,CoMnMoNiW,True
Fe20Co7Cu11Ni16W14,47.78137,CoCuFeNiW,True
Ni10W13Mo17Fe23Mn6,47.78738,FeMnMoNiW,True
Ni20Cr22W18Mn8Cu21,47.787666,CrCuMnNiW,True
W7Fe21Mn20Cu15Co14,47.802963,CoCuFeMnW,True
Mo11Fe11W24Ni19Mn11,47.818172,FeMnMoNiW,True
Mn23Ni19Cu22Fe18W10,47.821136,CuFeMnNiW,True
Ni21Cr7Cu18W16Mn11,47.8217,CrCuMnNiW,True
W20Co23Cu12Mn21Cr21,47.826344,CoCrCuMnW,True
Cu7W25Fe16Mo8Co6Mn14,47.838505,CoCuFeMnMoW,True
Mn14W11Fe8Ni14Co22,47.85453,CoFeMnNiW,True
Co13Cu21W24Mo18Ni13Mn13,47.85474,CoCuMnMoNiW,True
Cu15Mo8Mn6Ni11W11,47.85758,CuMnMoNiW,True
W12Mn24Mo21Cu14Co20,47.859455,CoCuMnMoW,True
W9Mo22Cu21Mn5Fe10,47.864235,CuFeMnMoW,True
Fe23Co13Mo23Mn5Cu18,47.877613,CoCuFeMnMo,True
Fe11Cr15Mn7W22Cu20,47.882202,CrCuFeMnW,True
Co19W14Mo15Mn15Ni9,47.882687,CoMnMoNiW,True
Ni10Fe8Cu19W15Mn18Co10,47.886677,CoCuFeMnNiW,True
Mn13Fe22Cu18W16Ni19Co13,47.898643,CoCuFeMnNiW,True
Mn22Co16Cu17Fe14W9,47.899315,CoCuFeMnW,True
Mn14Mo14Cu8Co24W6,47.90679,CoCuMnMoW,True
W17Cu16Cr5Co23Mn16,47.908527,CoCrCuMnW,True
Cu16Co22Fe11Mo25Mn24,47.911304,CoCuFeMnMo,True
Ni12Mn14Cu13Co5Mo16,47.92309,CoCuMnMoNi,True
W11Co6Ni16Mo9Cu5,47.93336,CoCuMoNiW,True
Mn11Cu23Co13W10Mo25,47.950935,CoCuMnMoW,True
Cu23Co8Ni8W20Cr20,47.952614,CoCrCuNiW,True
Fe9Cr10Cu15W17Mn6,47.95299,CrCuFeMnW,True
Mn6Ni12Cr13W22Mo17,47.95531,CrMnMoNiW,True
Mo19Co15W15Mn13Cu21,47.96441,CoCuMnMoW,True
Mo15Mn12Ni15Cu10Fe7W21,47.970276,CuFeMnMoNiW,True
Cu7Mn6W17Cr5Ni8Co7,47.979034,CoCrCuMnNiW,True
Mn13Ni5Cu17W12Mo22Co15,47.99799,CoCuMnMoNiW,True
Fe7Cu13Mn12W5Co17,48.024643,CoCuFeMnW,True
W25Mo20Cr21Co6Cu10,48.039642,CoCrCuMoW,True
Mn7Cr19Cu9W7Ni25,48.04272,CrCuMnNiW,True
Mn9Mo18Cu9W16Cr19,48.061817,CrCuMnMoW,True
W14Ni22Mo16Mn24Co9,48.07075,CoMnMoNiW,True
Mn8Ni13W5Cu17Fe8,48.07123,CuFeMnNiW,True
Mo9Ni14Mn20W22Co19,48.0763,CoMnMoNiW,True
Ni18Mo17W17Co14Mn23,48.079754,CoMnMoNiW,True
Cr5Mo18Cu15W14Mn8,48.08,CrCuMnMoW,True
Co24Cr14Mn15Cu18W21,48.088142,CoCrCuMnW,True
Cr15Mn13W18Cu11Mo21,48.091293,CrCuMnMoW,True
Fe16Cu5Mn17Cr20W16,48.099277,CrCuFeMnW,True
Fe9Ni6Mo10Mn8Cu20,48.102993,CuFeMnMoNi,True
Mn12Fe18Cr11Cu6W16,48.107574,CrCuFeMnW,True
Co6Ni15Mn21Mo5W9,48.116146,CoMnMoNiW,True
Mo22Mn7Ni9Cu25Cr6,48.125267,CrCuMnMoNi,True
Mn12Co19Cu22W24Mo8,48.140327,CoCuMnMoW,True
W18Cu21Mn10Co18Cr7,48.1437,CoCrCuMnW,True
Fe12Co14Ni11W24Cu20,48.15348,CoCuFeNiW,True
Ni6Mn21Fe6Cu18Mo18,48.16828,CuFeMnMoNi,True
Mo24W15Fe21Cu6Co5,48.170826,CoCuFeMoW,True
Mo20Mn6Cr13W19Co10,48.17324,CoCrMnMoW,True
Cr19Co7Mn20W24Ni18,48.181053,CoCrMnNiW,True
W11Fe22Co13Ni8Cu12,48.1902,CoCuFeNiW,True
Ni9Cr14W14Mo21Mn5,48.191845,CrMnMoNiW,True
W23Co14Ni22Mo14Mn20,48.198845,CoMnMoNiW,True
Cr8Co20Cu8W9Ni6,48.20323,CoCrCuNiW,True
Co6Fe5Cr25W22Ni7,48.20507,CoCrFeNiW,True
Cr25Cu20Co24Mn16W22,48.21829,CoCrCuMnW,True
Ni11Mn10Cu24Mo23W7,48.219097,CuMnMoNiW,True
Co12Mn8W19Fe15Mo15,48.22967,CoFeMnMoW,True
Fe23Ni14W25Mn24Mo20,48.242157,FeMnMoNiW,True
Cu20Fe20W6Co11Mn17,48.24506,CoCuFeMnW,True
Mo12Cu22Ni22Fe6Mn14,48.25096,CuFeMnMoNi,True
Cr17W10Mn11Cu8Mo25,48.260418,CrCuMnMoW,True
Mn21W25Fe10Mo5Co17,48.273457,CoFeMnMoW,True
Mo21W20Co18Cu9Mn9Ni22,48.28281,CoCuMnMoNiW,True
W8Mn22Cu24Fe14Ni19,48.302383,CuFeMnNiW,True
Fe8Ni5W7Mo24Cu7,48.305035,CuFeMoNiW,True
Co18Mn8Fe12W20Mo19,48.311985,CoFeMnMoW,True
Mo10Ni18W15Cu15Mn21,48.320324,CuMnMoNiW,True
Mn9Fe8Mo11Co10Cu18,48.32232,CoCuFeMnMo,True
Cu16Mo8Ni17Mn12W17,48.327408,CuMnMoNiW,True
Co17Ni24W20Cu14Mn24Fe24,48.33894,CoCuFeMnNiW,True
Cu11Mo14Ni6Cr23W18,48.34459,CrCuMoNiW,True
Cu6W12Mn9Mo10Cr18,48.344658,CrCuMnMoW,True
Mn25Ni12W10Cu18Co5Mo25,48.34657,CoCuMnMoNiW,True
W23Fe21Mo23Ni8Cu6,48.347424,CuFeMoNiW,True
Mo12Cr6Cu15Mn21W20,48.353626,CrCuMnMoW,True
Ni7Co11Mn25Cu9Fe20W14,48.368244,CoCuFeMnNiW,True
Mo12Fe6Mn7Co16Ni25,48.36915,CoFeMnMoNi,True
Mo5Mn11Fe11W14Cu10,48.380314,CuFeMnMoW,True
Mo20W12Cu13Mn18Co20,48.38611,CoCuMnMoW,True
Cu20W12Fe5Co12Ni14Mn18,48.387478,CoCuFeMnNiW,True
Fe12W19Co23Mn17Ni25Cu17,48.38878,CoCuFeMnNiW,True
Mo17Ni19Mn8Fe14W21,48.391567,FeMnMoNiW,True
Mo22W24Ni13Mn13Cr10,48.391865,CrMnMoNiW,True
Fe13Mn6Mo17Cu14Co17,48.405155,CoCuFeMnMo,True
Fe17W25Mo11Mn7Co11Cu7,48.439976,CoCuFeMnMoW,True
Fe24Cu20W15Co21Mn23Ni7,48.440994,CoCuFeMnNiW,True
Fe12Co20W18Mn10Mo25,48.44785,CoFeMnMoW,True
W8Mo6Fe7Mn14Cu8,48.457623,CuFeMnMoW,True
Mo14Mn17Cu16Co6W6,48.463062,CoCuMnMoW,True
Mo12Fe14W15Cu13Mn14,48.47127,CuFeMnMoW,True
Mo23Mn21Co22Ni14Cu14W25,48.473648,CoCuMnMoNiW,True
Mn9W6Fe18Ni8Co23,48.48718,CoFeMnNiW,True
Co25W10Fe6Ni20Mn20,48.48887,CoFeMnNiW,True
W7Mn6Mo23Ni12Co18,48.500526,CoMnMoNiW,True
Cr20Co15Mn17Cu18W20,48.5017,CoCrCuMnW,True
Mn9W8Co5Fe8Mo21Cu7,48.507603,CoCuFeMnMoW,True
Cu23Mo23W19Mn9Fe24,48.511463,CuFeMnMoW,True
W15Mn19Co7Ni24Cr6,48.51725,CoCrMnNiW,True
W19Mo25Mn8Cu15Cr19,48.52118,CrCuMnMoW,True
W20Ni15Mn20Cu24Mo9,48.535076,CuMnMoNiW,True
Cu19Fe8Mo19W21Ni5Mn18,48.53623,CuFeMnMoNiW,True
Mn14Ni14W12Fe20Cu14Co10,48.557457,CoCuFeMnNiW,True
W8Fe14Cu25Mn14Co13,48.56943,CoCuFeMnW,True
Mn12Cr25Co5Ni24W18,48.579136,CoCrMnNiW,True
Co7Mo19Mn24Fe13W10,48.588696,CoFeMnMoW,True
Fe5Mn17Cu23Mo9Co20,48.60263,CoCuFeMnMo,True
Cu21Ni8Co14W25Cr25,48.603436,CoCrCuNiW,True
Fe22Co10Ni12W14Cu10,48.60928,CoCuFeNiW,True
W21Fe16Cr20Cu14Mn7,48.617016,CrCuFeMnW,True
Mn12Cr13Mo7W18Cu7,48.61708,CrCuMnMoW,True
W23Fe15Mo24Ni19Mn15,48.642124,FeMnMoNiW,True
Mn24Mo6Fe14Ni9W15,48.649857,FeMnMoNiW,True
W23Mo7Cu21Co6Mn14Ni12,48.65371,CoCuMnMoNiW,True
Mo21Ni8Cu23W5Mn13,48.654232,CuMnMoNiW,True
Co22Mn16W22Cr13Cu20,48.659004,CoCrCuMnW,True
W23Cu21Mn19Co17Cr22,48.66107,CoCrCuMnW,True
Mo13Co15Fe8Mn9Cu17,48.672764,CoCuFeMnMo,True
W19Cu9Fe9Mo17Mn18Co5,48.675392,CoCuFeMnMoW,True
Mo25Cr15Co5W16Mn14,48.684246,CoCrMnMoW,True
Fe22Ni20Cu12Co16W14Mn8,48.68678,CoCuFeMnNiW,True
Mo21Ni10Cu24Mn15W9,48.69219,CuMnMoNiW,True
W16Mo8Ni11Fe8Mn12,48.70651,FeMnMoNiW,True
W15Cu14Ni24Cr8Mn19,48.708958,CrCuMnNiW,True
W5Mn8Ni8Mo18Co24,48.71164,CoMnMoNiW,True
Mn22Ni9Co22W15Mo8,48.71714,CoMnMoNiW,True
W11Mn13Fe10Ni8Co13,48.720062,CoFeMnNiW,True
Fe10Co9Cu14W20Ni13,48.729336,CoCuFeNiW,True
Ni14Mn7Fe18Cu11Mo22,48.73876,CuFeMnMoNi,True
Mn18Co18Cu7Fe9W13Ni16,48.75501,CoCuFeMnNiW,True
Ni7Cu7Cr18W8Co6,48.775608,CoCrCuNiW,True
Mo14W11Co11Ni15Mn23,48.809296,CoMnMoNiW,True
Ni13Mo13Mn11Fe6Cu14,48.82329,CuFeMnMoNi,True
Mo15Cr9Mn16W8Cu5,48.82677,CrCuMnMoW,True
Co7Mn25W7Cr23Cu13,48.840435,CoCrCuMnW,True
Mn9Fe5W9Mo20Co19,48.848198,CoFeMnMoW,True
Mn7W7Cu18Fe20Ni23,48.85862,CuFeMnNiW,True
Mo24Fe8Ni24Mn22W18,48.869186,FeMnMoNiW,True
Mn22Co13W20Ni20Cu11Mo24,48.883778,CoCuMnMoNiW,True
Cu5Ni10W14Cr22Mo5,48.892845,CrCuMoNiW,True
Mn13Mo9Cu22Fe7Co12,48.90128,CoCuFeMnMo,True
Ni23Mn5Mo21Co23Cu10W23,48.90432,CoCuMnMoNiW,True
Cu16Ni13Mo23Mn20W6,48.91399,CuMnMoNiW,True
Ni8Mn23Cr17Cu18W11,48.914085,CrCuMnNiW,True
Fe23W9Mn23Ni13Co10,48.921387,CoFeMnNiW,True
Mo18W23Fe8Mn22Cr7,48.929703,CrFeMnMoW,True
W16Fe21Cr13Mn6Cu10,48.93359,CrCuFeMnW,True
W12Fe15Cu8Ni12Mn16Co15,48.967216,CoCuFeMnNiW,True
Co11Cu21Mo21Cr6Mn8,48.967323,CoCrCuMnMo,True
Co18Cu21Mn22W24Cr21,48.970963,CoCrCuMnW,True
Cu14Cr22Fe8W22Ni6,48.977856,CrCuFeNiW,True
Cu16Mn6Ni21Fe20W6,48.978214,CuFeMnNiW,True
Mo10Co5W15Ni8Mn13Cu13,48.98864,CoCuMnMoNiW,True
Mn14Mo13Cu20W21Co24,48.989365,CoCuMnMoW,True
Mo21Mn18Cu23W20Co23,48.992237,CoCuMnMoW,True
W11Cr18Mn23Ni14Cu11,48.99334,CrCuMnNiW,True
Co21Mo18Fe11Mn9W20,48.996445,CoFeMnMoW,True
Ni16Cr11Mn12Co6W19,49.00158,CoCrMnNiW,True
Ni16Mn8Co6W7Mo15,49.00589,CoMnMoNiW,True
Mo17Fe17Ni16Mn13W23,49.01482,FeMnMoNiW,True
Mn12W20Co24Fe21Ni24,49.05047,CoFeMnNiW,True
Co8W20Cr11Mo22Mn25,49.06047,CoCrMnMoW,True
Mn19Cu24Fe14W22Mo17,49.068897,CuFeMnMoW,True
Cu19W22Cr25Co18Mn21,49.069546,CoCrCuMnW,True
Fe9Mn8Cr14Ni6W21,49.092003,CrFeMnNiW,True
Ni5Mo7Mn8Co21Cu15,49.09602,CoCuMnMoNi,True
Mo18Mn21Cu18W14Ni19,49.10584,CuMnMoNiW,True
Cr21Ni7Mn13W23Mo17,49.12075,CrMnMoNiW,True
Fe11Cu5Mo23Mn15Ni6,49.120945,CuFeMnMoNi,True
Mo11Fe8Ni12Mn6Cu5,49.148,CuFeMnMoNi,True
Mo6Mn5Co19W11Cu13,49.177277,CoCuMnMoW,True
Fe23Cu17Mn18Mo14W22,49.177902,CuFeMnMoW,True
Cu9Mn23Ni15Fe10W17Co11,49.190598,CoCuFeMnNiW,True
Mo23Ni18Mn10Fe7Co21,49.217503,CoFeMnMoNi,True
Cu5Cr17Co11W22Mo5,49.2232,CoCrCuMoW,True
W8Cr24Fe8Mn18Cu7,49.234867,CrCuFeMnW,True
Mo6W21Co7Fe5Cu22,49.237083,CoCuFeMoW,True
Fe10Mo25Ni14Mn17W12,49.247856,FeMnMoNiW,True
Mo24Cu15Mn16Ni13Co22,49.249435,CoCuMnMoNi,True
W9Mn17Mo12Cu10Fe10,49.275604,CuFeMnMoW,True
Mn23Ni17W7Fe24Cu22,49.282608,CuFeMnNiW,True
Cu24W7Ni24Fe11Mn9,49.29694,CuFeMnNiW,True
Cu24Mn17Mo14Co5Ni9,49.304985,CoCuMnMoNi,True
W14Mn9Ni21Cr14Cu16,49.306286,CrCuMnNiW,True
W25Fe13Cr14Cu24Mn11,49.330013,CrCuFeMnW,True
Cu16Mn11Fe25W5Co16,49.3389,CoCuFeMnW,True
Mn14Co14Cu17W5Fe25,49.386654,CoCuFeMnW,True
Cu16Mn14W18Co22Cr9,49.39082,CoCrCuMnW,True
Mn22W8Ni21Co5Mo8,49.41111,CoMnMoNiW,True
Co5W21Mo10Cr8Cu8,49.429157,CoCrCuMoW,True
Cr12Mn5Ni18Mo25Cu9,49.453766,CrCuMnMoNi,True
Cu5Ni24Co16W18Cr10,49.472515,CoCrCuNiW,True
Co7W20Ni17Mn24Cr12,49.475998,CoCrMnNiW,True
Ni10Cu16Mn10Fe6Mo10,49.487576,CuFeMnMoNi,True
Mo12Co5Cu6Fe23W19Mn7,49.48959,CoCuFeMnMoW,True
W23Co14Ni16Cr6Mn9,49.499294,CoCrMnNiW,True
W10Mo16Co13Fe5Mn15,49.505993,CoFeMnMoW,True
Mo20Cu17Mn7Cr11W18,49.50603,CrCuMnMoW,True
W25Ni5Cu18Mo23Cr6,49.510967,CrCuMoNiW,True
Ni21Cr12Mn6W19Co11,49.523544,CoCrMnNiW,True
Co24Cu18Mo25Mn14Ni21,49.52674,CoCuMnMoNi,True
W12Mn20Ni11Mo25Cu8Co18,49.527763,CoCuMnMoNiW,True
Mo15Mn25Fe6Cu23Co17,49.527843,CoCuFeMnMo,True
Cu24Mo16Ni14Mn23W15,49.52912,CuMnMoNiW,True
W21Cu17Cr8Mo24Mn22,49.53146,CrCuMnMoW,True
Mn25Cu25Mo15Fe7Ni15,49.531803,CuFeMnMoNi,True
Cu17Mn12W5Fe8Ni18,49.532516,CuFeMnNiW,True
Mn18Co21Ni13W20Mo12,49.542107,CoMnMoNiW,True
Ni5W7Cu5Fe24Co9Mn20,49.543587,CoCuFeMnNiW,True
W25Mo19Fe18Co23Mn5,49.544704,CoFeMnMoW,True
W5Mn19Mo17Cu9Co15,49.54596,CoCuMnMoW,True
Mn14Ni20Mo14W12Cu13,49.555176,CuMnMoNiW,True
W13Cu11Cr7Co14Mn19,49.562874,CoCrCuMnW,True
Mo11Co20Cu11Mn21Ni6W22,49.56466,CoCuMnMoNiW,True
W25Cr17Ni24Mn8Fe7,49.589264,CrFeMnNiW,True
Cr19Fe5Ni7W23Cu18,49.608246,CrCuFeNiW,True
Co12Mo19Mn6W18Fe24,49.612095,CoFeMnMoW,True
Ni20W19Mn23Mo18Fe10,49.61963,FeMnMoNiW,True
Fe10Mo23Mn23W9Cu17,49.622257,CuFeMnMoW,True
Co12W22Mn15Ni9Cr16,49.642376,CoCrMnNiW,True
W16Mo7Mn6Fe24Cu5Ni7,49.643505,CuFeMnMoNiW,True
W23Cu18Fe7Mo15Mn7Ni12,49.64773,CuFeMnMoNiW,True
Cr16Mn10Co8Mo10W25,49.651424,CoCrMnMoW,True
W13Fe12Co8Ni21Mn24Cu7,49.6531,CoCuFeMnNiW,True
Fe7Mo6Ni7Mn5W10,49.65362,FeMnMoNiW,True
Cu24Mn19Mo25Ni25Co10,49.66061,CoCuMnMoNi,True
W10Ni20Mo13Mn5Co11,49.674667,CoMnMoNiW,True
Co9Cu23Ni19Mn5Mo7,49.674816,CoCuMnMoNi,True
Fe13Ni5Mn13Cr6W20,49.67508,CrFeMnNiW,True
W19Co13Mo16Mn14Ni24,49.68006,CoMnMoNiW,True
W22Fe9Co22Mn16Mo15,49.689674,CoFeMnMoW,True
Fe18Mn7W15Co19Ni18,49.696526,CoFeMnNiW,True
Ni17Fe9Mn19Co9Cu12W15,49.702164,CoCuFeMnNiW,True
Cu18Mo18Mn6Fe21Co5,49.704895,CoCuFeMnMo,True
Co7Mo25Cr23Cu9W20,49.709614,CoCrCuMoW,True
Mn11Mo15Co22W12Cu14,49.717537,CoCuMnMoW,True
Co8Cu8Mn12Mo6W7,49.724354,CoCuMnMoW,True
W20Mn16Mo12Fe22Cu15,49.74019,CuFeMnMoW,True
Co13Fe9W7Mn24Ni14,49.7443,CoFeMnNiW,True
Fe11W22Mn12Mo16Co21,49.760498,CoFeMnMoW,True
Fe5Cu17Mo5Mn13Co23,49.776363,CoCuFeMnMo,True
Cu24Mn9Mo5Fe17W23,49.779522,CuFeMnMoW,True
Cu23Co5Ni25Mn22Fe22W13,49.789425,CoCuFeMnNiW,True
Co5Mn14Cu18Cr20W10,49.79447,CoCrCuMnW,True
Fe20Mo23W12Mn21Cu12,49.798748,CuFeMnMoW,True
Cr21Cu14W23Mn7Mo11,49.803486,CrCuMnMoW,True
Co19Fe5Mn7W5Ni21,49.80596,CoFeMnNiW,True
Fe17W25Mn6Cu18Cr14,49.80951,CrCuFeMnW,True
W19Co22Mn17Mo19Fe8,49.823296,CoFeMnMoW,True
Fe6Co13W7Mo20Mn22,49.824055,CoFeMnMoW,True
Cu16Cr17W25Mn12Mo17,49.830563,CrCuMnMoW,True
Mn23Cu25Fe7Ni16Mo13,49.831177,CuFeMnMoNi,True
Ni20Fe14Co11Cu12W23,49.866375,CoCuFeNiW,True
W19Co9Ni6Cu15Cr14,49.889458,CoCrCuNiW,True
Co8Ni20Mn23Fe14W17Cu16,49.915337,CoCuFeMnNiW,True
Co11Ni13W24Cu9Cr9,49.918182,CoCrCuNiW,True
Mn13W24Ni8Mo18Cr21,49.923134,CrMnMoNiW,True
Cu21Mn19Ni6Mo19Co13,49.944218,CoCuMnMoNi,True
Fe5Cu11Mn15Ni23W18Mo24,49.971466,CuFeMnMoNiW,True
Fe12Co11W15Mn21Mo17,49.987587,CoFeMnMoW,True
Cu7Co6Cr15W19Mo7,50.0192,CoCrCuMoW,True
Fe11Mn8W5Co15Cu25,50.030884,CoCuFeMnW,True
Cr16W21Mo25Co9Cu7,50.03627,CoCrCuMoW,True
Mn16Ni18W19Co9Cr5,50.037197,CoCrMnNiW,True
Mn11Mo9Ni12W20Fe15,50.04171,FeMnMoNiW,True
W19Fe5Mn22Cr9Mo7,50.071205,CrFeMnMoW,True
Mn7Mo22Cu15Cr7Ni12,50.07356,CrCuMnMoNi,True
W25Fe5Cr9Cu9Co9,50.07909,CoCrCuFeW,True
Mn17Cr10Fe12Cu17W23,50.094986,CrCuFeMnW,True
Co13Ni7Cu6Mo17Mn14,50.099827,CoCuMnMoNi,True
Mo17Mn15Fe9W18Ni19,50.104145,FeMnMoNiW,True
Mn25Cr24Mo21W20Cu8,50.117672,CrCuMnMoW,True
Cu9Mo8Mn23Co17Ni7W21,50.12477,CoCuMnMoNiW,True
Mo5Cu25Mn8Ni21W20,50.134468,CuMnMoNiW,True
Mn20Ni18Cr5Mo23W25,50.14526,CrMnMoNiW,True
Cr6Cu5W22Mo5Co16,50.149143,CoCrCuMoW,True
Mo22Ni16Cu24Co8Mn20,50.152706,CoCuMnMoNi,True
Cu16Co11Cr25Mn13W10,50.16459,CoCrCuMnW,True
Fe20Cu18W25Ni10Co22,50.16539,CoCuFeNiW,True
W20Ni6Mn12Cr19Mo13,50.169,CrMnMoNiW,True
Mn13Mo18Cu22Co10Ni16,50.17572,CoCuMnMoNi,True
Cu25Fe6W20Co9Cr5,50.17891,CoCrCuFeW,True
Mn8W19Cr9Cu14Fe12,50.184875,CrCuFeMnW,True
Cr22Co5Mn13Ni14W12,50.202408,CoCrMnNiW,True
Cr18W17Ni5Mn12Mo18,50.209984,CrMnMoNiW,True
Ni12Mo12Mn8Cu14Fe6W21,50.218838,CuFeMnMoNiW,True
Cu22Mo18Mn24W22Co25,50.223423,CoCuMnMoW,True
Mn5W12Mo8Fe8Ni11,50.2269,FeMnMoNiW,True
Mn17Ni10W19Co9Cr13,50.23297,CoCrMnNiW,True
Mo10Mn5Co8Cu9W5,50.233906,CoCuMnMoW,True
Co18Mo17Mn7W18Ni24,50.26119,CoMnMoNiW,True
Mn8Mo14Cu6Fe16Ni25,50.264416,CuFeMnMoNi,True
Mn19Co25W20Fe16Ni18,50.277214,CoFeMnNiW,True
Mn15Cr6W9Ni12Cu10,50.277264,CrCuMnNiW,True
Co20Mn20Fe23Cu18W9,50.281418,CoCuFeMnW,True
Mn13Fe22W21Co14Mo25,50.294342,CoFeMnMoW,True
W21Cu25Fe25Mn14Mo23,50.298897,CuFeMnMoW,True
Cr13Mn21W11Ni5Co10,50.30616,CoCrMnNiW,True
W24Ni8Mn13Mo18Cr23,50.325,CrMnMoNiW,True
Mo18Ni13Mn19Cu9W25Fe13,50.328564,CuFeMnMoNiW,True
Fe23Mn19Ni21Co15W19,50.3293,CoFeMnNiW,True
Co14Cu8Mo7Mn20W6,50.331474,CoCuMnMoW,True
W10Mn20Cu15Co16Mo21,50.340824,CoCuMnMoW,True
Co16Fe8Cu12W5Mn12,50.35,CoCuFeMnW,True
Cu13W13Mn8Ni23Fe22Co12,50.35497,CoCuFeMnNiW,True
W25Fe19Cu14Cr14Mn17,50.356342,CrCuFeMnW,True
Cr6W12Cu12Mn17Co10,50.365715,CoCrCuMnW,True
Cu25Mo24Ni5Fe5Co8,50.366707,CoCuFeMoNi,True
Co19Mo10W21Mn20Cu20,50.370983,CoCuMnMoW,True
W5Mn19Mo25Cu5Ni8Fe7,50.379585,CuFeMnMoNiW,True
Ni25Mo8Mn5Cu25Fe10,50.396297,CuFeMnMoNi,True
Cu8Ni12Mn8Mo12W5,50.399677,CuMnMoNiW,True
Mn19Mo22Co22Ni12Cu8,50.40672,CoCuMnMoNi,True
W18Mo25Mn13Fe19Ni15,50.415733,FeMnMoNiW,True
Co7Cu17Mo20W21Mn12Fe9,50.454815,CoCuFeMnMoW,True
Cr9Cu17Mn20Co7W13,50.467514,CoCrCuMnW,True
Cr25Co21Cu11W10Mn6,50.471634,CoCrCuMnW,True
Fe5Mn11Mo6Co19W12,50.481174,CoFeMnMoW,True
Co19Mo15W24Mn14Fe12,50.48621,CoFeMnMoW,True
Mn23Ni5Cu10Mo13Fe8W18,50.49854,CuFeMnMoNiW,True
Mn8Fe12Co25W19Mo19,50.52279,CoFeMnMoW,True
Mo19Co9Ni5Cu17W16,50.567585,CoCuMoNiW,True
Co9Cu25Mn20Fe14Mo25,50.56935,CoCuFeMnMo,True
W20Mn6Ni8Cu23Mo14Co15,50.580925,CoCuMnMoNiW,True
Cu10Co12Ni6Cr18W15,50.584232,CoCrCuNiW,True
Mn16Co24Fe10Mo21W21,50.58586,CoFeMnMoW,True
Cr14Mo17W14Cu8Mn24,50.59275,CrCuMnMoW,True
W21Cu12Co16Mo20Ni22Mn13,50.595455,CoCuMnMoNiW,True
Mn12Mo10Cu18W19Fe13,50.59808,CuFeMnMoW,True
Cr10Mo24W9Mn11Cu11,50.612812,CrCuMnMoW,True
Cu15Mo15Ni22W9Mn7,50.626328,CuMnMoNiW,True
Mn5Cu8Fe11W11Cr17,50.647766,CrCuFeMnW,True
Fe5Ni18Cu23Mn18Mo8,50.660942,CuFeMnMoNi,True
Mo8W21Cu19Cr6Ni5,50.662216,CrCuMoNiW,True
Mo12Cu7Mn7W5Fe8,50.673897,CuFeMnMoW,True
Cu22Mn5Fe18W8Ni25,50.682156,CuFeMnNiW,True
Co8Ni25Cu7W9Cr21,50.68491,CoCrCuNiW,True
Cu21W21Fe25Cr6Mn9,50.68492,CrCuFeMnW,True
Mn6Mo15W14Cr16Co5,50.690002,CoCrMnMoW,True
Ni12Fe18Cu14Mn13W13Co17,50.700478,CoCuFeMnNiW,True
Co10Mo8Cu10W23Ni7,50.705524,CoCuMoNiW,True
Cu18Ni22W22Mo8Mn12Co5,50.708977,CoCuMnMoNiW,True
Cu24Mo9Co17W22Mn23,50.730927,CoCuMnMoW,True
Ni19Mo14W11Cu17Mn6,50.731686,CuMnMoNiW,True
Co14Mn7W16Mo25Fe20,50.74596,CoFeMnMoW,True
Fe5Mn22Co8Mo21Cu16W21,50.749847,CoCuFeMnMoW,True
Ni25Cu17Mn25W16Cr8,50.753254,CrCuMnNiW,True
Mn16Ni11Mo21W21Cr9,50.757687,CrMnMoNiW,True
Ni21Mo19Fe5Mn12Co16,50.76039,CoFeMnMoNi,True
Mn8Ni22Mo17W14Fe10,50.764427,FeMnMoNiW,True
Mn8Fe23Cu23Mo22Co7,50.80159,CoCuFeMnMo,True
Cu8Mo21W22Co10Cr5,50.820396,CoCrCuMoW,True
Mn21Ni8W19Cr23Co13,50.83756,CoCrMnNiW,True
Fe17Mn23Cu8W12Co6Ni18,50.83963,CoCuFeMnNiW,True
Cr5Mo21W20Mn9Co19,50.868244,CoCrMnMoW,True
Mn14Fe5Cu17Ni24Mo5,50.89157,CuFeMnMoNi,True
Ni25Co20Fe22W17Mn7,50.928524,CoFeMnNiW,True
Mo13W23Mn17Fe12Ni18,50.934372,FeMnMoNiW,True
Mn17W5Cu8Fe10Mo15,50.943745,CuFeMnMoW,True
Mn11Co10Cu21Mo11Fe9,50.97053,CoCuFeMnMo,True
Ni15Co7W6Mn8Fe18,50.9722,CoFeMnNiW,True
Cr8Mn7W18Fe11Mo24,50.993378,CrFeMnMoW,True
W15Fe12Co18Cu25Mn10Ni25,51.009617,CoCuFeMnNiW,True
Mo15Co16Cu17W13Mn12,51.013626,CoCuMnMoW,True
Mo14Ni6W5Co24Mn24,51.026123,CoMnMoNiW,True
Co25Ni15Fe9Cu21W13Mn17,51.02843,CoCuFeMnNiW,True
Cu14Mo11W22Ni6Cr24,51.029686,CrCuMoNiW,True
W20Mo23Fe25Co10Mn24,51.03805,CoFeMnMoW,True
Ni21Mn12Cu15Mo25Fe17,51.04087,CuFeMnMoNi,True
Fe18Mn18W14Co24Ni20Cu10,51.05507,CoCuFeMnNiW,True
W24Mn7Fe9Cu6Ni8Cr7,51.059994,CrCuFeMnNiW,True
W7Mn21Cu12Mo9Co11,51.069828,CoCuMnMoW,True
Cu14W6Mo24Mn7Co24,51.073498,CoCuMnMoW,True
Cu14W21Fe13Mn12Cr16,51.10835,CrCuFeMnW,True
Fe18W15Mn5Ni9Cr5,51.137074,CrFeMnNiW,True
Cu17Mo25Fe17Mn13Co22,51.17162,CoCuFeMnMo,True
W16Cu21Mn17Mo18Co17,51.175117,CoCuMnMoW,True
Mo12Mn25Fe10W16Cu20,51.17963,CuFeMnMoW,True
Cu24Mo10Mn10Co19Ni7,51.191948,CoCuMnMoNi,True
Mn15Ni14Co18W16Fe18,51.19243,CoFeMnNiW,True
Mn15Cr12W21Co6Mo7,51.20493,CoCrMnMoW,True
Co22Mo13Cu20Mn20Fe6,51.205013,CoCuFeMnMo,True
Mo25W10Mn11Cu12Cr11,51.22157,CrCuMnMoW,True
W24Mn17Ni14Co14Cu9Mo9,51.224697,CoCuMnMoNiW,True
Cu20Ni13Mn23Mo24W6,51.225285,CuMnMoNiW,True
Mo18Mn22Cu20Co20W17,51.2318,CoCuMnMoW,True
Cu15Mo22Co13Mn11Ni6W8,51.235065,CoCuMnMoNiW,True
W12Mo19Cu16Mn19Co17,51.253223,CoCuMnMoW,True
Mo7Cr21Cu8Mn16W21,51.260162,CrCuMnMoW,True
Ni7Cu25Fe14Mo14Mn9,51.268486,CuFeMnMoNi,True
Mn12W24Cu12Cr22Mo10,51.268547,CrCuMnMoW,True
Mo15Ni5Co14Cu8W17,51.346798,CoCuMoNiW,True
Co12Mn8Mo22Fe20Cu22,51.353367,CoCuFeMnMo,True
W25Co23Fe14Mn13Mo18,51.40213,CoFeMnMoW,True
Mo24Mn17Cu9Ni8W7Co18,51.417233,CoCuMnMoNiW,True
Mn13Co10Mo12W11Cu24,51.427013,CoCuMnMoW,True
Mn11Co22Fe7Mo22Ni24,51.427704,CoFeMnMoNi,True
Co18Ni5Mo18W11Cu9Mn22,51.42859,CoCuMnMoNiW,True
Mo10Cr8W25Co12Mn18,51.440563,CoCrMnMoW,True
Cu21Mo10W22Co15Mn18Ni5,51.44228,CoCuMnMoNiW,True
Ni5W13Mn23Fe5Cr17,51.44261,CrFeMnNiW,True
Fe12Mn21Cu24Ni20W5,51.44793,CuFeMnNiW,True
Co15Mn22Cu22W7Fe23,51.449337,CoCuFeMnW,True
Mo24W15Mn20Fe14Ni13,51.45041,FeMnMoNiW,True
W9Mn8Cu23Co24Fe21,51.465668,CoCuFeMnW,True
Ni25Co9W14Mn24Mo11,51.466488,CoMnMoNiW,True
W13Fe5Ni24Cr11Mn6,51.47145,CrFeMnNiW,True
W10Mo17Co9Mn16Cu24,51.479908,CoCuMnMoW,True
Mo16Cu25Co7Mn19Fe10,51.482502,CoCuFeMnMo,True
Cr19Ni8Mo17Mn22W25,51.486,CrMnMoNiW,True
Cu25Fe21Mo19Mn13W21,51.49814,CuFeMnMoW,True
Fe7Ni22Mn17W11Co21Cu20,51.50282,CoCuFeMnNiW,True
W21Cu9Mn7Co11Ni9Cr16,51.508274,CoCrCuMnNiW,True
Cu21Mn14W5Fe20Co12,51.516212,CoCuFeMnW,True
Fe20W13Mo24Mn6Co12,51.53008,CoFeMnMoW,True
Ni22Mn13Cu9W17Mo12Co9,51.530712,CoCuMnMoNiW,True
Mn13W20Cu15Fe21Cr5,51.54919,CrCuFeMnW,True
Mn23Fe5W11Co16Ni22Cu16,51.565224,CoCuFeMnNiW,True
Ni9W12Fe15Mo18Mn12,51.586823,FeMnMoNiW,True
Cu17Cr21Mn12Ni22W14,51.589283,CrCuMnNiW,True
Fe16Cr5Mn8W24Ni23,51.595818,CrFeMnNiW,True
Co5Mn22Cu5Cr25Ni14W24,51.60168,CoCrCuMnNiW,True
W23Co23Mo11Mn23Fe9,51.626045,CoFeMnMoW,True
Co7Ni7W12Mo18Cu24Mn16,51.62761,CoCuMnMoNiW,True
W22Co17Cr11Ni8Mn13,51.62797,CoCrMnNiW,True
Mo18Fe15Ni13Mn16W18,51.6571,FeMnMoNiW,True
Co24W11Cu17Mn10Mo20,51.66548,CoCuMnMoW,True
Mo14Cu8Fe11W7Mn11,51.669506,CuFeMnMoW,True
W16Ni24Mo19Cu23Mn14,51.67413,CuMnMoNiW,True
Mn19Ni16Fe19Co13W15,51.68125,CoFeMnNiW,True
Mo24Co7W24Cu14Fe5,51.68151,CoCuFeMoW,True
W14Mo17Co9Fe16Mn24,51.682632,CoFeMnMoW,True
Mo19Cu21Ni11Mn6Fe18,51.70064,CuFeMnMoNi,True
Co14Mn23Fe14W17Mo25,51.711403,CoFeMnMoW,True
W6Mo21Mn16Co16Cu11,51.71193,CoCuMnMoW,True
Cu7Cr11Mo25Co12W23,51.747528,CoCrCuMoW,True
Mn14W19Cr15Co16Cu21,51.76994,CoCrCuMnW,True
Mo17Co6Cu23Fe21Mn6,51.782974,CoCuFeMnMo,True
Mn14Ni13Co24Mo8W19,51.807346,CoMnMoNiW,True
Cr20W11Mn23Ni18Cu11,51.81112,CrCuMnNiW,True
Cu25Cr9Ni5Mo10W21,51.81319,CrCuMoNiW,True
Fe12Mo24Mn14Ni21W17,51.847282,FeMnMoNiW,True
W24Co19Mn9Mo14Fe17,51.847515,CoFeMnMoW,True
Cu19Mo5Ni13Co19Fe9,51.87519,CoCuFeMoNi,True
Fe5W14Ni21Mn23Mo6,51.88834,FeMnMoNiW,True
Cr18Ni5W23Mn6Fe23,51.888824,CrFeMnNiW,True
W20Mn8Fe6Cr5Co12,51.89236,CoCrFeMnW,True
W23Ni25Mn20Co23Fe23,51.892838,CoFeMnNiW,True
Mn12W17Fe7Ni18Mo6,51.895103,FeMnMoNiW,True
W25Fe13Mo22Co23Mn22,51.897285,CoFeMnMoW,True
W17Cu22Cr14Co9Mn18,51.899456,CoCrCuMnW,True
Cu25Fe7Mo13Mn24Ni17,51.899708,CuFeMnMoNi,True
Co10Cu6Mo15Ni12Mn25W11,51.910255,CoCuMnMoNiW,True
Mn19W24Cr14Cu12Fe21,51.91632,CrCuFeMnW,True
W18Co16Fe17Mn18Ni20,51.9297,CoFeMnNiW,True
Fe13Ni5Cu6Mo15W19,51.939945,CuFeMoNiW,True
Mo6W17Co6Cu11Mn17Ni8,51.941433,CoCuMnMoNiW,True
Mn10Ni17W5Cu17Fe18,51.94838,CuFeMnNiW,True
Co21Ni9W12Mo14Mn17,51.956535,CoMnMoNiW,True
W12Co10Cu25Mo24Ni6,51.978153,CoCuMoNiW,True
W13Ni20Mo19Mn15Cu11Co7,51.988697,CoCuMnMoNiW,True
Cu15Ni17Mn21W13Cr10,52.019024,CrCuMnNiW,True
Cu12Mn13Mo6Co23Fe7,52.019627,CoCuFeMnMo,True
Cu17Co15Fe21W7Mn19,52.022957,CoCuFeMnW,True
Ni20Fe8Mo8Mn12W18,52.023083,FeMnMoNiW,True
Mo17Ni22Mn23W19Co15,52.038574,CoMnMoNiW,True
Mn5Mo5Fe5Ni5W7,52.05227,FeMnMoNiW,True
Mn19Mo22W25Cr24Cu13,52.05774,CrCuMnMoW,True
W9Mo7Mn21Co18Ni7,52.07683,CoMnMoNiW,True
W23Ni16Mn17Cu20Co15Mo22,52.07745,CoCuMnMoNiW,True
Mo10Cu15Cr9W22Mn22,52.079422,CrCuMnMoW,True
W23Mo23Co22Ni23Mn18,52.086903,CoMnMoNiW,True
Cr7W25Co19Mo23Mn12,52.09229,CoCrMnMoW,True
Co10Fe22Mo11W21Mn25,52.102737,CoFeMnMoW,True
Co10Mo24Mn19Ni13W5,52.109455,CoMnMoNiW,True
Ni11W21Cu9Cr9Co9,52.11597,CoCrCuNiW,True
Fe18W15Mn8Ni20Co20,52.12302,CoFeMnNiW,True
Co16Mn12W19Fe10Mo13,52.128654,CoFeMnMoW,True
Cu11Mo16Cr24Mn10W17,52.13655,CrCuMnMoW,True
Mo18Cu13W25Ni8Co10,52.144917,CoCuMoNiW,True
Cu22Mn17W21Cr23Co21,52.147545,CoCrCuMnW,True
Mn15Cu12Cr24W23Fe22,52.17081,CrCuFeMnW,True
W25Cu18Mo14Mn14Cr11,52.17771,CrCuMnMoW,True
Mn11W17Co9Mo10Fe17,52.19229,CoFeMnMoW,True
Fe10Mn16W9Ni6Mo6,52.20726,FeMnMoNiW,True
W17Mn13Mo16Co20Ni15,52.20765,CoMnMoNiW,True
Cr6Fe11Ni25W25Mn14,52.223946,CrFeMnNiW,True
Cu19Co18Ni13Mo23Mn6W20,52.2273,CoCuMnMoNiW,True
Co22Mo12Cu25Ni5Fe11,52.22849,CoCuFeMoNi,True
Cu25Mo12Mn12Co14W15,52.23361,CoCuMnMoW,True
Co6Mn5Fe5Cu10Ni13W5,52.23958,CoCuFeMnNiW,True
Mo19Cr8Cu8Ni5W12,52.244083,CrCuMoNiW,True
Mo11Cu20Mn18Ni25W20,52.24723,CuMnMoNiW,True
Co16Cu18Fe5Ni13Mo16,52.248745,CoCuFeMoNi,True
Mo5W14Mn9Cu19Ni13,52.26427,CuMnMoNiW,True
Mn9Co11Mo13W8Cu13,52.26654,CoCuMnMoW,True
Cu17Fe5Co20W20Ni25,52.26889,CoCuFeNiW,True
W9Ni14Mn20Mo18Cu18,52.27463,CuMnMoNiW,True
W18Cu9Ni5Cr5Mo9,52.29937,CrCuMoNiW,True
Mo21W9Ni13Co15Mn10,52.299675,CoMnMoNiW,True
Mn11W20Mo25Cr9Co15,52.31381,CoCrMnMoW,True
Ni10Co23Mn8Cu11Mo8,52.315456,CoCuMnMoNi,True
Mo11W18Mn23Co21Fe7,52.330402,CoFeMnMoW,True
W17Cu8Ni11Mo25Cr6,52.336414,CrCuMoNiW,True
Cu10Ni9Co5W14Cr14,52.3837,CoCrCuNiW,True
Cr17W13Cu12Ni6Co8,52.383877,CoCrCuNiW,True
Co10Ni16W22Fe22Cu24,52.403355,CoCuFeNiW,True
Co7Mo15Mn12W7Fe7,52.40607,CoFeMnMoW,True
Cr6Co17Mn9W17Fe5,52.42539,CoCrFeMnW,True
Mo25Cu23Ni20Mn16W22Co12,52.436573,CoCuMnMoNiW,True
Mn12W16Mo21Cr20Cu10,52.437237,CrCuMnMoW,True
Mn25Co21W18Mo23Ni18,52.437496,CoMnMoNiW,True
Ni11Fe24W19Mn25Mo17,52.445953,FeMnMoNiW,True
Cu10Mo15Mn15Fe7Ni11,52.451385,CuFeMnMoNi,True
Cu25W5Fe8Mn17Co24,52.45641,CoCuFeMnW,True
Ni18W15Mn6Cr6Co12,52.4582,CoCrMnNiW,True
Co18W8Mo22Mn10Ni11,52.459076,CoMnMoNiW,True
Fe8Ni8W7Cu16Co24Mn15,52.465244,CoCuFeMnNiW,True
Mo6Cr5Cu5W24Fe20,52.46675,CrCuFeMoW,True
W17Cu22Mn7Ni23Cr23,52.47215,CrCuMnNiW,True
W5Mn14Fe5Co23Ni15Cu14,52.480827,CoCuFeMnNiW,True
Cr9W18Mn19Mo12Co8,52.487896,CoCrMnMoW,True
Cr15Mn9Ni8W21Mo8,52.519863,CrMnMoNiW,True
Ni10W25Cu5Fe15Cr8,52.52745,CrCuFeNiW,True
Cu14Ni10W10Fe23Co15Mn19,52.544548,CoCuFeMnNiW,True
Mn22Mo16Cu24Co11Fe9,52.550808,CoCuFeMnMo,True
Ni21W6Mn9Cr11Cu9,52.554787,CrCuMnNiW,True
Co11Cr25Cu5Ni17W6,52.555954,CoCrCuNiW,True
Mo20Fe20W21Mn17Ni15,52.571598,FeMnMoNiW,True
Mo20W22Cr8Mn16Ni13,52.57251,CrMnMoNiW,True
Cu23Ni24Mo10W21Mn14,52.57855,CuMnMoNiW,True
W21Co14Mn12Mo23Ni15Cu23,52.58724,CoCuMnMoNiW,True
W24Mo17Ni22Co20Mn18,52.592793,CoMnMoNiW,True
Fe6Co18Mo15Cu13Ni22,52.604374,CoCuFeMoNi,True
Cu11Cr15W21Fe22Mn13,52.615944,CrCuFeMnW,True
Cu23Co15W7Fe21Mn24,52.617805,CoCuFeMnW,True
Fe19Mo13Cu16W18Mn16,52.635525,CuFeMnMoW,True
Co22Mo18W9Mn18Cu11,52.656742,CoCuMnMoW,True
Fe10Mn19W8Co7Mo15,52.696434,CoFeMnMoW,True
W15Mn10Mo25Cu11Cr24,52.705204,CrCuMnMoW,True
Ni7Cr7W5Mn7Co23,52.705864,CoCrMnNiW,True
Fe18Mn22W5Ni18Cu17,52.712166,CuFeMnNiW,True
Co22W19Cr6Mn11Ni13,52.71559,CoCrMnNiW,True
Mn17W8Cu9Cr21Fe6,52.739334,CrCuFeMnW,True
Cu6Co14Cr6Mn18W7,52.75653,CoCrCuMnW,True
W6Cu14Mn18Co18Fe16,52.76942,CoCuFeMnW,True
Ni9Fe15Cu11W19Co15,52.77535,CoCuFeNiW,True
Mo25W6Cu11Mn18Co24,52.78898,CoCuMnMoW,True
Mn16Mo17Fe8Co18W16,52.791332,CoFeMnMoW,True
Mn13Cu10W13Mo23Cr15,52.79304,CrCuMnMoW,True
Mo18Cu9W25Cr24Fe6,52.795094,CrCuFeMoW,True
Mo19Co12Ni23Mn15W15,52.80203,CoMnMoNiW,True
Ni17Mn20Cu22Mo22Co8,52.815247,CoCuMnMoNi,True
Ni25W19Co16Mn23Fe20,52.831493,CoFeMnNiW,True
Fe8W13Mn22Co12Mo7,52.8413,CoFeMnMoW,True
Mn6Ni8Cu14Mo8Co8,52.848465,CoCuMnMoNi,True
Mn6Cu23Co22W13Mo21,52.85098,CoCuMnMoW,True
Cu21Fe11Co10W13Mn17Ni19,52.852196,CoCuFeMnNiW,True
W22Fe16Mn25Cr23Cu11,52.86791,CrCuFeMnW,True
Co11W18Ni5Mo5Cu8,52.869884,CoCuMoNiW,True
Fe21Ni15W23Co10Cu18,52.87853,CoCuFeNiW,True
Cr15Mn9Cu12Co14W11,52.880405,CoCrCuMnW,True
Mn7Ni14W8Mo9Fe5,52.88515,FeMnMoNiW,True
Co5Fe24Mo7Mn21W14,52.88914,CoFeMnMoW,True
Mo20Co6Cr12W12Cu6,52.90028,CoCrCuMoW,True
Co23Cu20Mo25Mn11W10,52.90454,CoCuMnMoW,True
Cu5Cr24Ni11W11Mo6,52.98026,CrCuMoNiW,True
Mn20Cr9Fe10W22Cu22,52.991528,CrCuFeMnW,True
Fe7Mo6Co22Ni13Cu9,52.992844,CoCuFeMoNi,True
Mn8W8Cu23Fe25Co21,52.994743,CoCuFeMnW,True
Mn19Mo19Co24W24Ni21,53.004597,CoMnMoNiW,True
Mo25Cr14W21Mn14Co10,53.03417,CoCrMnMoW,True
Mn16Mo16Co12W21Fe20,53.035362,CoFeMnMoW,True
W11Mn25Fe11Cr10Cu6,53.04827,CrCuFeMnW,True
W6Co7Ni11Fe18Mn14,53.054825,CoFeMnNiW,True
Mo10Co10Ni12Mn12Cu25,53.055523,CoCuMnMoNi,True
Ni17W24Cu23Mn17Mo24Co16,53.065414,CoCuMnMoNiW,True
W15Ni19Fe22Co22Mn7,53.07498,CoFeMnNiW,True
Mo7Mn7Cr25Cu12W17,53.082275,CrCuMnMoW,True
Fe24Cr5W23Co7Cu9,53.099426,CoCrCuFeW,True
Mo19W16Co5Ni6Cr5,53.114433,CoCrMoNiW,True
Mo6Cu7Cr25Ni12W18,53.130585,CrCuMoNiW,True
Cu20Mo24Ni24Mn19Co9W20,53.13282,CoCuMnMoNiW,True
Co12Fe17Mn15W18Mo21,53.13863,CoFeMnMoW,True
Ni10Cu7Mn9Mo22Cr8,53.157875,CrCuMnMoNi,True
W9Cu23Fe14Mn17Co24,53.16335,CoCuFeMnW,True
W16Mn10Mo25Ni9Cr18,53.172325,CrMnMoNiW,True
Cu9Ni8Mo6W16Co7Mn17,53.18632,CoCuMnMoNiW,True
W17Mo11Cu16Mn13Fe16,53.189217,CuFeMnMoW,True
Fe5Mo6Mn10Ni12W23Cu16,53.208263,CuFeMnMoNiW,True
Cr17Ni18Co10Mn8W21,53.210567,CoCrMnNiW,True
Mn8W5Co13Fe12Cu13,53.21241,CoCuFeMnW,True
Ni15W11Cr11Mn21Cu13,53.260696,CrCuMnNiW,True
Co18Mn15Mo25Cu9Fe15,53.26492,CoCuFeMnMo,True
Co14W11Mo17Mn15Cu17,53.26982,CoCuMnMoW,True
Mo25W22Ni22Fe15Mn24,53.288876,FeMnMoNiW,True
Cu10Mo7Mn6Co15W8,53.296364,CoCuMnMoW,True
Mn20Cu10Cr9Co13W11,53.306393,CoCrCuMnW,True
Ni12Fe22W17Mo25Mn24,53.33818,FeMnMoNiW,True
Mn18Mo22Cu21Ni20W12,53.33937,CuMnMoNiW,True
Ni25Co7Cr17W20Mn14,53.35175,CoCrMnNiW,True
Mo12W23Co7Cu9Cr17,53.35802,CoCrCuMoW,True
Co18W19Ni11Cu16Fe6,53.363773,CoCuFeNiW,True
Co13Mo5Cu19W25Ni6,53.365643,CoCuMoNiW,True
Cu23W7Mn18Cr7Co6,53.386612,CoCrCuMnW,True
Cr6Mo21Cu7Co9Mn9,53.39743,CoCrCuMnMo,True
Fe7Co16Mo7Mn9Cu5,53.405125,CoCuFeMnMo,True
Fe5W24Mo7Co6Cr5,53.413635,CoCrFeMoW,True
Mo24Fe12Ni25Mn23Cu19,53.43391,CuFeMnMoNi,True
Fe23Cu21Mn5Ni13W13Co15,53.436016,CoCuFeMnNiW,True
Mn10Co23W21Cu25Mo11,53.443413,CoCuMnMoW,True
Co9Cr10W19Ni15Mn23,53.444206,CoCrMnNiW,True
Ni9Co21W12Mn14Mo11,53.446255,CoMnMoNiW,True
Cu12Mo10W6Mn19Co10,53.448677,CoCuMnMoW,True
Co17Cu14Fe10Mn6Mo12,53.45352,CoCuFeMnMo,True
Ni19Co6Cu16Fe21W12,53.483025,CoCuFeNiW,True
Cr11Mn12Cu24W12Ni13,53.50049,CrCuMnNiW,True
Cu24W13Mo25Mn14Co23,53.5046,CoCuMnMoW,True
Cr18Ni10W19Mn10Mo23,53.505466,CrMnMoNiW,True
Mo14Cr19Ni8Mn19W25,53.52884,CrMnMoNiW,True
Co5Mo17W24Fe12Ni6Mn19,53.53109,CoFeMnMoNiW,True
Mo11Fe9Mn8Cu21Ni19,53.53648,CuFeMnMoNi,True
Ni22Cu7Fe8Mn14Mo8,53.538025,CuFeMnMoNi,True
Ni16Mn17W7Fe14Co6,53.541103,CoFeMnNiW,True
Mn8Co18Fe20W8Cu14Ni9,53.542805,CoCuFeMnNiW,True
Fe8Mn14Mo15Cu6Co13W18,53.5443,CoCuFeMnMoW,True
Fe13Co13W13Mn5Mo17,53.54848,CoFeMnMoW,True
Fe23Mn12Cu13W22Cr16,53.5489,CrCuFeMnW,True
W12Mo20Mn20Cu21Ni18,53.555386,CuMnMoNiW,True
W20Ni15Mo18Cr6Mn23,53.560295,CrMnMoNiW,True
W11Fe10Mn14Ni18Mo25,53.56241,FeMnMoNiW,True
Fe23Cu12W25Cr19Mn18,53.57923,CrCuFeMnW,True
Cu8Co10Mo15W25Cr8,53.58216,CoCrCuMoW,True
Co24Cr22Mn23Ni6W23,53.603943,CoCrMnNiW,True
W13Ni12Fe13Co23Cu25Mn15,53.61605,CoCuFeMnNiW,True
Mn13Mo23Fe12W6Cu14,53.625343,CuFeMnMoW,True
Cu24Mo5W25Mn6Cr15,53.633465,CrCuMnMoW,True
Mo21Ni11Mn23W12Fe14,53.634262,FeMnMoNiW,True
Fe8Ni21Mn9Cr7W17,53.641933,CrFeMnNiW,True
W21Fe13Cr21Mn21Cu14,53.64572,CrCuFeMnW,True
Ni23Cu23W18Mn12Mo13,53.658607,CuMnMoNiW,True
Ni17Mn25Co20W15Mo24,53.685207,CoMnMoNiW,True
W20Mn18Cu21Cr9Fe9,53.69712,CrCuFeMnW,True
Cr15W23Mo5Mn11Cu11,53.7037,CrCuMnMoW,True
W10Cr23Co19Cu12Ni5,53.710495,CoCrCuNiW,True
Co23W20Mo21Mn8Fe15,53.714012,CoFeMnMoW,True
Cu7Mo5Fe16Co6W23,53.71643,CoCuFeMoW,True
Mn21Cu22W12Ni10Cr25,53.728725,CrCuMnNiW,True
Co10Mn9Cu25Cr8W6,53.77512,CoCrCuMnW,True
W14Mn20Ni18Fe6Mo8,53.78217,FeMnMoNiW,True
Ni15Cr22Cu14Mn17W12,53.808746,CrCuMnNiW,True
Mn22Cr6W6Cu8Mo15,53.81042,CrCuMnMoW,True
Fe8Cr22Cu15W21Ni6,53.842102,CrCuFeNiW,True
Mo9Co14Cu6Ni8W12Mn10,53.86319,CoCuMnMoNiW,True
Cu13Mn18Cr21Fe14W21,53.894344,CrCuFeMnW,True
Fe11Mo5Co9Mn7W15,53.923225,CoFeMnMoW,True
Ni9Fe13Cu11Mo21Mn12,53.925556,CuFeMnMoNi,True
Cu23Co5W24Ni16Mo6,53.929375,CoCuMoNiW,True
Co17Cu21W21Cr8Ni5,53.93363,CoCrCuNiW,True
Ni12Mo14W19Fe24Mn14,53.938175,FeMnMoNiW,True
Mn14W15Fe7Cu13Cr10,53.95529,CrCuFeMnW,True
Cr6Mo7Mn14Co11W21,53.96306,CoCrMnMoW,True
Co19Mo18Fe16Mn8Cu8,53.98031,CoCuFeMnMo,True
Ni12Mo11Fe6Cu18Co14,53.98284,CoCuFeMoNi,True
Co24Mn24W10Cu22Fe23,53.992317,CoCuFeMnW,True
Cu19Cr12Mo23Mn19W24,53.994183,CrCuMnMoW,True
Co25W21Ni19Fe22Mn24,54.02537,CoFeMnNiW,True
Cu20Mn23Mo12Fe7W12,54.039387,CuFeMnMoW,True
Ni22Mo6Mn13Cr6W25,54.09737,CrMnMoNiW,True
Cu15Ni24Mn11W9Mo15,54.134346,CuMnMoNiW,True
Fe13Ni14Co18W13Mn13Cu13,54.163437,CoCuFeMnNiW,True
Cu21W23Mo6Mn21Co23,54.171253,CoCuMnMoW,True
Mo18Co17W16Ni16Mn17,54.17669,CoMnMoNiW,True
Co10Ni17Mn20Mo8W13,54.182877,CoMnMoNiW,True
W10Ni7Cr11Mn20Cu19,54.1973,CrCuMnNiW,True
Cr16Cu5W18Co10Mo9,54.201668,CoCrCuMoW,True
Mo23Fe10Mn20W5Ni9,54.210903,FeMnMoNiW,True
Ni22Mo15Mn7Cu11Fe9W24,54.216076,CuFeMnMoNiW,True
Mo25Mn17Ni12Fe15W13,54.255688,FeMnMoNiW,True
W5Ni15Cu8Fe17Mn12Co25,54.26136,CoCuFeMnNiW,True
Cu17Fe19Mn12W5Co14,54.267815,CoCuFeMnW,True
Mo20Mn5Fe16W18Ni24,54.27071,FeMnMoNiW,True
Cr17Cu23Co12Mn12W15,54.280033,CoCrCuMnW,True
Mn10Cr16W16Cu19Co21,54.305202,CoCrCuMnW,True
Co22Mo14Ni14Cu22Mn7,54.30985,CoCuMnMoNi,True
Co8Mn17Ni24Mo21W9,54.32644,CoMnMoNiW,True
Mo22Cu14Ni8Co5W7,54.327045,CoCuMoNiW,True
Mn11Cr19Cu13Fe5W9,54.342712,CrCuFeMnW,True
Cu19Cr16Mn11W25Fe20,54.375244,CrCuFeMnW,True
Ni6W13Fe9Co11Cu15,54.37914,CoCuFeNiW,True
Mn20Cu16Cr18W19Co25,54.4102,CoCrCuMnW,True
Mn15Co19Mo15Cu16W13,54.41988,CoCuMnMoW,True
Fe24Cu18Co24Ni23Mn14W17,54.446655,CoCuFeMnNiW,True
W7Fe23Mn7Mo22Ni8,54.464695,FeMnMoNiW,True
Mo14Ni20Co22W21Mn12,54.467636,CoMnMoNiW,True
Co17Cu8W11Mn17Cr9,54.47908,CoCrCuMnW,True
Mn20Mo17Cr18W22Co6,54.48282,CoCrMnMoW,True
Co15Mo17Ni24Mn9W14,54.486183,CoMnMoNiW,True
Fe12W22Co18Mn11Mo10,54.506725,CoFeMnMoW,True
Cu5Co17Cr18Ni18W20,54.509483,CoCrCuNiW,True
Cr5W19Ni14Mo18Mn15,54.51222,CrMnMoNiW,True
Cr23Cu17W12Mn25Ni13,54.514248,CrCuMnNiW,True
Mn15Ni7Mo17Fe8W5,54.51492,FeMnMoNiW,True
Co24Cu11Mo20Ni8Mn18,54.518517,CoCuMnMoNi,True
Mn6Mo18Fe10W11Ni21,54.522198,FeMnMoNiW,True
Co13W24Ni16Fe10Cu16,54.52978,CoCuFeNiW,True
Mn10Co14Fe14Ni18Cu10W10,54.556065,CoCuFeMnNiW,True
Co8Cr7Mo15W13Mn8,54.56112,CoCrMnMoW,True
Cu25Co11Cr11W13Mn14,54.56115,CoCrCuMnW,True
Cu10Mn21Cr13W11Ni25,54.565067,CrCuMnNiW,True
Co10Cu24W13Mn13Cr14,54.592083,CoCrCuMnW,True
Co18W16Mn25Cr12Cu15,54.59497,CoCrCuMnW,True
Co11Cr25Mn9W25Mo25,54.610092,CoCrMnMoW,True
Cu9Mn14W10Cr22Co21,54.614758,CoCrCuMnW,True
W18Ni11Cu23Co6Mo21,54.62469,CoCuMoNiW,True
Fe24Mn10Co7Cr5W15,54.627247,CoCrFeMnW,True
Cu20Mn6Co15Ni23Mo14,54.632725,CoCuMnMoNi,True
W24Ni7Cr25Cu16Mo21,54.642242,CrCuMoNiW,True
Cu18Fe5Co19W20Ni25,54.659092,CoCuFeNiW,True
Mn11W22Ni9Co22Cr21,54.668343,CoCrMnNiW,True
Mo24Mn6Cu20Ni12Cr12,54.6701,CrCuMnMoNi,True
Mn23Mo20W8Ni16Cu19,54.679432,CuMnMoNiW,True
Ni20Mn22W20Mo11Fe10,54.719536,FeMnMoNiW,True
Cu14Mn15Mo12Co19W13,54.74129,CoCuMnMoW,True
Cu11Co22W12Ni9Fe19,54.753662,CoCuFeNiW,True
Mn18Cu19W21Mo11Cr5,54.75696,CrCuMnMoW,True
Cu12W22Cr10Mn23Fe20,54.7667,CrCuFeMnW,True
Cu20Mn13Mo15W16Co22,54.768032,CoCuMnMoW,True
Fe7Mo22Cu6W24Ni25,54.83891,CuFeMoNiW,True
Fe16Cu6Co16Ni11W12,54.8545,CoCuFeNiW,True
Mo9Co14Mn25W23Fe17,54.86074,CoFeMnMoW,True
Co12Cu5W22Mo6Cr13,54.863476,CoCrCuMoW,True
Mn10Co13Fe13Mo22W12,54.89142,CoFeMnMoW,True
Co25W22Mn7Ni12Cr20,54.896763,CoCrMnNiW,True
Mn12Co6W8Ni16Mo10,54.897217,CoMnMoNiW,True
Cr8Mo17W17Mn14Ni10,54.92424,CrMnMoNiW,True
Mn24Mo23Co8Cu5Fe21W20,54.939747,CoCuFeMnMoW,True
Co7Mo13W16Cu5Cr8,54.94612,CoCrCuMoW,True
Mo11Cu23W18Mn20Co15,54.948223,CoCuMnMoW,True
Mn14Cu6W6Ni13Cr9,54.954163,CrCuMnNiW,True
Mn10Fe10Co13W19Mo5,54.95425,CoFeMnMoW,True
Fe9Mo18Mn18Cu18Co19,54.9624,CoCuFeMnMo,True
Cr21Mn20Cu22W13Co7,54.989418,CoCrCuMnW,True
Mn12Fe5Co5Ni12Cu5W5,55.03944,CoCuFeMnNiW,True
Co22W14Mn10Cr24Cu16,55.05801,CoCrCuMnW,True
W24Mo25Cr14Mn6Ni23,55.06011,CrMnMoNiW,True
Mo10Cu17Mn7Co19W13,55.06493,CoCuMnMoW,True
Cu11Co9Cr16Ni6W14,55.069344,CoCrCuNiW,True
W23Ni19Mn13Cr15Fe5,55.092697,CrFeMnNiW,True
Mo10Fe7Mn9W12Ni14,55.102436,FeMnMoNiW,True
Co25Mo21Mn10W9Cu17,55.105473,CoCuMnMoW,True
W21Mn13Co19Mo9Ni17,55.135197,CoMnMoNiW,True
Mn19Cr7Fe6W13Cu14,55.135784,CrCuFeMnW,True
Ni9Cr19W22Mo23Mn17,55.142567,CrMnMoNiW,True
W16Cr17Co5Ni15Mn14,55.14325,CoCrMnNiW,True
Co9Mn16Cr21W16Ni11,55.168404,CoCrMnNiW,True
W16Mn8Cu16Fe16Mo7,55.205063,CuFeMnMoW,True
Mn6W9Ni12Co20Mo15,55.20558,CoMnMoNiW,True
Cu15W7Co13Mn25Mo11,55.214996,CoCuMnMoW,True
Cr19Mn14W25Ni19Fe5,55.2188,CrFeMnNiW,True
Mn13Ni19Fe10Cr6W24,55.236504,CrFeMnNiW,True
Co22Mn21Mo20Fe5W10,55.23786,CoFeMnMoW,True
Cu9Ni13Mo7Mn7Co20,55.257954,CoCuMnMoNi,True
Cu5Cr17Ni19Co20W21,55.2661,CoCrCuNiW,True
W15Ni6Cr12Mo13Mn11,55.276413,CrMnMoNiW,True
Mn13Cu24W10Fe9Mo18,55.331272,CuFeMnMoW,True
Co15Mn24W20Ni21Mo7,55.354828,CoMnMoNiW,True
Fe19Ni21Mo24W21Mn15,55.36235,FeMnMoNiW,True
W19Mo18Fe9Mn16Co23Cu5,55.371952,CoCuFeMnMoW,True
Mo18Fe12Ni12Mn11W12,55.410275,FeMnMoNiW,True
Cr25Cu9Mn23Co22W11,55.4107,CoCrCuMnW,True
Mo18Ni16Cu6Fe12Mn12,55.430786,CuFeMnMoNi,True
Fe11Mo5Mn21W24Ni21,55.444637,FeMnMoNiW,True
W21Co20Cu23Cr22Mn19,55.456013,CoCrCuMnW,True
W11Mn23Ni23Co8Cu13Fe20,55.459614,CoCuFeMnNiW,True
W15Cu10Ni6Mo22Cr18,55.48868,CrCuMoNiW,True
Cu10Ni7Cr10W18Mo21,55.502308,CrCuMoNiW,True
W15Mn10Fe11Mo6Cu22,55.51502,CuFeMnMoW,True
Ni9W10Cu25Mn19Cr10,55.54486,CrCuMnNiW,True
Mo16Mn24Ni25W13Cu17,55.550205,CuMnMoNiW,True
Mn8Mo20Cu11Fe23Ni6,55.567204,CuFeMnMoNi,True
Cr24Cu5Mn20Fe11W8,55.58659,CrCuFeMnW,True
Ni20Cr23Mn6W22Fe7,55.596912,CrFeMnNiW,True
Co6W8Mo24Mn15Ni24Cu14,55.604603,CoCuMnMoNiW,True
Cr17W14Mn11Ni9Fe5,55.611637,CrFeMnNiW,True
Ni19Cu19Mn5W11Cr7,55.620834,CrCuMnNiW,True
Cu24Mn5Co21Cr13W17,55.634697,CoCrCuMnW,True
W20Co10Ni25Cr18Mn9,55.63968,CoCrMnNiW,True
W8Ni7Co23Cu14Mo25Mn9,55.64265,CoCuMnMoNiW,True
Fe22W11Mo7Cu9Mn25,55.64789,CuFeMnMoW,True
Cr23Cu10Co25Ni13W25,55.652615,CoCrCuNiW,True
Cu13Co15Mo12Mn6Fe10,55.669983,CoCuFeMnMo,True
Ni8Co6Mo24Cr11W21,55.673782,CoCrMoNiW,True
Mn21Cr7Ni25W21Co11,55.690983,CoCrMnNiW,True
Ni8W24Co6Mo19Cr17,55.698055,CoCrMoNiW,True
Cr7W23Ni5Cu24Co24,55.70602,CoCrCuNiW,True
Cr9W9Cu12Ni15Mn9,55.749107,CrCuMnNiW,True
Ni16Mn18Co11W8Mo23,55.74955,CoMnMoNiW,True
Ni14Mn13Cu24Cr8W12,55.752945,CrCuMnNiW,True
Cu15Mo12Mn13Co18Fe7,55.76426,CoCuFeMnMo,True
Mo13Cu8Fe7Mn14Ni15,55.77013,CuFeMnMoNi,True
Mn20W10Fe18Co22Ni9,55.772232,CoFeMnNiW,True
W9Cu11Cr10Co17Mn5,55.783222,CoCrCuMnW,True
Cr18Co8Mn21W13Cu20,55.796513,CoCrCuMnW,True
Cu10Fe9W17Ni18Co10,55.819725,CoCuFeNiW,True
W16Cu10Fe16Ni25Co13,55.833546,CoCuFeNiW,True
Mn22W23Cr21Cu23Co24,55.84214,CoCrCuMnW,True
Mo5Mn21W18Co25Cu16,55.848927,CoCuMnMoW,True
Fe25Ni11Co23Mn16W10,55.87571,CoFeMnNiW,True
W8Cu24Co19Fe25Mn21,55.8854,CoCuFeMnW,True
Mo23Co16Mn8Cr14W23,55.888523,CoCrMnMoW,True
Mo21Co11Ni17W23Cu6,55.911938,CoCuMoNiW,True
Mo16Cu10W22Co6Fe22Mn15,55.954025,CoCuFeMnMoW,True
Ni16Co17W17Mn24Mo7,55.96007,CoMnMoNiW,True
Mo16Cu5W23Ni18Mn6Fe21,55.981102,CuFeMnMoNiW,True
W10Ni22Cu12Cr8Mn15,55.987938,CrCuMnNiW,True
Fe16Cu9Co9Mn21Ni22W10,55.99179,CoCuFeMnNiW,True
Fe11Mo16Mn11Ni19W15,56.010826,FeMnMoNiW,True
Cu24W23Mo17Cr11Mn11,56.01412,CrCuMnMoW,True
Ni18Co9Mn15W22Cr16,56.0431,CoCrMnNiW,True
W11Mn14Mo20Ni9Cr6,56.086037,CrMnMoNiW,True
W8Mn16Co25Cu21Fe19,56.08664,CoCuFeMnW,True
Cr16W23Fe23Mn11Cu16,56.098984,CrCuFeMnW,True
Co15Mn9Mo5Ni15W18,56.110157,CoMnMoNiW,True
Mn5Ni10Mo5Cr9W17,56.11178,CrMnMoNiW,True
Co12Mn22Cu16W14Cr21,56.119232,CoCrCuMnW,True
W10Mo9Cu14Ni18Mn22,56.128468,CuMnMoNiW,True
Co14Fe12Cu22Mn20Mo22,56.14752,CoCuFeMnMo,True
Cu20W7Fe13Co20Mn10,56.16132,CoCuFeMnW,True
W11Cu22Mn17Mo25Fe12,56.17951,CuFeMnMoW,True
Mn22Cr17Mo17Cu14W23,56.182823,CrCuMnMoW,True
Cu11Mo17Co20Ni25Mn13,56.197163,CoCuMnMoNi,True
W6Cu21Mn16Cr24Ni6,56.203857,CrCuMnNiW,True
W8Cu12Mn16Ni23Mo15,56.207066,CuMnMoNiW,True
Co25Ni18Fe21Cu14Mn15W13,56.234135,CoCuFeMnNiW,True
Cr11Cu22Ni14Mn7Mo24,56.238567,CrCuMnMoNi,True
Cu6W16Co9Mo11Ni20,56.25704,CoCuMoNiW,True
Cr24W11Mo16Mn13Cu7,56.272438,CrCuMnMoW,True
Fe13Cr18W20Cu13Mn25,56.27972,CrCuFeMnW,True
W17Mn18Ni13Mo17Fe18,56.280323,FeMnMoNiW,True
Cr6Mo14Mn15Ni6W9,56.28792,CrMnMoNiW,True
W24Co12Ni19Cu6Mo20,56.295063,CoCuMoNiW,True
W9Cr24Mo13Co5Mn7,56.295933,CoCrMnMoW,True
Ni5Mn25Co17Fe10Cu5W7,56.33027,CoCuFeMnNiW,True
Mo18W24Cu8Cr9Ni12,56.358006,CrCuMoNiW,True
Cr6Mn24W13Cu21Fe6,56.372562,CrCuFeMnW,True
W13Cu16Mn22Cr17Ni15,56.37551,CrCuMnNiW,True
Co16Ni6Cu25Mo21W13Mn10,56.395615,CoCuMnMoNiW,True
Cu24Mn13Fe9Co25Mo8,56.41622,CoCuFeMnMo,True
W13Mo17Cu16Mn17Fe15,56.432484,CuFeMnMoW,True
Co19Fe19Mo20W19Mn7,56.44339,CoFeMnMoW,True
Mo10W14Mn8Cu15Fe20,56.4472,CuFeMnMoW,True
Mo11Co13Ni16Mn7W12,56.46248,CoMnMoNiW,True
Co6Cu9Ni13Mo22Mn19,56.470932,CoCuMnMoNi,True
Mo15W11Cu12Cr25Ni6,56.480225,CrCuMoNiW,True
Mo9Co18Mn12Ni7W8,56.481113,CoMnMoNiW,True
Fe16Mn18Ni17W20Mo18,56.491,FeMnMoNiW,True
W20Mn6Mo19Cr20Ni12,56.502384,CrMnMoNiW,True
Mo14Cr15Cu11W18Mn25,56.51481,CrCuMnMoW,True
Ni8Cr6Co6W23Mo13,56.515587,CoCrMoNiW,True
Cu10Cr23Co20W25Ni14,56.541832,CoCrCuNiW,True
Mo22W9Cu19Fe13Mn10,56.55704,CuFeMnMoW,True
Ni20Co25W18Mo13Mn8,56.557743,CoMnMoNiW,True
Ni9Mo12Mn7Fe8Cu6,56.563454,CuFeMnMoNi,True
Cr13Fe11W25Ni17Mn5,56.573208,CrFeMnNiW,True
Fe13Ni14Mo13Mn10Cu25,56.614346,CuFeMnMoNi,True
Ni25Mn6Mo12Cu18Co16,56.650906,CoCuMnMoNi,True
Mo19Co19Mn5W20Fe21,56.662144,CoFeMnMoW,True
Mn12Mo11W23Fe18Ni18,56.664593,FeMnMoNiW,True
W8Mn12Co8Cu18Cr22,56.700893,CoCrCuMnW,True
Mn7W5Fe13Cu18Ni19,56.713943,CuFeMnNiW,True
Fe10Mn11W16Mo8Co25,56.723106,CoFeMnMoW,True
Fe15Mn9Cu23Mo18W13,56.729965,CuFeMnMoW,True
Mn14W19Cu18Cr11Mo23,56.73256,CrCuMnMoW,True
Ni14Co5Mn11Cu18Mo10,56.746708,CoCuMnMoNi,True
W8Co14Mo23Fe9Mn12,56.754208,CoFeMnMoW,True
W16Fe22Ni24Mn18Co16,56.767155,CoFeMnNiW,True
Mo10Co8Mn16Fe5Cu15,56.772697,CoCuFeMnMo,True
Mo7Mn11Fe10Co10W15,56.81996,CoFeMnMoW,True
Cu22Ni18Fe7Mo15Mn25,56.82215,CuFeMnMoNi,True
Ni10Cu22Cr10Mn19W12,56.879536,CrCuMnNiW,True
Mn11W13Co20Ni5Cr22,56.892105,CoCrMnNiW,True
Co6Ni6W21Cu5Fe9Mo24,56.923294,CoCuFeMoNiW,True
Mn7Cu17Cr25W23Mo11,56.940716,CrCuMnMoW,True
Mo23Ni21Cr5Mn24W22,56.951656,CrMnMoNiW,True
Cr10Ni6Mn14Mo23W8,56.97427,CrMnMoNiW,True
Co11Cu20Mo14Ni6W20,57.0239,CoCuMoNiW,True
Mn8W15Ni10Cr5Fe22,57.038883,CrFeMnNiW,True
Co20Mn10Cu17Cr12W14,57.07734,CoCrCuMnW,True
Cr19Cu15W25Co9Ni15,57.080837,CoCrCuNiW,True
Ni14Cu13W9Mn15Co8Fe7,57.082558,CoCuFeMnNiW,True
Fe6Ni14Cr20Mn22W23,57.08489,CrFeMnNiW,True
Fe19W25Cu17Mn17Cr22,57.08888,CrCuFeMnW,True
Fe8Mo6W15Cu22Mn21,57.103878,CuFeMnMoW,True
Mn14Cr5Co5W17Fe21,57.13323,CoCrFeMnW,True
Fe21W24Mn13Co20Mo19,57.140457,CoFeMnMoW,True
W7Mo12Mn8Ni19Cu13,57.146156,CuMnMoNiW,True
Mn22Fe23Ni13W19Mo17,57.149273,FeMnMoNiW,True
Mn25Co16Ni15Fe12W15Cu13,57.180256,CoCuFeMnNiW,True
Mn20Co14Ni9W24Cu25Mo11,57.192066,CoCuMnMoNiW,True
Cr18Ni6Co5W13Mo6,57.19607,CoCrMoNiW,True
Fe7Co18Cu18Mo15Mn22,57.222736,CoCuFeMnMo,True
Ni17W7Cr6Mn11Cu9,57.236115,CrCuMnNiW,True
Cr6Mo25Fe5Mn11W7,57.24393,CrFeMnMoW,True
Cu20Mn5W14Co25Cr10,57.259834,CoCrCuMnW,True
W10Fe15Mn5Cr11Cu6,57.266617,CrCuFeMnW,True
W20Ni22Cr5Mo24Mn14,57.285366,CrMnMoNiW,True
Fe20Mn8W16Ni18Mo20,57.291664,FeMnMoNiW,True
Co5Cr13Ni18Cu19W22,57.303642,CoCrCuNiW,True
Ni16Mo18Fe7Cu23Co18,57.309605,CoCuFeMoNi,True
W7Fe10Ni10Mo21Mn15,57.31801,FeMnMoNiW,True
W24Mn11Fe13Cr7Co8,57.361897,CoCrFeMnW,True
Co22Mn22Mo20Ni5Cu24,57.39452,CoCuMnMoNi,True
Mn10Fe19Cr11Cu7W12,57.397575,CrCuFeMnW,True
Mo21Ni5Cr21W22Fe5,57.39987,CrFeMoNiW,True
W15Ni8Cr24Mn18Fe7,57.432137,CrFeMnNiW,True
Mo20Cr16Ni6Mn19W15,57.43442,CrMnMoNiW,True
Mo24Cu14Ni7W23Cr15,57.43679,CrCuMoNiW,True
Ni12Mn15Cu18W9Mo13,57.441856,CuMnMoNiW,True
Ni21Fe24W24Mo23Mn18,57.443363,FeMnMoNiW,True
Cr9W25Mn24Co7Ni9Cu8,57.448803,CoCrCuMnNiW,True
W6Fe22Mn7Co8Mo25,57.457413,CoFeMnMoW,True
Mo11Mn6W11Ni16Co13,57.483837,CoMnMoNiW,True
Mn10W17Co24Cu19Mo5,57.48975,CoCuMnMoW,True
Fe9Cu5Ni8Mo18Mn15,57.500557,CuFeMnMoNi,True
Mn21Co25W18Mo5Ni13,57.56749,CoMnMoNiW,True
Mn5Ni15Mo18Cr21W23,57.570473,CrMnMoNiW,True
Mn9Mo14Cu19Ni15Co13,57.603542,CoCuMnMoNi,True
Fe17Mo19Ni14W19Mn15Cu6,57.641262,CuFeMnMoNiW,True
Cr10Cu17W12Co14Mn7,57.64757,CoCrCuMnW,True
Mo19Cu11Co9Ni20Mn10W12,57.666725,CoCuMnMoNiW,True
Mn21W21Mo13Co23Ni18,57.68162,CoMnMoNiW,True
Cr14Cu17Mo12Mn7W20,57.724243,CrCuMnMoW,True
Ni12W7Mo14Mn11Cu23,57.772083,CuMnMoNiW,True
W8Co22Mn23Cu8Fe14Ni9,57.789726,CoCuFeMnNiW,True
Mn9Mo5Co10Ni24W7,57.822216,CoMnMoNiW,True
Mo17Mn14Cu5W8Cr23,57.907322,CrCuMnMoW,True
W24Mn15Cu16Cr22Fe22,57.91589,CrCuFeMnW,True
Ni11Cu11Co25Fe12W5Mn9,57.929226,CoCuFeMnNiW,True
Cr14Ni8W16Co8Cu20,57.933914,CoCrCuNiW,True
W16Mn8Mo12Ni8Cr14,57.936794,CrMnMoNiW,True
Co18Mn21Ni10Mo22W6,57.968468,CoMnMoNiW,True
Cu22Mn9W18Fe23Cr5,57.970757,CrCuFeMnW,True
Mo22Cr11Mn7W14Cu18,57.993153,CrCuMnMoW,True
Cr15Cu5W18Co12Mo18,58.005615,CoCrCuMoW,True
Fe8Mn5W12Ni22Cr7,58.021976,CrFeMnNiW,True
Mo17Co16W18Ni24Mn16,58.04751,CoMnMoNiW,True
Mo23W12Mn20Cu14Cr7,58.087994,CrCuMnMoW,True
Co9W5Fe17Mo25Mn8,58.090862,CoFeMnMoW,True
Ni14Cu21W15Co25Fe19Mn24,58.12241,CoCuFeMnNiW,True
Mo13Cu7Cr7W5Mn25,58.149815,CrCuMnMoW,True
Mn11Cr24W17Fe16Cu14,58.15393,CrCuFeMnW,True
Cu9Cr16Mo13W17Mn17,58.16165,CrCuMnMoW,True
Co22Mo19Fe11Mn17Cu22,58.183285,CoCuFeMnMo,True
Mn23W15Cr21Co10Cu23,58.199356,CoCrCuMnW,True
W10Co20Mo25Ni17Mn12,58.20935,CoMnMoNiW,True
Ni22Mn7Co17Mo13Cu24,58.211575,CoCuMnMoNi,True
Ni14Cu21Mn8Mo7W11,58.232464,CuMnMoNiW,True
Mo19Cr14Ni5W17Co7,58.239,CoCrMoNiW,True
Mo13Fe23Cu14Mn18W16,58.24462,CuFeMnMoW,True
Co5Fe15W5Mn18Ni20,58.26705,CoFeMnNiW,True
Mn11Cu6W5Cr15Fe5,58.272926,CrCuFeMnW,True
W5Fe17Ni6Mn11Mo21,58.277576,FeMnMoNiW,True
Mo25Cu10Fe8W9Mn6Co10,58.28318,CoCuFeMnMoW,True
W16Co5Cu24Mn9Ni10Cr9,58.285233,CoCrCuMnNiW,True
Fe8Cu5Mo10Ni6Co25,58.293507,CoCuFeMoNi,True
Ni8W14Mo21Cr20Cu9,58.307713,CrCuMoNiW,True
Mo18Fe14Co9Mn9Cu12,58.313206,CoCuFeMnMo,True
Cr19Mo25W24Mn15Fe6,58.324112,CrFeMnMoW,True
W9Mo9Co9Cu24Mn24,58.33713,CoCuMnMoW,True
Co21Cu15Mo16Mn16Ni5,58.33783,CoCuMnMoNi,True
Mo24Ni15W18Mn6Cr17,58.36897,CrMnMoNiW,True
Mn20W24Ni23Mo19Cr5,58.37852,CrMnMoNiW,True
Cu10Ni20Fe5Mo21Co20,58.394257,CoCuFeMoNi,True
Mo25Co12Fe11Mn23Cu8,58.397453,CoCuFeMnMo,True
Cr22Mn23Cu22W13Ni12,58.401947,CrCuMnNiW,True
Co5Mo9W16Cr16Cu9,58.456467,CoCrCuMoW,True
Mn9W8Ni11Co22Fe21,58.461006,CoFeMnNiW,True
Cu9Mo7Ni10Cr21W21,58.535275,CrCuMoNiW,True
Co14Ni9Cr23Cu13W17,58.536972,CoCrCuNiW,True
Ni9Mn23Fe23Co20W8,58.574554,CoFeMnNiW,True
Cu9Co16Mo12W5Mn18,58.575714,CoCuMnMoW,True
Mo11Ni8Mn12Cr17W20,58.603394,CrMnMoNiW,True
Cu21Mn10Mo8Co13Ni8,58.609436,CoCuMnMoNi,True
W12Co21Cu19Mn9Mo14,58.640194,CoCuMnMoW,True
Cu20Ni22Co15Mo22Mn15,58.643368,CoCuMnMoNi,True
Fe13Mn18Cu16Mo23Ni16,58.651577,CuFeMnMoNi,True
Cu17W23Co6Cr17Ni24,58.65507,CoCrCuNiW,True
Fe16Mn22Mo20W23Ni23,58.66735,FeMnMoNiW,True
Co13W23Cr11Mo10Mn9,58.679924,CoCrMnMoW,True
W24Mn9Cr17Mo23Cu25,58.689014,CrCuMnMoW,True
W11Mn7Mo23Cr18Cu12,58.70945,CrCuMnMoW,True
Mn10Mo13W9Cu14Co17,58.70949,CoCuMnMoW,True
Co19Cu19Ni16Mo23Mn16,58.71574,CoCuMnMoNi,True
Mn22Cu17W17Cr10Co24,58.740242,CoCrCuMnW,True
Co6Mn19W24Cu25Ni17Mo9,58.750114,CoCuMnMoNiW,True
Fe23Co14Mn24Mo23W20,58.77629,CoFeMnMoW,True
Mn15Mo12Ni11W9Cu22,58.839264,CuMnMoNiW,True
Fe25Mo10Co13Mn19W24,58.857075,CoFeMnMoW,True
Mo13Mn20Co9Cr6W13,58.860996,CoCrMnMoW,True
Ni17Mo7W22Cu5Cr19,58.86535,CrCuMoNiW,True
W10Mn12Cr19Ni7Fe5,58.87146,CrFeMnNiW,True
Mo11Mn10Cu15W23Cr22,58.874367,CrCuMnMoW,True
Ni9W8Mo10Co17Mn22,58.920044,CoMnMoNiW,True
Co9Mn24W11Mo25Fe18,58.931705,CoFeMnMoW,True
W12Mo25Mn14Ni12Cr7,58.93986,CrMnMoNiW,True
Co13Fe7Cu24Ni17Mn14W5,58.943233,CoCuFeMnNiW,True
Fe6Cr10Co22Cu5W14,58.97136,CoCrCuFeW,True
Fe20Cu19Mn16Mo16W17,59.007107,CuFeMnMoW,True
W22Mn16Cr14Fe8Co7,59.02527,CoCrFeMnW,True
W18Mo25Ni11Cr25Co5,59.05364,CoCrMoNiW,True
W22Mn19Cu22Ni25Co6Mo16,59.10653,CoCuMnMoNiW,True
W10Ni8Cu18Cr17Mn14,59.130695,CrCuMnNiW,True
Mo13W5Mn16Cu11Co12,59.13206,CoCuMnMoW,True
Ni7Cu25Mo24Mn18Fe17,59.142147,CuFeMnMoNi,True
Mo9Ni11Co20Mn19W13,59.157093,CoMnMoNiW,True
Mo5W7Mn5Co6Fe15,59.160606,CoFeMnMoW,True
Mo9W25Ni13Mn9Cr24,59.19448,CrMnMoNiW,True
Cr20Fe24W24Mn12Cu17,59.20305,CrCuFeMnW,True
Mo9Cr23Mn9W13Co6,59.20336,CoCrMnMoW,True
Fe18Co12W11Mn13Ni15,59.21007,CoFeMnNiW,True
Ni5Cr7Mo9W9Mn13,59.222565,CrMnMoNiW,True
Mn8Co6W14Mo19Cr18,59.255142,CoCrMnMoW,True
Co6W7Cu14Mn19Cr14,59.258587,CoCrCuMnW,True
Fe24Mo5Mn13Ni11W17,59.27772,FeMnMoNiW,True
Cu7Mo10Mn13Ni15Co22,59.279877,CoCuMnMoNi,True
Co19Ni5Mo10Mn14Cu24,59.28663,CoCuMnMoNi,True
Cu24Co17Mn16Ni7Mo14,59.29804,CoCuMnMoNi,True
W24Mo20Cr20Mn9Cu22,59.320908,CrCuMnMoW,True
Fe19Cr22W20Cu9Mn25,59.33323,CrCuFeMnW,True
Mo21Mn18Ni13W18Cu18Co15,59.33703,CoCuMnMoNiW,True
Cr5Ni14W18Mo11Mn18,59.351345,CrMnMoNiW,True
Cu12Mo18W19Cr15Ni6,59.388577,CrCuMoNiW,True
Fe6Cu24Mo24W22Ni16Mn17,59.39101,CuFeMnMoNiW,True
Cu9Cr11Co6Fe11W24,59.414104,CoCrCuFeW,True
W24Fe10Cr17Cu13Co5,59.438263,CoCrCuFeW,True
Mn9Cu8Cr18W5Co25,59.49503,CoCrCuMnW,True
Fe16Mn25Ni25Mo25Cu6,59.553932,CuFeMnMoNi,True
Co11Mn8Cu13W9Mo8,59.55647,CoCuMnMoW,True
Mo12Mn6Ni14Cu5Cr5,59.56537,CrCuMnMoNi,True
Cr9W10Fe10Cu24Mn6,59.57568,CrCuFeMnW,True
Co17Cu23W22Fe24Ni11,59.578033,CoCuFeNiW,True
Cu13W14Mo8Cr6Mn22,59.609016,CrCuMnMoW,True
Mn7Mo20Cu20Co11W17Fe5,59.678738,CoCuFeMnMoW,True
Mo14Fe8W8Mn7Ni13,59.68338,FeMnMoNiW,True
W12Cr7Fe8Mn7Cu14,59.692623,CrCuFeMnW,True
Cr25Co21Mo15W24Cu5,59.713963,CoCrCuMoW,True
Mn6W11Co21Mo14Cu19,59.736115,CoCuMnMoW,True
Ni25Mo23Mn21W19Cu16Co11,59.771626,CoCuMnMoNiW,True
Mn21Co22Mo24W15Ni5Cu23,59.82058,CoCuMnMoNiW,True
Ni11Mo16Co13Mn11W8,59.822422,CoMnMoNiW,True
Co9Cr13Mn10W17Ni13,59.828465,CoCrMnNiW,True
Cr16Mn9W23Ni12Fe9,59.849163,CrFeMnNiW,True
W8Mn8Fe9Co12Ni16,59.860004,CoFeMnNiW,True
Fe15Co19Cu20Ni20Mn23W15,59.89897,CoCuFeMnNiW,True
Ni13Mn7Fe23Co18W8,59.900112,CoFeMnNiW,True
Fe17Cu24Co10Mn19Ni12W9,59.932426,CoCuFeMnNiW,True
Ni25Mn8W15Cr11Cu25,59.964977,CrCuMnNiW,True
Cr10Cu25Mn13Ni14W11,59.975044,CrCuMnNiW,True
Co6W9Mn11Fe22Mo7,60.003227,CoFeMnMoW,True
Mn12W7Cr12Ni11Cu8,60.031635,CrCuMnNiW,True
Cu24Mn23Co23Fe20W8,60.069508,CoCuFeMnW,True
Ni12Cu13Cr17Mo24Mn5,60.08605,CrCuMnMoNi,True
Cu17W13Cr13Ni21Mn22,60.086086,CrCuMnNiW,True
Mo25Co24W19Mn5Cr10,60.099186,CoCrMnMoW,True
Mn19W25Mo10Ni17Fe22,60.113148,FeMnMoNiW,True
Mo11Co23Cr6Cu5Mn5,60.12321,CoCrCuMnMo,True
Cr22Mo24W25Cu20Ni6,60.134823,CrCuMoNiW,True
Mo5Mn25Cu11W20Cr16,60.150894,CrCuMnMoW,True
Cu25Mn24Cr18W18Ni22,60.173256,CrCuMnNiW,True
W13Cu19Mn24Mo9Co16,60.189262,CoCuMnMoW,True
Mn9W25Fe23Cr8Ni15,60.218906,CrFeMnNiW,True
Mn23Cu20W13Ni25Cr5,60.243572,CrCuMnNiW,True
Mn13Cu13Ni8Mo15Co8,60.257114,CoCuMnMoNi,True
Co25Mo23Ni25W17Mn12,60.264126,CoMnMoNiW,True
Co23Mo17Mn5Cu10Fe23,60.269234,CoCuFeMnMo,True
Ni5Co9Cu12Cr11W15,60.296856,CoCrCuNiW,True
Ni13Co9Mn24Cr14W16,60.297794,CoCrMnNiW,True
Ni13W18Cu9Mn6Co19Mo8,60.316204,CoCuMnMoNiW,True
W20Mo5Cu22Fe16Mn11,60.335766,CuFeMnMoW,True
W6Ni8Cr14Mn9Cu22,60.337135,CrCuMnNiW,True
W16Mn22Cu14Fe20Mo8,60.339275,CuFeMnMoW,True
Co12W21Mn7Cr18Mo19,60.39047,CoCrMnMoW,True
Co18W16Mn9Cr17Cu22,60.395126,CoCrCuMnW,True
Fe22Cu22Co20Mn18W7,60.442978,CoCuFeMnW,True
Ni16Mn14W13Co17Mo18,60.453014,CoMnMoNiW,True
Ni17Mn19Mo21Cu10Co21,60.47621,CoCuMnMoNi,True
Co25W21Cr15Mn20Ni7,60.483818,CoCrMnNiW,True
Mn9Cr14W11Cu6Fe13,60.497276,CrCuFeMnW,True
Co9Ni22Cu19Fe6W9,60.507282,CoCuFeNiW,True
Mo8W21Cr19Co15Cu5,60.54129,CoCrCuMoW,True
Mo16Cu7Ni16Co21Mn16,60.545624,CoCuMnMoNi,True
Co13Mn10Cu24W11Cr12,60.56463,CoCrCuMnW,True
Fe20Cu22Co24Mn19Ni23W17,60.570137,CoCuFeMnNiW,True
Mn5Cu22Co10W21Ni13Mo8,60.571014,CoCuMnMoNiW,True
Mn19W22Cr8Co14Fe7,60.573776,CoCrFeMnW,True
Mo12W12Co5Cu6Cr12,60.583824,CoCrCuMoW,True
Mn16Ni12W22Co25Cr7Cu6,60.58689,CoCrCuMnNiW,True
Mn24Fe10W24Cr7Ni19,60.62337,CrFeMnNiW,True
Cu21W20Cr5Mn15Fe17,60.629158,CrCuFeMnW,True
Ni23W17Mn25Mo6Cu20,60.63018,CuMnMoNiW,True
Co8Cr19Mn18W23Mo18,60.649567,CoCrMnMoW,True
W11Mo11Fe9Co9Mn10,60.664024,CoFeMnMoW,True
Ni25W7Co9Mn21Fe14,60.66455,CoFeMnNiW,True
Ni23Fe9Cu9Mn16Co20W5,60.671127,CoCuFeMnNiW,True
Cr25Co10Mn14Cu25W12,60.75753,CoCrCuMnW,True
Cu10Co25W20Ni17Mo18Mn19,60.811867,CoCuMnMoNiW,True
Fe6Cu15Ni10Mo16Co24,60.81567,CoCuFeMoNi,True
Fe22Mn14Cu20Co25W5,60.82863,CoCuFeMnW,True
Co5Mn22Cu12Fe22Mo22W23,60.829144,CoCuFeMnMoW,True
Mn17Mo16Ni17W13Co14,60.851135,CoMnMoNiW,True
Fe6Ni17Co17Cu20W21,60.856262,CoCuFeNiW,True
W21Cr5Ni17Mn25Fe10,60.861923,CrFeMnNiW,True
W24Fe19Co19Mn16Mo17,60.868286,CoFeMnMoW,True
W9Ni9Cu15Fe19Co8,60.888462,CoCuFeNiW,True
Cu5Co24Fe7Ni14Mo14,60.896748,CoCuFeMoNi,True
Cu20W13Fe16Mn8Mo14,60.90859,CuFeMnMoW,True
Cr11Cu12Co16Mn5Ni5W18,60.91411,CoCrCuMnNiW,True
Mn9W12Cu17Cr24Fe8,60.93802,CrCuFeMnW,True
Mo23W24Cr17Mn21Fe6,60.965076,CrFeMnMoW,True
Cr24Co5Mn22Mo21W20,60.97843,CoCrMnMoW,True
Co17W12Fe23Mn24Ni13Cu23,60.992775,CoCuFeMnNiW,True
Co6Cr10W7Mn5Ni19,61.014114,CoCrMnNiW,True
Mo18Mn5Cr10Ni9Cu23,61.04466,CrCuMnMoNi,True
Co15Mn10Cr5W18Mo10,61.04563,CoCrMnMoW,True
Mn21Cr23W5Cu10Co11,61.074097,CoCrCuMnW,True
W11Cr11Ni14Mo23Mn5,61.084175,CrMnMoNiW,True
Cu12Cr20Co23Mn6W10,61.129063,CoCrCuMnW,True
Mo23Fe6Ni15W24Cu7,61.1381,CuFeMoNiW,True
Fe7Mo17Ni25Cu15Co8,61.1615,CoCuFeMoNi,True
Co23Ni25W11Mn21Fe11,61.163567,CoFeMnNiW,True
Mn6Co6Cr15W13Fe7,61.18136,CoCrFeMnW,True
Co6Cu5Fe17Mn13Mo23,61.216995,CoCuFeMnMo,True
Co20W10Mo20Mn6Cu23,61.217754,CoCuMnMoW,True
W19Mn10Cu17Cr18Mo19,61.23587,CrCuMnMoW,True
W23Cu15Mo13Mn12Cr24,61.25213,CrCuMnMoW,True
W20Cr6Mn11Mo21Co20,61.267464,CoCrMnMoW,True
Fe14W22Mn17Cr24Cu20,61.268944,CrCuFeMnW,True
W14Cu18Mo6Co22Mn8,61.280205,CoCuMnMoW,True
Cu12Ni18Fe23Mo25Mn10,61.30964,CuFeMnMoNi,True
Mn21W17Cr12Co20Ni6,61.31948,CoCrMnNiW,True
Cr20Ni11W12Mn24Co8,61.326195,CoCrMnNiW,True
Fe6Mn13Cr23Mo10W25,61.333946,CrFeMnMoW,True
Cr17Ni5W17Mn22Co22,61.361538,CoCrMnNiW,True
Cr8Cu13Fe18W19Mn25,61.42314,CrCuFeMnW,True
Mn7Fe22Co23W5Cu20,61.42315,CoCuFeMnW,True
Cu19Co24W8Mo21Mn5,61.486786,CoCuMnMoW,True
W7Co6Mn5Ni18Cr9,61.49547,CoCrMnNiW,True
Cu10Ni21W8Mn22Cr21,61.515995,CrCuMnNiW,True
Mn9Cu8W10Ni7Mo16Fe8,61.541214,CuFeMnMoNiW,True
Ni25Fe7Mo23Co23Cu15,61.54828,CoCuFeMoNi,True
W18Fe7Cr19Mn5Ni15,61.548782,CrFeMnNiW,True
Ni16Mo22Cu7W25Fe6,61.55111,CuFeMoNiW,True
Mn14Cu5Cr14W5Co13,61.556763,CoCrCuMnW,True
W11Co12Fe16Ni19Mn14,61.580345,CoFeMnNiW,True
Mo15W16Fe10Co23Mn13,61.5933,CoFeMnMoW,True
Cu15Mo11Mn10Co14Ni13W21,61.598824,CoCuMnMoNiW,True
Cu13W24Mo21Fe8Co24Mn15,61.59887,CoCuFeMnMoW,True
Cr7W17Mn24Fe13Cu15,61.605713,CrCuFeMnW,True
W14Mn8Fe9Ni8Cr19,61.607765,CrFeMnNiW,True
Ni21Mo9Cu5W5Co5Mn25,61.623665,CoCuMnMoNiW,True
Cr15Mn11W13Fe6Cu20,61.69834,CrCuFeMnW,True
Ni11Mn15Co17W22Cr11,61.71678,CoCrMnNiW,True
Cu21Mn15Fe9Mo12Co14,61.71682,CoCuFeMnMo,True
W13Mn11Ni22Co21Fe18,61.768333,CoFeMnNiW,True
Cu7Ni7W22Mo16Fe10,61.8462,CuFeMoNiW,True
Mo10Co18Cu18W14Mn20,61.851013,CoCuMnMoW,True
Mo19Co14Ni15W9Mn19,61.859215,CoMnMoNiW,True
W25Mn14Cr6Ni23Fe13,61.890915,CrFeMnNiW,True
Mn15Co14Cu8Ni22Mo13,61.896336,CoCuMnMoNi,True
W10Mo22Cu19Mn25Co23,61.936512,CoCuMnMoW,True
Ni5W19Mo13Co8Cr10,61.94793,CoCrMoNiW,True
W5Mn23Ni16Co25Fe8,61.983795,CoFeMnNiW,True
Cr6W21Mn14Mo9Co14,61.99012,CoCrMnMoW,True
W15Cr24Mn12Co25Cu19,62.00759,CoCrCuMnW,True
W22Cr9Co5Mo12Ni10,62.018208,CoCrMoNiW,True
Fe14Mn18Co24Cu13Mo22,62.055176,CoCuFeMnMo,True
Cr7Cu20Ni11Mn15W10,62.07637,CrCuMnNiW,True
Mn11Ni16Mo25Cu14Cr10,62.10919,CrCuMnMoNi,True
W22Cr5Cu15Mo14Co5,62.11013,CoCrCuMoW,True
W22Cu6Mo25Fe19Co9,62.125427,CoCuFeMoW,True
Cr9Mo25Mn12W22Fe13,62.138546,CrFeMnMoW,True
Cu22W11Fe23Ni7Co19,62.156757,CoCuFeNiW,True
W8Ni11Co9Cu9Cr23,62.166416,CoCrCuNiW,True
Mo21Co17Mn10Cu10W13Ni16,62.17189,CoCuMnMoNiW,True
Mn5Fe18Ni23W13Co22,62.176376,CoFeMnNiW,True
Fe21Cu25Mn12Cr8W21,62.18481,CrCuFeMnW,True
Mo15Co25Ni24Mn8Cu19,62.20176,CoCuMnMoNi,True
Mo25Ni19Cu21Mn23W6,62.205544,CuMnMoNiW,True
Co14W10Mn17Cr6Cu12,62.217377,CoCrCuMnW,True
W6Ni8Mo22Mn11Cr7,62.22151,CrMnMoNiW,True
Mo8Fe6Mn14W9Cu15,62.24405,CuFeMnMoW,True
Fe15Ni20Mo10Mn5W16,62.25814,FeMnMoNiW,True
Co9Ni11Cr18W20Cu24,62.291916,CoCrCuNiW,True
W17Co11Ni14Mn21Cr8,62.31382,CoCrMnNiW,True
Cu7W23Mo20Ni16Cr5,62.32518,CrCuMoNiW,True
Co22Fe11Mn14Mo23W14,62.342224,CoFeMnMoW,True
Mn18Ni16Cr6W22Mo8,62.36009,CrMnMoNiW,True
Mn17W14Cr15Co6Ni13,62.39325,CoCrMnNiW,True
Co23Ni19W13Mn9Mo18,62.401978,CoMnMoNiW,True
Cu10Mn19Fe10Cr8W13,62.414104,CrCuFeMnW,True
Mo6Fe7Co25Cu16Mn17,62.495396,CoCuFeMnMo,True
Mn8Fe19Co17Mo15W18,62.507805,CoFeMnMoW,True
Ni19Cu21Mo17Mn25Fe9,62.539207,CuFeMnMoNi,True
Ni19Mn23W16Fe11Mo14,62.541286,FeMnMoNiW,True
Mo25Cr11Ni18W16Mn8,62.546234,CrMnMoNiW,True
Mn16Co6Ni22Cr11W15,62.564766,CoCrMnNiW,True
W10Cu10Fe13Mo8Mn10,62.58258,CuFeMnMoW,True
Cr11Ni21W22Mo21Cu5,62.58608,CrCuMoNiW,True
Co20Mo25W25Cu22Ni17Mn25,62.590256,CoCuMnMoNiW,True
Mn25W5Fe10Ni14Co24,62.62628,CoFeMnNiW,True
W7Co21Ni6Cu10Cr8,62.630974,CoCrCuNiW,True
Mo21W8Cr8Mn7Cu14,62.644432,CrCuMnMoW,True
Co13Fe15Ni22Cu12W21,62.655262,CoCuFeNiW,True
Fe20Mn19Mo13W20Co13,62.66212,CoFeMnMoW,True
Ni23Mn13Mo22Cu13Fe17,62.684937,CuFeMnMoNi,True
Ni8W17Cr19Co16Mn24,62.70349,CoCrMnNiW,True
Mn18Co15Fe10W9Ni21,62.739933,CoFeMnNiW,True
Cu22Co13Mn13Ni7Mo8W18,62.752953,CoCuMnMoNiW,True
Mo21Fe20Mn11Co8Cu5,62.779793,CoCuFeMnMo,True
Co6W22Cr22Mo8Mn25,62.795235,CoCrMnMoW,True
Cu14Mo24W12Mn22Cr9,62.812294,CrCuMnMoW,True
W22Cu6Fe10Co14Cr23,62.824753,CoCrCuFeW,True
Ni19W15Mn16Cr9Cu25,62.828506,CrCuMnNiW,True
W9Cr19Ni12Mn8Cu18,62.83086,CrCuMnNiW,True
Cr14Mo25W22Cu8Co13,62.837395,CoCrCuMoW,True
Co5Cu14Ni6Mn23Cr12W22,62.851597,CoCrCuMnNiW,True
Co13W15Cr6Ni9Mn16,62.86472,CoCrMnNiW,True
Mn23Mo21W21Ni24Co23,62.86962,CoMnMoNiW,True
Mn19Co14W7Ni14Mo21,62.885544,CoMnMoNiW,True
Ni19W13Co15Fe25Mn19,62.908707,CoFeMnNiW,True
Mo10W9Co12Cu18Mn22,62.91269,CoCuMnMoW,True
Cr13Mn12W21Co15Ni12,62.91772,CoCrMnNiW,True
W23Fe11Mo16Cr8Cu5,62.922928,CrCuFeMoW,True
Co12Mn20Fe24Mo8W22,62.934967,CoFeMnMoW,True
Ni13Mo13W9Fe9Mn21,62.937603,FeMnMoNiW,True
Cu25Co18Mo5Fe6Mn18,62.94119,CoCuFeMnMo,True
Ni19Mn6Fe9Cr23W23,62.9423,CrFeMnNiW,True
Mo6Co18Mn17Fe7W15,62.949287,CoFeMnMoW,True
Ni19Co11W10Fe15Mn19,62.97113,CoFeMnNiW,True
Fe23Cu5W10Mn12Cr17,63.016975,CrCuFeMnW,True
Ni16Mo11Mn25W19Cr6,63.134266,CrMnMoNiW,True
Mo8Cr5Cu10Ni24Co23,63.13497,CoCrCuMoNi,True
W21Fe9Cr13Mn22Ni11,63.14005,CrFeMnNiW,True
Fe8Cu9Ni16Co23Mo9,63.16003,CoCuFeMoNi,True
Co6Cu8Ni19Mo9Mn13,63.16948,CoCuMnMoNi,True
Co6Ni16Mn25Fe10Cu9W6,63.200188,CoCuFeMnNiW,True
Fe8Mo6Mn13Ni10W11,63.206844,FeMnMoNiW,True
Co20Mn20W16Cu19Cr11,63.211807,CoCrCuMnW,True
Cu7W10Cr25Mn17Fe14,63.22307,CrCuFeMnW,True
Cu19Fe14Ni7W16Co20,63.235687,CoCuFeNiW,True
W14Ni5Fe6Mo14Cu5,63.23616,CuFeMoNiW,True
Co24Fe25Cu18W24Ni13,63.254013,CoCuFeNiW,True
W23Fe20Cu21Mn15Mo6,63.25657,CuFeMnMoW,True
W15Mo24Ni14Cr7Mn18,63.280144,CrMnMoNiW,True
Co14Ni25W25Cr9Cu8Mn14,63.28206,CoCrCuMnNiW,True
Mn11W11Co9Ni7Cr16,63.320282,CoCrMnNiW,True
Cr22W17Mn8Mo24Co9,63.322186,CoCrMnMoW,True
Co14Fe14W12Cu18Mn20Ni20,63.423008,CoCuFeMnNiW,True
Fe20Cu14Co11W8Ni17Mn6,63.435364,CoCuFeMnNiW,True
Fe10Mn22Mo18Cu9Co23,63.47978,CoCuFeMnMo,True
Cr16Cu21Mn13W12Ni13,63.494835,CrCuMnNiW,True
Co13Mo5Fe9Mn10Cu23,63.508984,CoCuFeMnMo,True
Fe5Mn15W15Cr13Mo25,63.51184,CrFeMnMoW,True
W5Cu20Co18Mn25Fe20,63.52083,CoCuFeMnW,True
W20Ni11Co14Cu14Fe19,63.529247,CoCuFeNiW,True
Mo10Cu9W24Co10Cr18,63.534363,CoCrCuMoW,True
Cu5Co7Mn6W14Cr8Ni12,63.59063,CoCrCuMnNiW,True
Cr21W13Co5Mn11Mo13,63.594936,CoCrMnMoW,True
Mn24Fe17Co13Cu9W9Ni16,63.61817,CoCuFeMnNiW,True
Ni25Cu19Fe12Mo21Mn25,63.629967,CuFeMnMoNi,True
Mo12W22Co7Cr25Mn16,63.66897,CoCrMnMoW,True
Co8W14Mn6Fe5Cu25Mo17,63.706863,CoCuFeMnMoW,True
Co20Mn16Mo16Ni7Cu9,63.707596,CoCuMnMoNi,True
W20Mo20Ni15Mn11Cr14,63.721878,CrMnMoNiW,True
Ni18Co15Mn11Mo17Cu17,63.72191,CoCuMnMoNi,True
Cu17Fe12Mo15Mn13Co23,63.734512,CoCuFeMnMo,True
Mo15Mn7Fe14Cu17Co16,63.736755,CoCuFeMnMo,True
Mn7W13Cr8Fe5Ni7,63.747543,CrFeMnNiW,True
Mo20Ni17Co13Fe8Mn10,63.75918,CoFeMnMoNi,True
Mn7Mo20Cu12Ni5Cr10,63.763153,CrCuMnMoNi,True
Cr18W23Mn8Co11Cu13Ni12,63.76854,CoCrCuMnNiW,True
Fe11Co15W18Cu21Ni10,63.78488,CoCuFeNiW,True
Fe12Ni24Mn19Mo20Cu18,63.821594,CuFeMnMoNi,True
Fe10Mo16Mn23Cu23W12,63.844677,CuFeMnMoW,True
Cr15W7Cu8Mo24Mn14,63.870995,CrCuMnMoW,True
Ni20Mo23Cu13Fe20Mn10,63.87832,CuFeMnMoNi,True
Co9Fe16Cr7W25Mn14,63.968506,CoCrFeMnW,True
Fe5Cu16Mn21W11Cr17,63.982857,CrCuFeMnW,True
Ni18Co25Cu22Mo11Mn7,63.989944,CoCuMnMoNi,True
Cr7Cu15Fe21W19Mn14,63.991417,CrCuFeMnW,True
Ni19Cr12W23Mn13Mo22,64.0786,CrMnMoNiW,True
W23Fe8Cu17Co17Ni17,64.109314,CoCuFeNiW,True
Cu20Mn11W22Cr10Mo5,64.11745,CrCuMnMoW,True
Cu11Co15W8Ni19Mn5Fe22,64.134995,CoCuFeMnNiW,True
Cu16Co21Ni22Mn6Mo11,64.13912,CoCuMnMoNi,True
Ni14Mo21Mn17W16Fe25,64.14627,FeMnMoNiW,True
W10Mn11Cr22Co10Cu21,64.14735,CoCrCuMnW,True
Mn22Fe18Ni16W14Co19,64.15878,CoFeMnNiW,True
Ni22Fe9Mo13Mn15Cu20,64.24191,CuFeMnMoNi,True
Co24Ni19W14Cu17Fe5,64.263535,CoCuFeNiW,True
W23Cu15Cr24Ni9Co25,64.28208,CoCrCuNiW,True
Ni6W24Cr25Cu20Mo10,64.29245,CrCuMoNiW,True
Mo19Mn25Fe14Co19W18,64.31444,CoFeMnMoW,True
Co20Cu15Mn22Cr20W15,64.31948,CoCrCuMnW,True
Cr15Mn20W11Cu13Ni24,64.31961,CrCuMnNiW,True
Mn9Fe11Cu11Mo6Ni25,64.33111,CuFeMnMoNi,True
W22Mo24Fe6Co6Cr8,64.387924,CoCrFeMoW,True
Co11Mo7Mn12W12Ni22,64.39319,CoMnMoNiW,True
Fe12Co11Mn8Ni18W7,64.43388,CoFeMnNiW,True
Fe10Ni25Cr12W21Cu6,64.46649,CrCuFeNiW,True
W25Cu14Co15Fe23Ni22,64.4672,CoCuFeNiW,True
W9Cu24Cr11Ni9Mn24,64.467224,CrCuMnNiW,True
Ni19Mn5Cr7W23Fe20,64.51456,CrFeMnNiW,True
W20Mo21Co24Mn19Ni10Cu22,64.51594,CoCuMnMoNiW,True
Mo19Ni10Mn10Cr6Cu14,64.572556,CrCuMnMoNi,True
Mn7Cr18Fe7Ni5W17Cu5,64.60026,CrCuFeMnNiW,True
Ni11Cu6W10Cr21Co18,64.61239,CoCrCuNiW,True
W23Cu6Fe6Co15Mo19,64.63391,CoCuFeMoW,True
Mn19W8Fe9Cu17Mo15,64.660904,CuFeMnMoW,True
W9Cu13Co20Ni22Fe24Mn11,64.68043,CoCuFeMnNiW,True
Fe7Ni15W8Cu6Co17,64.681274,CoCuFeNiW,True
W24Fe5Mo14Cr20Mn17,64.70766,CrFeMnMoW,True
Mo24Cu25Ni14Co12Mn23,64.718864,CoCuMnMoNi,True
Cu12W25Co10Ni20Cr18Mn5,64.727486,CoCrCuMnNiW,True
Mn9Mo24Cu17Cr12Ni7,64.7296,CrCuMnMoNi,True
Fe10Mo21Mn13Cu19W7,64.74173,CuFeMnMoW,True
Mn15Co6Ni15Cu21Mo12,64.74869,CoCuMnMoNi,True
Cr8W18Mn23Co12Mo12,64.86254,CoCrMnMoW,True
W15Cu16Co23Mn24Cr14,64.86398,CoCrCuMnW,True
Ni14Co7Mo14Fe6Cu20,64.920395,CoCuFeMoNi,True
Cu24Mo17Mn5Co17Cr9,64.94615,CoCrCuMnMo,True
Co19Ni22Mo24Cu8W13Mn18,64.9854,CoCuMnMoNiW,True
W13Cu19Mo23Cr8Mn10,64.99533,CrCuMnMoW,True
Co10Mn15Mo25Fe19Cu19,65.000114,CoCuFeMnMo,True
Mn11W6Mo25Co17Ni17,65.02463,CoMnMoNiW,True
Ni21Fe11Mo25Mn10W8,65.03444,FeMnMoNiW,True
Co23Mn8Mo5W25Fe20,65.04881,CoFeMnMoW,True
Mo7Mn5Fe5Co16Ni11,65.08954,CoFeMnMoNi,True
Ni18Mn8Co20W12Mo15,65.11244,CoMnMoNiW,True
Ni9W17Cr10Mn14Co12,65.12351,CoCrMnNiW,True
Mn24Cu11Fe11W12Cr7,65.143555,CrCuFeMnW,True
Co23Cr8Mn9W21Fe11,65.151085,CoCrFeMnW,True
Co19Mn13Ni24Fe19W12,65.15913,CoFeMnNiW,True
Fe21Mn20W19Mo15Cu21,65.167015,CuFeMnMoW,True
Cr16Cu19Mn16Co21W15,65.21089,CoCrCuMnW,True
Cu20Fe9Mo11Co7Mn15,65.220726,CoCuFeMnMo,True
Cr18W21Co10Cu10Ni21,65.295845,CoCrCuNiW,True
Mo21Co21Ni11W19Cu7,65.29613,CoCuMoNiW,True
Co11Cu7Mo24W19Ni14,65.30488,CoCuMoNiW,True
Cr6Cu14W24Co13Mn21Ni5,65.30796,CoCrCuMnNiW,True
Mo15Cr7W17Cu17Mn18,65.32576,CrCuMnMoW,True
Ni20Cr9Mo23Mn13W21,65.33998,CrMnMoNiW,True
Mn10W6Mo15Cu16Co12,65.35989,CoCuMnMoW,True
W17Ni15Cr10Co6Cu10,65.364525,CoCrCuNiW,True
Fe14Co17Mn19Ni16W12,65.36676,CoFeMnNiW,True
Cr10W21Mn16Fe22Cu16,65.372215,CrCuFeMnW,True
Fe16Co19Mn24W24Mo11,65.396866,CoFeMnMoW,True
Mn22Cr18Fe16W25Cu22,65.398186,CrCuFeMnW,True
Ni22W14Mn14Cr10Cu24,65.41005,CrCuMnNiW,True
Cu8W12Cr8Mn22Fe13,65.423584,CrCuFeMnW,True
Cr7Ni6W16Co5Fe24,65.465355,CoCrFeNiW,True
Cu8Mn22Mo6W15Cr25,65.49025,CrCuMnMoW,True
Mn5W13Fe15Ni6Cr8,65.49524,CrFeMnNiW,True
Fe11Co23Cu22Mo13Ni23,65.55481,CoCuFeMoNi,True
Co9W5Mn19Cu15Ni6Fe7,65.61874,CoCuFeMnNiW,True
Mo13Mn13Fe18W21Ni20,65.62393,FeMnMoNiW,True
Cu8Mo21Ni13Cr5Mn17,65.63401,CrCuMnMoNi,True
Cu17W20Mo24Cr16Mn23,65.66678,CrCuMnMoW,True
Mn16Cu20W13Ni23Cr13,65.68409,CrCuMnNiW,True
Mn5Co16Cr17W19Ni14,65.73716,CoCrMnNiW,True
Co17Mn16Cu18Fe18Ni25W12,65.765884,CoCuFeMnNiW,True
Mn6Mo9Fe17Ni23Cu6,65.7715,CuFeMnMoNi,True
Co9W16Cr21Mn7Mo13,65.79557,CoCrMnMoW,True
Cu8Co21Mo22Ni21Fe6,65.80053,CoCuFeMoNi,True
W7Co11Cu21Fe9Mn21Ni11,65.849945,CoCuFeMnNiW,True
Cr11Mn11Fe6W15Ni24,65.85303,CrFeMnNiW,True
Fe21Mn25W8Mo22Cu13,65.85727,CuFeMnMoW,True
Co15W10Ni17Fe15Mn25,65.86972,CoFeMnNiW,True
W23Cr16Co5Ni13Mo22,65.88089,CoCrMoNiW,True
Cu16Ni11Mn18Fe9Mo22W18,65.94914,CuFeMnMoNiW,True
W23Cr10Fe10Mn24Mo11,65.955956,CrFeMnMoW,True
Cu15Mn16Mo24Cr23W19,65.991264,CrCuMnMoW,True
Cr25Mn21W15Co16Ni8,66.00268,CoCrMnNiW,True
Co18Cr6W21Mo20Mn21,66.07149,CoCrMnMoW,True
Ni17Co6Cr17Mn5W11,66.10035,CoCrMnNiW,True
Mn11Mo8Cr5W11Cu10,66.1141,CrCuMnMoW,True
W25Mo14Cr19Cu11Ni11,66.12217,CrCuMoNiW,True
Cu6Fe8Co21W25Mo10,66.16106,CoCuFeMoW,True
Mo11Ni17Cu12Mn7W5,66.16615,CuMnMoNiW,True
Mn16Cu8Co20Cr6Mo24,66.166756,CoCrCuMnMo,True
Cu8Mo15W25Co7Fe19,66.17177,CoCuFeMoW,True
Mn12Ni15Mo25Cr10Cu14,66.183044,CrCuMnMoNi,True
Mo15Co14Fe10Mn15W13,66.198715,CoFeMnMoW,True
Fe18Cu20Co22Ni23Mn22W15,66.24784,CoCuFeMnNiW,True
Co5Cr11Fe21W24Ni6,66.266624,CoCrFeNiW,True
Co12Ni16Mn16W21Cr21,66.28038,CoCrMnNiW,True
W9Mo8Ni15Cu18Mn23,66.288864,CuMnMoNiW,True
W5Cu22Fe8Mn10Mo16,66.32195,CuFeMnMoW,True
Mo22W16Cu19Cr7Mn21,66.33102,CrCuMnMoW,True
Cu11Mn24Mo21W14Cr17,66.33395,CrCuMnMoW,True
Cu24Co6W6Ni11Cr6,66.40173,CoCrCuNiW,True
W17Cu6Cr11Fe16Ni5,66.403984,CrCuFeNiW,True
W5Ni14Co11Fe7Mn5,66.405624,CoFeMnNiW,True
Cr8Ni21Mo24Mn19Cu5,66.41302,CrCuMnMoNi,True
Mo23Ni16Fe9W7Mn19,66.46908,FeMnMoNiW,True
Co19Fe12Mo18Mn17Cu5,66.47769,CoCuFeMnMo,True
Fe8Co22Mo21Mn24Cu7W21,66.51889,CoCuFeMnMoW,True
Ni5Mo13Fe24Mn7Cu23,66.541435,CuFeMnMoNi,True
Ni7Mo8W22Fe15Cu7,66.54425,CuFeMoNiW,True
Cr15Mn5Cu12Mo10W14,66.57931,CrCuMnMoW,True
W8Cr5Co8Mn22Mo16,66.58271,CoCrMnMoW,True
Mn14W25Co17Mo7Fe21,66.6147,CoFeMnMoW,True
W12Mn12Fe9Ni22Mo12,66.6172,FeMnMoNiW,True
Fe12Co9Cu22W12Ni12,66.61849,CoCuFeNiW,True
Ni17Cr7Mo23Mn13Cu19,66.673004,CrCuMnMoNi,True
Fe20Mn16Co15W12Ni18,66.67876,CoFeMnNiW,True
Mo10Fe14Mn7Cu22Co25,66.709,CoCuFeMnMo,True
Cu22Mn23Fe8Mo13Co18,66.71731,CoCuFeMnMo,True
Co19Ni22Cu18Mn15Mo21,66.732605,CoCuMnMoNi,True
W19Co7Mo9Ni7Cr16,66.76561,CoCrMoNiW,True
Fe11W11Mn5Mo5Co22,66.76821,CoFeMnMoW,True
Mo25Mn7W20Co23Cr11,66.78728,CoCrMnMoW,True
Cu5Cr23Co13Ni23W8,66.82861,CoCrCuNiW,True
Mn8Mo10Co6Cu11Ni21W13,66.8586,CoCuMnMoNiW,True
Cu13Co25Mo14Mn15W8,66.90419,CoCuMnMoW,True
Mo5Cu20W5Mn21Ni9,66.94169,CuMnMoNiW,True
Cr20Mn12Fe19Cu16W19,66.97921,CrCuFeMnW,True
Mo17W16Cr7Ni15Mn25,67.00954,CrMnMoNiW,True
Cr20Mn15Ni5Co25W14,67.010345,CoCrMnNiW,True
Cr19Ni24Cu11Mn16W9,67.01428,CrCuMnNiW,True
Cu9Cr10Fe22Mn15W14,67.05519,CrCuFeMnW,True
Mn19W17Fe7Ni22Cr6,67.06482,CrFeMnNiW,True
W14Fe22Cu11Ni13Co14,67.09644,CoCuFeNiW,True
Fe5Mo25Ni22Cu6W7Mn24,67.09773,CuFeMnMoNiW,True
Cu10Mn23W19Cr13Fe25,67.10175,CrCuFeMnW,True
Co9Fe9Mn14Cr10W22,67.10425,CoCrFeMnW,True
Fe13Mo18Cu23Mn16Ni12,67.11586,CuFeMnMoNi,True
Co22Ni16W25Cr22Cu10,67.14816,CoCrCuNiW,True
Cr17Mo19Ni8W16Mn21,67.15793,CrMnMoNiW,True
Ni13Cu5Cr20Mo23Mn5,67.16299,CrCuMnMoNi,True
W10Fe9Mn14Cr24Cu14,67.16923,CrCuFeMnW,True
Mn7Mo10W23Fe6Cu25Co11,67.17224,CoCuFeMnMoW,True
Fe17W17Cu9Co14Ni21,67.17851,CoCuFeNiW,True
Co24Ni6Mo5Mn13Cu7,67.20088,CoCuMnMoNi,True
Cr18Cu14Mn9Mo11W19,67.21738,CrCuMnMoW,True
Mn9Mo16Cr10W22Co21,67.2181,CoCrMnMoW,True
Ni6W17Co25Mn17Cr25,67.23252,CoCrMnNiW,True
Cu17Ni9W18Fe13Co20,67.25954,CoCuFeNiW,True
Cr9Cu6W25Ni6Fe24Mn10,67.30401,CrCuFeMnNiW,True
Fe8Co10Cr22Mn11W16,67.30485,CoCrFeMnW,True
Fe7Ni12Mn7Mo16Co11,67.33322,CoFeMnMoNi,True
Mo8Cu25Mn22Fe7Co25,67.339615,CoCuFeMnMo,True
Cu17Co8Mn25Cr17W6,67.38878,CoCrCuMnW,True
Ni25Mn9Co15Cu19Mo11,67.42154,CoCuMnMoNi,True
Cu21Co9Mn9Ni20Mo6,67.43918,CoCuMnMoNi,True
Cu15W10Cr23Mn9Co20,67.44893,CoCrCuMnW,True
Mn13Ni5Cr12Co12W12,67.4573,CoCrMnNiW,True
Cu8Co18Fe13Mo16Mn11,67.503845,CoCuFeMnMo,True
Mn22Ni5Co9W10Mo10Cu14,67.51395,CoCuMnMoNiW,True
W20Ni14Mn11Cr21Fe9,67.51427,CrFeMnNiW,True
W17Cr14Ni19Mn6Mo24,67.51432,CrMnMoNiW,True
Cu17Mo19W21Cr17Mn16,67.5313,CrCuMnMoW,True
Co15Mn11Ni13W19Cr9,67.53833,CoCrMnNiW,True
Fe8Cr9Mn25W16Cu25,67.571526,CrCuFeMnW,True
Co16Mo20Mn23W21Cr8,67.601944,CoCrMnMoW,True
Mn20Cr25Mo10W15Cu8,67.6406,CrCuMnMoW,True
Mo21Cu10Ni21W16Co6,67.65773,CoCuMoNiW,True
Ni22Mo12Fe10W16Mn15,67.66691,FeMnMoNiW,True
Mn18Cr8Cu15Mo22W13,67.67624,CrCuMnMoW,True
Mo8Co13W18Mn19Fe14,67.6829,CoFeMnMoW,True
Mn13W7Fe23Cu22Co11Ni15,67.704,CoCuFeMnNiW,True
Mo24Ni18Mn14W23Cr16,67.774025,CrMnMoNiW,True
Fe25Cu20Mn10W24Cr23,67.80319,CrCuFeMnW,True
W13Mn5Co10Cr25Mo16,67.80711,CoCrMnMoW,True
Mn9Ni21Mo16Co16W11,67.85431,CoMnMoNiW,True
Cu16Cr18Fe12W16Mn8,67.86219,CrCuFeMnW,True
Mn11Mo11Cu14Fe14W11,67.86786,CuFeMnMoW,True
Ni18Mn19W6Cr13Cu9,67.868515,CrCuMnNiW,True
Mo16W24Ni12Cu9Co10,67.94451,CoCuMoNiW,True
W18Mn13Ni13Mo5Fe15,67.95497,FeMnMoNiW,True
Mo6Cu19Mn11Cr14W25,67.95581,CrCuMnMoW,True
Cu9Mo14W16Ni7Fe20Mn7,67.97611,CuFeMnMoNiW,True
Mn15Fe9Cu25Mo18W21Ni10,67.99307,CuFeMnMoNiW,True
Co21Fe24Ni20Cu20W14Mn25,68.01857,CoCuFeMnNiW,True
Mn13Fe10Cu6Co11Mo16,68.02946,CoCuFeMnMo,True
Fe8Co8Mn8Ni12W6,68.03198,CoFeMnNiW,True
Fe10W18Cr6Mn25Mo7,68.04025,CrFeMnMoW,True
Co5Cu22Ni14Mo6Mn14,68.04288,CoCuMnMoNi,True
Mo12Cu5W23Co18Cr14,68.05669,CoCrCuMoW,True
Co18Cu20Mn23Mo24W6,68.064926,CoCuMnMoW,True
Co10Fe12W22Mn9Cr22,68.08159,CoCrFeMnW,True
Mo19W22Cu9Cr17Co11,68.08942,CoCrCuMoW,True
Fe18Ni25W12Mn23Co15,68.13321,CoFeMnNiW,True
Co12Fe8Mo20W14Cu10Mn7,68.14274,CoCuFeMnMoW,True
Mn16Fe23Cu22W24Mo5,68.144875,CuFeMnMoW,True
Cr24W13Co10Mn5Ni19,68.14783,CoCrMnNiW,True
Fe18Cr18Cu17Mn14W20,68.160194,CrCuFeMnW,True
Cr10Fe11Ni5Mn19W16,68.20196,CrFeMnNiW,True
Mo17Mn8Fe22Co7W6,68.21264,CoFeMnMoW,True
Fe17Mn8Cr24W23Cu23,68.24226,CrCuFeMnW,True
Co18Cr16W20Cu14Ni7,68.252014,CoCrCuNiW,True
W8Co5Cr9Mo16Mn9,68.28792,CoCrMnMoW,True
Co9W19Cr18Ni20Cu10,68.31192,CoCrCuNiW,True
Mo18Cu6Cr16Fe5W16,68.33367,CrCuFeMoW,True
Mn10Ni11W8Fe10Co12,68.34098,CoFeMnNiW,True
Co25Ni17Cu24Mo7Cr5,68.40146,CoCrCuMoNi,True
W8Mn18Co13Fe11Ni13,68.411766,CoFeMnNiW,True
Co25Mn7Mo17W11Ni18,68.42799,CoMnMoNiW,True
Cr16W11Ni5Mn21Mo17,68.46308,CrMnMoNiW,True
Ni7W16Co7Mo21Cr18,68.51704,CoCrMoNiW,True
Cr18Mn21Cu20Co16W15,68.53735,CoCrCuMnW,True
Fe13Cu22Mn18Ni6Mo18,68.54278,CuFeMnMoNi,True
Cu12Ni16Cr24W5Mn24,68.59591,CrCuMnNiW,True
Mo5W23Co10Mn22Cr14,68.6169,CoCrMnMoW,True
Cr11W22Mo20Cu20Ni5,68.623375,CrCuMoNiW,True
Fe5Cr20Co7Mn19W12,68.640816,CoCrFeMnW,True
Cu17W11Ni9Fe14Co8,68.664795,CoCuFeNiW,True
Mn16Cu25Co14Cr24W14,68.665535,CoCrCuMnW,True
Ni8Mn10Cu18Cr8Mo19,68.689316,CrCuMnMoNi,True
Co7W12Mn13Ni9Cr13,68.70868,CoCrMnNiW,True
Cr25Mn12Mo20W16Ni9,68.729675,CrMnMoNiW,True
Ni12Mo11W7Mn17Cu17,68.72987,CuMnMoNiW,True
Cr25Fe10Mn22Ni5W14,68.78684,CrFeMnNiW,True
Ni11Cu11Co16Fe21W14,68.79076,CoCuFeNiW,True
Ni10Mn19W18Fe7Cr19,68.799416,CrFeMnNiW,True
Co6Cr7Fe18W25Ni6,68.81824,CoCrFeNiW,True
Co25Cu9Ni8Mn18Mo14,68.824646,CoCuMnMoNi,True
W13Ni24Mn24Co21Fe16,68.862,CoFeMnNiW,True
Cu12Mn5Mo18Ni12Co14W12,68.86436,CoCuMnMoNiW,True
Ni6Cu12Mn15Mo18Fe11,68.88258,CuFeMnMoNi,True
Mn7Fe25Cu20W15Mo13,68.89586,CuFeMnMoW,True
Ni8Cr10W23Fe19Mn24,68.9273,CrFeMnNiW,True
W12Co7Ni13Cr14Mn21,68.96353,CoCrMnNiW,True
Mn9W23Co17Cr24Ni20,68.96576,CoCrMnNiW,True
Mo23Ni17Mn25Fe14Cu25,68.96756,CuFeMnMoNi,True
Fe19Mo18Mn21Co6W20Cu9,69.010994,CoCuFeMnMoW,True
W8Cu14Ni9Co16Fe12Mn25,69.02465,CoCuFeMnNiW,True
Cu15Mo13W21Mn12Cr24,69.0542,CrCuMnMoW,True
Ni25Cu18Cr9Mn23W11,69.06796,CrCuMnNiW,True
W10Co10Cu17Mn11Mo20Ni11,69.06981,CoCuMnMoNiW,True
W19Fe7Cu6Cr17Mn8Ni6,69.08575,CrCuFeMnNiW,True
Fe12Cu17Mo9Mn6Co8,69.09127,CoCuFeMnMo,True
Cu11Co25Mo18Fe7Ni6,69.12387,CoCuFeMoNi,True
Mn9Cu21W14Ni20Mo7,69.1291,CuMnMoNiW,True
Co19Ni15Cu7Fe14W14,69.1998,CoCuFeNiW,True
Ni12Cu18Mn14Mo23Fe17,69.22841,CuFeMnMoNi,True
W25Mo8Mn9Cu22Cr17,69.270454,CrCuMnMoW,True
Ni9Cr12W14Co9Mn11,69.27095,CoCrMnNiW,True
W6Ni9Mo11Fe8Mn16,69.31337,FeMnMoNiW,True
Fe15Co13Mn6Cu8Mo14,69.35804,CoCuFeMnMo,True
Mn13Cu25Mo7Ni18Co8,69.36704,CoCuMnMoNi,True
Cu20Cr20W9Mn9Ni13,69.37393,CrCuMnNiW,True
Fe23Mn13Cr11W22Co6,69.41496,CoCrFeMnW,True
W21Mn17Cu9Co8Fe8Mo5,69.50155,CoCuFeMnMoW,True
Cr15Ni11Mn9Mo9W20,69.51006,CrMnMoNiW,True
W10Co21Ni17Mn7Cu22Fe13,69.51102,CoCuFeMnNiW,True
W16Fe9Mn14Cr11Cu18,69.512085,CrCuFeMnW,True
W10Fe11Mn19Mo22Cu25,69.55479,CuFeMnMoW,True
W11Mo25Mn24Co25Cu24,69.56354,CoCuMnMoW,True
Mo10Fe7Cu9Co22Ni12,69.565384,CoCuFeMoNi,True
Mo24Ni10Mn5Cr24W11,69.57869,CrMnMoNiW,True
Co9Fe7Mo13Cu23Ni7,69.58322,CoCuFeMoNi,True
Fe25Ni9Mo14W8Mn11,69.586105,FeMnMoNiW,True
W22Mo21Co11Cu9Cr9,69.62143,CoCrCuMoW,True
Mo21Fe7Mn18Cr7W14,69.6432,CrFeMnMoW,True
Ni11Mn9Cr15Cu14W7,69.67647,CrCuMnNiW,True
Cu6Cr24Co5W8Fe10,69.7244,CoCrCuFeW,True
Mn10W11Fe24Mo13Cu15,69.82578,CuFeMnMoW,True
Co5W12Cr12Ni23Mn18,69.833664,CoCrMnNiW,True
W22Fe19Cu22Ni24Co10,69.862686,CoCuFeNiW,True
Co17W20Mn12Cr13Ni12,69.88048,CoCrMnNiW,True
Co19Fe15W12Ni24Mn21,69.896454,CoFeMnNiW,True
Co22Fe8Ni12Mo13Cu17,69.89844,CoCuFeMoNi,True
W24Cr9Ni8Mo24Cu16,69.952354,CrCuMoNiW,True
W20Cu20Mo10Fe21Mn23,70.01207,CuFeMnMoW,True
Co7Ni15Cu21Cr21W20,70.02375,CoCrCuNiW,True
Co11Fe11W5Ni20Cu10Mn14,70.024,CoCuFeMnNiW,True
Cr9Mn15W24Ni23Mo18,70.025314,CrMnMoNiW,True
W25Cu20Cr25Ni20Co9,70.026825,CoCrCuNiW,True
Fe18W11Mn13Cr10Cu6,70.03293,CrCuFeMnW,True
W20Cr17Co13Mo22Ni5,70.05377,CoCrMoNiW,True
W7Cu21Ni9Mn19Cr22,70.097046,CrCuMnNiW,True
Fe17Cu20Ni9Co15W17,70.13643,CoCuFeNiW,True
Ni5Fe22W7Mn24Mo5,70.186424,FeMnMoNiW,True
Fe6Co13Mn15Ni19Mo20,70.209175,CoFeMnMoNi,True
Cr10Cu12Fe15W16Mn21,70.21896,CrCuFeMnW,True
Cu21Mn17Cr14W21Mo23,70.2209,CrCuMnMoW,True
Cu20Fe24Mn11W16Mo12,70.236244,CuFeMnMoW,True
Cr9Mo8W25Co6Cu20,70.25505,CoCrCuMoW,True
Mn8Co15W13Ni8Cr17,70.281296,CoCrMnNiW,True
Co10Mo13Mn7Ni16W25Fe6,70.311905,CoFeMnMoNiW,True
W14Cu19Co17Mn16Cr10,70.337814,CoCrCuMnW,True
Co23W23Mo16Mn11Fe23,70.41292,CoFeMnMoW,True
W23Mn21Fe13Cr13Ni9,70.43567,CrFeMnNiW,True
W16Cr9Co13Ni6Cu20,70.47775,CoCrCuNiW,True
Mo8Mn5W5Co10Cu11,70.48753,CoCuMnMoW,True
W25Cu9Ni23Cr12Co16,70.50014,CoCrCuNiW,True
Fe7W13Co5Cu17Mo15Mn6,70.500626,CoCuFeMnMoW,True
Fe25Cu8Mo24W24Ni20Mn18,70.54422,CuFeMnMoNiW,True
Mn20Fe16Co11Ni17W8,70.60817,CoFeMnNiW,True
Cr22Mo20Mn20W24Ni12,70.62687,CrMnMoNiW,True
Cu6Ni13Fe19W16Mo20Mn16,70.63139,CuFeMnMoNiW,True
Co14W19Mo5Mn12Fe13,70.64009,CoFeMnMoW,True
Mo24Cu19Co14Ni8Mn24,70.72744,CoCuMnMoNi,True
Cu25Fe8Ni23Cr5Co18,70.73508,CoCrCuFeNi,True
Mo12Ni25Mn9Fe8Co16,70.74469,CoFeMnMoNi,True
Fe24Cu21W14Mn12Mo17,70.76446,CuFeMnMoW,True
Mo18Mn20W5Fe21Cu9,70.78995,CuFeMnMoW,True
Fe24Mn22W24Mo15Cu9Ni10,70.829315,CuFeMnMoNiW,True
Mn13W12Cu18Co22Cr14,70.83914,CoCrCuMnW,True
Co12Cu16W25Cr18Ni13,70.86583,CoCrCuNiW,True
W6Mo25Cu19Co8Mn14Ni17,70.89372,CoCuMnMoNiW,True
Mn5Fe24Cr7W15Ni13,70.923035,CrFeMnNiW,True
Co10Cu15Cr11W23Ni12,70.93725,CoCrCuNiW,True
Fe7Co14W15Cu9Ni12,70.9478,CoCuFeNiW,True
Cu23Co21Fe21W13Mn20Ni24,70.96936,CoCuFeMnNiW,True
Ni7Cu15Co14W25Mo12,70.97685,CoCuMoNiW,True
Mn18Mo14W10Co6Fe22,70.98338,CoFeMnMoW,True
Cu17Mo9W18Mn5Cr23,71.00808,CrCuMnMoW,True
Ni6Mo15Mn13Fe13Cu20,71.010666,CuFeMnMoNi,True
Co20Ni10Mn10W12Cr7,71.01829,CoCrMnNiW,True
W22Fe11Mn23Cr5Co15,71.02705,CoCrFeMnW,True
Co19W16Ni8Cr20Mn12,71.04176,CoCrMnNiW,True
Mn13Fe15Mo9W7Ni5,71.10825,FeMnMoNiW,True
Cu15W13Mn20Co24Cr14,71.1243,CoCrCuMnW,True
Fe17Cu21Co19Mn11W6Ni9,71.14767,CoCuFeMnNiW,True
Mn6Fe9Co8Mo15Ni18,71.22053,CoFeMnMoNi,True
Ni17Mn5Cu14W7Mo8,71.22505,CuMnMoNiW,True
Ni25Mo23Cu14Co12Fe7,71.27934,CoCuFeMoNi,True
Ni9W22Cr13Fe5Cu19,71.280334,CrCuFeNiW,True
Cr24Co6W25Ni7Fe16,71.2951,CoCrFeNiW,True
Cu6Cr9Ni14Mn7Mo16,71.30219,CrCuMnMoNi,True
Ni6Fe20Mn5Mo13Cu12,71.34892,CuFeMnMoNi,True
W21Cr15Fe8Mn18Co10,71.37193,CoCrFeMnW,True
Ni23Fe9Mn15W21Mo12Cu9,71.393,CuFeMnMoNiW,True
Mo21W19Cu14Cr23Mn17,71.39368,CrCuMnMoW,True
Co14W16Mn13Cr9Ni9,71.40564,CoCrMnNiW,True
Mn9Mo11Ni6Cu25Co24W19,71.4059,CoCuMnMoNiW,True
W16Cr8Ni25Mn9Mo25,71.435715,CrMnMoNiW,True
Co19Fe17Cu23Ni17Mn23W11,71.44474,CoCuFeMnNiW,True
Mo5Mn17W17Cu21Ni21,71.45964,CuMnMoNiW,True
W24Ni12Co22Fe22Cu25,71.46163,CoCuFeNiW,True
W21Cr20Cu7Co16Mo23,71.46631,CoCrCuMoW,True
Ni18Mn14Mo23Cr8W18,71.470825,CrMnMoNiW,True
W15Ni15Co23Mn17Mo12,71.4862,CoMnMoNiW,True
W17Co15Mo17Mn18Fe16,71.489136,CoFeMnMoW,True
Cr7Mn24W15Cu11Fe19,71.49538,CrCuFeMnW,True
Cu23Ni13W7Mn14Mo15,71.49851,CuMnMoNiW,True
Mn14Mo21Co5Fe20Cu21,71.52601,CoCuFeMnMo,True
Mn20Fe8Mo23W16Co24Cu7,71.52673,CoCuFeMnMoW,True
Cu12Cr25Ni15Co22W24,71.5455,CoCrCuNiW,True
Co18Cu22Mo18Ni7Fe7,71.55771,CoCuFeMoNi,True
Fe10Ni6Cu24Cr5Co19,71.55793,CoCrCuFeNi,True
Co23Mo21Ni17Mn5Cu19W22,71.558365,CoCuMnMoNiW,True
Fe11Mn22W5Co11Mo24,71.564156,CoFeMnMoW,True
W5Mo24Cu23Co14Mn20,71.59631,CoCuMnMoW,True
Fe16Cr6Mn6W20Co24,71.600204,CoCrFeMnW,True
Ni21Cu25W22Co6Cr21,71.61744,CoCrCuNiW,True
W8Cu18Ni21Co18Mn10Fe13,71.64726,CoCuFeMnNiW,True
Mo12Cu22Mn13Ni12Co14,71.68114,CoCuMnMoNi,True
Co19Cr8Mn13W24Ni7Cu22,71.74171,CoCrCuMnNiW,True
Cr12Cu14Ni24Mn11W7,71.77605,CrCuMnNiW,True
Mn20Co18W19Cr17Ni9,71.77607,CoCrMnNiW,True
Mo25Mn17Cu21Ni15Fe18,71.80284,CuFeMnMoNi,True
Mn24Fe23W25Ni10Cr8,71.83803,CrFeMnNiW,True
Co19Cr5Ni9Mn20W13,71.86202,CoCrMnNiW,True
W23Mn7Cr15Cu23Fe25,71.868,CrCuFeMnW,True
Fe18Mo24Mn14Cu13Ni13,71.87714,CuFeMnMoNi,True
Cr11Cu14Mn11Co16W22Ni8,71.88779,CoCrCuMnNiW,True
Ni5Mn23Cu14Fe8Mo22,71.89904,CuFeMnMoNi,True
Cu7W20Mo7Co23Fe7,71.91064,CoCuFeMoW,True
Mn5W21Cr12Co5Ni20Cu25,71.94084,CoCrCuMnNiW,True
Fe13Ni8W6Mn17Mo18,71.96321,FeMnMoNiW,True
Cr17Mn17W11Cu8Mo18,71.97384,CrCuMnMoW,True
Fe9Cu20Co18Ni11W18,71.98262,CoCuFeNiW,True
Mo24Fe11Cr23W19Cu5,71.98987,CrCuFeMoW,True
Mn14Mo24Fe23Co17Cu8,72.01607,CoCuFeMnMo,True
Mn10Co18Mo17W23Cr13,72.047195,CoCrMnMoW,True
Cu10Fe16Mo24Mn19Co20,72.074356,CoCuFeMnMo,True
W14Cu7Mo25Fe7Cr9,72.09422,CrCuFeMoW,True
Co21Mn8Fe7Cr22W22,72.10041,CoCrFeMnW,True
Cu15Mn15Mo21Co22Ni20W20,72.10268,CoCuMnMoNiW,True
Ni8Cu12Mo10Cr18W22,72.10299,CrCuMoNiW,True
Cu7W22Fe8Mo17Cr9,72.10648,CrCuFeMoW,True
Fe15Cu8Ni6Mo22W17,72.112946,CuFeMoNiW,True
Fe12Cr21W25Mo5Mn5,72.13555,CrFeMnMoW,True
Fe7Cu16Cr6Ni25Co8,72.14054,CoCrCuFeNi,True
Fe6Cr20Mn15W12Ni9,72.14839,CrFeMnNiW,True
W21Fe20Mn15Co16Mo12,72.1611,CoFeMnMoW,True
Mo18Cu14Mn24W7Fe16,72.184364,CuFeMnMoW,True
Cr16Mn15W8Ni9Cu24,72.23077,CrCuMnNiW,True
Mn5Ni13Cr19Co12W13,72.24933,CoCrMnNiW,True
Cr23Cu24Mn22W12Co11,72.25563,CoCrCuMnW,True
Mo6Cr19Co5W17Mn19,72.266525,CoCrMnMoW,True
Ni24Cr12Mo22Cu7Mn12,72.30666,CrCuMnMoNi,True
Cu12W25Co11Cr22Mo19,72.318886,CoCrCuMoW,True
W19Fe16Mn25Cr5Co7,72.370766,CoCrFeMnW,True
Fe24Ni8Mo13W18Cu8,72.423294,CuFeMoNiW,True
Ni8Mo8Mn12Cu23Co22,72.42648,CoCuMnMoNi,True
Fe20Mo13Ni7W9Mn16,72.43609,FeMnMoNiW,True
Cr23Cu10Co8Mn13W18Ni13,72.44148,CoCrCuMnNiW,True
Cu21Mn5Ni14Fe14Mo10,72.44961,CuFeMnMoNi,True
Mn18Fe17Mo14Cu10W7,72.47828,CuFeMnMoW,True
Cu15Co8Cr22Mo19W25,72.50049,CoCrCuMoW,True
Mn20Ni8Cr25W19Mo22,72.50307,CrMnMoNiW,True
Fe11Ni24Mo12Cu16Co24,72.51241,CoCuFeMoNi,True
Fe7W14Mn8Mo10Cu20Ni5,72.563705,CuFeMnMoNiW,True
Cu20Mo20Mn22Ni13Co6,72.57135,CoCuMnMoNi,True
Mn20Mo20W9Ni17Cu5Co19,72.57251,CoCuMnMoNiW,True
Co15Mo10Ni9Mn8Cu14,72.58467,CoCuMnMoNi,True
Co5Ni25Cu14Fe11Mo11,72.592125,CoCuFeMoNi,True
Co12Mo12Cr5W14Mn18,72.655914,CoCrMnMoW,True
W22Co8Fe14Cr19Mn8,72.66713,CoCrFeMnW,True
Mn13Cr9Co7Ni25W8,72.69302,CoCrMnNiW,True
Ni25Mo15Fe7W10Mn24,72.698296,FeMnMoNiW,True
Mo17Fe13Co15Mn23W13,72.69851,CoFeMnMoW,True
W15Mn5Cu19Cr8Fe21,72.719734,CrCuFeMnW,True
Co7Fe16Mo22W6Mn22,72.74769,CoFeMnMoW,True
Cu24Fe20Ni6Co10Cr5,72.76764,CoCrCuFeNi,True
Mn14Cu24Mo13Fe14Co9,72.781715,CoCuFeMnMo,True
Ni15Mo17Mn11Fe6Co21,72.895546,CoFeMnMoNi,True
Cr11Co10W7Ni24Cu8,72.928116,CoCrCuNiW,True
Cr8Mo24Mn15Cu12Co13,72.96425,CoCrCuMnMo,True
Cu24Mn16Mo25Co12Fe21,72.98741,CoCuFeMnMo,True
Fe10Cr18W21Ni11Mn12,72.99205,CrFeMnNiW,True
Mn5Fe23Mo25Cu6W17Ni18,73.01429,CuFeMnMoNiW,True
W17Ni14Mn12Mo23Cr15,73.01971,CrMnMoNiW,True
Fe12Co18Ni20W9Mn18,73.04679,CoFeMnNiW,True
Cu6W10Mn16Mo14Cr18,73.065926,CrCuMnMoW,True
Fe9Cr14Co22W22Mn8,73.09488,CoCrFeMnW,True
Mn14Cr10Mo25Cu14Ni23,73.143814,CrCuMnMoNi,True
W17Cu13Ni6Mn19Fe12Mo17,73.18355,CuFeMnMoNiW,True
Fe7Mo13Co16W7Mn6,73.198524,CoFeMnMoW,True
Ni24Cu22Mn7Fe24Mo22,73.20268,CuFeMnMoNi,True
Mo14Co11Mn17W16Fe23,73.2299,CoFeMnMoW,True
Cu14Co15Ni24Fe8Cr5,73.230705,CoCrCuFeNi,True
Cu14Mo19Mn23Ni25Fe13,73.23978,CuFeMnMoNi,True
W10Mn17Cr25Ni9Co13,73.25722,CoCrMnNiW,True
Cr8W21Co23Cu8Ni16,73.2666,CoCrCuNiW,True
Mo20Cu12Mn16Fe14Co17,73.28436,CoCuFeMnMo,True
Cr17Mo18Cu5W10Fe5,73.32788,CrCuFeMoW,True
Ni16Co22Cr18W23Mn12,73.34122,CoCrMnNiW,True
Cr14Mn18Co5Fe15W22,73.341675,CoCrFeMnW,True
Co5Mo20Cu8Fe17W19,73.3784,CoCuFeMoW,True
W7Cr23Cu11Ni8Co12,73.37923,CoCrCuNiW,True
Fe20Ni8Mn8Cr12W18,73.38692,CrFeMnNiW,True
Ni24W7Mn19Cr14Cu10,73.42704,CrCuMnNiW,True
W23Mo21Mn24Fe13Cu14Co10,73.45594,CoCuFeMnMoW,True
Mn14Cr8W8Ni23Cu15,73.47105,CrCuMnNiW,True
Cr25Mn6Fe9W19Mo7,73.53858,CrFeMnMoW,True
Mn9W23Co19Ni20Cr22,73.540535,CoCrMnNiW,True
Mn17Co8Fe16W25Cr11,73.5703,CoCrFeMnW,True
Mo6Mn16Co12W20Cr8,73.5788,CoCrMnMoW,True
W9Co6Mo19Cr14Cu7,73.588905,CoCrCuMoW,True
Ni9Mn9Fe15W5Co16,73.63834,CoFeMnNiW,True
Ni5Cu11Fe5Co16Mo11,73.64762,CoCuFeMoNi,True
Cu6Mn17W20Co19Mo7Ni20,73.64817,CoCuMnMoNiW,True
Fe6Ni21Cr6Co17Cu6,73.68302,CoCrCuFeNi,True
Cu10Mo16Cr12W9Mn8,73.68686,CrCuMnMoW,True
Mo16W6Ni8Cu24Co8,73.70176,CoCuMoNiW,True
W20Co12Ni12Fe15Cu18,73.71519,CoCuFeNiW,True
Mn14Ni18Co5Cr7W22Cu24,73.722244,CoCrCuMnNiW,True
Co22Cu13Cr18Ni11W24,73.7247,CoCrCuNiW,True
Ni15W18Cr13Cu6Co19,73.73895,CoCrCuNiW,True
Fe24Mn6W11Co12Mo14,73.76063,CoFeMnMoW,True
Mn5W16Cr6Fe17Mo21,73.78379,CrFeMnMoW,True
Cr12W14Fe24Cu13Mn12,73.78631,CrCuFeMnW,True
W22Co24Cu13Fe7Mo16Mn10,73.78801,CoCuFeMnMoW,True
Ni7Fe6Cu7Cr5Co22,73.79649,CoCrCuFeNi,True
W17Mn17Cu12Cr19Fe17,73.80668,CrCuFeMnW,True
Cr5Mn18Mo8Fe16W24,73.87607,CrFeMnMoW,True
Cu14Mo8Ni22Fe13Mn5,73.91326,CuFeMnMoNi,True
Mn23Cu11Fe6W6Cr18,73.975586,CrCuFeMnW,True
W25Mn23Cr12Co6Fe22,73.980194,CoCrFeMnW,True
Mo19Fe20Co15Cu11Mn9,74.005226,CoCuFeMnMo,True
Mn20Ni25W6Mo5Cu12,74.03211,CuMnMoNiW,True
Ni7W21Fe20Cr19Mn9,74.03453,CrFeMnNiW,True
Mn9Co16Cu13Ni14Mo12,74.04119,CoCuMnMoNi,True
Ni12Fe17Cu19W23Co20,74.05442,CoCuFeNiW,True
W25Co11Cu17Ni17Cr10Mn7,74.07431,CoCrCuMnNiW,True
Cr20Cu8Co7Mo23W7,74.0998,CoCrCuMoW,True
W10Ni16Cu25Mn17Cr7,74.16529,CrCuMnNiW,True
Cu14Ni12Mo9Mn12W7,74.17627,CuMnMoNiW,True
W23Co23Cu13Fe13Ni20,74.18926,CoCuFeNiW,True
Cu10W24Ni17Co20Cr10Mn8,74.190056,CoCrCuMnNiW,True
Cu17Mo24Mn18Cr7Co8,74.205894,CoCrCuMnMo,True
Mn11Cr10Ni8W20Fe16,74.21082,CrFeMnNiW,True
Mo20Fe15Mn13Cu16Ni13,74.2454,CuFeMnMoNi,True
Cu8W6Co11Cr7Mn8,74.29141,CoCrCuMnW,True
Co7Cu7W5Ni19Cr19,74.29733,CoCrCuNiW,True
Cr5Ni11Fe18Cu25Co9,74.31491,CoCrCuFeNi,True
Mo18Co17Ni19Mn18Cu10,74.34412,CoCuMnMoNi,True
Cr10W19Ni15Mn24Fe9,74.37506,CrFeMnNiW,True
W12Co14Mo14Fe11Mn20,74.397575,CoFeMnMoW,True
Co17Cr15Cu23W15Mn18,74.4288,CoCrCuMnW,True
Cu8Mn12Ni8Mo20Cr8,74.43016,CrCuMnMoNi,True
Cu15Co17W10Mn14Cr20,74.44235,CoCrCuMnW,True
Mn16Mo16Co7Cr23W19,74.485985,CoCrMnMoW,True
Co20Mn15Ni23Mo19Cu24,74.52036,CoCuMnMoNi,True
Co17Fe5Mn14Ni18Mo17,74.552216,CoFeMnMoNi,True
Co13Fe25W5Ni18Mn11,74.581024,CoFeMnNiW,True
W23Cu7Cr12Ni18Fe8,74.609825,CrCuFeNiW,True
Fe24Cr23W22Cu16Mn21,74.62244,CrCuFeMnW,True
Cu9Mo23Cr25W13Mn25,74.6304,CrCuMnMoW,True
Mn13Fe21W8Ni24Co15,74.6362,CoFeMnNiW,True
Ni21W9Co19Mn7Fe15,74.67822,CoFeMnNiW,True
Fe10Mo15Ni8Cu20Mn10W18,74.6886,CuFeMnMoNiW,True
Co22Mn6Mo20Ni12Cu8W6,74.70909,CoCuMnMoNiW,True
Ni14W7Co17Mo25Mn14Cu13,74.73973,CoCuMnMoNiW,True
Ni16Mo12Cu15Mn6Fe12,74.75137,CuFeMnMoNi,True
Mo12Co8Cu10Cr15W21,74.772316,CoCrCuMoW,True
Ni5Cr21Cu11Co20W5,74.82128,CoCrCuNiW,True
Cu21Mo5W8Mn8Fe10,74.82295,CuFeMnMoW,True
Co8Mo7Mn7Cu10W5,74.85581,CoCuMnMoW,True
Mn6Ni24Mo16Cu13W18Co15,74.88503,CoCuMnMoNiW,True
Fe11W25Cr19Mn19Co9,74.88736,CoCrFeMnW,True
Ni8Cu6Cr7Co16W9,74.90495,CoCrCuNiW,True
Mn19Cr5Ni13Mo5W15,74.91073,CrMnMoNiW,True
W21Co5Ni14Fe5Cr21,74.939445,CoCrFeNiW,True
Mn11Cu20Fe24Mo21W10,74.987335,CuFeMnMoW,True
Co20Ni6Mo20W11Mn6Cu21,75.05833,CoCuMnMoNiW,True
W22Cr25Fe13Co6Mn23,75.06011,CoCrFeMnW,True
W11Cu14Cr8Mn12Mo19,75.06469,CrCuMnMoW,True
W21Cu21Mn20Mo5Fe18,75.1055,CuFeMnMoW,True
Mo10W13Cu23Mn5Co24,75.15062,CoCuMnMoW,True
Cu18Ni18Mn20Cr9W9,75.16731,CrCuMnNiW,True
Mo22Mn22Cu9W5Cr10,75.18494,CrCuMnMoW,True
Cr13Ni11W13Mn23Co11,75.185776,CoCrMnNiW,True
Cr20Cu13W16Mn6Fe22,75.19876,CrCuFeMnW,True
Cu23Fe8Co22Mo19Ni8,75.22234,CoCuFeMoNi,True
Ni25Cu8Co18Cr6Mo9,75.225,CoCrCuMoNi,True
Mn9Cu20W25Co23Ni19Mo18,75.25751,CoCuMnMoNiW,True
Cr11Mn22Mo22W13Cu15,75.26791,CrCuMnMoW,True
W9Mo14Cu13Fe15Mn16,75.31023,CuFeMnMoW,True
W21Co19Cu7Mo13Ni11,75.31503,CoCuMoNiW,True
W9Mo23Cr23Mn25Cu7,75.326744,CrCuMnMoW,True
Co10Cu22Fe9Ni10Cr5,75.32843,CoCrCuFeNi,True
W5Mn10Fe7Co15Ni14,75.34168,CoFeMnNiW,True
Mo24Mn6Cr20Ni9W10,75.34231,CrMnMoNiW,True
Cu6Co5Cr6Ni24Fe13,75.446014,CoCrCuFeNi,True
Cu6W17Ni25Mo7Fe9,75.48697,CuFeMoNiW,True
Ni6Fe15Co5Cu24Cr7,75.52174,CoCrCuFeNi,True
Cu25Co21Cr11Mn9Mo22,75.5365,CoCrCuMnMo,True
Cr6Mn6Cu12Co19Mo13,75.55528,CoCrCuMnMo,True
Fe16Ni6W25Cu14Cr21,75.57092,CrCuFeNiW,True
Cu12W16Co24Ni18Fe9,75.57403,CoCuFeNiW,True
Cu21W14Cr14Co20Mn24,75.604355,CoCrCuMnW,True
Cu25Fe24W23Mn6Cr20,75.608246,CrCuFeMnW,True
Co21Cu20Ni11Fe5W7,75.62234,CoCuFeNiW,True
Cr24W15Mo21Mn6Fe7,75.6297,CrFeMnMoW,True
Co13Ni9Mn5Cu13W10Mo16,75.64352,CoCuMnMoNiW,True
Cu6Ni19Fe24Mn13W25Mo11,75.65044,CuFeMnMoNiW,True
Mn20Cu23Fe18W8Ni23Co13,75.666756,CoCuFeMnNiW,True
Mn8Fe12W5Cu8Mo10,75.67636,CuFeMnMoW,True
Cr5Co9Fe7W15Mn11,75.70679,CoCrFeMnW,True
Fe14Cu15Co12Mo23W21Mn18,75.70922,CoCuFeMnMoW,True
Ni6Mn12W20Fe18Cr16,75.71715,CrFeMnNiW,True
Cr6Fe9Mo18Mn11W15,75.731766,CrFeMnMoW,True
Ni20W12Mo16Mn6Cr7,75.74369,CrMnMoNiW,True
Mn21Mo15Co25W23Cr5,75.76804,CoCrMnMoW,True
Cu10Cr15Ni7Mo25W21Mn8,75.77744,CrCuMnMoNiW,True
Mn12Fe24Ni7Mo23Cu8,75.80592,CuFeMnMoNi,True
Cu9Co8W15Cr16Ni13,75.84212,CoCrCuNiW,True
Ni9Cr24Cu20W15Co12,75.90075,CoCrCuNiW,True
Fe11W14Mn23Ni11Mo15Cu6,75.900894,CuFeMnMoNiW,True
Cr13Fe5Ni5Co22Cu24,75.9353,CoCrCuFeNi,True
Ni7Cu10Mo22W5Mn5Fe9,75.987564,CuFeMnMoNiW,True
Cr7Mo25Co16Cu8W22,76.06413,CoCrCuMoW,True
W20Mn20Fe10Ni24Cr7,76.07104,CrFeMnNiW,True
Cr10Ni5Co17Mo21W25,76.08557,CoCrMoNiW,True
Fe9Mn24W12Cr23Cu17,76.094635,CrCuFeMnW,True
Ni9Co9Cu20W18Mo23,76.10911,CoCuMoNiW,True
Mn20W5Cu10Cr22Ni25,76.12334,CrCuMnNiW,True
Cr10Cu15W11Mo25Mn22,76.13296,CrCuMnMoW,True
Co20Cu20Ni13Fe7Mo25,76.143135,CoCuFeMoNi,True
Cr8Co10Ni24Fe7Cu20,76.25168,CoCrCuFeNi,True
W20Cr22Ni15Cu8Mo13,76.26992,CrCuMoNiW,True
Fe9Ni18Cu13Mn12Mo11,76.28423,CuFeMnMoNi,True
Co24Mo6Ni18W19Mn24,76.32562,CoMnMoNiW,True
Cu6Cr19Co9W19Mn19Ni22,76.347305,CoCrCuMnNiW,True
Mo9Ni22Co14Mn9Cu17,76.36825,CoCuMnMoNi,True
Mn22Ni11Cu25Mo21Co18,76.386475,CoCuMnMoNi,True
Fe17W23Co12Cr5Mn25,76.39432,CoCrFeMnW,True
Mo10W16Co22Cu22Mn20,76.39795,CoCuMnMoW,True
Co8Cu23Cr21W8Mn21,76.40173,CoCrCuMnW,True
Mo16Fe18Cu8Ni14Mn7,76.421616,CuFeMnMoNi,True
Cu7W25Mo18Ni21Cr14,76.4422,CrCuMoNiW,True
Mo13Cr22W11Ni8Cu10,76.450775,CrCuMoNiW,True
Cu14Ni15Fe23Mn16W5Co19,76.47078,CoCuFeMnNiW,True
Cr24Co13W14Cu15Ni10,76.47167,CoCrCuNiW,True
Ni20Mn11Cu11Co18Mo12,76.49539,CoCuMnMoNi,True
Mn5Co21Fe9Mo14W7,76.509995,CoFeMnMoW,True
W22Mn10Co10Mo6Cr17,76.59247,CoCrMnMoW,True
Mn19Cr19Cu18Co20W13,76.59365,CoCrCuMnW,True
W10Mn21Mo21Fe6Ni11Cu11,76.61853,CuFeMnMoNiW,True
Mo11Ni5Co22W23Cu20,76.627945,CoCuMoNiW,True
Cr16Ni6W23Mn22Cu9Co23,76.63612,CoCrCuMnNiW,True
Mo14Cu9Mn9Cr14W10,76.63801,CrCuMnMoW,True
Cu6Ni10Fe12Mo20Mn18,76.64817,CuFeMnMoNi,True
W11Fe11Mn13Mo18Ni19,76.64971,FeMnMoNiW,True
Fe20Mn15Cr25Cu23W22,76.66728,CrCuFeMnW,True
Cu13W21Mo9Cr6Ni7,76.72614,CrCuMoNiW,True
Mn15Cu25Co20Ni6Mo6,76.72976,CoCuMnMoNi,True
Ni10Cu19W20Mn8Cr20Co9,76.73984,CoCrCuMnNiW,True
Cu14Fe8Mo11Co20Mn20,76.766335,CoCuFeMnMo,True
Cu11Ni25Cr22W5Mn24,76.78747,CrCuMnNiW,True
Cu6Mo5Cr18W10Mn20,76.859146,CrCuMnMoW,True
W6Ni23Fe12Co17Mn7,76.879814,CoFeMnNiW,True
Co20Ni7Cr7Cu19Fe6,76.89978,CoCrCuFeNi,True
W21Cr16Fe22Mn8Cu24,76.90255,CrCuFeMnW,True
Mo12Co17W16Ni24Mn14,76.90436,CoMnMoNiW,True
Cr14Mn23Co25Cu10W8,76.920715,CoCrCuMnW,True
Ni17Mn11W16Cr22Fe6,76.92161,CrFeMnNiW,True
W13Co16Mn21Cr8Cu22,76.92637,CoCrCuMnW,True
Cu18W22Co6Ni12Mo7,76.93865,CoCuMoNiW,True
Ni23Mn18W22Mo12Fe16,76.95389,FeMnMoNiW,True
Mo25Ni25Cr6Mn25W20,76.95865,CrMnMoNiW,True
Mo14Fe16Cu15Co21Mn8,76.96654,CoCuFeMnMo,True
Mn6Fe6W5Co8Mo11,77.00163,CoFeMnMoW,True
Cu10Fe25Ni15Cr5Co5,77.011765,CoCrCuFeNi,True
Cr24W9Mn14Co11Cu24,77.015045,CoCrCuMnW,True
Mn20Fe8W16Cr21Cu25,77.034035,CrCuFeMnW,True
W7Co10Cr25Ni5Mo24,77.05919,CoCrMoNiW,True
Mo5Fe14W19Ni16Mn13,77.07554,FeMnMoNiW,True
Co14W22Mo11Mn8Cr16,77.09043,CoCrMnMoW,True
Cr17W16Mo21Ni11Mn13,77.09286,CrMnMoNiW,True
Mo16W20Ni5Mn21Cu8Cr6,77.14313,CrCuMnMoNiW,True
Co19W9Cr14Mn21Cu12,77.14431,CoCrCuMnW,True
W11Fe5Cr8Mn9Ni7,77.14657,CrFeMnNiW,True
Fe13Ni6Cu8Cr20W14,77.1471,CrCuFeNiW,True
Mo6Mn14Co18W12Cu15,77.153076,CoCuMnMoW,True
Cu21Ni20Mn6Cr7Mo14,77.155975,CrCuMnMoNi,True
Cr12Cu14W10Mn17Co25,77.1792,CoCrCuMnW,True
Mn19W23Fe7Ni23Cr19,77.185005,CrFeMnNiW,True
Ni20Mn22Cr5W15Fe7,77.24025,CrFeMnNiW,True
Mo8Co21Cu20Mn8Ni15,77.24894,CoCuMnMoNi,True
Mo11Cu10Cr8Mn17W10,77.287865,CrCuMnMoW,True
Mo14Co8Mn12Ni15W5,77.302025,CoMnMoNiW,True
Cu21Mn19W14Mo21Fe24,77.32135,CuFeMnMoW,True
W7Mn13Mo20Fe22Cu14,77.38565,CuFeMnMoW,True
Cu10Mo15Cr8Mn7Ni17,77.38688,CrCuMnMoNi,True
Co15Mn14Mo10Cu5Ni17,77.397675,CoCuMnMoNi,True
Ni21Cu21Co7Mo5Fe15,77.400314,CoCuFeMoNi,True
Mn8Ni14Co18Mo17Fe8,77.41209,CoFeMnMoNi,True
W11Fe25Ni12Cu20Co12,77.41933,CoCuFeNiW,True
Fe5Co14Ni8Mo8Mn5,77.42117,CoFeMnMoNi,True
Cr25Co8Mo23Mn6Cu9,77.49386,CoCrCuMnMo,True
Fe23Co12W5Cu22Ni13Mn13,77.50757,CoCuFeMnNiW,True
W5Cu14Mn24Co12Cr8,77.50808,CoCrCuMnW,True
W20Mo23Cu18Ni8Mn18Fe19,77.509865,CuFeMnMoNiW,True
Cu22Fe7Mn25Mo13Ni11,77.5244,CuFeMnMoNi,True
W23Fe12Mo23Cr8Cu7,77.557205,CrCuFeMoW,True
Fe24Cr20W19Mn10Cu17,77.558304,CrCuFeMnW,True
Fe11W23Cu7Cr9Co24,77.57979,CoCrCuFeW,True
Mo5Mn13Co15Ni8Cu24,77.61476,CoCuMnMoNi,True
Mn8W15Mo15Fe17Ni23,77.62553,FeMnMoNiW,True
Cu21Fe17Co24Mo15Mn10,77.631454,CoCuFeMnMo,True
W20Ni18Mn11Fe9Cr24,77.663666,CrFeMnNiW,True
Ni7Co5Cr7Fe17Cu22,77.67665,CoCrCuFeNi,True
Cr6Co21Ni13W16Mn14,77.70274,CoCrMnNiW,True
Cu13Ni6Fe25Cr5Co23,77.721954,CoCrCuFeNi,True
W10Co18Fe16Ni20Mn23,77.762985,CoFeMnNiW,True
Cu10Mn14Mo19Co7Cr7,77.77575,CoCrCuMnMo,True
Ni17Fe7Mn11Cu9Mo5,77.79218,CuFeMnMoNi,True
Cr16Ni9Mn10Fe22W22,77.79461,CrFeMnNiW,True
Mo14Mn15Cu18Cr15W21,77.81072,CrCuMnMoW,True
W22Mn10Ni17Cr23Co23,77.82242,CoCrMnNiW,True
Fe8Cr18Mn7W17Mo23,77.8239,CrFeMnMoW,True
Ni20Mo15W14Mn20Fe11,77.82645,FeMnMoNiW,True
Co20Fe9Ni22Mo13Mn7,77.827774,CoFeMnMoNi,True
Mo8W24Co17Mn5Cr21,77.831375,CoCrMnMoW,True
W18Co22Cu6Mo12Cr7,77.83862,CoCrCuMoW,True
Mo6Co24Mn15Ni6Cu7,77.861374,CoCuMnMoNi,True
Ni20Mo10Cu12Co17Mn10,77.86311,CoCuMnMoNi,True
Mo19Fe11W14Cu12Mn7Ni10,77.8639,CuFeMnMoNiW,True
Co13W12Cr17Mn24Cu23,77.88812,CoCrCuMnW,True
Mn11Cu19Mo23Ni6Cr14,77.92017,CrCuMnMoNi,True
W20Mo19Cu24Mn10Cr16,78.01909,CrCuMnMoW,True
Mo22Cu6Mn16Cr9Ni19,78.02795,CrCuMnMoNi,True
Mn17W5Mo22Ni9Fe13,78.03099,FeMnMoNiW,True
W8Fe5Cr13Mn21Cu16,78.03112,CrCuFeMnW,True
Mo12Ni7Cu13Fe21W20Mn9,78.0415,CuFeMnMoNiW,True
W5Mo11Cu8Fe15Mn18,78.06697,CuFeMnMoW,True
Co14Mn22W20Cu9Ni5Cr8,78.092636,CoCrCuMnNiW,True
Ni13Mn25Cr10Mo22W14,78.1048,CrMnMoNiW,True
Mn5W16Ni9Fe17Cr24,78.13771,CrFeMnNiW,True
Mn14Cr18Cu7Fe9W6,78.1718,CrCuFeMnW,True
Mn10Ni25Fe19Cu25Mo18,78.23134,CuFeMnMoNi,True
Mo20W25Mn11Co24Cr14,78.26884,CoCrMnMoW,True
Fe11Cu12Mn19W10Cr23,78.290634,CrCuFeMnW,True
Co22Cu18W10Mn7Cr23,78.32989,CoCrCuMnW,True
Mo23Co9Fe6Ni22Mn15W23,78.33562,CoFeMnMoNiW,True
Cr11Ni20Fe6Cu18Co24,78.352036,CoCrCuFeNi,True
Mn21W24Co25Mo23Cu23Ni18,78.369446,CoCuMnMoNiW,True
Mn17Fe20Mo5W6Ni5,78.37102,FeMnMoNiW,True
W17Cu11Fe24Mn19Cr15,78.38553,CrCuFeMnW,True
Ni5W18Fe17Cr13Mn25,78.38554,CrFeMnNiW,True
Co12W8Cu19Cr25Mn23,78.40551,CoCrCuMnW,True
W6Ni23Cr13Co7Mn7,78.419,CoCrMnNiW,True
Ni20Mo12Mn19Co22W18,78.42726,CoMnMoNiW,True
Mn15Mo25Cu13Cr9Co23,78.43111,CoCrCuMnMo,True
Mo23Ni13Fe17Mn20W10,78.479904,FeMnMoNiW,True
Cu12Co9W15Mn7Mo10Ni22,78.48661,CoCuMnMoNiW,True
Co18Cu10Mo6Ni21Mn9,78.50825,CoCuMnMoNi,True
Co14Mn7Mo25W7Cr7,78.52971,CoCrMnMoW,True
Ni7Cr11Co21W12Cu11,78.57526,CoCrCuNiW,True
Fe8W8Cu5Mo22Mn9Co15,78.59609,CoCuFeMnMoW,True
Ni23Cu21Mo13W11Mn24,78.62739,CuMnMoNiW,True
Co20W13Cr22Cu21Mn18,78.646126,CoCrCuMnW,True
Cu16W7Ni18Mn24Cr24,78.64839,CrCuMnNiW,True
Mo15Fe5Ni8Cr23W18,78.67154,CrFeMoNiW,True
Ni13Co24Fe25Cu25W25,78.72644,CoCuFeNiW,True
Co11Mn21W9Cu18Cr13,78.750046,CoCrCuMnW,True
Cu12Cr6Mo8Fe5Ni24,78.76623,CrCuFeMoNi,True
Ni7Mn15Fe5Co15Mo20,78.76742,CoFeMnMoNi,True
Ni23Cu23Mn20Fe9Mo10,78.77553,CuFeMnMoNi,True
Cr9Ni16W18Mn24Co16,78.79339,CoCrMnNiW,True
W13Cr23Mn7Mo10Cu13,78.80054,CrCuMnMoW,True
Mn23Co19Ni12W6Fe23,78.809006,CoFeMnNiW,True
Mo16Mn21W16Ni23Fe12,78.81342,FeMnMoNiW,True
Ni12Fe5Co15Cu7Mo25,78.85237,CoCuFeMoNi,True
Fe6Cr10Mn9Ni10W14,78.882965,CrFeMnNiW,True
Fe16Ni25Co10Mn6Mo21,78.95128,CoFeMnMoNi,True
Ni20W24Cu9Mo14Co10,78.98245,CoCuMoNiW,True
Fe14Cu23Cr5Mn6W7,78.985435,CrCuFeMnW,True
W16Ni22Mn9Mo7Cr8,78.99649,CrMnMoNiW,True
Mo22Cu10Co9Fe5Ni13,79.015434,CoCuFeMoNi,True
W24Mo24Ni21Cr12Mn20,79.038376,CrMnMoNiW,True
Co19Mo16Mn6Fe25Cu12,79.0502,CoCuFeMnMo,True
Ni14Mn10Co18Cu13Mo13W17,79.05806,CoCuMnMoNiW,True
W6Mo14Mn5Cu19Ni17,79.08063,CuMnMoNiW,True
Fe13Ni13Mo11Mn14W13,79.083916,FeMnMoNiW,True
Mn18Co25Ni6Cu21Mo10,79.08576,CoCuMnMoNi,True
Cu14W18Mo13Mn12Cr22,79.109535,CrCuMnMoW,True
Fe14W23Mn25Cr17Ni10,79.12353,CrFeMnNiW,True
Mn21Ni20Fe13W12Mo22,79.14101,FeMnMoNiW,True
Mn16Mo5Fe9Co8Cu24,79.144104,CoCuFeMnMo,True
Co14Cr7Mo19Cu13Mn11,79.162155,CoCrCuMnMo,True
Fe25Mo20Cu24Mn8Co18,79.18086,CoCuFeMnMo,True
W14Co11Mn8Fe6Cr16,79.19065,CoCrFeMnW,True
W24Co9Ni6Mo18Fe6,79.197624,CoFeMoNiW,True
Mn9Co24Mo25W23Cr15,79.20215,CoCrMnMoW,True
Cr15Fe11Cu11Mn14W12,79.20589,CrCuFeMnW,True
Cu25Ni20Co7W22Cr18,79.211044,CoCrCuNiW,True
Ni20Mn13Fe15Mo9W19,79.221176,FeMnMoNiW,True
W6Co20Fe21Ni12Mn25,79.2279,CoFeMnNiW,True
Cr6Fe18Co9Cu22Ni25,79.2377,CoCrCuFeNi,True
Cr7Mn24W15Cu12Fe22,79.249954,CrCuFeMnW,True
Co8W20Mn21Mo8Fe5Cu16,79.281784,CoCuFeMnMoW,True
Cr20Co23Ni8Cu20W23,79.2897,CoCrCuNiW,True
Co15Cu21Ni21Fe5W13,79.31089,CoCuFeNiW,True
Co18Fe6Cu10W22Cr5,79.33185,CoCrCuFeW,True
Ni19Mn12Cr14Co24W23,79.35469,CoCrMnNiW,True
Mo18Co16Cu6Cr21W18,79.37032,CoCrCuMoW,True
Cu5Fe15Mo9Ni13Mn11W17,79.385086,CuFeMnMoNiW,True
Co6Cr9Ni20Cu13Fe5,79.40263,CoCrCuFeNi,True
Cr11Mn7W24Ni18Fe25,79.4177,CrFeMnNiW,True
Mo22Ni25Co5Cu21Mn7W9,79.437294,CoCuMnMoNiW,True
Fe9Cr12W25Mn19Co20,79.45145,CoCrFeMnW,True
Fe7W13Mn22Cr6Ni12,79.45712,CrFeMnNiW,True
Fe19Mo22Mn5Ni5W19Cu25,79.46512,CuFeMnMoNiW,True
Cu14Mo8Ni24Fe11Co19,79.47995,CoCuFeMoNi,True
Mn8Cu10Mo22Cr16Co5,79.49531,CoCrCuMnMo,True
Cr18Ni11Cu10W14Co10,79.50946,CoCrCuNiW,True
Co11Cr11W15Mn14Ni24,79.57518,CoCrMnNiW,True
Cr6Ni20Cu7Fe9W18,79.58903,CrCuFeNiW,True
Co8Cu23Cr8Mo6Ni24,79.59181,CoCrCuMoNi,True
W9Mo19Ni17Mn18Co16,79.59603,CoMnMoNiW,True
Ni8Mn17Cr16Fe19W24,79.59909,CrFeMnNiW,True
Mo13Mn11W15Co25Cu7Ni19,79.606316,CoCuMnMoNiW,True
Cu11W22Ni6Cr5Fe18,79.615906,CrCuFeNiW,True
Fe11Cu11Ni8Cr22W19,79.61768,CrCuFeNiW,True
Mo18W23Fe11Cr13Mn13,79.61976,CrFeMnMoW,True
Mo25W18Cu11Ni8Co20,79.62207,CoCuMoNiW,True
Cr11Cu21Ni5Co14Fe5,79.62718,CoCrCuFeNi,True
Co8W24Cu20Mo16Fe5,79.64488,CoCuFeMoW,True
W10Ni9Mn5Mo12Cr10,79.65177,CrMnMoNiW,True
Cr15Mn14Ni24Cu13W25Co11,79.71366,CoCrCuMnNiW,True
W9Cu20Mo22Fe16Mn16,79.71559,CuFeMnMoW,True
Mo12Co8Ni11Cu10W22,79.747314,CoCuMoNiW,True
Co17Mn11Cu10Cr6Ni7W17,79.75029,CoCrCuMnNiW,True
W19Ni18Mo5Mn23Co25,79.75168,CoMnMoNiW,True
Mo20Mn5Cr9Fe21W22,79.75697,CrFeMnMoW,True
Mo6W19Mn17Co22Ni18,79.76727,CoMnMoNiW,True
Fe11Co8Mo10Mn23W6,79.768234,CoFeMnMoW,True
W16Mo24Ni8Cr23Mn19,79.77529,CrMnMoNiW,True
Cu14W19Mn20Cr23Fe23,79.805916,CrCuFeMnW,True
Mn12Cu18Fe13Co20Mo14,79.836914,CoCuFeMnMo,True
W10Fe13Mo14Mn22Ni13,79.84195,FeMnMoNiW,True
Mn25Fe13Ni19Mo19Cu21,79.86387,CuFeMnMoNi,True
Cu20W6Co13Mn5Mo7,79.894485,CoCuMnMoW,True
W21Co15Cu9Ni21Cr18,79.89927,CoCrCuNiW,True
Cr23W10Mo25Mn10Co6,79.93013,CoCrMnMoW,True
Cr10Fe5Ni6Cu21Co9,79.93265,CoCrCuFeNi,True
Fe24Cu8Co8Cr5Ni9,79.93468,CoCrCuFeNi,True
Cu24Cr5Fe25Co22Ni17,79.94083,CoCrCuFeNi,True
Ni12Mo15W18Cr20Mn9,79.941666,CrMnMoNiW,True
W12Cu24Fe17Mn19Mo22,79.95134,CuFeMnMoW,True
Cu25W11Mn13Cr16Ni24,79.96399,CrCuMnNiW,True
Mo19Cr11Cu7Mn8Co9,79.97362,CoCrCuMnMo,True
Ni17Mn9W12Cr25Co12,79.9957,CoCrMnNiW,True
Ni25Mn22Mo17Cu8Fe14,80.084595,CuFeMnMoNi,True
Cr18W22Ni23Fe7Mn18,80.111885,CrFeMnNiW,True
Cr13W21Ni21Mn9Co20,80.14808,CoCrMnNiW,True
Co18Cr19Mn15W10Cu16,80.16982,CoCrCuMnW,True
Fe8Mo20Mn12W6Ni24,80.177505,FeMnMoNiW,True
Co5W16Mo22Cr23Cu16,80.18046,CoCrCuMoW,True
W22Cu16Ni10Mo24Co10,80.19005,CoCuMoNiW,True
Cr20W9Cu10Fe10Mn23,80.250595,CrCuFeMnW,True
Mo7W18Mn13Cu22Cr8,80.252365,CrCuMnMoW,True
Mn13Mo16Fe9Cr25W25,80.26117,CrFeMnMoW,True
Ni10Mn9W14Mo17Cr17,80.28294,CrMnMoNiW,True
Fe9Mn19W21Cr11Ni18,80.28763,CrFeMnNiW,True
W23Ni9Fe22Cr18Mn12,80.291374,CrFeMnNiW,True
Mn23Co17W6Cr23Cu12,80.31815,CoCrCuMnW,True
Fe15Ni21Cu9Mn21Mo21,80.36088,CuFeMnMoNi,True
Fe17Ni24W11Co20Mn5Cu17,80.39407,CoCuFeMnNiW,True
Ni14W12Cr5Mn6Fe9,80.436554,CrFeMnNiW,True
Mo7W7Fe7Co20Mn9,80.45459,CoFeMnMoW,True
Cu7Ni22Mo21Mn21Fe16,80.47017,CuFeMnMoNi,True
Mo9Mn8Co19Ni23W15,80.47937,CoMnMoNiW,True
Mo15W17Fe20Mn7Ni25,80.50179,FeMnMoNiW,True
Mo11Cu19W25Mn17Ni7Fe17,80.50742,CuFeMnMoNiW,True
Mo10Fe10Mn16Cu7Co20,80.51951,CoCuFeMnMo,True
Co19Fe15W8Ni13Mn16,80.55785,CoFeMnNiW,True
Mo25Ni6Co5Mn19Cu7,80.55841,CoCuMnMoNi,True
Mn6W17Fe17Mo10Cr6,80.57907,CrFeMnMoW,True
Cu20W16Mn19Mo7Fe13,80.59383,CuFeMnMoW,True
Fe8W23Co20Cu25Ni22,80.60388,CoCuFeNiW,True
Cu5Co17W16Mo12Cr22,80.609314,CoCrCuMoW,True
Cr14Mn20Cu15W11Co25,80.62279,CoCrCuMnW,True
W15Mn16Mo13Cu10Cr18,80.64497,CrCuMnMoW,True
Mn22Cu25W22Co9Ni13Mo7,80.70159,CoCuMnMoNiW,True
Mn13Fe18Ni13Co10W5,80.70466,CoFeMnNiW,True
Cr19Fe12W7Mn11Cu8,80.735374,CrCuFeMnW,True
Mn16Mo15Co14Cr16W24,80.75565,CoCrMnMoW,True
Ni5W15Cr17Fe10Mn18,80.77832,CrFeMnNiW,True
Mo17Co16W8Ni14Mn14,80.78657,CoMnMoNiW,True
Ni24Mn18Cr9Cu25W12,80.79346,CrCuMnNiW,True
Fe14Co5W25Cr13Mn9Cu8,80.800446,CoCrCuFeMnW,True
Cr12W20Cu21Co6Mn6Ni18,80.81902,CoCrCuMnNiW,True
Ni12Co21Cu7Cr5Fe20,80.83019,CoCrCuFeNi,True
Mo11Ni24W17Cu8Cr5,80.85223,CrCuMoNiW,True
Mn16Co24W8Ni15Fe20,80.86466,CoFeMnNiW,True
Co20Mn16Mo19W23Cu5Fe25,80.879105,CoCuFeMnMoW,True
Ni14Cu6W19Cr12Mo12,80.88314,CrCuMoNiW,True
Ni13Cr6Fe6Co15Cu16,80.909454,CoCrCuFeNi,True
Ni16W20Co22Cu12Fe20,80.94846,CoCuFeNiW,True
Cu8Fe21Ni11Mn14Mo24,80.97466,CuFeMnMoNi,True
Cr17Cu7Ni18Co16Mn15W21,81.03459,CoCrCuMnNiW,True
Mn25Fe16Cu23Mo24W9,81.03855,CuFeMnMoW,True
Cr23Mo7Ni7Cu19W24,81.06856,CrCuMoNiW,True
Mo25Ni17Fe10Mn14Co20,81.07369,CoFeMnMoNi,True
Ni6Cu9W13Co9Cr11,81.084724,CoCrCuNiW,True
Ni20Mo8Mn10Co15Cu22,81.09184,CoCuMnMoNi,True
Mo12Cr23Fe8W20Co5,81.122444,CoCrFeMoW,True
Mo13Co7W18Cu25Mn12Ni21,81.14023,CoCuMnMoNiW,True
Mo11Ni13Mn15Fe9Cu18,81.14267,CuFeMnMoNi,True
W11Ni11Mo17Cr7Mn11,81.15883,CrMnMoNiW,True
Mn22Fe10Mo17Cu8Co21,81.16624,CoCuFeMnMo,True
Cr6Co18Fe17Ni24Cu10,81.1685,CoCrCuFeNi,True
Fe13Co22Ni5Cu19Mo10,81.17826,CoCuFeMoNi,True
Co5Mo20Cr25W21Ni17,81.18583,CoCrMoNiW,True
Co12Cu21Ni20Mo10Mn12,81.20475,CoCuMnMoNi,True
Cr25Ni22Mn16W17Co10,81.21626,CoCrMnNiW,True
W23Cr17Mn23Cu23Mo24,81.23451,CrCuMnMoW,True
Ni5Mo18W22Fe21Cu12,81.24448,CuFeMoNiW,True
Mn10Mo19Co13Cu9Fe22,81.25703,CoCuFeMnMo,True
Cr19Mn8W20Fe8Mo5,81.26491,CrFeMnMoW,True
Mn18Fe11Cr14Cu21W17,81.32329,CrCuFeMnW,True
W21Mn17Cr20Co12Mo23,81.3651,CoCrMnMoW,True
Mn25Mo19W6Ni6Cr11,81.40028,CrMnMoNiW,True
Cr12Fe16Co6W24Cu10,81.40788,CoCrCuFeW,True
Mo21Co6Fe8Ni23Cu9,81.4366,CoCuFeMoNi,True
Ni19Fe12W25Mn16Cr12,81.45567,CrFeMnNiW,True
Cr23W8Fe9Cu8Ni5,81.47543,CrCuFeNiW,True
Cr15Cu21Mn13W9Co10,81.506454,CoCrCuMnW,True
Ni10Mo24Cr10W13Cu9,81.51667,CrCuMoNiW,True
Mo10Cu13Ni5W15Cr17,81.53094,CrCuMoNiW,True
Ni21Mo25Co17Mn24W7,81.541016,CoMnMoNiW,True
Cr12W25Cu11Co14Ni21,81.562546,CoCrCuNiW,True
Fe25Cu10Mn15Mo9Co10W25,81.56707,CoCuFeMnMoW,True
Cu5Mo18W6Co7Cr13,81.58041,CoCrCuMoW,True
Fe17Mo24Mn15W16Co23,81.59018,CoFeMnMoW,True
Ni24Cr9Mo7Cu20Fe5,81.60356,CrCuFeMoNi,True
W10Co7Cr16Mn9Mo21,81.613335,CoCrMnMoW,True
W24Mn21Ni19Cr9Fe13,81.63978,CrFeMnNiW,True
W8Mn22Cu11Co25Cr14,81.64548,CoCrCuMnW,True
Cu22Mn22W13Co7Mo6Ni7,81.649,CoCuMnMoNiW,True
Mn19W12Co12Ni10Cr22,81.6661,CoCrMnNiW,True
Fe19Cu23Mo22Ni5Mn19,81.66705,CuFeMnMoNi,True
Cr7Mn12Fe13Cu5W8,81.69831,CrCuFeMnW,True
Cr15W20Fe22Cu23Mn11,81.706795,CrCuFeMnW,True
W14Mn23Cu24Co23Mo20Ni5,81.73911,CoCuMnMoNiW,True
Co22Mo23Mn22W25Fe6Cu22,81.759544,CoCuFeMnMoW,True
Ni10Mn25Cr15W5Cu23,81.77461,CrCuMnNiW,True
Mo19Mn16Cu17Cr14W17,81.77817,CrCuMnMoW,True
Fe14Cu11Mn15Co9Mo20,81.77953,CoCuFeMnMo,True
Cr23Ni5Fe5Mo6W10,81.8125,CrFeMoNiW,True
W9Ni8Fe6Cu14Co17,81.85759,CoCuFeNiW,True
W17Cu9Mo15Cr24Fe7,81.85914,CrCuFeMoW,True
Mo21Mn6Fe17W10Co15,81.863594,CoFeMnMoW,True
Fe20Co25Cu5Ni12Cr8,81.87187,CoCrCuFeNi,True
Ni18Mn21W24Fe10Cr23,81.87914,CrFeMnNiW,True
Cu25Mn8Fe19Ni18Mo15,81.88075,CuFeMnMoNi,True
Fe6Cu9Co9W24Mo12,81.88953,CoCuFeMoW,True
Fe15Co5Cr23W18Ni6,81.9077,CoCrFeNiW,True
Cr15Cu9W8Mn21Fe9,81.94534,CrCuFeMnW,True
Mo19Cu25Mn22Ni6Fe16,81.948235,CuFeMnMoNi,True
Fe8Mo23Mn22Cu22W19Co10,81.95771,CoCuFeMnMoW,True
W10Mo19Mn22Cr25Cu7,81.96403,CrCuMnMoW,True
Mo21W15Fe24Mn18Cu25,81.97574,CuFeMnMoW,True
Co8Cu8W16Cr7Ni15,81.985176,CoCrCuNiW,True
Mn13Mo12Ni23W21Cr9,81.99809,CrMnMoNiW,True
Fe25Mn9Cr22W17Cu15,82.011505,CrCuFeMnW,True
Ni9Mn18Cu18W22Cr9Co8,82.04476,CoCrCuMnNiW,True
Cr17Mn11Cu25Ni24W11,82.04673,CrCuMnNiW,True
Ni22Fe16Cr6Cu9Co19,82.05859,CoCrCuFeNi,True
W10Cr15Cu15Co21Mn22,82.06439,CoCrCuMnW,True
Ni21Co15Fe16Cu16Cr5,82.06703,CoCrCuFeNi,True
Fe6Ni6W18Cu20Mo23,82.08082,CuFeMoNiW,True
Co10W6Cu18Cr22Mn15,82.086784,CoCrCuMnW,True
Fe21Ni18Co12Cr5Cu8,82.135826,CoCrCuFeNi,True
Mn12Fe23Cu5Mo20Ni10,82.1492,CuFeMnMoNi,True
Fe22W7Ni23Co17Mn10,82.17038,CoFeMnNiW,True
Cu14Cr6Co9Fe17Ni23,82.206985,CoCrCuFeNi,True
W5Co20Ni14Mn7Mo25Cu11,82.24911,CoCuMnMoNiW,True
Cr16W12Co7Mn7Mo11,82.26469,CoCrMnMoW,True
Cr11Mn23W7Cu11Co24,82.28146,CoCrCuMnW,True
Mn16Mo5Co22Cu14W11,82.31181,CoCuMnMoW,True
Co9Mn12Cr11Cu15W8,82.325264,CoCrCuMnW,True
Mn15Cr15Mo21W7Cu8,82.39142,CrCuMnMoW,True
Cu23W12Mn25Mo7Ni19,82.40289,CuMnMoNiW,True
Fe10Mo11Cu24Co24Mn21,82.41169,CoCuFeMnMo,True
Cu16W19Ni24Fe15Co12,82.43454,CoCuFeNiW,True
Co16Mo13Mn15Ni23Cu13,82.44707,CoCuMnMoNi,True
Mo22W16Ni5Mn20Cu16Fe17,82.49197,CuFeMnMoNiW,True
Mn12W15Ni12Fe17Mo6,82.512054,FeMnMoNiW,True
Mo5Mn6Ni21Cu15W6,82.539055,CuMnMoNiW,True
Mn23Cu19Ni13Cr6Mo25,82.57533,CrCuMnMoNi,True
Ni23Co16Mn13W10Mo16Cu6,82.58093,CoCuMnMoNiW,True
Ni7Co14Cu18W11Cr23,82.61259,CoCrCuNiW,True
Co7Mn12Ni13W19Cu24Cr9,82.65196,CoCrCuMnNiW,True
Mn23W7Fe20Mo24Co8,82.67819,CoFeMnMoW,True
Mo14W22Co12Mn16Cr16,82.70559,CoCrMnMoW,True
W20Mo19Cu7Cr7Ni15,82.760796,CrCuMoNiW,True
Fe12Mn22W14Ni8Cr6,82.7726,CrFeMnNiW,True
Fe21Co6Cu14Cr7Ni23,82.80957,CoCrCuFeNi,True
Cr22W19Co7Cu18Ni25,82.809586,CoCrCuNiW,True
Mo22Mn8Cr13Cu19Ni17,82.8286,CrCuMnMoNi,True
Cu23W8Mn16Ni19Mo17,82.83572,CuMnMoNiW,True
Cu19Fe11W10Mo12Mn21,82.90609,CuFeMnMoW,True
Co5Fe5Ni18Cu24Cr17,83.00579,CoCrCuFeNi,True
Co20Fe12Ni19Cu25Mo13,83.0389,CoCuFeMoNi,True
W17Ni6Mo18Cu19Cr25,83.11002,CrCuMoNiW,True
Mo17Fe5W22Co19Mn15Ni9,83.141945,CoFeMnMoNiW,True
Ni18Fe12Cr6Cu10Co21,83.17962,CoCrCuFeNi,True
Cr17Mo18Mn15Ni19W24,83.18652,CrMnMoNiW,True
Fe23Cu18Mo23Ni23Mn11,83.20311,CuFeMnMoNi,True
Cr21W20Cu18Mo23Mn20,83.212975,CrCuMnMoW,True
Ni16Cr24W5Cu5Co20,83.26319,CoCrCuNiW,True
Ni5Fe22Mn25W22Cr18,83.266754,CrFeMnNiW,True
Ni11Cr19Mo20W12Mn5,83.28535,CrMnMoNiW,True
Fe10Cr16Cu6W7Mn17,83.31622,CrCuFeMnW,True
Mn17Co15W22Cr16Fe8,83.33173,CoCrFeMnW,True
Cr6W16Mn18Mo24Ni20,83.33787,CrMnMoNiW,True
Fe25Ni19W21Mn14Mo10,83.35511,FeMnMoNiW,True
Co14Mn15Cr10W25Cu6Mo22,83.43373,CoCrCuMnMoW,True
Co5Mo18W19Cu19Cr25,83.46012,CoCrCuMoW,True
Mn15W6Cu18Ni20Co15Fe19,83.49187,CoCuFeMnNiW,True
Ni22W11Mn14Co25Mo23,83.49423,CoMnMoNiW,True
Mn20Co12Mo17Cu20Ni7,83.62778,CoCuMnMoNi,True
Mn19W18Co12Mo13Cr11,83.633736,CoCrMnMoW,True
W21Mo17Cr10Mn16Co16,83.68487,CoCrMnMoW,True
Fe5W23Cu22Cr5Ni15,83.687836,CrCuFeNiW,True
Mn20Cu14Co17W21Mo15Ni23,83.71002,CoCuMnMoNiW,True
Mo5Ni8Fe14Mn15W10,83.72333,FeMnMoNiW,True
Fe8Mo19Cr25Cu10W21,83.73192,CrCuFeMoW,True
Mo20W16Co7Ni8Cr5,83.75146,CoCrMoNiW,True
Fe13Mo8Mn5Co19W12,83.75691,CoFeMnMoW,True
Ni21Co25Cu9Mn16Mo9,83.75794,CoCuMnMoNi,True
Mo6Ni21Cr16Cu6W24,83.80899,CrCuMoNiW,True
Ni14W15Co13Fe18Cu10,83.812584,CoCuFeNiW,True
Fe9W16Co7Cr23Mn21,83.83177,CoCrFeMnW,True
Cu6Fe22Mn7Mo7Co23,83.83497,CoCuFeMnMo,True
Fe9Cr5Cu23Mo10Ni22,83.87798,CrCuFeMoNi,True
W20Ni13Cr5Fe22Mn15,83.89051,CrFeMnNiW,True
Mo22Ni6Cu11Fe21W21,83.89678,CuFeMoNiW,True
Mn23W8Ni20Cr18Cu19,83.90182,CrCuMnNiW,True
Fe21Co24Cu17Ni25Cr7,83.90301,CoCrCuFeNi,True
Fe23Mn19Cu7Co23Mo25,83.91048,CoCuFeMnMo,True
Co11Fe13Mn18Cu13Mo19,83.91603,CoCuFeMnMo,True
Mn12Fe14Cr15Cu11W12,83.916306,CrCuFeMnW,True
Ni21Mn23Co19Fe13W5Cu24,83.939255,CoCuFeMnNiW,True
W15Ni7Mo24Mn22Cr25,83.94205,CrMnMoNiW,True
Mo9Mn25W22Fe23Co16,83.94881,CoFeMnMoW,True
Mo22Cu25Fe23Co11Mn14,83.96073,CoCuFeMnMo,True
Cr6Mn16Ni18Mo20Cu11,83.974655,CrCuMnMoNi,True
Ni21Cr8Co13Cu25Fe14,84.02434,CoCrCuFeNi,True
Mn9Co8Cu15Cr16Mo23,84.05118,CoCrCuMnMo,True
Mo7Cu5Fe7W10Ni9Mn25,84.091354,CuFeMnMoNiW,True
Cu11W18Co7Mo18Ni9,84.101654,CoCuMoNiW,True
Mo11Mn18Ni23Fe24W25,84.17969,FeMnMoNiW,True
W17Cr6Cu18Mo6Mn18,84.1839,CrCuMnMoW,True
Fe18Ni12Mo21Cu10Mn12,84.21418,CuFeMnMoNi,True
Mo13Fe13Cr11Cu6W24,84.215744,CrCuFeMoW,True
Ni21W21Mo14Fe20Mn19,84.25467,FeMnMoNiW,True
Co5Cr14Mn5Ni13W7,84.27131,CoCrMnNiW,True
Cr6Ni10Fe19Co5Cu17,84.28048,CoCrCuFeNi,True
W24Co20Mo11Fe22Mn17,84.308784,CoFeMnMoW,True
Mn22Fe23Cu16W16Cr6,84.311035,CrCuFeMnW,True
Cr12W13Mn16Co24Cu24,84.37445,CoCrCuMnW,True
Mn24Co19Fe18W21Mo13,84.375275,CoFeMnMoW,True
Fe7Mo9Ni19Mn23W9,84.46174,FeMnMoNiW,True
Cu11Co18W13Fe6Ni16,84.46896,CoCuFeNiW,True
Mo8Cr11Cu7W9Mn16,84.471504,CrCuMnMoW,True
Cr7Fe24Co8Ni18Cu21,84.48834,CoCrCuFeNi,True
Cu13Fe11Mn25Mo22Ni13,84.55422,CuFeMnMoNi,True
Mn18Mo21Cu24Co25Ni24,84.56701,CoCuMnMoNi,True
Fe25Cr7Co8Cu11Ni18,84.5894,CoCrCuFeNi,True
Mn22Cr10Mo21Fe7W14,84.6153,CrFeMnMoW,True
Ni23Mo25Mn6W17Co19Cu17,84.630035,CoCuMnMoNiW,True
Mn18Mo17Co7Cu7Fe7,84.64778,CoCuFeMnMo,True
Mn5Ni22W17Fe20Mo9,84.69068,FeMnMoNiW,True
Mn10Cr5Mo11Co22Cu22,84.695724,CoCrCuMnMo,True
Cu13Mn19Cr19Fe18W16,84.702576,CrCuFeMnW,True
Mo11Cr22W10Mn10Co6,84.721664,CoCrMnMoW,True
Ni23Mo11Fe7Co22Mn11,84.73896,CoFeMnMoNi,True
Cr8Cu6Co15Mo17W19,84.76025,CoCrCuMoW,True
W10Ni15Mo19Mn16Fe13,84.760254,FeMnMoNiW,True
Ni21W20Cr10Fe13Mn10,84.7881,CrFeMnNiW,True
W6Co13Ni20Mn22Fe22,84.80773,CoFeMnNiW,True
Cr10Ni9Fe9W13Mn25,84.83322,CrFeMnNiW,True
Cu13Cr11Mo25W13Ni7,84.84982,CrCuMoNiW,True
Co5Cu19Mo21Mn22Ni6,84.886475,CoCuMnMoNi,True
Cr8Mn16Ni11W11Mo19,84.88999,CrMnMoNiW,True
Mo5W19Cu16Ni5Co14,84.91636,CoCuMoNiW,True
Cu17Ni12Mn8W25Co23Cr20,84.9448,CoCrCuMnNiW,True
Cr25Co15Mn22Ni15W18,84.94702,CoCrMnNiW,True
Co13Ni25Mo25W23Cu9,84.99284,CoCuMoNiW,True
W7Cu6Fe25Mo6Mn6Co5,85.00097,CoCuFeMnMoW,True
W15Ni22Mn23Cr11Fe5,85.04045,CrFeMnNiW,True
Cu7W9Ni25Cr19Fe5,85.112915,CrCuFeNiW,True
Mo20Ni14Cr13W23Cu10,85.12709,CrCuMoNiW,True
Fe6Mo12Ni21W19Cu7,85.15638,CuFeMoNiW,True
Co22Fe11Mo10Cu9Ni23,85.19409,CoCuFeMoNi,True
Mo20Co17Cu17Ni25Fe9,85.222626,CoCuFeMoNi,True
Mo18Cu21Cr20Ni6W22,85.28911,CrCuMoNiW,True
Co24Fe14Ni6Mn6Mo14,85.29929,CoFeMnMoNi,True
Cr11Mn14Mo23Co14Cu25,85.33129,CoCrCuMnMo,True
W24Mo16Mn18Cr8Co23,85.34166,CoCrMnMoW,True
Ni11Co7Cu16W10Fe8,85.34306,CoCuFeNiW,True
Ni19Cr7Co17Cu5Fe11,85.345184,CoCrCuFeNi,True
Cu7Fe13W21Mn5Cr11Co5,85.42394,CoCrCuFeMnW,True
Cr16Mn18Cu20Fe25W20,85.45316,CrCuFeMnW,True
Fe20Mn11Co8Cu18Mo19,85.50077,CoCuFeMnMo,True
Cr5Mn7Cu23Ni6Mo6,85.50449,CrCuMnMoNi,True
W10Co18Mn15Ni23Mo21,85.52063,CoMnMoNiW,True
Co7Mn23Fe16W18Cr7,85.534195,CoCrFeMnW,True
Cr12Ni18W16Mn13Mo25,85.54137,CrMnMoNiW,True
Cu17Co16Mo15Ni20Mn14W20,85.55341,CoCuMnMoNiW,True
Mn14Cu7Fe18Co11Mo21,85.562836,CoCuFeMnMo,True
Co12W24Mn18Fe19Cr6,85.57703,CoCrFeMnW,True
Co16Mo12Cu22Mn16Fe12,85.620255,CoCuFeMnMo,True
Mn13Cu14W5Co8Cr17,85.65711,CoCrCuMnW,True
Mn25Cr24Cu22W25Mo24,85.658554,CrCuMnMoW,True
Cr25Co20Mn20Ni5Cu6W14,85.70564,CoCrCuMnNiW,True
Ni20Mn8Fe12Cu22Mo6,85.78286,CuFeMnMoNi,True
Mn23Cr23W8Cu17Ni25,85.82216,CrCuMnNiW,True
Mn13Fe18Co19Mo20W15,85.89004,CoFeMnMoW,True
Cr18Mn7W16Ni12Mo13,85.90939,CrMnMoNiW,True
Cr24Cu25Mn6Fe10W12,85.943504,CrCuFeMnW,True
Mo8W22Cr21Cu7Ni18,85.952805,CrCuMoNiW,True
Cr5W9Mn20Ni10Mo9,85.969986,CrMnMoNiW,True
Fe5Cr5Mn5W8Ni11,85.98265,CrFeMnNiW,True
W18Mn21Mo25Ni6Cu24Fe17,85.99434,CuFeMnMoNiW,True
Cr20Cu23Mn9W19Mo19,86.04593,CrCuMnMoW,True
Mn11Co18Cu9Mo6Ni21,86.07278,CoCuMnMoNi,True
Cu11Mn10Ni17Mo19Co18W12,86.07719,CoCuMnMoNiW,True
Ni18Cu8Co16Cr6Fe13,86.1441,CoCrCuFeNi,True
Mn12Mo12Cu7Cr6Ni23,86.16307,CrCuMnMoNi,True
Cu19W5Co13Mn8Mo13,86.21255,CoCuMnMoW,True
Ni15Cr22Mn13Fe14W24,86.22377,CrFeMnNiW,True
Ni9Cu10Fe11Cr5Co17,86.2253,CoCrCuFeNi,True
W18Mo6Mn21Fe14Cu23,86.275764,CuFeMnMoW,True
Fe19Mo10Mn19Ni5W5,86.28847,FeMnMoNiW,True
W13Fe5Mo20Co13Cu13Mn25,86.32266,CoCuFeMnMoW,True
Ni25Mn12W15Mo7Co17,86.335075,CoMnMoNiW,True
W19Ni12Cr16Mo8Mn9,86.35243,CrMnMoNiW,True
Fe15Mo15W13Mn10Ni25,86.37935,FeMnMoNiW,True
Mn13Ni5Fe21Cu21Mo19,86.38515,CuFeMnMoNi,True
W14Fe24Cu8Co6Mo21,86.41281,CoCuFeMoW,True
Co20Mo5Mn7Ni23Cu21,86.45005,CoCuMnMoNi,True
Fe6Mn16Mo15Co5Ni22,86.454384,CoFeMnMoNi,True
Fe10Mn15Cr19Mo24W23,86.46645,CrFeMnMoW,True
Ni11Fe15Cu13W18Mn19Mo20,86.49532,CuFeMnMoNiW,True
W7Cr22Fe6Ni6Cu10,86.535706,CrCuFeNiW,True
Cu10Co6Mo25W19Fe25,86.575966,CoCuFeMoW,True
Co17W23Ni21Mn14Cu19Mo14,86.58992,CoCuMnMoNiW,True
Mo5Fe20Ni5W6Cu7,86.59637,CuFeMoNiW,True
Cu7Mo11W17Ni6Fe5,86.60098,CuFeMoNiW,True
Mo8Cu25Mn24Fe5Co6,86.61483,CoCuFeMnMo,True
Mo21Cr18Mn10W22Co19,86.618,CoCrMnMoW,True
Mn25Mo21Ni17Fe22W15,86.62163,FeMnMoNiW,True
Co11Mo14Mn10Ni22W5,86.62178,CoMnMoNiW,True
Cu7Mo11W17Cr11Ni10,86.62446,CrCuMoNiW,True
Co21Cr15Cu11Mn20W7,86.64989,CoCrCuMnW,True
Ni24Co6Cr24Cu15W9,86.65722,CoCrCuNiW,True
Cr11Co6Ni24Fe12Cu5,86.68066,CoCrCuFeNi,True
Cr21W20Ni18Fe10Mn8,86.69526,CrFeMnNiW,True
Mn13Co22Mo9W12Fe9,86.69767,CoFeMnMoW,True
Ni7Cu21W24Mo15Fe14Mn25,86.705505,CuFeMnMoNiW,True
Fe12Mo10Mn17Co19W17,86.72615,CoFeMnMoW,True
Cr10Mo7Ni5W6Mn25,86.7308,CrMnMoNiW,True
Cu6Ni21Cr18Mn11Fe6W24,86.7477,CrCuFeMnNiW,True
W5Cu17Co25Mn9Mo15,86.75763,CoCuMnMoW,True
Co17Ni24Fe13Cr8Cu16,86.76923,CoCrCuFeNi,True
Fe13Ni23Mo15Mn5Co19,86.7944,CoFeMnMoNi,True
Mn24Cu23Co8Mo21Ni11,86.80763,CoCuMnMoNi,True
Cu25Cr7Co13Ni17Mo7,86.81608,CoCrCuMoNi,True
Ni20W19Cu15Mo21Mn5Fe10,86.84746,CuFeMnMoNiW,True
Mo12Co20Cr8W22Mn15,86.86417,CoCrMnMoW,True
Co23Mn18Ni19Fe11W5,86.9132,CoFeMnNiW,True
Ni25Mn11Co24W8Fe15,86.91815,CoFeMnNiW,True
Co24Mn17Ni17Fe17W8,86.921555,CoFeMnNiW,True
W25Fe10Mn21Ni25Cr18,86.94378,CrFeMnNiW,True
W18Cr21Mo18Mn13Co10,86.96826,CoCrMnMoW,True
Mn14Mo15Fe24W23Co25,86.98588,CoFeMnMoW,True
Mn25Co18Cu25W10Mo15,86.995224,CoCuMnMoW,True
Cr9Co6Cu8Ni15W12,87.06402,CoCrCuNiW,True
Cr22W25Fe8Mn15Co25,87.06893,CoCrFeMnW,True
Mo21Ni24Mn5Cr6Co17,87.0695,CoCrMnMoNi,True
Cr7Cu24Mn6Ni9Mo9,87.08518,CrCuMnMoNi,True
W11Mn16Cu10Fe19Cr24,87.08774,CrCuFeMnW,True
Ni24Mn8Cu24Cr13Mo22,87.08904,CrCuMnMoNi,True
Cu18Mn14Ni5Cr6Fe10W24,87.092155,CrCuFeMnNiW,True
Cr15Mo13Cu5Co15W17,87.10947,CoCrCuMoW,True
Mn23Ni11Cr18W17Co18,87.13034,CoCrMnNiW,True
Cr19Fe6Mo16Ni9W25,87.1498,CrFeMoNiW,True
Cu14Mn22Co16Ni20Mo21,87.157455,CoCuMnMoNi,True
W25Mn18Fe16Co17Cr5,87.184814,CoCrFeMnW,True
Cr5Mn24Cu9Ni24Mo19,87.191475,CrCuMnMoNi,True
Mn6Co10Cu24Fe20Mo6,87.20242,CoCuFeMnMo,True
Mn6Fe16W23Cr20Co11,87.20592,CoCrFeMnW,True
Mn7Co9Cr25W11Ni25,87.20882,CoCrMnNiW,True
Fe5Ni25Co9Cu12Cr21,87.22032,CoCrCuFeNi,True
Cu17Mn22Ni18Mo20Fe14,87.24637,CuFeMnMoNi,True
Ni19Cu23Cr23Fe5Co19,87.25167,CoCrCuFeNi,True
Co11Cu14Cr25Mo12W25,87.2759,CoCrCuMoW,True
Mo9Mn9Cr21W9Ni7,87.28919,CrMnMoNiW,True
Mo25Cr6Cu7W15Fe10,87.31144,CrCuFeMoW,True
Cu11Co6Ni15Fe22Cr7,87.31858,CoCrCuFeNi,True
W23Cr18Fe9Mn25Mo20,87.342384,CrFeMnMoW,True
W9Cr25Cu23Ni20Mn24,87.35353,CrCuMnNiW,True
Cr5Mn22Ni22Fe10W17,87.38047,CrFeMnNiW,True
Co12Mn20Cr20W13Ni11,87.38641,CoCrMnNiW,True
Mn18Co14W10Cu25Mo12,87.39079,CoCuMnMoW,True
Cr17W17Mn23Ni9Mo7,87.411064,CrMnMoNiW,True
Mn11Fe17Mo15W12Ni16,87.421875,FeMnMoNiW,True
Ni17Mn5Fe15W7Co17Cu13,87.45156,CoCuFeMnNiW,True
W18Fe16Mn22Cr10Cu21,87.48323,CrCuFeMnW,True
Mn21Cu23Mo11Co18W12,87.494415,CoCuMnMoW,True
Cu22W10Mo25Ni13Mn10Fe5,87.55529,CuFeMnMoNiW,True
Fe25W5Co9Ni20Cu19,87.57372,CoCuFeNiW,True
Mn10Co25Mo11Fe9Ni19,87.61399,CoFeMnMoNi,True
Cr24Ni12W9Mn19Co10,87.652145,CoCrMnNiW,True
Ni5Cu8Fe14Cr10Co23,87.719025,CoCrCuFeNi,True
W23Co16Cr22Mo24Mn15,87.75677,CoCrMnMoW,True
Ni16Fe7Co13Cr18Cu25,87.77021,CoCrCuFeNi,True
Fe7Co18Ni23Cr15Cu5,87.79959,CoCrCuFeNi,True
Fe13Ni22Co21Cu14Cr8,87.808685,CoCrCuFeNi,True
Co20Ni7Fe6Cr11Cu6,87.82552,CoCrCuFeNi,True
Mo9Cr25Co15W24Cu10,87.854034,CoCrCuMoW,True
Cu6Ni18Mn14Co16Mo9,87.85994,CoCuMnMoNi,True
Fe20Mn22Cu9Cr16W13,87.92678,CrCuFeMnW,True
Co24Cr21Ni16Cu5W10,87.96418,CoCrCuNiW,True
Mo17W25Cr12Ni8Fe7,87.9646,CrFeMoNiW,True
Cu5Cr10Fe14Co23Ni10,87.97149,CoCrCuFeNi,True
Fe6Ni19Cu14Cr14Co20,87.98059,CoCrCuFeNi,True
Fe22Cu17Cr8Ni25Co16,87.98173,CoCrCuFeNi,True
Mn6Mo12Cu5Cr7W21Co15,88.00193,CoCrCuMnMoW,True
Fe9Co6Cr24W22Cu23,88.029465,CoCrCuFeW,True
Mo7Co10Cr19W24Mn20,88.06371,CoCrMnMoW,True
Co24Cr8Ni12Cu12Fe13,88.101364,CoCrCuFeNi,True
Mn5Cr23Co9W20Fe19,88.10536,CoCrFeMnW,True
Co10Cr11Mn22Ni11W17Cu5,88.148094,CoCrCuMnNiW,True
Fe11Cr17Co7W23Mn9Cu6,88.156685,CoCrCuFeMnW,True
Co19Cu23Ni22Fe7Cr19,88.183,CoCrCuFeNi,True
Cu17Mn17Mo25Ni25Fe22,88.1845,CuFeMnMoNi,True
Cu12Mo12W5Fe11Mn17,88.194176,CuFeMnMoW,True
Cu10Fe6Cr18Co10Ni25,88.20535,CoCrCuFeNi,True
Ni17Cu10Mn10Co14Mo8,88.25017,CoCuMnMoNi,True
Mn19Co24Ni19W18Mo8,88.2587,CoMnMoNiW,True
Cr15Mo22Cu13Co21Mn8,88.28726,CoCrCuMnMo,True
Ni10Mn21Mo20Cr19W16,88.29999,CrMnMoNiW,True
Mn21Mo23W17Cr15Cu19,88.31801,CrCuMnMoW,True
Fe13Ni24W7Mn10Co24,88.32639,CoFeMnNiW,True
Cr21W24Mn19Fe18Co6,88.333496,CoCrFeMnW,True
Mo17Mn10Co25Ni13Fe10,88.33645,CoFeMnMoNi,True
Cr7Mo16Ni16Mn18W15,88.34196,CrMnMoNiW,True
Co9Mn21Cu23Mo21Cr7,88.34783,CoCrCuMnMo,True
Cu8Fe10Cr8Co22Ni10,88.34909,CoCrCuFeNi,True
Cu22Fe17Mo24Mn24Ni12,88.37265,CuFeMnMoNi,True
Mn17Fe21Cr18W18Cu19,88.43875,CrCuFeMnW,True
Co16Fe19W23Cu14Ni22,88.458496,CoCuFeNiW,True
Cu24Fe19Co6Mo8Ni22,88.51724,CoCuFeMoNi,True
W8Co16Cu23Mn20Mo16,88.52577,CoCuMnMoW,True
Ni24Co11Mo5Cu6Fe12,88.55211,CoCuFeMoNi,True
Co13Cu8Cr16Mo19Mn6,88.58153,CoCrCuMnMo,True
Cu11W21Co18Mn25Mo14Ni25,88.62153,CoCuMnMoNiW,True
Co13Cr12Mn11Mo22Cu15,88.62635,CoCrCuMnMo,True
Fe25Ni13W22Mo24Cu6,88.65478,CuFeMoNiW,True
Cr7Mn10W5Cu14Ni9,88.712036,CrCuMnNiW,True
Mo16Cu25Co17Cr6Ni18,88.71835,CoCrCuMoNi,True
Mo13Cu16Fe18Mn5Ni18,88.761406,CuFeMnMoNi,True
Cr5Ni24Mo8Cu12Fe8,88.79796,CrCuFeMoNi,True
Cr8Mo21W20Co22Mn15,88.80971,CoCrMnMoW,True
Ni9Cr16Cu19Fe5Co5,88.852776,CoCrCuFeNi,True
Mn19W15Cu22Fe12Cr25,88.87963,CrCuFeMnW,True
Cr9Mn20Mo7Ni7W9,88.89221,CrMnMoNiW,True
Co23Cu6Cr22Mn22Ni24W24,88.89882,CoCrCuMnNiW,True
Mn23Co9Cr18Mo12W19,88.90427,CoCrMnMoW,True
Mn14Co7Cu6Ni16Mo10,88.90972,CoCuMnMoNi,True
W19Mo18Cr15Fe10Mn9,88.92375,CrFeMnMoW,True
Cu25Fe13Mn21W15Mo11,88.93413,CuFeMnMoW,True
Cu5Co9Cr14Ni19Fe5,88.975586,CoCrCuFeNi,True
Cu6Co5Mn6Fe23Mo6,88.98837,CoCuFeMnMo,True
Fe13W22Cr12Cu5Ni15,88.99031,CrCuFeNiW,True
Cu22Mo17Co16Ni22Mn17,88.99105,CoCuMnMoNi,True
Cu19Co5Cr16Ni9W5,88.99752,CoCrCuNiW,True
Mo10Co17Cr6W25Ni7,89.011986,CoCrMoNiW,True
Co5Cu20Ni24Mo17W24,89.023285,CoCuMoNiW,True
Cr17Mn11W22Co22Ni25,89.05294,CoCrMnNiW,True
Fe14Mo25Mn11Cu14W19Co17,89.11622,CoCuFeMnMoW,True
Co24Fe20Mo15Cu21Mn9,89.14337,CoCuFeMnMo,True
Cr19Ni13W21Fe7Cu11,89.16882,CrCuFeNiW,True
Co5Fe6Mo9Mn23W12Cu11,89.1741,CoCuFeMnMoW,True
Cr7Mn7Mo14Co11Cu7,89.176125,CoCrCuMnMo,True
Cu25Mn15Cr18W19Fe17,89.24953,CrCuFeMnW,True
Cr6Mn6Mo23Ni24Co18,89.25583,CoCrMnMoNi,True
Ni19Fe22W17Mn12Cu5Mo19,89.280945,CuFeMnMoNiW,True
Fe15Mn23Mo21Cu17Co19,89.292694,CoCuFeMnMo,True
Fe14Ni13W19Cr9Mn9,89.306404,CrFeMnNiW,True
Fe23Ni10W13Cu5Mo25,89.31715,CuFeMoNiW,True
Co14Mn13Mo7W18Fe11Cu5,89.32552,CoCuFeMnMoW,True
Ni15Fe6Cr18Cu17Co22,89.333664,CoCrCuFeNi,True
Cu23W11Co25Mn13Cr25,89.340546,CoCrCuMnW,True
Cu11Cr15W14Fe20Mn20,89.36599,CrCuFeMnW,True
Mo12W9Ni15Mn17Fe9,89.373085,FeMnMoNiW,True
Co14Cu20Cr18Fe6Ni20,89.38651,CoCrCuFeNi,True
Mn13Co23Cu20Mo23Fe24,89.408775,CoCuFeMnMo,True
Mo19Mn5Ni17Cu16Fe10W19,89.41479,CuFeMnMoNiW,True
Cr13Mn14Ni14Fe22W25,89.42191,CrFeMnNiW,True
Cu7Co24W19Ni22Cr19,89.43667,CoCrCuNiW,True
Mn14W20Ni7Mo20Fe19Co8,89.443245,CoFeMnMoNiW,True
Cu25Co19Mo13Ni22Mn15,89.45175,CoCuMnMoNi,True
Cu17Ni9W24Cr9Co21,89.4999,CoCrCuNiW,True
Cu5Mn9Cr13Fe17W6,89.50767,CrCuFeMnW,True
Cu24Cr19Mn16Fe20W20,89.532394,CrCuFeMnW,True
Mo13Mn10Fe17Cu18Ni25,89.532425,CuFeMnMoNi,True
Mo25Mn6W8Cu17Cr16,89.539635,CrCuMnMoW,True
Mn22W24Mo10Co18Cr10,89.54541,CoCrMnMoW,True
Mo16Mn10W11Ni25Cr6,89.56308,CrMnMoNiW,True
Mo15Mn5W13Fe18Ni23,89.61103,FeMnMoNiW,True
Mn16Cu19Cr20Fe12W14,89.628395,CrCuFeMnW,True
Cr24W14Mn19Cu11Fe21,89.63476,CrCuFeMnW,True
Co13Cu15Ni16Mo17Fe7,89.65272,CoCuFeMoNi,True
W15Ni10Cr11Mn19Co8Cu5,89.693886,CoCrCuMnNiW,True
Mo25Ni5Cu13W21Fe16,89.72336,CuFeMoNiW,True
Co9Mo6Ni14Mn8Cu25W17,89.77337,CoCuMnMoNiW,True
Ni12Cr9W16Mn11Mo7,89.80315,CrMnMoNiW,True
Cr9Ni12Fe18Co5Cu19,89.80977,CoCrCuFeNi,True
Co22Fe11Mo17Mn23W13,89.81237,CoFeMnMoW,True
Co24Cr17Cu6Ni24Fe8,89.82399,CoCrCuFeNi,True
Mn8Cr20Cu14Mo24Ni16,89.8547,CrCuMnMoNi,True
Ni11Co16Cu18Fe20W18,89.87878,CoCuFeNiW,True
Mo22Cu17Co11W20Ni8,89.88886,CoCuMoNiW,True
Mn19Fe11Mo18Ni5Cu24W15,89.89001,CuFeMnMoNiW,True
Ni6Cu11Fe25Cr10Co5,89.89925,CoCrCuFeNi,True
Co7Cu21Ni15Fe13Mo6,89.914764,CoCuFeMoNi,True
Co19Ni22Cr22Fe6Cu18,89.92179,CoCrCuFeNi,True
Co23Mo14Mn8W10Fe12,89.92377,CoFeMnMoW,True
Mn6Fe16Ni19Mo22Co20,89.935555,CoFeMnMoNi,True
Cr23Mo8W8Cu7Mn16,89.96679,CrCuMnMoW,True
Cu25Cr8Ni18Co6Mo8,89.98406,CoCrCuMoNi,True
Ni9Fe9Co8Cr13Cu24,90.01745,CoCrCuFeNi,True
Fe6Mo8W24Ni10Cr6,90.024704,CrFeMoNiW,True
Ni24W25Mo13Cu7Cr14,90.04555,CrCuMoNiW,True
Cr24Co7Mn9W9Mo17,90.155495,CoCrMnMoW,True
Ni23Co9Fe6Cr18Cu9,90.1623,CoCrCuFeNi,True
Ni12Cu9Co24Mo9Fe9,90.166626,CoCuFeMoNi,True
Ni22Mo24W14Mn14Fe24,90.22138,FeMnMoNiW,True
Cu20Fe20Co13Cr9Ni24,90.23823,CoCrCuFeNi,True
Mn11Cu24Cr9Co17Mo18,90.31063,CoCrCuMnMo,True
W24Cu7Ni21Cr13Mo12,90.324356,CrCuMoNiW,True
Co16Mn10Ni17Mo13W9,90.363754,CoMnMoNiW,True
Mn19Mo24Cu23Cr8Co17,90.39393,CoCrCuMnMo,True
Cu7Co7Mn8Mo19Cr15,90.4116,CoCrCuMnMo,True
Ni19Cu19Co9W17Fe18,90.42999,CoCuFeNiW,True
Cu19Co11Cr9W18Ni9,90.4315,CoCrCuNiW,True
Cu8Mo23Co14Mn23Fe15,90.459984,CoCuFeMnMo,True
Mo10Ni22Fe19Mn24W22,90.5168,FeMnMoNiW,True
Cr25Ni21Cu11W23Co19,90.51693,CoCrCuNiW,True
Mn19Mo5Fe9Ni24Cu14,90.52797,CuFeMnMoNi,True
Mn24Cr24Co15W20Fe7,90.539085,CoCrFeMnW,True
W25Cr17Mn24Co22Ni21,90.56619,CoCrMnNiW,True
Mo12Co13W20Ni7Cu10,90.58977,CoCuMoNiW,True
Cu24W18Mo19Ni6Co15,90.61903,CoCuMoNiW,True
Mn14Cr7Mo18Cu25Co20,90.61916,CoCrCuMnMo,True
Mn18Cu16Co12Ni20Cr6W25,90.649025,CoCrCuMnNiW,True
Ni10Cu16W20Co24Cr22,90.65418,CoCrCuNiW,True
Co9Cr20Cu22Ni10W13,90.666626,CoCrCuNiW,True
W25Mo9Cr23Mn21Ni12,90.69636,CrMnMoNiW,True
Ni17Cr13W17Fe7Mn13,90.708435,CrFeMnNiW,True
Cu11Ni20Co18Mo11Fe9,90.71642,CoCuFeMoNi,True
Mn10Mo12Fe13Ni16Cu18,90.74627,CuFeMnMoNi,True
Mo8Mn6Cu7Fe14Ni17,90.756065,CuFeMnMoNi,True
Mo19Cr14Cu8Mn8Co19,90.77034,CoCrCuMnMo,True
Fe17W13Ni22Mo14Mn7,90.77469,FeMnMoNiW,True
Ni20Mn13Cu23W17Co7Mo10,90.77744,CoCuMnMoNiW,True
Fe12Mn12Cr9W23Co19,90.81496,CoCrFeMnW,True
Mn18Fe13Mo14Ni25W16,90.84533,FeMnMoNiW,True
Fe13Cu16W14Cr14Mn20,90.894104,CrCuFeMnW,True
Mo13Mn25Ni23Fe8W9,90.92355,FeMnMoNiW,True
Mo25Ni9Cu15Mn22Cr9,90.92508,CrCuMnMoNi,True
Fe14W23Ni17Mn17Cr11,90.928024,CrFeMnNiW,True
Mn7Mo22Co23Fe11W8,90.928055,CoFeMnMoW,True
Fe15W11Mo25Mn13Co21,90.954346,CoFeMnMoW,True
W23Co23Ni10Mn19Fe5Mo20,90.969536,CoFeMnMoNiW,True
Ni11Mo18Co5Cu22W9,91.00056,CoCuMoNiW,True
Mo5Co11Mn9Ni18W9,91.01962,CoMnMoNiW,True
Cr19Cu13Mo23Ni9Mn9,91.04793,CrCuMnMoNi,True
Cr21Fe5Ni8Co7Cu18,91.06105,CoCrCuFeNi,True
Cu23Mo13W20Ni12Co8,91.08366,CoCuMoNiW,True
Ni15Co25Cu8Cr10Fe16,91.0871,CoCrCuFeNi,True
Co9Mn25Mo5W25Ni6Fe13,91.09423,CoFeMnMoNiW,True
Cu9Cr22Fe25W20Ni7,91.12218,CrCuFeNiW,True
W20Cr15Fe12Co8Mn19,91.12341,CoCrFeMnW,True
Cr24Co16Ni16W12Mn5,91.12765,CoCrMnNiW,True
Fe23Mo23Co6Cu24Mn18,91.130035,CoCuFeMnMo,True
Co11W18Mo11Mn11Cr25,91.15939,CoCrMnMoW,True
Fe7Co14W14Mn20Cu12Mo21,91.17796,CoCuFeMnMoW,True
Cr9W20Cu13Co11Ni24,91.198326,CoCrCuNiW,True
W20Mn25Mo24Fe6Cr23,91.20658,CrFeMnMoW,True
Cr14Mo10Ni13W19Cu7,91.21691,CrCuMoNiW,True
Fe8Cr23W25Mo17Mn20,91.22903,CrFeMnMoW,True
Cr14Co5Cu24Fe23Ni21,91.2291,CoCrCuFeNi,True
Ni11Cu10Cr8Fe22Co6,91.2757,CoCrCuFeNi,True
Fe17Co10Mn9Cr15W22,91.27916,CoCrFeMnW,True
Fe14Cr23W9Mn13Cu13,91.28872,CrCuFeMnW,True
Ni25W7Mn18Cr10Cu17,91.3153,CrCuMnNiW,True
Mo15Cu14Cr5Ni9Mn12,91.31591,CrCuMnMoNi,True
Mn10W23Ni20Cr18Mo13,91.32772,CrMnMoNiW,True
Cr10Ni22Cu6Fe17Co11,91.37667,CoCrCuFeNi,True
W17Mn21Co14Cr14Ni16,91.38403,CoCrMnNiW,True
Co5Mo10Fe12Mn14W5,91.39545,CoFeMnMoW,True
W11Cr9Fe6Mn12Ni23,91.39667,CrFeMnNiW,True
Mn7Ni12Cu14W18Mo23Fe21,91.398705,CuFeMnMoNiW,True
Mn23W19Ni14Co24Cr11,91.39939,CoCrMnNiW,True
Cr9Mn20Mo9Ni16W19,91.41892,CrMnMoNiW,True
Co9Cr21Ni24Cu7Fe7,91.43987,CoCrCuFeNi,True
Mn10Cr7Fe5Mo14W10,91.44826,CrFeMnMoW,True
Ni10Fe15Mo16W22Cu6,91.46576,CuFeMoNiW,True
Mo9Mn13Cu16Ni24Co25,91.48324,CoCuMnMoNi,True
Fe6Cu24Co9W18Cr10,91.50135,CoCrCuFeW,True
Ni22Mn20Cr9Fe6W14,91.51002,CrFeMnNiW,True
Fe13Cr19W18Ni10Cu7,91.51331,CrCuFeNiW,True
Mn14Fe7Cu10Cr15Ni12W25,91.51575,CrCuFeMnNiW,True
Co17Cr5Cu9Mn21Mo20,91.523254,CoCrCuMnMo,True
Cr9Fe17Mn13Cu25W14,91.54237,CrCuFeMnW,True
Cr11Co17Cu23Ni10Fe10,91.547905,CoCrCuFeNi,True
W14Fe14Mn12Ni23Mo13,91.553444,FeMnMoNiW,True
Mn10Co22Mo12Fe16Cu21,91.56519,CoCuFeMnMo,True
Cu19Fe11Ni13Cr8Co15,91.5673,CoCrCuFeNi,True
Mn16Cu15Cr18W14Mo21,91.58009,CrCuMnMoW,True
Mn17Co24Fe16Mo16W24Cu9,91.58328,CoCuFeMnMoW,True
Co8Cr11Mo16Mn23W10,91.58768,CoCrMnMoW,True
Co21Cu20W22Mn16Ni7Cr21,91.67414,CoCrCuMnNiW,True
Co12Cu16Ni17W18Fe21,91.68325,CoCuFeNiW,True
Cu5Cr10Mo18Ni25Mn16,91.72356,CrCuMnMoNi,True
Ni14Mn12Co11Fe15W5,91.727974,CoFeMnNiW,True
W21Ni21Cu7Cr15Mo21,91.74308,CrCuMoNiW,True
Fe19Ni13W21Co18Cu16,91.76857,CoCuFeNiW,True
Cu9Mn23W11Cr18Mo12,91.886375,CrCuMnMoW,True
Mn24Cr9W24Mo14Ni25,91.89071,CrMnMoNiW,True
Fe10Mn6Mo9Ni20Co9,91.89373,CoFeMnMoNi,True
Mn14Co8Fe20W21Cu15Mo17,91.94008,CoCuFeMnMoW,True
Co7Ni12W23Cr9Mo7,91.96482,CoCrMoNiW,True
Mn18Cu14W8Cr15Co21,91.97674,CoCrCuMnW,True
Co10W13Mn24Ni17Cr19,91.98427,CoCrMnNiW,True
Mn7Cr10Cu10Mo15Ni17,91.99683,CrCuMnMoNi,True
Mn16Fe25Mo25Ni6Cu18,92.0452,CuFeMnMoNi,True
W24Mo5Cu11Co10Cr18,92.067375,CoCrCuMoW,True
Fe8Co18Ni12Mo10Cu13,92.06916,CoCuFeMoNi,True
Mo8W8Fe23Co10Mn8,92.077805,CoFeMnMoW,True
Co22Cu5Fe15Cr13Ni5,92.09243,CoCrCuFeNi,True
Mn5Cr12Mo19W8Co10,92.105316,CoCrMnMoW,True
Co21Mo17Mn15Fe16Cu20,92.130104,CoCuFeMnMo,True
Cr22Mn23Ni9W8Co12,92.131516,CoCrMnNiW,True
Mo13W9Mn12Ni22Fe10,92.14713,FeMnMoNiW,True
Fe9Mo16Cr17W24Cu9,92.14744,CrCuFeMoW,True
Fe23Cu11Cr8Co18Ni17,92.159355,CoCrCuFeNi,True
Fe15Co6Ni22Cu25Mo14,92.16589,CoCuFeMoNi,True
Cr11Co19Mo17Mn21W23,92.177025,CoCrMnMoW,True
W23Mo13Fe23Cu5Co13,92.19288,CoCuFeMoW,True
Cr8Mn20Fe11W19Ni25,92.25357,CrFeMnNiW,True
Mo9W19Cr14Mn22Cu16,92.27759,CrCuMnMoW,True
Cu15W14Cr19Mn24Mo23,92.28271,CrCuMnMoW,True
Cr11Mo14Mn19W10Co7,92.30956,CoCrMnMoW,True
Cr15Fe19Mn13Ni13W24,92.34093,CrFeMnNiW,True
Fe15W13Cr7Mo24Mn7,92.349396,CrFeMnMoW,True
Co5W23Fe23Cr20Cu11,92.36762,CoCrCuFeW,True
Ni12Co22Cu8Fe8Cr12,92.3771,CoCrCuFeNi,True
Fe7Ni10Cu22Co13Cr24,92.38523,CoCrCuFeNi,True
Ni14Mo10Mn14Cu20Fe11,92.39805,CuFeMnMoNi,True
Ni10Fe8Co8Cu24Cr25,92.4089,CoCrCuFeNi,True
Fe12Mn14Co22W13Mo16,92.427864,CoFeMnMoW,True
Mn19Co23Cu7Mo21Cr8,92.451675,CoCrCuMnMo,True
Mo17Cr10Cu15Mn7Ni15,92.50093,CrCuMnMoNi,True
W15Mn10Fe10Cr7Co21,92.539276,CoCrFeMnW,True
Ni5Cu18Cr12Fe15Co23,92.566414,CoCrCuFeNi,True
Fe20Cu21Cr9Ni20Co16,92.573586,CoCrCuFeNi,True
Fe21Cu25Co13Cr11Ni9,92.59644,CoCrCuFeNi,True
Mn8W13Ni24Mo17Fe18,92.61489,FeMnMoNiW,True
Cr11Cu20Mo23Mn12Co20,92.62523,CoCrCuMnMo,True
Cu7W16Ni16Co20Cr17,92.642204,CoCrCuNiW,True
Co8Mn25W12Ni21Cr18,92.659355,CoCrMnNiW,True
Fe23Ni17W14Mn10Mo13,92.66806,FeMnMoNiW,True
Co13Ni5W18Mo11Cr17,92.7219,CoCrMoNiW,True
Mo13Cu11Mn17Ni24Co23,92.75969,CoCuMnMoNi,True
Cu22W14Cr25Fe12Mn21,92.7674,CrCuFeMnW,True
Cu23Cr18W20Mo12Mn9,92.781715,CrCuMnMoW,True
W11Cr10Mo15Ni12Mn8,92.78456,CrMnMoNiW,True
Fe12W22Co5Ni10Cr23,92.80752,CoCrFeNiW,True
Cu18Ni15Co6Mn18Mo13,92.83546,CoCuMnMoNi,True
Co15Cr11Mn6Mo23W10,92.88827,CoCrMnMoW,True
Ni24Mn7W12Co17Cr8,92.91418,CoCrMnNiW,True
Cr5W10Cu14Fe9Mn13,92.91593,CrCuFeMnW,True
Fe6Cu8Cr12Co5W23Mn18,92.96303,CoCrCuFeMnW,True
Fe22Cr8Co13Ni8Cu9,92.98602,CoCrCuFeNi,True
Ni22W24Mo10Fe25Mn22,92.98894,FeMnMoNiW,True
Cr25Fe9Cu11W24Mo13,93.00586,CrCuFeMoW,True
Mo8Co11Fe13W10Mn24,93.0114,CoFeMnMoW,True
Mn21Mo12Cr7Co7W7,93.03182,CoCrMnMoW,True
Cr15Ni5Cu23Fe16Co10,93.04693,CoCrCuFeNi,True
Cu7Mo20W23Co22Cr14,93.061424,CoCrCuMoW,True
Cu7Fe8Cr24Ni24Co6,93.10455,CoCrCuFeNi,True
Cr23Mn11W17Fe17Co6,93.20179,CoCrFeMnW,True
Cu16Co9Mo13Mn7Fe25,93.2052,CoCuFeMnMo,True
Co6W5Mo24Cr22Mn7,93.20557,CoCrMnMoW,True
Mn13Mo10Cu20Co7Fe13,93.24561,CoCuFeMnMo,True
Fe24Mn18Mo18Co20W20,93.2495,CoFeMnMoW,True
Co20Cu17Mo13Ni14Mn13,93.25456,CoCuMnMoNi,True
Fe9Mn24Cr17W19Ni16,93.25772,CrFeMnNiW,True
Ni5Cu20Cr11Fe18Co15,93.2953,CoCrCuFeNi,True
Cr12Fe9Cu15Ni22Co7,93.30665,CoCrCuFeNi,True
Ni16Cr14Cu5W24Fe18,93.327446,CrCuFeNiW,True
Cu18Fe12Mn7Cr18W13,93.377716,CrCuFeMnW,True
Mn21Mo20W14Cu14Cr18,93.40935,CrCuMnMoW,True
Co7Fe10Ni25Cr15Cu9,93.410286,CoCrCuFeNi,True
W6Co23Mn9Cu16Mo10,93.42172,CoCuMnMoW,True
Mo13Cr7Mn23Fe8W12,93.45469,CrFeMnMoW,True
Cr6Mn5Mo10Cu12Ni8,93.46016,CrCuMnMoNi,True
Mn17Co13Cu24Mo22Fe20,93.47366,CoCuFeMnMo,True
W18Fe9Mo12Ni23Cu9Mn16,93.48641,CuFeMnMoNiW,True
Co21Cu21Ni10Cr13Fe9,93.52818,CoCrCuFeNi,True
Ni15Co6Cu17Mn12Cr6W17,93.529785,CoCrCuMnNiW,True
Cr8Co15Mo24W7Mn6,93.5506,CoCrMnMoW,True
Mn24W20Cu25Fe23Mo11,93.557304,CuFeMnMoW,True
Ni18Mn19Cu23Mo11W10,93.67317,CuMnMoNiW,True
Mo22W24Cr24Fe8Mn25,93.69029,CrFeMnMoW,True
W9Cu22Cr17Co15Mn9,93.70761,CoCrCuMnW,True
Co16Ni13Mn9Cu11Mo7,93.72244,CoCuMnMoNi,True
Co10Fe22W7Mn8Mo16,93.74465,CoFeMnMoW,True
Co16Cu20Mn20W11Mo6,93.78069,CoCuMnMoW,True
Mo10Mn5Ni18Cu13Fe15,93.81395,CuFeMnMoNi,True
Cu24Ni6Co8Fe25Cr15,93.827774,CoCrCuFeNi,True
Mn9Mo12Cu24Cr17W19,93.82936,CrCuMnMoW,True
Co19Cu10Fe15Cr9Ni21,93.85937,CoCrCuFeNi,True
Co16Mn23Cu14Ni6Mo21,93.89302,CoCuMnMoNi,True
Cu24Cr6Fe7Mn19W6,93.93332,CrCuFeMnW,True
Co11Cu19Fe11Mn15Mo11,93.93804,CoCuFeMnMo,True
W25Co22Cr14Ni20Mn25Cu6,93.95166,CoCrCuMnNiW,True
Cu9Co13Fe10Ni25Cr13,93.97456,CoCrCuFeNi,True
Fe12Cu14Co5W17Cr25,93.99298,CoCrCuFeW,True
W25Cr18Mn17Co5Cu9Mo17,94.000374,CoCrCuMnMoW,True
W7Fe5Mn16Cr13Cu21,94.009094,CrCuFeMnW,True
Co17Ni18W7Mn20Mo20,94.014656,CoMnMoNiW,True
Cu8Co12Ni21W12Cr7,94.017166,CoCrCuNiW,True
Cr16Fe7Mn18W19Co15,94.02547,CoCrFeMnW,True
Ni6Fe20W16Mn13Cr12,94.034424,CrFeMnNiW,True
Co16Cu15Mo11Mn5Fe22,94.04121,CoCuFeMnMo,True
Mn21Co19Fe19Ni16W7,94.046616,CoFeMnNiW,True
Mn16W7Cr23Fe5Cu24,94.07442,CrCuFeMnW,True
Co10W14Mn17Cr12Ni24,94.09942,CoCrMnNiW,True
Cu23Fe22Mn7Mo14Co22,94.109055,CoCuFeMnMo,True
Co20Cu17Mn19Mo12W8,94.13039,CoCuMnMoW,True
Cu9Co16Ni11W12Cr20,94.13399,CoCrCuNiW,True
Mn21Cr12Fe9Cu8W5,94.13799,CrCuFeMnW,True
Ni20Cr22Cu16W5Mn10,94.14259,CrCuMnNiW,True
Mo24Mn6Cu6W17Cr13Ni12,94.17276,CrCuMnMoNiW,True
Fe10Co22Cu22Ni25Cr20,94.17624,CoCrCuFeNi,True
Mo11Mn12W8Cu7Cr18,94.18768,CrCuMnMoW,True
Ni23Co14Fe25Cr11Cu24,94.23192,CoCrCuFeNi,True
W23Mo8Cr23Mn6Ni20,94.2795,CrMnMoNiW,True
Ni13Co21Cu20Fe9Mo18,94.29917,CoCuFeMoNi,True
Mo20Cu5W15Co16Cr8,94.31788,CoCrCuMoW,True
W20Cr18Fe25Mn23Cu21,94.36149,CrCuFeMnW,True
Co16Mn10Cu23Mo23Fe5W14,94.36347,CoCuFeMnMoW,True
Co23Mn12W7Cr9Cu17,94.41196,CoCrCuMnW,True
Fe12Cu12Ni11Mn18Mo17,94.44968,CuFeMnMoNi,True
Cu5Mo7W18Cr11Fe9,94.46554,CrCuFeMoW,True
Ni6Mo21Cr11Cu24Mn16,94.51437,CrCuMnMoNi,True
W13Cu21Fe10Co19Ni9,94.51465,CoCuFeNiW,True
Mo24Ni15Cu8Mn17W14Fe21,94.56282,CuFeMnMoNiW,True
Ni23Fe20Mo24Cu25Mn22,94.56369,CuFeMnMoNi,True
Mn9Fe14Mo17W8Ni15,94.57315,FeMnMoNiW,True
Cr10Ni11Fe8Co20Cu10,94.57326,CoCrCuFeNi,True
Fe12Co15W5Mn15Ni18,94.62141,CoFeMnNiW,True
Cr16Mn5Mo9W25Fe18,94.625435,CrFeMnMoW,True
Cu14Co18Ni21Mn10Mo6,94.71108,CoCuMnMoNi,True
Co24Cu5Fe9Cr6Mn6W15,94.725235,CoCrCuFeMnW,True
Mo15Co13Cu5Fe12Mn14,94.72749,CoCuFeMnMo,True
Cu7Fe7Co16Ni21Cr20,94.73651,CoCrCuFeNi,True
W17Cu6Fe5Mo13Co8,94.77214,CoCuFeMoW,True
Mn16Cu8Mo21Ni17Cr9,94.809044,CrCuMnMoNi,True
Co14Ni17Fe18Cr10Cu23,94.82245,CoCrCuFeNi,True
Fe16Co22Cu13Cr9Ni16,94.88314,CoCrCuFeNi,True
Cr6Mn12Co19W16Mo11,94.88901,CoCrMnMoW,True
Mo23Ni19Mn16Cr20W21,94.90561,CrMnMoNiW,True
Ni10Co23Cu14Cr5Mo12,94.920074,CoCrCuMoNi,True
Mn23Mo16Cr8W8Fe5,94.96594,CrFeMnMoW,True
Cr23Co7W14Mn18Mo24,95.00289,CoCrMnMoW,True
W19Cr25Co7Mn22Fe13,95.00856,CoCrFeMnW,True
Ni8Co8W18Cu10Mo14,95.02387,CoCuMoNiW,True
Fe19Mo18Co24Cu13Mn15,95.04538,CoCuFeMnMo,True
Co10Mo17Fe8Cu8Mn20,95.05307,CoCuFeMnMo,True
W20Ni22Cr22Mn15Cu8Co18,95.05875,CoCrCuMnNiW,True
Ni17Mn20Fe6Cu5W23Cr8,95.065765,CrCuFeMnNiW,True
Co5Ni17Fe11Mo22Mn10,95.110725,CoFeMnMoNi,True
Ni18Mo10Co24Cu25Mn14,95.118706,CoCuMnMoNi,True
Cu24Ni17W12Co5Cr19,95.14342,CoCrCuNiW,True
Cr11W12Mn5Mo16Ni24,95.163216,CrMnMoNiW,True
Ni15W5Co21Mn8Fe19,95.16409,CoFeMnNiW,True
Cr17Ni5W15Fe13Mn14,95.2686,CrFeMnNiW,True
Mo19Co5Ni25Cr7Cu23,95.27754,CoCrCuMoNi,True
Co23Cr24Ni20Fe10Cu25,95.28421,CoCrCuFeNi,True
Mo11Cu10Ni5Mn24W25Cr9,95.28674,CrCuMnMoNiW,True
W15Mo15Co9Ni23Cu19Mn6,95.38501,CoCuMnMoNiW,True
W16Cr7Mn10Co16Mo7,95.40495,CoCrMnMoW,True
Mn23W19Cu22Mo6Fe22,95.40539,CuFeMnMoW,True
Co22Mn20Cu18Mo8W11,95.41166,CoCuMnMoW,True
Co25Ni24Mn19Cr11W23,95.43414,CoCrMnNiW,True
Co17Fe9Cu23Ni23Cr24,95.4503,CoCrCuFeNi,True
Ni21Mn10Co12Mo7W8,95.491684,CoMnMoNiW,True
Mn10Mo7Fe21W23Cr9,95.500374,CrFeMnMoW,True
Co24W24Fe14Cu12Mn15Mo17,95.51215,CoCuFeMnMoW,True
Fe6Cu10Ni17Cr16Co15,95.538605,CoCrCuFeNi,True
Co25Cr17Fe14Ni5Cu17,95.5452,CoCrCuFeNi,True
W9Co6Fe9Cr25Cu9,95.5552,CoCrCuFeW,True
Mn11Co18Cr15Mo17W20,95.562386,CoCrMnMoW,True
Co20Mo18Fe18W18Mn23,95.624985,CoFeMnMoW,True
Cu9Mn21Cr17Fe24W12,95.67765,CrCuFeMnW,True
Mo6Co21Mn25Fe6Cu10W23,95.68277,CoCuFeMnMoW,True
Mo17Co14Cu22Ni24Cr6,95.715965,CoCrCuMoNi,True
Mn9Cr23Co16Fe11W19,95.7659,CoCrFeMnW,True
Co11Cr23W17Cu10Fe8,95.798546,CoCrCuFeW,True
Mn18W7Co17Ni24Fe20,95.81029,CoFeMnNiW,True
Co18Mn16Mo18Ni14W6,95.81418,CoMnMoNiW,True
Fe9W15Co10Mn21Cr9,95.83246,CoCrFeMnW,True
Mo20Cr7Fe12Cu6W19,95.84336,CrCuFeMoW,True
Ni15Cr16Mn15W15Mo25,95.84648,CrMnMoNiW,True
W18Cr24Fe16Cu12Ni7,95.865585,CrCuFeNiW,True
Mn19Fe18W14Mo10Ni14,95.86611,FeMnMoNiW,True
Ni11Mn22W20Cr20Mo11,95.894714,CrMnMoNiW,True
Ni14Cu25Cr14Mn22W7,95.90664,CrCuMnNiW,True
Cu15Ni20Cr8W25Co11,95.91382,CoCrCuNiW,True
Co19Cr7W25Fe19Mn13,95.926414,CoCrFeMnW,True
Fe17Cr12Mn11Mo22W23,95.945694,CrFeMnMoW,True
Cu10Co17W16Fe15Ni22,95.972115,CoCuFeNiW,True
Ni16W9Mn25Mo22Fe17,95.99231,FeMnMoNiW,True
Cu5Mn21Cr8Co21Ni17W20,95.99628,CoCrCuMnNiW,True
Mn22Fe15Cr10W22Ni16,96.05839,CrFeMnNiW,True
Cr13Fe5Mn23W15Co17,96.071976,CoCrFeMnW,True
Cr16Mn14Cu25Ni14W6,96.089905,CrCuMnNiW,True
Ni13Cr11Mn5Mo13Cu23,96.11424,CrCuMnMoNi,True
Co23Cu19Ni23W7Mn11Fe24,96.122086,CoCuFeMnNiW,True
Cr7W12Ni10Cu6Co14Mn6,96.17094,CoCrCuMnNiW,True
Ni22Mn10Cu9Mo24Cr20,96.20877,CrCuMnMoNi,True
Mo19Mn18Cr10W18Co16,96.21618,CoCrMnMoW,True
Cu8Fe22W15Mn9Co8Mo13,96.23937,CoCuFeMnMoW,True
Ni5Fe25Cr18Cu25Co21,96.242195,CoCrCuFeNi,True
Ni5Cr14Cu14W10Mo24,96.26696,CrCuMoNiW,True
Fe12Ni10Cr11Co24Cu9,96.270935,CoCrCuFeNi,True
Mn19Co9Mo17Cu17Ni9,96.29846,CoCuMnMoNi,True
Cr6Mn5Mo7Ni9W22Cu11,96.31777,CrCuMnMoNiW,True
Ni19Co6Fe18Cu7Cr10,96.34485,CoCrCuFeNi,True
Cr17W17Mn23Fe8Co12,96.41558,CoCrFeMnW,True
Ni10Cu11Mn13Mo23Fe24,96.42699,CuFeMnMoNi,True
Fe16Mo11Co18Cu24Mn13,96.45086,CoCuFeMnMo,True
Ni12Mn18Mo15Cu21Co19,96.46201,CoCuMnMoNi,True
Mn12Ni24Co19W20Cu8Cr20,96.467964,CoCrCuMnNiW,True
Co5Fe14Cu14Mo23Mn23,96.47505,CoCuFeMnMo,True
Cu19Fe8Cr25Ni9Co11,96.48843,CoCrCuFeNi,True
Cr7Mo11Co13Cu24Fe5,96.49511,CoCrCuFeMo,True
Mn12W15Mo20Cu21Cr14,96.52012,CrCuMnMoW,True
Mn22W6Cr17Cu21Ni17,96.54612,CrCuMnNiW,True
Cr9W19Mo7Mn22Fe11,96.62081,CrFeMnMoW,True
Fe21Mn5W11Co8Cr9,96.64546,CoCrFeMnW,True
Ni25Co10Cu20Cr12Fe22,96.65419,CoCrCuFeNi,True
Co25Cu20Cr13Fe14Ni22,96.671814,CoCrCuFeNi,True
W16Co10Fe22Cu21Ni20,96.680504,CoCuFeNiW,True
Fe7Ni10Mo8W24Cu25,96.71198,CuFeMoNiW,True
Co7Fe9Mo18Cu6Ni21,96.76204,CoCuFeMoNi,True
Co14Mo14Cr6Cu12Ni25,96.78047,CoCrCuMoNi,True
Co9Mo23Mn6Cr8Ni21,96.78727,CoCrMnMoNi,True
Cu5W10Co5Cr18Fe20,96.79639,CoCrCuFeW,True
Cu25Mn22Cr9W22Ni19Co5,96.80091,CoCrCuMnNiW,True
Mn16W25Ni18Mo7Cr15,96.80297,CrMnMoNiW,True
Fe24W16Cu10Cr11Co5,96.85843,CoCrCuFeW,True
Fe20Cu14Cr9Co19Ni8,96.85882,CoCrCuFeNi,True
W11Cr15Cu14Mn5Mo12,96.866615,CrCuMnMoW,True
W21Cr18Mn22Cu24Mo23,96.95601,CrCuMnMoW,True
Ni21Co25Mn25Mo20Cu14,96.99599,CoCuMnMoNi,True
Fe20Mo17Cu15Co15Mn9,97.011215,CoCuFeMnMo,True
Cu25Cr25W21Mn12Ni10Co15,97.02034,CoCrCuMnNiW,True
Cu25Mn10Cr19W18Fe21,97.02419,CrCuFeMnW,True
Cr5Mo5Cu13W10Mn20,97.07773,CrCuMnMoW,True
Cr14W16Mn20Ni12Mo13,97.09401,CrMnMoNiW,True
Co20Mo5W21Ni6Cu16,97.11271,CoCuMoNiW,True
Ni10Mn5Co23W7Cr14,97.1226,CoCrMnNiW,True
Ni9Cr24Mn24W6Co12,97.13527,CoCrMnNiW,True
Ni8Co16Mo19Fe5W24Cu6,97.1469,CoCuFeMoNiW,True
Mo12W19Ni11Cu10Cr18,97.17927,CrCuMoNiW,True
W21Mn9Co9Fe9Ni17Mo23,97.20671,CoFeMnMoNiW,True
Ni15Fe21W19Cu18Co13,97.212654,CoCuFeNiW,True
Mn24Cu18Mo7W14Fe20,97.22658,CuFeMnMoW,True
Mn5Cu17W20Cr25Co19Ni11,97.23363,CoCrCuMnNiW,True
Mn6Co22Cu17Fe16W7Ni17,97.242096,CoCuFeMnNiW,True
Co10Cu8Mn5Cr9Ni5W10,97.26109,CoCrCuMnNiW,True
Cr12Co9W12Mn8Ni18Cu6,97.33537,CoCrCuMnNiW,True
Mo8Ni6Fe18W17Cu8,97.34152,CuFeMoNiW,True
Mo13Fe25Mn6W15Co18,97.37217,CoFeMnMoW,True
Cu11Fe9Co5Cr25Ni8,97.46635,CoCrCuFeNi,True
Cr24Mo11Cu13W24Co12,97.50892,CoCrCuMoW,True
Mn9Mo13W11Ni23Cr7,97.52326,CrMnMoNiW,True
Co9Fe21Mo19Cu13Mn11,97.52378,CoCuFeMnMo,True
Fe25Ni9Co5Mo6Cu25,97.53746,CoCuFeMoNi,True
Mo23Mn15W13Co11Cr13,97.58901,CoCrMnMoW,True
Mn10W22Cu16Mo24Fe17Co17,97.5949,CoCuFeMnMoW,True
Cu21Mn17Ni24Mo15Co20,97.59564,CoCuMnMoNi,True
Co12Cr8Fe12Mn22W18,97.60255,CoCrFeMnW,True
Cr19Cu16Fe17Mn8W13,97.60701,CrCuFeMnW,True
Cr23W25Co7Cu19Mo8,97.6106,CoCrCuMoW,True
Ni22Cu7Mo15Co15Mn8W9,97.63893,CoCuMnMoNiW,True
Mo16Fe15Ni21Mn15Cu11,97.64918,CuFeMnMoNi,True
Cr5Mn7Cu22Ni9Mo5,97.65804,CrCuMnMoNi,True
Mo6Cu20W17Mn20Fe21,97.70519,CuFeMnMoW,True
Cu15Mo21Fe22Mn8Ni18W24,97.70634,CuFeMnMoNiW,True
Fe11Ni15Mo20Mn21W5,97.71132,FeMnMoNiW,True
Mn12Fe9Mo11Ni10Cu13,97.72933,CuFeMnMoNi,True
Ni12Co23Mn20W5Mo16,97.743256,CoMnMoNiW,True
Ni21Cr13Co19W20Mn25,97.75408,CoCrMnNiW,True
W11Cr16Fe7Ni11Mn24,97.80151,CrFeMnNiW,True
Cu16Cr5Co17Mo11Ni14,97.82998,CoCrCuMoNi,True
Fe9Cr16Ni9Co22Cu17,97.8352,CoCrCuFeNi,True
Ni17W16Cr9Mn17Mo17,97.90708,CrMnMoNiW,True
W14Co23Fe6Ni24Cu19,97.912384,CoCuFeNiW,True
Co25Mn16W14Mo15Fe12,97.91816,CoFeMnMoW,True
Cu5Fe13W22Cr13Co14,97.92231,CoCrCuFeW,True
Cu21Cr15Mo14W21Mn24,97.93098,CrCuMnMoW,True
Cr24Fe17Co9Mn15W22,97.977394,CoCrFeMnW,True
Cu5Mo22Ni19Mn18Fe21,97.99151,CuFeMnMoNi,True
Cr17Co6Fe20Ni24Cu21,97.9945,CoCrCuFeNi,True
Mn25Co11Ni11W13Cu18Mo13,97.99494,CoCuMnMoNiW,True
Fe14Mo19Cu10Mn16Ni9,98.00351,CuFeMnMoNi,True
W20Mo9Fe15Co22Mn20,98.01377,CoFeMnMoW,True
Mo25Mn8Cr20Co24Cu18,98.03555,CoCrCuMnMo,True
W16Mo24Ni15Cr15Mn24,98.054016,CrMnMoNiW,True
W11Cu21Cr24Mn12Fe11,98.05765,CrCuFeMnW,True
W9Mn10Co8Ni9Cr12,98.07214,CoCrMnNiW,True
Cu12Fe22Ni10Mo23Mn14,98.07951,CuFeMnMoNi,True
Mn24Cu20Co25Mo23Ni18,98.176025,CoCuMnMoNi,True
Fe17Co8Cr10Mn22W19,98.19962,CoCrFeMnW,True
Cu11Mn9Ni14Mo6Co16,98.23209,CoCuMnMoNi,True
Cu17Ni10Mn12Fe24W25Mo10,98.23859,CuFeMnMoNiW,True
Mn25W8Co5Ni21Cr19,98.25401,CoCrMnNiW,True
Cu19Cr21Ni9W20Co22,98.30332,CoCrCuNiW,True
Co24Cu10Cr11Fe23Ni12,98.317276,CoCrCuFeNi,True
Cr24Fe9Cu12Ni10Co5,98.330444,CoCrCuFeNi,True
Cr22Ni23Co5Cu12Fe15,98.36564,CoCrCuFeNi,True
W25Mo17Cu15Ni6Fe25,98.38282,CuFeMoNiW,True
Mn9Mo6Co21Fe9Ni25,98.404274,CoFeMnMoNi,True
Mn16W11Fe21Co8Mo5,98.414505,CoFeMnMoW,True
Ni23Cr15Fe12Co22Cu7,98.414566,CoCrCuFeNi,True
Cu21Ni22Fe10Mo5Cr6,98.439224,CrCuFeMoNi,True
Cu9Ni25Cr13Co11Fe19,98.46709,CoCrCuFeNi,True
Ni19Co6Cu5Fe13Cr20,98.467384,CoCrCuFeNi,True
Mo25W19Co13Ni7Cr14,98.48951,CoCrMoNiW,True
W13Cr22Cu9Ni14Co19,98.49111,CoCrCuNiW,True
Co11Ni14Cu13Fe6Cr18,98.547714,CoCrCuFeNi,True
Ni17Mn13Co20Mo11Cu15,98.554115,CoCuMnMoNi,True
Mn10Fe24Co23Cu25Mo17,98.58009,CoCuFeMnMo,True
Ni7Cu9Fe5Mo12Co15,98.64362,CoCuFeMoNi,True
W12Mo25Mn12Co10Cr19,98.6975,CoCrMnMoW,True
Cr24W22Ni19Cu12Co25,98.719666,CoCrCuNiW,True
Cu10Mn23Mo23Co21Fe18,98.734116,CoCuFeMnMo,True
Mo22Cr16W16Fe9Cu6,98.74286,CrCuFeMoW,True
Fe6Cr15Mn6W13Co13,98.74645,CoCrFeMnW,True
Cu14Cr14Mn9Co10W5,98.74842,CoCrCuMnW,True
Mo24Mn6Cr24Ni24Cu14,98.75136,CrCuMnMoNi,True
Cu7W17Ni17Cr12Co18,98.783264,CoCrCuNiW,True
Mo22Cu18Cr6Mn24Ni8,98.81387,CrCuMnMoNi,True
Cu9Cr21Fe20Co5Ni5,98.819824,CoCrCuFeNi,True
W10Co20Cu21Mo6Mn6,98.82243,CoCuMnMoW,True
Mo12Cu9Mn7Fe19Ni19,98.828224,CuFeMnMoNi,True
Co20Ni15Cu24Cr12Fe19,98.89399,CoCrCuFeNi,True
Co9Cr7Fe17Ni8Cu7,98.90899,CoCrCuFeNi,True
Mo11Cu17Co14Ni24Mn16,98.91112,CoCuMnMoNi,True
Ni11W9Mo10Fe21Mn10,98.91209,FeMnMoNiW,True
Ni24Co14Fe17Cr18Cu5,98.95471,CoCrCuFeNi,True
Ni8Co25Mo18Cu24Fe12,98.99231,CoCuFeMoNi,True
Cu14Cr24Ni14Co13Fe8,99.02071,CoCrCuFeNi,True
Co15Cr24Mo24Cu6Mn9,99.02097,CoCrCuMnMo,True
Fe19Cr23W16Mn6Co7,99.02201,CoCrFeMnW,True
Mo13W11Cu24Co20Mn18,99.07739,CoCuMnMoW,True
Ni5W12Co7Mo15Cr9,99.11448,CoCrMoNiW,True
Co14Ni23Cr5Mo19Cu15,99.1716,CoCrCuMoNi,True
Mn7Ni25Mo18Cu25W6,99.21646,CuMnMoNiW,True
W8Cu18Mn17Cr16Fe6,99.25827,CrCuFeMnW,True
Mn23Cr7Mo5W11Co10,99.2868,CoCrMnMoW,True
Mn24Co11W15Ni21Cr21,99.308105,CoCrMnNiW,True
Co17Mo12Mn5W18Cr23,99.345146,CoCrMnMoW,True
Fe17Mn12Co19Cu25Mo10,99.35456,CoCuFeMnMo,True
Cu12Co12Fe9Cr25Ni10,99.35611,CoCrCuFeNi,True
Fe13Co8Cu24Cr24Ni10,99.39226,CoCrCuFeNi,True
Fe7Cr14Co10W15Mn16,99.40175,CoCrFeMnW,True
W5Ni7Fe24Mo14Mn15,99.45621,FeMnMoNiW,True
W24Ni7Cu16Fe11Mn6Cr13,99.467896,CrCuFeMnNiW,True
Ni15Cu22W21Mn11Fe14Mo22,99.47237,CuFeMnMoNiW,True
Cu25Fe14Ni24Cr17Co23,99.55458,CoCrCuFeNi,True
Co25W19Ni18Cu9Cr16,99.593834,CoCrCuNiW,True
Mn19Cr8Co10W9Ni12,99.597946,CoCrMnNiW,True
Cu8W17Mo20Fe18Ni20Mn8,99.62451,CuFeMnMoNiW,True
Co18W21Ni20Fe15Cu13,99.62584,CoCuFeNiW,True
Cu21Ni23Cr20Fe11Co7,99.64304,CoCrCuFeNi,True
Fe20Mo14Ni5W15Cu13Mn16,99.64482,CuFeMnMoNiW,True
Cu21Cr16Mn7Ni23W8,99.645454,CrCuMnNiW,True
Mo14Ni7Mn11W8Cr23,99.65535,CrMnMoNiW,True
Mo6Cr5Mn23W5Ni8,99.67041,CrMnMoNiW,True
Cu21Mn20Ni10Mo7Fe9,99.69038,CuFeMnMoNi,True
Fe11Cu6Co10W15Mo25,99.69491,CoCuFeMoW,True
Ni6Cr20Cu25Mn11Co22W20,99.73091,CoCrCuMnNiW,True
Cu16W9Fe12Mn19Cr25,99.75442,CrCuFeMnW,True
Mn16W18Ni16Cr14Mo17,99.78145,CrMnMoNiW,True
Ni25Fe10Mn15Cu6W24Cr10,99.78568,CrCuFeMnNiW,True
W10Ni23Cr11Cu5Co18,99.8038,CoCrCuNiW,True
Cr12Cu5Co5Fe5Ni11,99.82869,CoCrCuFeNi,True
W22Co11Cu10Mo12Cr11,99.85195,CoCrCuMoW,True
Ni20Cr13W17Cu6Mo21,99.86192,CrCuMoNiW,True
Cu8W9Mo5Mn20Cr23,99.872856,CrCuMnMoW,True
Fe11W25Mo23Mn20Co11Ni16,99.911385,CoFeMnMoNiW,True
Cr12Cu8Mn13Mo21Co20,99.9159,CoCrCuMnMo,True
Cu7Mn17Mo22Ni23Fe23,99.921745,CuFeMnMoNi,True
Mn6Ni14Mo19Cr17Cu14,99.95043,CrCuMnMoNi,True
Cr15Co18Fe9Cu18Ni13,100.00133,CoCrCuFeNi,True
Co9Cu6Cr14Ni20Fe11,100.07286,CoCrCuFeNi,True
Cu7Cr12Mn6Ni22Mo11,100.09372,CrCuMnMoNi,True
Cr8Mn17Mo5W6Cu7,100.11628,CrCuMnMoW,True
W12Mo5Ni19Fe12Mn9,100.16457,FeMnMoNiW,True
Cu20Fe13Mo15Mn23Co18,100.19036,CoCuFeMnMo,True
Mo9W24Fe12Cu23Ni6,100.20191,CuFeMoNiW,True
Ni22Cr8W17Mo8Cu7,100.206474,CrCuMoNiW,True
Cu11Ni9W14Cr17Co13,100.31582,CoCrCuNiW,True
Mo12W5Cu18Ni24Mn25,100.341415,CuMnMoNiW,True
Cr17Ni5Cu15Co8Fe23,100.35118,CoCrCuFeNi,True
Mn9Cr14Co17Cu20W8,100.36426,CoCrCuMnW,True
Cu14Fe13Ni6W25Mo8,100.43589,CuFeMoNiW,True
Cu7Cr23Ni23Co6Fe23,100.44118,CoCrCuFeNi,True
Mo6Cr6Cu19Co24Mn8,100.44152,CoCrCuMnMo,True
Ni20W25Cu12Fe7Cr19,100.4647,CrCuFeNiW,True
W21Cr14Ni15Co5Mo12,100.46685,CoCrMoNiW,True
Mn23W19Cr7Ni24Co22,100.493256,CoCrMnNiW,True
Co9Fe11Cr6Mn24W14,100.53737,CoCrFeMnW,True
Cu20Co5Mo15Mn20Ni14W7,100.57148,CoCuMnMoNiW,True
W6Mo9Cu19Ni15Mn20,100.582306,CuMnMoNiW,True
Fe22Mo17Cu12Ni20Mn9,100.59666,CuFeMnMoNi,True
Cr19Co16Cu18Ni21Fe10,100.63641,CoCrCuFeNi,True
Ni5Cu12W21Cr15Fe21,100.69492,CrCuFeNiW,True
Fe11Cr12Ni5Cu17Co15,100.69718,CoCrCuFeNi,True
Mo8Fe21W20Mn21Co17,100.69805,CoFeMnMoW,True
Fe10W7Ni13Cu25Co13,100.72705,CoCuFeNiW,True
Fe22W17Ni20Mo6Mn9,100.74614,FeMnMoNiW,True
Ni21Fe21Mo16Mn12W14,100.74731,FeMnMoNiW,True
Mo13Mn10W17Ni13Cr20,100.75264,CrMnMoNiW,True
W6Ni19Cr20Cu24Mn25,100.760956,CrCuMnNiW,True
Ni12Mn18W18Cr19Mo15,100.77084,CrMnMoNiW,True
Mn19Fe19W11Cr22Cu10,100.78808,CrCuFeMnW,True
W9Mo24Ni13Mn12Cr12,100.79164,CrMnMoNiW,True
Cr17Cu11Co13Mo20Mn8,100.79718,CoCrCuMnMo,True
Fe20Cu19Ni20Mo12Mn6,100.80181,CuFeMnMoNi,True
Mn24W17Mo6Co14Cr9,100.81157,CoCrMnMoW,True
Mo10W20Mn14Cu19Cr16,100.83096,CrCuMnMoW,True
Fe13Cu6Co10Mn24Mo24,100.83357,CoCuFeMnMo,True
Fe8W21Mn22Co17Cr25,100.85244,CoCrFeMnW,True
Fe12Cr16Ni20Cu16Co25,100.85305,CoCrCuFeNi,True
Mo16Cu24Ni21Fe15Mn21,100.8543,CuFeMnMoNi,True
Fe5W15Co6Cr13Mo23,100.861115,CoCrFeMoW,True
Co22Fe25Mn8Mo14W24Cu7,100.87853,CoCuFeMnMoW,True
Mo23Cu18W22Cr17Ni9,100.92654,CrCuMoNiW,True
Cu25Cr23Ni20Co19Fe12,100.982475,CoCrCuFeNi,True
Co19Mn23Mo22Cr6Cu19,100.982956,CoCrCuMnMo,True
Fe9Ni5Co16Cr15Cu5,100.984665,CoCrCuFeNi,True
Co14Cr25Fe7Mn14W12,101.02336,CoCrFeMnW,True
Fe14Ni10Mn13Mo12W8,101.07547,FeMnMoNiW,True
Ni18Fe15W18Cu8Mn10Mo13,101.07914,CuFeMnMoNiW,True
W24Fe20Mo19Cr20Cu5,101.09629,CrCuFeMoW,True
Cr5Mn22W15Mo18Ni25,101.13869,CrMnMoNiW,True
Co6Cr25Fe22Cu15Ni8,101.14558,CoCrCuFeNi,True
Cr7Mo23Cu12Mn24Ni20,101.15362,CrCuMnMoNi,True
Cr18Cu19W8Mn21Co19,101.29155,CoCrCuMnW,True
Mo13Fe8Cu12Cr5Ni24,101.2931,CrCuFeMoNi,True
Fe19Mn14Cr9W9Cu9,101.299164,CrCuFeMnW,True
Cr20Mo21Cu20W13Mn7,101.380684,CrCuMnMoW,True
Mn6W14Cr12Co16Ni20,101.38489,CoCrMnNiW,True
Cu5Fe24Mo14Co8Mn10,101.399734,CoCuFeMnMo,True
Cr5Cu25Co19Mo6Fe15,101.43214,CoCrCuFeMo,True
Co19Cr11Fe20Cu10Ni6,101.47634,CoCrCuFeNi,True
W25Mo18Ni18Cr22Mn24,101.51277,CrMnMoNiW,True
Mn6Fe12Mo6Ni11Cu17,101.51742,CuFeMnMoNi,True
Cu5Cr8Co7Mn9W9Ni5,101.55115,CoCrCuMnNiW,True
Cu8W7Ni11Cr24Fe7,101.55558,CrCuFeNiW,True
Cu14Co19Mo23Fe8Ni7,101.57733,CoCuFeMoNi,True
W13Cu13Cr11Mn19Mo9,101.60884,CrCuMnMoW,True
W19Mo8Mn16Cr13Fe8,101.6488,CrFeMnMoW,True
Fe24Cr14Ni10Co21Cu23,101.6713,CoCrCuFeNi,True
W12Cr9Fe10Mn25Cu23,101.73092,CrCuFeMnW,True
W13Fe7Mn18Co9Cr12,101.73635,CoCrFeMnW,True
W17Fe6Mo6Cu6Co22Mn23,101.83106,CoCuFeMnMoW,True
Fe17Cr25Co8Cu7Ni7,101.85865,CoCrCuFeNi,True
W19Fe6Mo11Cu17Ni19Mn11,101.860214,CuFeMnMoNiW,True
Cr16Fe15Mn10Ni23W23,101.86977,CrFeMnNiW,True
Mn17Cr15W23Mo12Ni19,101.87595,CrMnMoNiW,True
Cr23Mn10Cu24W25Mo7,101.884155,CrCuMnMoW,True
Cr18W22Co23Cu6Mo13,101.904816,CoCrCuMoW,True
Fe14Cr20Cu8Ni11Co5,101.91672,CoCrCuFeNi,True
Cr24Ni21Mn18Cu21W6,101.917435,CrCuMnNiW,True
W25Cr24Co5Mn7Cu9Fe25,101.9407,CoCrCuFeMnW,True
Mn12Cr15W13Co6Mo8,101.99031,CoCrMnMoW,True
Cu17Fe5Cr7Mo23Ni24,101.990685,CrCuFeMoNi,True
Fe13Ni6Cr6Cu19W21,102.04333,CrCuFeNiW,True
Cr19Mo22W16Cu10Ni13,102.063324,CrCuMoNiW,True
Ni22Mo24Fe14Co5Cu23,102.08603,CoCuFeMoNi,True
Cr15W11Co10Mn8Ni16,102.09093,CoCrMnNiW,True
W21Fe25Mn24Mo8Co17,102.09404,CoFeMnMoW,True
Co25Mo19Ni24Mn22W14,102.13018,CoMnMoNiW,True
Cr16Co5Cu7W22Ni7Mo22,102.15564,CoCrCuMoNiW,True
Mn17Cr10Cu7Ni20Mo20,102.175674,CrCuMnMoNi,True
Co6Cr24Ni12Fe15Cu14,102.20112,CoCrCuFeNi,True
Co16Mn16W15Cr7Ni18,102.20586,CoCrMnNiW,True
Cu13Ni14W24Mo23Cr11,102.22159,CrCuMoNiW,True
Co20Cr16W17Fe5Mn22,102.24202,CoCrFeMnW,True
Cr6Fe10W25Mn15Cu7Co13,102.24899,CoCrCuFeMnW,True
Mn20Ni16Mo6W23Cr15,102.257225,CrMnMoNiW,True
Cu18Co5Mo10Ni15Mn17,102.31074,CoCuMnMoNi,True
Ni11Cr17Co7Cu13Mn10W13,102.31283,CoCrCuMnNiW,True
Co13Mo21Fe14W8Mn19,102.34222,CoFeMnMoW,True
Cu8Cr24Fe12Co21Ni8,102.34779,CoCrCuFeNi,True
Cu20Ni7Mo22Cr10Mn19,102.361145,CrCuMnMoNi,True
Ni11W11Mo19Mn14Cr11,102.40039,CrMnMoNiW,True
Mo23Ni20Mn11Fe22W10,102.41384,FeMnMoNiW,True
Mn6Ni23Fe14Co6Mo8,102.443504,CoFeMnMoNi,True
Cu16Mn6W13Cr17Fe22,102.49488,CrCuFeMnW,True
W8Ni13Mn8Co22Cr7,102.52251,CoCrMnNiW,True
Cu11Mo21Fe19Mn21Co25,102.52369,CoCuFeMnMo,True
Co14Mo9Fe8Mn10W9,102.5315,CoFeMnMoW,True
Ni6Co14Fe8Cu11W8,102.54866,CoCuFeNiW,True
Cu24Fe19Cr21Ni15Co7,102.550156,CoCrCuFeNi,True
Co24Ni17Cu5W16Mo18,102.59107,CoCuMoNiW,True
Fe18Co20Mn8Ni13Mo25,102.616455,CoFeMnMoNi,True
Co23Ni25W11Mn11Mo19Cu8,102.624954,CoCuMnMoNiW,True
Cu14Fe18W24Cr15Ni6,102.6689,CrCuFeNiW,True
Cr5Fe7Mo24Mn12Cu25,102.6989,CrCuFeMnMo,True
Fe24Ni19Co23Cu8Cr15,102.75594,CoCrCuFeNi,True
Cu18W25Mn23Ni24Mo11Co18,102.81683,CoCuMnMoNiW,True
Mo6Cu11Cr5Ni12Co16,102.81912,CoCrCuMoNi,True
Cu25Cr8Ni14Mo12Co17,102.84061,CoCrCuMoNi,True
Fe15W22Ni20Cr16Mn9,102.91286,CrFeMnNiW,True
Cu21Cr21Co5W20Mo18,102.923065,CoCrCuMoW,True
Co17Ni19Fe15Cu20Cr12,102.97666,CoCrCuFeNi,True
Cr18Ni7Co25W19Cu24,103.04088,CoCrCuNiW,True
W21Cr15Ni15Mo8Mn14,103.048065,CrMnMoNiW,True
Ni10Fe23Mo21W24Cu24Mn20,103.058914,CuFeMnMoNiW,True
Mo16Cr21Ni5W14Co14,103.07477,CoCrMoNiW,True
Fe10Mo13Cu13Ni20Co5,103.07772,CoCuFeMoNi,True
W19Ni11Cr18Fe16Mn11,103.08423,CrFeMnNiW,True
Mn24Mo11Fe5W19Cr25,103.10575,CrFeMnMoW,True
Mn11Mo11Cr10W5Cu6,103.128555,CrCuMnMoW,True
Mo14Cu10Ni23Fe18Mn15W23,103.14824,CuFeMnMoNiW,True
Mo19Ni18W24Cr7Co6,103.16061,CoCrMoNiW,True
Fe22Cr7W11Mn5Ni13,103.29128,CrFeMnNiW,True
Fe9Co24Cu24Cr7Mo15,103.300964,CoCrCuFeMo,True
Co12W6Mn13Mo14Ni22,103.35697,CoMnMoNiW,True
W19Fe8Co8Cr11Cu24,103.38307,CoCrCuFeW,True
Cu16W6Cr15Co19Mn22,103.386856,CoCrCuMnW,True
Cr18Cu12W18Co9Mo18,103.40024,CoCrCuMoW,True
Fe20Co8Ni8Cu5Cr18,103.40107,CoCrCuFeNi,True
Cu10Ni5W18Mo6Fe17,103.42499,CuFeMoNiW,True
Cu24W18Mo20Cr14Mn17,103.45015,CrCuMnMoW,True
Cr9Mo14Cu25Ni14Fe5,103.45713,CrCuFeMoNi,True
Mn23Cr6Co7Mo19W23Cu11,103.45922,CoCrCuMnMoW,True
Cu17Mo9W11Mn15Fe14,103.47236,CuFeMnMoW,True
W19Fe5Ni21Cr12Cu11,103.52256,CrCuFeNiW,True
Cr7Co17Mo11Ni15Cu22,103.56635,CoCrCuMoNi,True
Cu13Mo12Fe6Cr8Ni25,103.59482,CrCuFeMoNi,True
Mo20Fe16Ni11Mn25Cu23,103.60196,CuFeMnMoNi,True
Fe15Co24Cu24Mo15Mn25,103.60511,CoCuFeMnMo,True
Cr5Ni12Fe11Cu23Mo5,103.633316,CrCuFeMoNi,True
Mo23Cu16Mn12W12Co22Ni17,103.63484,CoCuMnMoNiW,True
W21Co22Mo16Mn23Fe22,103.63765,CoFeMnMoW,True
Co24Cr8Mn8Ni21W14,103.666016,CoCrMnNiW,True
Mo23Co20W16Mn20Fe20,103.67491,CoFeMnMoW,True
Mo17Ni19Cu19Cr6Fe6,103.77543,CrCuFeMoNi,True
Cr15W6Co14Cu25Ni6,103.786026,CoCrCuNiW,True
Cu7Cr11Mo14Ni22Mn10,103.85214,CrCuMnMoNi,True
Fe13Cu21Cr18Ni24Co17,103.89503,CoCrCuFeNi,True
Mo18Fe11Co9Ni24Mn12,103.914085,CoFeMnMoNi,True
Mo7Ni10Fe21Mn15W11,103.916245,FeMnMoNiW,True
Mn10Mo10Fe24Cu16W9,103.96009,CuFeMnMoW,True
Fe9Co9W8Mn5Cr21,104.07881,CoCrFeMnW,True
Cr7Co5Cu25Mn9Mo7,104.0853,CoCrCuMnMo,True
Cu20Mo5Mn11W11Ni18,104.093956,CuMnMoNiW,True
Co11Mo15Cu8W18Cr6,104.17605,CoCrCuMoW,True
Mo12Cr7Co21Mn17W19,104.18581,CoCrMnMoW,True
Fe11Ni6Mo21W9Cu17Mn6,104.187645,CuFeMnMoNiW,True
Mn12Mo16Cr18W18Ni17,104.18887,CrMnMoNiW,True
Cr24W25Cu18Co22Ni14,104.22374,CoCrCuNiW,True
Mo25Cr25Co14W20Mn18,104.240166,CoCrMnMoW,True
Co22Mn8Mo24Cr22W20,104.24409,CoCrMnMoW,True
Cr5Cu8Mn25Ni23W25Fe7,104.27027,CrCuFeMnNiW,True
Fe25Mo8Co5Ni5Mn8W13,104.27891,CoFeMnMoNiW,True
Cr6Cu20Mn13Co22Mo15,104.28549,CoCrCuMnMo,True
Cu18W15Mn13Fe9Ni11Mo15,104.290596,CuFeMnMoNiW,True
Co5W11Cr24Mo14Mn18,104.306335,CoCrMnMoW,True
W8Cu17Mn10Mo7Co22,104.31195,CoCuMnMoW,True
Cr13Cu17Co6Fe5Mn8W21,104.32856,CoCrCuFeMnW,True
Fe23Cu25Ni24Mn15Mo20,104.3801,CuFeMnMoNi,True
Ni8Cr16Cu16Fe11W24,104.39618,CrCuFeNiW,True
Ni21W9Cu18Fe22Co9,104.48147,CoCuFeNiW,True
Mn13Ni14Mo20Cu23Fe22,104.502075,CuFeMnMoNi,True
Ni14Cr24Fe23Co7Cu8,104.54799,CoCrCuFeNi,True
Mn11Cu10Mo18Fe21Co11,104.60972,CoCuFeMnMo,True
Mn12W14Ni10Cr7Fe11,104.62981,CrFeMnNiW,True
Mn5W8Ni20Mo5Cu21,104.68,CuMnMoNiW,True
Mo13W12Fe10Cu5Ni5,104.70293,CuFeMoNiW,True
Cu8Mo10Co12Fe10Ni23,104.70327,CoCuFeMoNi,True
Fe14Ni7W15Cu11Cr23,104.70504,CrCuFeNiW,True
Fe17W15Mn7Mo17Cr6,104.743935,CrFeMnMoW,True
W14Co19Fe17Mn12Cu6Mo22,104.75202,CoCuFeMnMoW,True
Mn16Fe25Mo23Cu21W7,104.7546,CuFeMnMoW,True
Mn14Cu12Ni22Mo13Cr6,104.755295,CrCuMnMoNi,True
Cu15Mn8Fe7Co9W9Mo20,104.79167,CoCuFeMnMoW,True
Fe25Cu5Cr21Ni12Co23,104.796684,CoCrCuFeNi,True
Mn10Fe7W8Cr14Cu15,104.797485,CrCuFeMnW,True
Ni25Cr21Mn8Cu11Mo21,104.80257,CrCuMnMoNi,True
Mo13Co25Ni18Fe7Mn16,104.84717,CoFeMnMoNi,True
W16Mo21Mn15Cr19Cu21,104.92133,CrCuMnMoW,True
Cu21W9Ni7Co5Cr9Mn12,105.03937,CoCrCuMnNiW,True
W5Cr7Co6Mn16Mo16,105.07293,CoCrMnMoW,True
Cu9Co5Mo14W12Cr5,105.08325,CoCrCuMoW,True
Cr18Fe23Ni8Cu20Co25,105.11016,CoCrCuFeNi,True
Cu24Cr24Co19Fe19Ni7,105.1435,CoCrCuFeNi,True
Ni19Cr12Fe16Co8Cu16,105.20645,CoCrCuFeNi,True
Fe8Cr16Ni7Mn10W9,105.209625,CrFeMnNiW,True
Co21Cu22Mo17Ni6W22,105.248474,CoCuMoNiW,True
W7Cu19Co25Mn20Cr6,105.250145,CoCrCuMnW,True
Mn13Mo20Fe22Ni19W11,105.267,FeMnMoNiW,True
Co10Fe21W24Cr15Mn17,105.30152,CoCrFeMnW,True
Cu10Cr22W14Ni5Fe22,105.3498,CrCuFeNiW,True
Co10Ni16Fe22W10Cu19,105.355225,CoCuFeNiW,True
Mn9Fe12Ni9Co25Mo8,105.41038,CoFeMnMoNi,True
Ni21Cr9Mo5Cu17Co25,105.415596,CoCrCuMoNi,True
Fe8W23Mn25Cr25Mo19,105.47327,CrFeMnMoW,True
Mn6Mo10Cr17Cu10Co7W25,105.4785,CoCrCuMnMoW,True
Ni10Cr24Fe16Cu7Co12,105.49222,CoCrCuFeNi,True
Co13Ni5Cu17Fe15Cr20,105.51071,CoCrCuFeNi,True
Mo14W8Ni8Mn20Cr11,105.517876,CrMnMoNiW,True
Mo9Co22Fe18Mn16W20,105.52012,CoFeMnMoW,True
W5Cr24Mn8Co20Cu18,105.5438,CoCrCuMnW,True
W16Mo19Cu20Mn17Cr15,105.55071,CrCuMnMoW,True
Cr11Co14Cu25W24Fe6,105.55231,CoCrCuFeW,True
Cu23Ni7Fe8W18Cr18,105.55597,CrCuFeNiW,True
Co23Mn17Ni24Mo9Cu12,105.56941,CoCuMnMoNi,True
Ni25Cr18W18Mn21Co14,105.57619,CoCrMnNiW,True
Co22Mn18W8Ni19Mo21,105.612206,CoMnMoNiW,True
W24Mn12Fe13Cr15Mo10,105.61454,CrFeMnMoW,True
Mo10Co14Cu14Ni7W10Mn12,105.6243,CoCuMnMoNiW,True
Mn23Cu6Co16W14Mo15Fe10,105.63402,CoCuFeMnMoW,True
W21Ni7Cu14Co13Mo10,105.63983,CoCuMoNiW,True
W20Fe6Co6Cu16Mo18,105.669304,CoCuFeMoW,True
Co7Fe20Cr24Cu19Ni9,105.67514,CoCrCuFeNi,True
Ni22W5Mn19Cu16Mo12,105.68602,CuMnMoNiW,True
Mo25Mn8Cr6Co10Ni11,105.691315,CoCrMnMoNi,True
Ni11Cr22Mo19Co13W25,105.7073,CoCrMoNiW,True
Co22Mo19Cu25Ni18W20Mn11,105.72604,CoCuMnMoNiW,True
Ni15Cu16Fe10Cr12Co14,105.83561,CoCrCuFeNi,True
Cr15Ni20Co5Mn11Cu25W17,105.858574,CoCrCuMnNiW,True
Cu15Fe11Co6Cr18Ni8,105.877884,CoCrCuFeNi,True
Mn14W7Co11Ni6Cr8,105.900345,CoCrMnNiW,True
W7Fe15Ni18Cu9Co9,105.91572,CoCuFeNiW,True
Mo21Cu7Co8Cr14W7,105.92396,CoCrCuMoW,True
Co6Fe24Ni20Cr21Cu14,105.98066,CoCrCuFeNi,True
Cu18Mn13W12Cr21Fe15,105.98082,CrCuFeMnW,True
W10Cr23Co10Cu15Ni13,106.000946,CoCrCuNiW,True
Ni6Fe20Cr12Co9Cu7,106.00256,CoCrCuFeNi,True
W19Cu11Co11Mo18Ni8,106.030525,CoCuMoNiW,True
Mo25Ni13Fe16Co14Mn10,106.053696,CoFeMnMoNi,True
Cr18W16Mo9Mn8Cu17,106.07968,CrCuMnMoW,True
Mo5Co13Mn11Ni20Cu14,106.083984,CoCuMnMoNi,True
Mn14Cr24Cu24Fe21W17,106.11096,CrCuFeMnW,True
Cr9Co24Mo8W14Mn9,106.11645,CoCrMnMoW,True
W16Fe6Mn5Cu23Mo13Ni14,106.1506,CuFeMnMoNiW,True
Cr22Fe14Ni11W16Mn12,106.180786,CrFeMnNiW,True
Fe14Mo15Ni7Cu20Mn19,106.329926,CuFeMnMoNi,True
Cu22Co18Mo17Fe5Cr8,106.331604,CoCrCuFeMo,True
Co24Mn20Cr22Ni16W19,106.38199,CoCrMnNiW,True
Cu22Cr22Co18Mn6W7,106.39706,CoCrCuMnW,True
Co22Cu14Mn14Cr7Mo16,106.41047,CoCrCuMnMo,True
Cu24Mn19Mo13W14Fe18,106.430115,CuFeMnMoW,True
Cr24Fe9Mo15W12Cu7,106.466286,CrCuFeMoW,True
Ni22Co8Mn6Mo6Fe12,106.51387,CoFeMnMoNi,True
Mn18Co22Cu15Cr10W20Ni9,106.5235,CoCrCuMnNiW,True
Fe8Co12Cu11Ni14Mo7,106.54872,CoCuFeMoNi,True
Cu12Mo17Co19W16Mn25Ni21,106.595085,CoCuMnMoNiW,True
Mo13Cr12W21Mn17Ni21,106.59762,CrMnMoNiW,True
Co22Cr12Mn12Cu9Mo18,106.61212,CoCrCuMnMo,True
Cr23W6Co7Cu14Ni21,106.63959,CoCrCuNiW,True
Cu19Mo7W19Mn23Ni14Co11,106.67028,CoCuMnMoNiW,True
Cu5Cr6Mo12Co9W12,106.696205,CoCrCuMoW,True
Cu11Fe19Ni14Co16Cr10,106.70422,CoCrCuFeNi,True
W21Co18Mn17Fe11Cr10,106.71108,CoCrFeMnW,True
Ni22Fe14Co9W7Cu12,106.72369,CoCuFeNiW,True
Co6Cr7W11Cu13Ni9Mn5,106.75878,CoCrCuMnNiW,True
Ni14Cr23Co5W13Mo22,106.75888,CoCrMoNiW,True
Mo8W18Fe23Cu17Mn9Ni5,106.77699,CuFeMnMoNiW,True
W24Mo21Ni9Cu20Cr11,106.78144,CrCuMoNiW,True
Ni7Cr16W8Mn10Co20,106.7827,CoCrMnNiW,True
Fe23Cu7Mo8W20Co10,106.81919,CoCuFeMoW,True
Cr16Co10Ni14Fe20Cu24,106.83571,CoCrCuFeNi,True
Mo17Mn21W12Cu14Cr16,106.83775,CrCuMnMoW,True
Co23Fe17Mn22Mo24W14,106.85016,CoFeMnMoW,True
W20Ni11Mo20Co9Cr17,106.868164,CoCrMoNiW,True
Ni20Cu5Mo9Co22Fe17,106.88207,CoCuFeMoNi,True
W22Mo5Cr11Mn14Co25,106.930504,CoCrMnMoW,True
Fe12Cu21Ni13Cr19Co18,106.94382,CoCrCuFeNi,True
Mo17Ni24Fe20W18Mn24,106.94383,FeMnMoNiW,True
Mn24Cu19Ni23Mo7W8,106.95222,CuMnMoNiW,True
Cr24Cu7Co22Fe16Ni21,107.02931,CoCrCuFeNi,True
Mo20Ni9W10Cu11Cr21,107.07801,CrCuMoNiW,True
Co24W18Cr19Mn11Ni22,107.083145,CoCrMnNiW,True
Mn9Co21Fe5Cr15W12,107.10271,CoCrFeMnW,True
W8Fe5Cr11Mn18Ni10,107.129524,CrFeMnNiW,True
Cr16W6Co24Cu17Mn6,107.16946,CoCrCuMnW,True
Co16W21Mn9Fe6Cr16Cu6,107.17352,CoCrCuFeMnW,True
Cr18Cu16Co6W10Ni13,107.18621,CoCrCuNiW,True
Cr11Cu21Mo6Co19Fe5,107.19552,CoCrCuFeMo,True
Ni6Co13W7Cr9Mn16,107.23229,CoCrMnNiW,True
Mo5Cr14Ni22W23Co5,107.32493,CoCrMoNiW,True
Ni22Cr25W22Mn12Mo20,107.328835,CrMnMoNiW,True
Cr15Fe24Cu14Co7Ni16,107.34438,CoCrCuFeNi,True
Mn14Mo17Fe9Ni19Co24,107.38902,CoFeMnMoNi,True
Co22Cu16Cr25Fe13Ni22,107.39558,CoCrCuFeNi,True
Mn19Cr19Mo23W20Co16,107.419266,CoCrMnMoW,True
Mo23Cu25Co6Cr7Ni24,107.419334,CoCrCuMoNi,True
Cu6Fe11W11Mn12Mo18Co19,107.42666,CoCuFeMnMoW,True
Co19W20Mo16Cr18Ni5,107.43166,CoCrMoNiW,True
Fe17W15Ni10Cu21Co24,107.50071,CoCuFeNiW,True
Cu15Cr13Ni19Co13Fe25,107.500725,CoCrCuFeNi,True
Fe17W14Mo5Mn5Cr7,107.53766,CrFeMnMoW,True
Cr14Ni11Co22W25Cu20,107.53915,CoCrCuNiW,True
Mn19Mo15W15Co23Ni25,107.56598,CoMnMoNiW,True
Mo16Mn9Co16W14Cr11,107.61416,CoCrMnMoW,True
Mo11Cr17W24Co16Mn24,107.62043,CoCrMnMoW,True
Mo20W17Mn19Fe14Cr6,107.635185,CrFeMnMoW,True
Cr9Ni22W20Mo13Co5,107.63849,CoCrMoNiW,True
Mo12Co20W10Cu23Mn18,107.643005,CoCuMnMoW,True
Mn24W7Fe18Mo20Co11,107.65195,CoFeMnMoW,True
Cr20W22Co5Ni5Mn10Mo21,107.67295,CoCrMnMoNiW,True
Fe20Cr23Cu7Co9W17,107.69693,CoCrCuFeW,True
Ni14W17Mn17Cr15Mo14,107.73212,CrMnMoNiW,True
Fe17Cu16Cr14Ni18Co7,107.77526,CoCrCuFeNi,True
Cu17Cr6Mn12Co9Mo13,107.79619,CoCrCuMnMo,True
Co21Cu20Mn11Fe13Mo6,107.801575,CoCuFeMnMo,True
Cr19Ni17Fe12Cu6Co10,107.831604,CoCrCuFeNi,True
Cu5Co7Fe12Ni5Cr15,107.859566,CoCrCuFeNi,True
Mn16Co15Cr22W6Cu20,107.91234,CoCrCuMnW,True
Cu5Mo15Co9W10Cr9,107.91975,CoCrCuMoW,True
Ni11Mn10Co7Mo25Fe14,107.9288,CoFeMnMoNi,True
Ni18Mo6Mn15Cu17Co6,108.00346,CoCuMnMoNi,True
Cr11Mo23W24Cu17Ni11,108.01645,CrCuMoNiW,True
Fe13Cr22Co17Cu22Ni16,108.05863,CoCrCuFeNi,True
Mn15Co21Cr21Ni16W16,108.06003,CoCrMnNiW,True
Co10W20Cu7Cr6Mn25Mo18,108.0654,CoCrCuMnMoW,True
Mo25Fe14W8Co18Mn22,108.079575,CoFeMnMoW,True
Mn7W8Ni19Co23Mo14,108.0838,CoMnMoNiW,True
Fe12Mo10Co17Cu9Ni24,108.098816,CoCuFeMoNi,True
Mn22W22Co15Cr24Fe11,108.14102,CoCrFeMnW,True
W18Mn13Ni13Co10Fe11Mo25,108.15322,CoFeMnMoNiW,True
Cu8Cr11Co5W17Fe13,108.17098,CoCrCuFeW,True
Ni11Cu22Cr25Co19Fe13,108.22363,CoCrCuFeNi,True
Cr24Ni13Fe6W25Mo13,108.24192,CrFeMoNiW,True
Ni21Mo8W11Co17Mn9,108.25523,CoMnMoNiW,True
Mn16Co14Cu13Ni15Cr9W20,108.30172,CoCrCuMnNiW,True
W13Mn16Cu16Mo5Fe24,108.33161,CuFeMnMoW,True
Mo25Fe17Co6Cu5Ni24,108.3481,CoCuFeMoNi,True
Cu24Mo6Mn17Co25W15,108.36955,CoCuMnMoW,True
Fe25W24Cu19Ni14Mn19Mo21,108.38265,CuFeMnMoNiW,True
Ni13W19Mo10Mn18Co20Cu18,108.38526,CoCuMnMoNiW,True
Co11Cr13Fe19Mn24W23,108.468506,CoCrFeMnW,True
Co9Cr19W25Fe7Mo16,108.47124,CoCrFeMoW,True
Ni9Cr20Fe5Cu21W21Mn7,108.472496,CrCuFeMnNiW,True
W12Mn22Cr18Fe14Cu18,108.47301,CrCuFeMnW,True
Co15Cr12Cu25Fe5Mo7,108.49411,CoCrCuFeMo,True
W13Mo22Ni16Mn14Cr12,108.50522,CrMnMoNiW,True
Mo9Mn20W17Co17Cr7,108.528534,CoCrMnMoW,True
Co8Mn20Cr22Mo17W15,108.55097,CoCrMnMoW,True
W6Cu22Ni10Co18Fe8,108.60945,CoCuFeNiW,True
Fe8Mo15Ni6Co19Cu14,108.62597,CoCuFeMoNi,True
Mn8Ni25W16Fe20Cr7,108.651054,CrFeMnNiW,True
Ni16Mn13Cr6Cu17Mo16,108.695786,CrCuMnMoNi,True
Ni9Cu23Co16Cr17Fe23,108.71262,CoCrCuFeNi,True
Mo19Ni14Mn13Cr12Cu25,108.71985,CrCuMnMoNi,True
Cu21W23Fe9Mn8Cr11Co5,108.74687,CoCrCuFeMnW,True
Mo13W5Cu17Ni25Mn14,108.775276,CuMnMoNiW,True
Mn9Fe16Cu21W10Mo9,108.793274,CuFeMnMoW,True
Cu5Cr8Fe19W24Co18,108.80054,CoCrCuFeW,True
Cu7Ni22Cr18Co15Fe20,108.82029,CoCrCuFeNi,True
Cr25Fe10W6Mn23Cu17,108.8287,CrCuFeMnW,True
Cr20Ni5Fe13Cu14W17,108.86332,CrCuFeNiW,True
Mo17Co24Mn7Fe16Ni22,108.89114,CoFeMnMoNi,True
Ni5W18Cr13Mo7Cu17,108.895,CrCuMoNiW,True
Cr10Co18W25Ni7Mo15,108.89697,CoCrMoNiW,True
Cr7Mo10Ni10Cu12Co25,108.91729,CoCrCuMoNi,True
W16Mn9Cr17Fe18Co6,108.92744,CoCrFeMnW,True
Fe17Cr20Co6Ni10Cu16,108.93213,CoCrCuFeNi,True
Cr21Cu15Mo25Mn12Co7,108.94087,CoCrCuMnMo,True
Ni9Cu16Fe10Co10Cr10,108.95578,CoCrCuFeNi,True
Co19W25Ni17Cu8Mo21,109.02653,CoCuMoNiW,True
Mn25Fe16Co13Mo20Cu21,109.05965,CoCuFeMnMo,True
W19Cr20Co14Mn9Mo11,109.06453,CoCrMnMoW,True
Fe13Cu15Ni20Cr24Co22,109.098785,CoCrCuFeNi,True
W10Fe20Mn14Mo11Ni11,109.139946,FeMnMoNiW,True
Cu18Mn9Co24Cr11Mo17,109.16374,CoCrCuMnMo,True
Cu22Co6Ni12Fe11Mo25,109.184906,CoCuFeMoNi,True
Cr13Mo8Mn18Ni21W23,109.20033,CrMnMoNiW,True
Mo7Fe23W14Mn8Co16,109.250496,CoFeMnMoW,True
Mn23W16Cr13Fe13Ni10,109.26109,CrFeMnNiW,True
Ni13Co22Cr20Mn10W13,109.303925,CoCrMnNiW,True
Cr22Mo13W18Cu24Ni5,109.30671,CrCuMoNiW,True
Cu25Mo7Mn11Co9Cr7,109.33726,CoCrCuMnMo,True
Co18Mo23W16Ni25Cu5,109.41734,CoCuMoNiW,True
Co9W22Ni14Mo14Mn10Fe10,109.43103,CoFeMnMoNiW,True
Fe11Ni19Co8Mo25Cu22,109.431595,CoCuFeMoNi,True
Cr19Mn19W20Mo6Cu15,109.4458,CrCuMnMoW,True
Fe18Mo7Cu22Co23Mn8,109.48233,CoCuFeMnMo,True
Cu16Co15Cr17Ni6Fe16,109.48329,CoCrCuFeNi,True
Cr6Mn21W24Fe18Co19,109.51712,CoCrFeMnW,True
Fe16Co12Cu18Cr25Ni8,109.52034,CoCrCuFeNi,True
Cu25W22Mn25Mo11Cr13,109.53474,CrCuMnMoW,True
W5Co6Ni19Mo15Cu14Mn6,109.53511,CoCuMnMoNiW,True
Mo16Mn8Co21Fe12Ni13,109.53651,CoFeMnMoNi,True
Mn13Cr20Mo15Ni14W17,109.61221,CrMnMoNiW,True
Ni12Cu12Fe8W16Cr23,109.6289,CrCuFeNiW,True
Mn13W20Mo11Cr17Fe9,109.633705,CrFeMnMoW,True
Cu17Cr25Co8W16Mo25,109.64555,CoCrCuMoW,True
Cr5Mo8Ni6W16Fe5,109.680435,CrFeMoNiW,True
Cr5Co6Cu23W6Mn6Ni12,109.696106,CoCrCuMnNiW,True
W20Mo14Co23Cu6Cr19,109.70212,CoCrCuMoW,True
Mo13Cu7Mn19Co13Ni18,109.737495,CoCuMnMoNi,True
Mn8Cr9Co14Mo10Cu25,109.79573,CoCrCuMnMo,True
Cr20Fe8Ni15Mn10W13,109.80607,CrFeMnNiW,True
Fe16Cr21Ni9Cu12Co7,109.827354,CoCrCuFeNi,True
Mn14Fe21Mo21Cu11Ni15,109.870895,CuFeMnMoNi,True
Mo25Cr16Mn13Co24Cu20,109.89401,CoCrCuMnMo,True
Mn15Cr5Mo13W12Ni23,109.90495,CrMnMoNiW,True
Co10Cu8Fe8Mo22Ni18,109.91426,CoCuFeMoNi,True
Mn12Fe19W25Co19Cr13,109.93028,CoCrFeMnW,True
Mn6Mo25Fe7Cr13Cu22,109.937355,CrCuFeMnMo,True
Co15Cu24W25Cr15Ni14,109.95655,CoCrCuNiW,True
Mn8Cu22Mo7Fe16Ni17,109.95811,CuFeMnMoNi,True
W18Cr20Ni21Mn16Co20,109.96198,CoCrMnNiW,True
Mn16Co10W8Fe24Mo19,110.00913,CoFeMnMoW,True
Co9W9Cu16Ni23Fe12,110.04799,CoCuFeNiW,True
Mn8W7Cr23Fe14Cu13,110.07005,CrCuFeMnW,True
Mo25Ni11Mn17Cr15Cu14,110.10879,CrCuMnMoNi,True
Mo6Cr10W17Mn24Cu19,110.146545,CrCuMnMoW,True
Cr14Ni11Mn7W11Mo12,110.16762,CrMnMoNiW,True
Mo23Cu25Ni5W16Cr17,110.20091,CrCuMoNiW,True
Mo20Mn10Cr19Cu24Ni5,110.20157,CrCuMnMoNi,True
Ni5Mo8W12Co9Fe24,110.26183,CoFeMoNiW,True
Ni23Cu25Mn5Cr25W6,110.323425,CrCuMnNiW,True
Co17Mo17Cu10W23Ni11,110.347595,CoCuMoNiW,True
Cr13W15Ni20Mn17Co14,110.36054,CoCrMnNiW,True
Ni7W15Co8Cu15Mo11,110.36841,CoCuMoNiW,True
Cu11Fe11Cr16Mn7W7,110.37892,CrCuFeMnW,True
Cr25Co10Fe13Cu13Ni21,110.387985,CoCrCuFeNi,True
Mo6Cu25Ni20Mn6Fe22,110.460976,CuFeMnMoNi,True
Cu17Cr18Fe10Ni11Co10,110.50526,CoCrCuFeNi,True
Co21Ni25Cr17Cu11Fe18,110.51242,CoCrCuFeNi,True
Mo25Cu10Ni19W22Cr8,110.51717,CrCuMoNiW,True
Ni12Co10W18Cu19Cr12,110.530624,CoCrCuNiW,True
Co21Mn20Ni13Fe8Mo21,110.58601,CoFeMnMoNi,True
Cr11Co8Ni24Mn23W10,110.608604,CoCrMnNiW,True
Ni12Cu7Cr14W9Mo23,110.63663,CrCuMoNiW,True
Co22Cu11Fe23Cr16Ni22,110.65229,CoCrCuFeNi,True
W18Ni20Cr18Co23Mn16,110.67,CoCrMnNiW,True
W24Mn25Fe22Cr16Ni13,110.705765,CrFeMnNiW,True
Fe25Cu8Ni9Co16Cr22,110.70671,CoCrCuFeNi,True
W24Mn23Co8Cr10Cu5Fe10,110.80507,CoCrCuFeMnW,True
Mo11Cu21Cr9Ni13Mn7,110.82601,CrCuMnMoNi,True
Mo19Cr13W12Fe7Mn11,110.82666,CrFeMnMoW,True
Cr15Cu10Co22Fe15Ni20,110.82811,CoCrCuFeNi,True
Cu21Cr16W5Mn20Ni24,110.896034,CrCuMnNiW,True
Cu16Mo13Mn13Cr5Co19,110.90214,CoCrCuMnMo,True
Fe9Cr6Mo10Ni20Cu19,110.906525,CrCuFeMoNi,True
W19Fe17Mo13Cu5Co10,110.96234,CoCuFeMoW,True
Mn15W20Mo14Cr22Ni15,110.965744,CrMnMoNiW,True
Ni7Mn14Co5Cu5Mo14,111.00732,CoCuMnMoNi,True
Cr7Mn22Mo21Cu20Co25,111.0613,CoCrCuMnMo,True
Ni10Mn18Mo21Cu17Fe18,111.06764,CuFeMnMoNi,True
Mo9Co13Fe10Cu12Ni20,111.14273,CoCuFeMoNi,True
Fe20Cu5W24Co22Cr8,111.17452,CoCrCuFeW,True
Co6Fe21Mo23Mn23Cu22,111.17762,CoCuFeMnMo,True
Fe14Co14Mo17Mn7W7,111.18979,CoFeMnMoW,True
Co17Cr8Cu16W6Mn12,111.235245,CoCrCuMnW,True
Cr10Co17W17Mn24Fe9,111.27084,CoCrFeMnW,True
Mo20Mn21W25Cr20Ni24,111.29296,CrMnMoNiW,True
Co14Fe15Mn22Cu9Mo20,111.360275,CoCuFeMnMo,True
W11Cu10Fe10Ni18Mn5Mo20,111.43136,CuFeMnMoNiW,True
Mo6Fe7Ni12Mn18Cu16,111.48332,CuFeMnMoNi,True
Co10Ni14Fe13Cu22Mo7,111.49323,CoCuFeMoNi,True
W11Fe11Co12Mn13Mo7,111.493706,CoFeMnMoW,True
Mn14Mo16Fe12Ni8Co7W16,111.51187,CoFeMnMoNiW,True
W19Cr14Fe17Mn5Mo14,111.55111,CrFeMnMoW,True
Cr5Co24Cu7Mo7Fe10,111.576675,CoCrCuFeMo,True
Cr7Ni14Mo5Fe5Cu15,111.59853,CrCuFeMoNi,True
Ni20Fe22Mn9W15Mo8,111.627396,FeMnMoNiW,True
Co6Ni14Mn5W12Cr12Cu21,111.65924,CoCrCuMnNiW,True
Mn7Co24Cr17W17Fe10,111.67261,CoCrFeMnW,True
Cu5Ni19Co11Mn20Cr11W15,111.72669,CoCrCuMnNiW,True
Mn13W9Mo11Ni24Co15,111.81267,CoMnMoNiW,True
Mn7Mo15W16Co7Fe21Ni6,111.81627,CoFeMnMoNiW,True
Cr15Co13Fe14Cu5Ni6,111.863075,CoCrCuFeNi,True
Mn16W5Co14Cr25Cu24,111.879074,CoCrCuMnW,True
Ni16Co7Fe10Cr14Cu7,111.90468,CoCrCuFeNi,True
Co21Mn25Ni21Mo18Cu15,111.91301,CoCuMnMoNi,True
W8Fe7Mn7Cr5Ni5,111.922714,CrFeMnNiW,True
Mo17W10Cr23Co10Cu10,111.933975,CoCrCuMoW,True
Cu16Mn5Cr14Mo14Ni10,111.9508,CrCuMnMoNi,True
Cu19Mo8Mn12Fe13Co9,111.95089,CoCuFeMnMo,True
Ni7Co20W7Mn10Cr15,111.95787,CoCrMnNiW,True
Co22W23Mo15Fe17Cu11Mn10,111.99845,CoCuFeMnMoW,True
Cu21W5Co14Cr15Mn5,112.01176,CoCrCuMnW,True
Fe25Mo9W23Cr5Ni7,112.0139,CrFeMoNiW,True
Co13Mo19W25Ni16Cu10,112.05427,CoCuMoNiW,True
Mo17Cu21Mn11W22Ni10Fe22,112.057526,CuFeMnMoNiW,True
Cr13Cu8Mo14Co6W10,112.0577,CoCrCuMoW,True
Fe10Cu9Mn25Mo24Ni6,112.06894,CuFeMnMoNi,True
Cu7Ni25Co24Cr10W16,112.07852,CoCrCuNiW,True
Ni19Fe14Cr13Mn21W21,112.08142,CrFeMnNiW,True
Mn12Co10Cr25Fe24W23,112.098755,CoCrFeMnW,True
Cr14Cu13Co6Fe13W22,112.09879,CoCrCuFeW,True
W10Co9Cu6Cr24Ni17Mn16,112.10195,CoCrCuMnNiW,True
W21Cr20Fe13Mn8Mo16,112.10674,CrFeMnMoW,True
Mo20Cu6Cr5Fe25Mn5,112.13097,CrCuFeMnMo,True
Fe17W18Mo11Cr5Mn22,112.182884,CrFeMnMoW,True
Ni11W23Cu16Mn6Cr6Mo14,112.196144,CrCuMnMoNiW,True
Ni16Mn12W5Cu25Cr22,112.20869,CrCuMnNiW,True
Mo17Mn20Fe19Cu24Ni6,112.21286,CuFeMnMoNi,True
Ni15W19Mn17Fe17Cr7,112.2414,CrFeMnNiW,True
Mo5Mn10Co8W5Ni10,112.243614,CoMnMoNiW,True
Cu10Mn15Co18W19Ni23Cr10,112.278595,CoCrCuMnNiW,True
Cu12Ni23W19Co9Mo23,112.30441,CoCuMoNiW,True
Co17Fe21Cr21Ni7Cu16,112.346825,CoCrCuFeNi,True
Ni8Cu9Fe15Cr8Co9,112.37933,CoCrCuFeNi,True
Mo6Ni8W24Co13Cr15,112.390724,CoCrMoNiW,True
Mo5Mn24Co25Fe10Cu23,112.39332,CoCuFeMnMo,True
W13Co20Ni6Cu20Cr21,112.44662,CoCrCuNiW,True
W9Mn16Cr12Ni12Co9,112.514084,CoCrMnNiW,True
Ni24Cu12Co14Mn14W18Cr24,112.53163,CoCrCuMnNiW,True
Ni17Mn15Co13Mo6W10,112.5578,CoMnMoNiW,True
Fe15Cr24Ni24Cu6W23,112.56176,CrCuFeNiW,True
Cr18W10Ni13Fe5Mn14,112.568405,CrFeMnNiW,True
Cu10W13Ni13Mo24Co9,112.57018,CoCuMoNiW,True
Cr18W6Mn13Cu25Ni20,112.582596,CrCuMnNiW,True
Mo19Cu5Fe11W22Ni16,112.58951,CuFeMoNiW,True
Co20Mo5Ni8W21Cr5,112.5897,CoCrMoNiW,True
W20Cr25Cu8Mo18Fe13,112.61378,CrCuFeMoW,True
Cr22W20Mn21Co20Ni23,112.64746,CoCrMnNiW,True
Co13Cr11Mn21W13Ni20,112.67489,CoCrMnNiW,True
Mo22Mn20Ni13Fe20Cu23,112.73631,CuFeMnMoNi,True
Mo25Co25W22Mn10Cr24,112.75167,CoCrMnMoW,True
Mo13Co18Mn19Cu23Ni22,112.76375,CoCuMnMoNi,True
Co15Cr14Cu11W10Ni6,112.77075,CoCrCuNiW,True
Mn21Ni25Mo21Cr10Cu10,112.77737,CrCuMnMoNi,True
Cr14Co13Ni7Cu17Fe16,112.783554,CoCrCuFeNi,True
Mo8Mn18Co24Fe20W22,112.78432,CoFeMnMoW,True
Ni21W5Co12Mn18Mo14,112.81468,CoMnMoNiW,True
W14Mn21Fe20Co5Cr8,112.937904,CoCrFeMnW,True
Fe12Ni22Mo9W11Mn12,112.93828,FeMnMoNiW,True
Ni20Fe5Cu17Co21W6,113.039215,CoCuFeNiW,True
Cr15Ni11Co24W15Mn11Cu11,113.04641,CoCrCuMnNiW,True
Cr7Mo15Cu10Ni17Mn13,113.09311,CrCuMnMoNi,True
Cu15Mo23W20Co10Cr20,113.11183,CoCrCuMoW,True
Cr12Mn6Ni11Mo7W12,113.11694,CrMnMoNiW,True
Ni21Cu15Mn15Mo8Co17,113.13748,CoCuMnMoNi,True
Cu13Cr25W5Co9Ni24,113.1418,CoCrCuNiW,True
W20Cr6Ni10Co15Cu12,113.16362,CoCrCuNiW,True
Ni23W17Mn20Mo21Cr9,113.211,CrMnMoNiW,True
Mo22Cu17Fe20Ni13Mn8W18,113.23746,CuFeMnMoNiW,True
Cu6W23Mn15Co25Fe19Mo5,113.252365,CoCuFeMnMoW,True
Cr15W8Fe6Mn24Ni12,113.30838,CrFeMnNiW,True
W17Fe24Mn19Cr17Ni6,113.31035,CrFeMnNiW,True
Cr24Fe19Ni19Cu9Co24,113.317154,CoCrCuFeNi,True
Co21Cr6Cu12Mn12Mo9,113.31996,CoCrCuMnMo,True
Cu20Mo7Cr11W17Mn14,113.33913,CrCuMnMoW,True
Cu18Cr25Mn9W13Fe24,113.412415,CrCuFeMnW,True
W15Mn22Cr21Ni17Fe8,113.43491,CrFeMnNiW,True
Ni6Mn5Co14Fe24Mo17,113.453735,CoFeMnMoNi,True
Cu21Mo6W13Fe21Mn10,113.45787,CuFeMnMoW,True
Cu8W11Ni20Fe14Co19,113.50467,CoCuFeNiW,True
Co12Mn24Cu9Ni13W17Cr19,113.52573,CoCrCuMnNiW,True
Mo20Cu10Cr23W10Ni12,113.584404,CrCuMoNiW,True
Co17Ni24Cr15Cu17Fe19,113.597916,CoCrCuFeNi,True
Ni23Cr18W13Fe7Mn10,113.60046,CrFeMnNiW,True
Cr7Mn13Fe6Mo24Cu19,113.65412,CrCuFeMnMo,True
Ni19Cr17W23Co17Cu13,113.684525,CoCrCuNiW,True
W21Co21Mn23Ni23Cr7Cu8,113.689545,CoCrCuMnNiW,True
Ni14Mo23Cu17Mn6Co15W5,113.69913,CoCuMnMoNiW,True
W12Mo20Co22Fe21Mn9,113.73358,CoFeMnMoW,True
Fe24Co10Cr16Cu20Ni16,113.73675,CoCrCuFeNi,True
Co7Cr8W18Ni22Cu20,113.75371,CoCrCuNiW,True
Ni13Fe17Cu12Mn7Mo24W12,113.75808,CuFeMnMoNiW,True
W5Cr11Mo25Mn17Co8,113.76262,CoCrMnMoW,True
Mo19Mn18Ni18Cr12W16,113.81018,CrMnMoNiW,True
Ni5W7Fe14Cr5Mn8,113.81192,CrFeMnNiW,True
Fe19Cu13Cr16Ni10Co24,113.84517,CoCrCuFeNi,True
Cr5Mn11Ni25W12Fe16,113.8547,CrFeMnNiW,True
Mn11Cu18Cr17W13Fe24,113.89417,CrCuFeMnW,True
Ni20W21Mn6Cu14Mo23Fe23,113.89898,CuFeMnMoNiW,True
Mo18Ni8W6Mn9Cr23,113.91011,CrMnMoNiW,True
Ni20Mo24Fe7Mn10Cu12W7,113.91603,CuFeMnMoNiW,True
Co21Cu6W15Mo11Cr9,113.96119,CoCrCuMoW,True
Mn14Co11Cr7W18Fe16,113.97697,CoCrFeMnW,True
Mn18Mo11Ni15Fe8W19Cu15,114.020874,CuFeMnMoNiW,True
W23Ni13Co24Cu24Cr23Mn15,114.0232,CoCrCuMnNiW,True
Cr24Co15W24Ni17Cu24,114.10622,CoCrCuNiW,True
Fe19Mn21W9Ni18Mo25,114.11061,FeMnMoNiW,True
Mo21Co12Ni5W11Cr19,114.12868,CoCrMoNiW,True
Fe16Ni10Co19Cu22Cr24,114.29254,CoCrCuFeNi,True
Mo21W18Cr9Mn7Fe22,114.30041,CrFeMnMoW,True
Fe18Ni6Co24Mo8Cu15,114.30449,CoCuFeMoNi,True
Mn7Cr22Co17Cu23Mo22,114.31722,CoCrCuMnMo,True
Cu8Ni20Mn5Cr9Co13W12,114.32561,CoCrCuMnNiW,True
Mn14Ni8Cu12Fe23W15Mo13,114.42516,CuFeMnMoNiW,True
Mo16Co22Mn5Cr20Cu10,114.45156,CoCrCuMnMo,True
Mo16Co16W18Ni5Cr10,114.46072,CoCrMoNiW,True
Mo17Mn6Cu18Cr16Ni25,114.468506,CrCuMnMoNi,True
Cr13W15Cu20Mn21Mo17,114.4876,CrCuMnMoW,True
W11Ni23Mo22Cu19Mn10Co13,114.48877,CoCuMnMoNiW,True
Mo13Cu9Ni21Fe17Mn13,114.499435,CuFeMnMoNi,True
W19Cr13Co11Cu13Ni21,114.51081,CoCrCuNiW,True
Mn21Ni25Co18Mo10Cu13,114.539536,CoCuMnMoNi,True
Cu9W14Mn8Fe8Co12Mo8,114.60036,CoCuFeMnMoW,True
Ni18Cr12W24Mo23Co7,114.61116,CoCrMoNiW,True
Ni15Mo17Cu25Mn24Co15,114.62318,CoCuMnMoNi,True
Mn16Cr6Cu18Mo13Ni6,114.62373,CrCuMnMoNi,True
Fe22Ni5Mn24Cr5W8,114.65705,CrFeMnNiW,True
Cu25Mo17Fe19Mn22Ni25,114.67355,CuFeMnMoNi,True
Cu23Ni11Mo23Cr9Mn25,114.69146,CrCuMnMoNi,True
Ni16Cu7Fe7Mo14Co5,114.7033,CoCuFeMoNi,True
Co6Fe11Cr6Cu6Ni5,114.714066,CoCrCuFeNi,True
Cr25Co9Cu18Ni18W10,114.73907,CoCrCuNiW,True
Cr6Co18Mn23Fe21W24,114.78931,CoCrFeMnW,True
Mn22Mo25Cu7Co13Fe23,114.80272,CoCuFeMnMo,True
Mo15Cu17Mn20Fe24W9,114.84632,CuFeMnMoW,True
W25Cr19Fe17Ni25Mn16,114.85983,CrFeMnNiW,True
Co12Cu11W5Cr25Ni15,114.86726,CoCrCuNiW,True
Cr16Ni23W12Co16Mn8Cu5,114.90692,CoCrCuMnNiW,True
Cr18Ni10Fe10W12Mn24,115.00079,CrFeMnNiW,True
Co23Mo16W25Cr24Mn11,115.01805,CoCrMnMoW,True
Mo15Fe10Co25Cu5Ni5W15,115.06224,CoCuFeMoNiW,True
Co25Ni8Mn19Cr8W5,115.10323,CoCrMnNiW,True
Mn17Co18Ni6Cr22W6,115.11244,CoCrMnNiW,True
Cu9Cr25Mo21Ni25Mn7,115.155846,CrCuMnMoNi,True
Ni8Mo25Cr19W20Cu22,115.18863,CrCuMoNiW,True
Mn20Fe24Cr10W16Cu25,115.227135,CrCuFeMnW,True
Cr17Co14Mn10Mo16W15,115.24045,CoCrMnMoW,True
Mn6W5Cr9Fe16Cu8,115.32268,CrCuFeMnW,True
Co20Ni25Mn17Cu22Mo9,115.34116,CoCuMnMoNi,True
Cu10Mn16Mo15Cr6Co8,115.346115,CoCrCuMnMo,True
Fe16Cr22Cu16Co8Ni13,115.352455,CoCrCuFeNi,True
Co16Fe15Ni16Cu20W21,115.359184,CoCuFeNiW,True
Fe9W24Ni25Cu11Cr17,115.372955,CrCuFeNiW,True
Co23Cu18Ni19Cr23Mn17W24,115.38153,CoCrCuMnNiW,True
Mo22Mn11Ni10Co9Fe12,115.412056,CoFeMnMoNi,True
Mn20Co16W18Cu15Cr15Ni8,115.41407,CoCrCuMnNiW,True
Mo16Cu20W15Cr13Mn17,115.448654,CrCuMnMoW,True
W7Fe14Co9Mn24Mo5,115.48767,CoFeMnMoW,True
Co5Mo6Cu25W20Cr17,115.506516,CoCrCuMoW,True
Mo20Mn8Fe11W17Cr25,115.52854,CrFeMnMoW,True
Co8Mo18W24Fe8Cr20,115.53475,CoCrFeMoW,True
Cu10Fe7Co11Ni5Mn23,115.54126,CoCuFeMnNi,True
W15Ni19Fe23Mo10Mn12,115.54875,FeMnMoNiW,True
Ni11Mo14Co11W23Cu21,115.553085,CoCuMoNiW,True
Fe24Cu24Mo16Ni22Mn12,115.56046,CuFeMnMoNi,True
Co10Mn14Fe15W15Ni7Mo24,115.56982,CoFeMnMoNiW,True
Cr19Fe5Ni15Cu20W25Mn8,115.59632,CrCuFeMnNiW,True
Cr13Fe8W23Cu11Ni18,115.62694,CrCuFeNiW,True
Cr24Ni16Co18Fe16Cu8,115.678986,CoCrCuFeNi,True
Mn9Cr20W8Cu9Fe23,115.72129,CrCuFeMnW,True
Fe11Co13Cu23Ni13Mo15,115.74884,CoCuFeMoNi,True
Mn7Cu6Co21Cr17Ni13W11,115.79214,CoCrCuMnNiW,True
Mo22Ni16Cr5Co20Mn10,115.818634,CoCrMnMoNi,True
Co7Cr16Ni6W9Mo17,115.84227,CoCrMoNiW,True
Cr7Ni8W21Cu17Mo13,115.86003,CrCuMoNiW,True
Ni8W19Mn18Fe22Cr18,115.86322,CrFeMnNiW,True
Ni15Co18Mo10Mn18Cu6,115.87027,CoCuMnMoNi,True
Mo21Mn15Ni6Cu16Cr14,115.882126,CrCuMnMoNi,True
Fe7Mo5Co9Ni8Cu12,115.89546,CoCuFeMoNi,True
W12Mn19Cr19Fe16Cu18,115.916336,CrCuFeMnW,True
Mn6W15Cr8Co25Fe17,115.95453,CoCrFeMnW,True
Fe8Cu18Cr16W22Co8,116.01141,CoCrCuFeW,True
Cr18Mn25Co14Ni7W18Cu16,116.0183,CoCrCuMnNiW,True
Cr24Co5Mo13Cu24W20,116.06173,CoCrCuMoW,True
W18Cr11Mo17Cu9Mn15Ni7,116.07262,CrCuMnMoNiW,True
Co18Mn11Cu15W5Cr9,116.096306,CoCrCuMnW,True
Co16Cu21Mn7Fe25Mo8,116.11915,CoCuFeMnMo,True
Cu22Mn15Co10W5Cr17,116.12811,CoCrCuMnW,True
Ni14Cr9Mo11Mn20W13,116.13434,CrMnMoNiW,True
Mn19W15Fe8Ni18Mo19Cu17,116.22945,CuFeMnMoNiW,True
Cu9Cr15Co14Fe23Ni18,116.25471,CoCrCuFeNi,True
Co6Cu17W24Fe18Cr24,116.31654,CoCrCuFeW,True
Cr20Cu16Co21Mn10W5,116.33498,CoCrCuMnW,True
Co11Ni23Cr25Fe18Cu20,116.35165,CoCrCuFeNi,True
Co22W17Cu25Mn18Ni11Mo12,116.41317,CoCuMnMoNiW,True
W19Cu15Mo8Mn21Cr24,116.416016,CrCuMnMoW,True
Mn5W12Cr8Mo19Fe15,116.4262,CrFeMnMoW,True
Cu24Ni25Mo24Cr9Co23,116.47024,CoCrCuMoNi,True
Mo15Co13Cu15Ni13Mn18,116.48666,CoCuMnMoNi,True
Cr14Mo25Ni22Cu16Mn18,116.49967,CrCuMnMoNi,True
Fe25Cu6Mn20Co23Mo21,116.51291,CoCuFeMnMo,True
Ni17Mn19Mo14W14Fe23,116.54136,FeMnMoNiW,True
Co9W19Cu20Cr8Ni15,116.542305,CoCrCuNiW,True
Co24Ni18W20Fe11Cu18,116.61195,CoCuFeNiW,True
Mo23Ni24Cu24Fe7Cr11,116.719894,CrCuFeMoNi,True
Ni6Co23Mo23Mn9Fe23,116.77808,CoFeMnMoNi,True
Ni22Fe20Mo16Mn6Co5,116.83742,CoFeMnMoNi,True
Cu11Mo18Mn12Ni13Fe19,116.84507,CuFeMnMoNi,True
Cr12Cu24Ni20Fe5Mo24,116.880424,CrCuFeMoNi,True
Co8Cu8Cr20Mo19Mn9,116.917114,CoCrCuMnMo,True
Co24Fe13Mo13Cu5W20,116.93615,CoCuFeMoW,True
Mn25W8Mo14Ni13Fe18,116.937195,FeMnMoNiW,True
Cu23Cr9Mo14Ni22Co14,116.94812,CoCrCuMoNi,True
Mn12Cr8Mo10Co6W7,116.9936,CoCrMnMoW,True
Mo9Ni12Fe15Cu16Mn7,117.00906,CuFeMnMoNi,True
Fe14Cu11Co21Ni12Cr25,117.02054,CoCrCuFeNi,True
Mn23W23Mo14Cr24Ni16,117.033165,CrMnMoNiW,True
Mn18Co6Mo6Ni16Cu21,117.03615,CoCuMnMoNi,True
Cu9Mo9Co20Cr6Mn14,117.03636,CoCrCuMnMo,True
Mo14Ni22Mn20Fe17Cu5,117.04631,CuFeMnMoNi,True
Mn6Ni25Fe18W20Cr17,117.04995,CrFeMnNiW,True
W6Cu5Mo16Co9Ni7,117.054054,CoCuMoNiW,True
Cu21Fe5Mo20Cr11Mn6,117.05408,CrCuFeMnMo,True
Mn24Mo24Ni17W15Cr15,117.08464,CrMnMoNiW,True
Fe5Cr11W25Cu13Mn12Co17,117.08536,CoCrCuFeMnW,True
Cu18Co15Mo7Mn23Fe6,117.1237,CoCuFeMnMo,True
Co23Mo7Ni21Cu11Mn18,117.124695,CoCuMnMoNi,True
Fe16Mn18W21Cr17Ni14,117.16211,CrFeMnNiW,True
Mn24Ni24Fe10Cr22W20,117.17526,CrFeMnNiW,True
W25Co6Cr16Ni5Cu7Fe15,117.200836,CoCrCuFeNiW,True
Cr15Co21Fe5W15Mn22,117.20308,CoCrFeMnW,True
Ni5Fe6Cu16Cr17Co5W23,117.20611,CoCrCuFeNiW,True
Cr6Ni20Co25W14Mn25,117.22628,CoCrMnNiW,True
W6Mo12Mn5Co6Cr14,117.277306,CoCrMnMoW,True
Co10Mn6W5Mo7Ni13,117.29112,CoMnMoNiW,True
Mn19Ni9Mo16Cr5Cu9,117.35863,CrCuMnMoNi,True
Fe8Cr11W19Mo18Co5,117.36617,CoCrFeMoW,True
Cu18W20Ni16Co25Fe19,117.392914,CoCuFeNiW,True
Co15Ni17Cr6Cu15Mo15,117.42966,CoCrCuMoNi,True
Co24Mo14Fe7W22Ni7,117.43319,CoFeMoNiW,True
Mo23Co7Ni25Cu14Fe12,117.43524,CoCuFeMoNi,True
Ni6Mn19Cu19Co9Cr11W15,117.44149,CoCrCuMnNiW,True
Co17Cr15Fe20Mn14W25,117.45921,CoCrFeMnW,True
Cr25Cu7Ni18Co12W11Mn16,117.49924,CoCrCuMnNiW,True
Ni5Mo24Mn9Fe18Co14,117.53842,CoFeMnMoNi,True
Cr8W21Mo18Mn19Fe17,117.544075,CrFeMnMoW,True
Mo14W19Mn24Cr21Ni14,117.562645,CrMnMoNiW,True
Cr22Mn25Co22Ni17W17,117.57127,CoCrMnNiW,True
Ni14Fe12Co7Cu24Mo19,117.59892,CoCuFeMoNi,True
Ni11Fe5Mn25Co19Cu13,117.60348,CoCuFeMnNi,True
Co7Cu13W18Cr15Mo12,117.62953,CoCrCuMoW,True
Cu6Mo8Mn9Fe25Ni11,117.64842,CuFeMnMoNi,True
Fe6Cu19W24Ni15Cr18,117.65879,CrCuFeNiW,True
Mn18Cu21Ni11Fe13Mo10,117.6653,CuFeMnMoNi,True
W6Mn12Cr25Cu25Fe8,117.709984,CrCuFeMnW,True
Co18Mo14Mn13Cu6Fe18,117.72992,CoCuFeMnMo,True
Cu14Cr13Mo22Co6Mn18,117.7559,CoCrCuMnMo,True
Mn16Mo23Cu10Ni18Cr15,117.76123,CrCuMnMoNi,True
Cu9Mo8Co8Mn7Fe20,117.777275,CoCuFeMnMo,True
Ni11Co16Cr23Fe19Cu25,117.78197,CoCrCuFeNi,True
Cu23Co6Ni6Fe20Mo14,117.80444,CoCuFeMoNi,True
Fe10Cr15Mn23W19Ni24,117.80446,CrFeMnNiW,True
Cr9Co25Mn15Mo17Cu18,117.81801,CoCrCuMnMo,True
Mo21Co13Fe21Mn16Cu17,117.82691,CoCuFeMnMo,True
Co8W7Mo12Mn19Cr8,117.8542,CoCrMnMoW,True
W14Fe13Ni16Co23Cu13,117.86348,CoCuFeNiW,True
Mo12Co19Mn15Fe17Cu21,117.86469,CoCuFeMnMo,True
W11Cr11Mn25Ni16Mo25,117.86548,CrMnMoNiW,True
Mo22Cu20Mn11Cr17Co23,117.88238,CoCrCuMnMo,True
Ni17Fe6Cr8Co5W18,117.936554,CoCrFeNiW,True
Fe16Co17Cu9Mn15Mo16,117.982376,CoCuFeMnMo,True
Mn23W8Cr16Fe5Ni14,118.02134,CrFeMnNiW,True
W19Co18Mn10Cr24Mo19,118.043396,CoCrMnMoW,True
Mn5Cr8Mo5Cu20Co9,118.04523,CoCrCuMnMo,True
Co5Cr10Cu23Mo10Mn10,118.05183,CoCrCuMnMo,True
W5Mn5Co21Mo7Cu17,118.077835,CoCuMnMoW,True
Cu15Mn25Mo20Co22Fe18,118.130325,CoCuFeMnMo,True
W16Fe17Mn6Cr25Co12,118.23758,CoCrFeMnW,True
Ni21W9Co19Mn7Cr5,118.24963,CoCrMnNiW,True
Cu7Co24Mo7Fe19Ni20,118.25174,CoCuFeMoNi,True
Mn8Ni20Mo23Co22Fe20,118.25755,CoFeMnMoNi,True
Mo14W21Fe12Co13Mn11Cu21,118.259766,CoCuFeMnMoW,True
Mn19Mo8Ni25Fe6Co6,118.26364,CoFeMnMoNi,True
Cr14W14Ni19Cu6Mo21,118.280334,CrCuMoNiW,True
Ni24Fe24Co6Cu5Mo13,118.28548,CoCuFeMoNi,True
Co6Fe17Mo14Ni25Cu17,118.33155,CoCuFeMoNi,True
Co22Cu10Cr20Fe15Ni16,118.34779,CoCrCuFeNi,True
Cu11Ni11Co19Mo19W22,118.38341,CoCuMoNiW,True
Fe10Ni11Co9Cu23Mo17,118.420685,CoCuFeMoNi,True
Fe23Mo19Ni15Mn12Cu19,118.4387,CuFeMnMoNi,True
W8Mo16Cr7Mn6Co25,118.488144,CoCrMnMoW,True
Fe21W15Mn24Ni17Mo8,118.5193,FeMnMoNiW,True
Co18Fe22Cu10Cr22Ni24,118.53097,CoCrCuFeNi,True
Mo16W25Mn22Cr23Ni20,118.53836,CrMnMoNiW,True
Mn19W12Cu18Fe16Mo6,118.541504,CuFeMnMoW,True
Mn16Co13Ni6Cu8Mo13,118.58383,CoCuMnMoNi,True
Co18Ni10W6Mn24Cr6,118.61713,CoCrMnNiW,True
Fe20Mo17Co24Cu18Mn18,118.659805,CoCuFeMnMo,True
Co6W21Mo10Ni19Cu16,118.66232,CoCuMoNiW,True
Ni25Cr19Co12Cu17Fe20,118.66259,CoCrCuFeNi,True
W24Mo22Ni10Fe9Cr7,118.68382,CrFeMoNiW,True
W23Cr13Co17Mn16Ni20Cu18,118.744484,CoCrCuMnNiW,True
Ni25Co10Fe16Mo17Mn9,118.81554,CoFeMnMoNi,True
Cr11Co5W25Ni5Mo7Mn17,118.82468,CoCrMnMoNiW,True
Mo11Co25Fe16Cu20Mn19,118.85669,CoCuFeMnMo,True
Mn21Co23Mo24W14Fe19,118.862045,CoFeMnMoW,True
W25Mo23Fe12Ni20Co12Mn9,118.898964,CoFeMnMoNiW,True
Cu21Mo5Ni25Co11Cr11,118.99277,CoCrCuMoNi,True
Mn6Co18W23Cr5Cu14Mo24,119.042465,CoCrCuMnMoW,True
Mn13Fe24Mo20Ni19Cu18,119.06383,CuFeMnMoNi,True
Mo15Mn12Fe9Ni19Co17,119.0797,CoFeMnMoNi,True
Mo18Co5Fe5W13Ni7,119.08332,CoFeMoNiW,True
Ni8Cu21Mn18Mo23Cr15,119.12686,CrCuMnMoNi,True
Mn5Cu21Mo14W8Fe22,119.13358,CuFeMnMoW,True
Mo13Fe19Cu9Mn13Ni22,119.154366,CuFeMnMoNi,True
Co13Mo19Ni7Cr5W19,119.16474,CoCrMoNiW,True
W8Co10Cu9Cr19Ni20,119.17182,CoCrCuNiW,True
Mo12Ni20Fe16Co24Cu24,119.17786,CoCuFeMoNi,True
Co14W10Mo7Ni17Mn12,119.19373,CoMnMoNiW,True
Mo13Ni14Mn22W20Cr22,119.193886,CrMnMoNiW,True
Ni21Co14Mo7Mn17W10,119.21622,CoMnMoNiW,True
Mo11Cu15Mn11Fe21Ni25,119.21777,CuFeMnMoNi,True
W6Co16Cu23Fe7Ni16,119.22376,CoCuFeNiW,True
Cu10Ni7Cr16Mn16Co16W13,119.26828,CoCrCuMnNiW,True
W22Mn21Ni15Fe5Mo18Co16,119.271164,CoFeMnMoNiW,True
Ni13Co10Mo19W18Cu8,119.27287,CoCuMoNiW,True
W8Fe6Co14Ni14Cu19,119.27914,CoCuFeNiW,True
Cu15Ni8Cr25Mo17W9,119.282265,CrCuMoNiW,True
Mn23Co23Fe19Cu12Mo22W22,119.31721,CoCuFeMnMoW,True
Mo14Fe11Ni13Co13Mn6,119.353134,CoFeMnMoNi,True
Fe14Cu13Mo11Mn14Co19,119.393845,CoCuFeMnMo,True
Co8Ni20Mo24Mn5Cr13,119.41994,CoCrMnMoNi,True
W22Co13Cr11Cu20Mn18Ni21,119.43704,CoCrCuMnNiW,True
Fe23W24Cr12Mn12Co20,119.44081,CoCrFeMnW,True
Cu11Fe25Ni24Co12Cr25,119.478065,CoCrCuFeNi,True
Ni8Mn20Cr15W18Fe24,119.5145,CrFeMnNiW,True
Cr11Co21Cu21W16Ni7,119.53482,CoCrCuNiW,True
Co15Cu19Ni21W9Fe6,119.54258,CoCuFeNiW,True
Mn14Ni18Mo18Cu11W23Cr6,119.56666,CrCuMnMoNiW,True
W16Mo25Mn7Cr19Fe13,119.58336,CrFeMnMoW,True
Co15Cu25Cr19Mn13Mo23,119.58951,CoCrCuMnMo,True
W21Cu8Mo8Cr9Ni18,119.599655,CrCuMoNiW,True
Mo17Ni6Co24W5Cu21Mn22,119.608795,CoCuMnMoNiW,True
Co20Fe14W22Cu17Ni23,119.61502,CoCuFeNiW,True
Mn18Co8Cu16Ni10Mo14,119.6882,CoCuMnMoNi,True
Mn11W19Fe25Cr13Ni16,119.73129,CrFeMnNiW,True
Fe15Cu18Ni10Mo15Mn15W17,119.77248,CuFeMnMoNiW,True
Mn9Co14Mo18Fe10Ni6,119.79023,CoFeMnMoNi,True
Fe13Cr21Cu7Mo15W20,119.802444,CrCuFeMoW,True
Ni19Cr10Cu10Mn5Mo8,119.81925,CrCuMnMoNi,True
Cr21Ni11Fe20Cu24Co14,119.846344,CoCrCuFeNi,True
Mn6W15Cr17Mo10Ni16,119.85556,CrMnMoNiW,True
Co14Fe14Cu16W17Ni23,119.86395,CoCuFeNiW,True
Ni6Cr16Mn21W8Co25,119.89606,CoCrMnNiW,True
Fe5Ni23Mn23Cu5Co17,119.938736,CoCuFeMnNi,True
W24Cr8Ni16Co12Cu22,119.94716,CoCrCuNiW,True
Fe16Co22Ni19Mn10Mo21,119.97696,CoFeMnMoNi,True
Mo18Cu8Co15Mn8Cr19,119.999664,CoCrCuMnMo,True
Ni23Cr22Mn8Mo10W22,120.08429,CrMnMoNiW,True
Co11Cu21Ni8Mn17Cr21W14,120.095566,CoCrCuMnNiW,True
Ni12Mn10Mo8Cu23Co17W16,120.11832,CoCuMnMoNiW,True
Cu18W24Fe13Ni6Mo21,120.12952,CuFeMoNiW,True
Mo19Fe7Ni6Co6Mn14,120.16169,CoFeMnMoNi,True
Mo14Fe8Cu22Cr12Ni25,120.166435,CrCuFeMoNi,True
Cu21Fe18W11Mn5Cr25,120.197136,CrCuFeMnW,True
Fe7Ni17W5Mo5Mn9,120.24539,FeMnMoNiW,True
Mo11Mn14Fe15Ni21Cu15,120.25473,CuFeMnMoNi,True
Ni17Mn6Mo21Co23Fe21,120.272,CoFeMnMoNi,True
Co17Fe6Mo16Cu18Cr6,120.27728,CoCrCuFeMo,True
Cu11Cr23Mo25Mn13Co18,120.28461,CoCrCuMnMo,True
Cu22Mn19Co8Cr16Mo24,120.29146,CoCrCuMnMo,True
Cr12W25Mn13Mo11Fe23,120.32874,CrFeMnMoW,True
Ni13Cu9Cr23Fe15Co18,120.35332,CoCrCuFeNi,True
W22Mo23Cu21Cr7Ni9,120.390205,CrCuMoNiW,True
Mo22Fe19Cu16Co5Mn22,120.4011,CoCuFeMnMo,True
Ni6Cu23Mn23Mo11Co21,120.403755,CoCuMnMoNi,True
Mn23W20Fe9Cr24Co19,120.41365,CoCrFeMnW,True
Mo22Cr10Mn24Co20Cu10,120.42566,CoCrCuMnMo,True
Cu14Co5Ni13Fe8Mo15,120.44603,CoCuFeMoNi,True
Cu16Mo24Ni20Mn23W5Co17,120.47668,CoCuMnMoNiW,True
Mn24Mo10Ni19Cu12Fe5W15,120.48201,CuFeMnMoNiW,True
Mo11W7Ni15Co24Mn24,120.49898,CoMnMoNiW,True
Cr11Mo14Co16Mn8Cu11,120.58773,CoCrCuMnMo,True
Cr22Mo21Cu9Ni5Mn12,120.595245,CrCuMnMoNi,True
Mn18Ni7Cr20W6Fe7,120.606606,CrFeMnNiW,True
Co16W8Ni8Mn19Cr14,120.63028,CoCrMnNiW,True
Cu18Ni24Mo7Fe5Cr15,120.63338,CrCuFeMoNi,True
Cr22Mn25W19Co17Ni24Cu10,120.645294,CoCrCuMnNiW,True
Ni6Mo17Fe7Co6Cu14,120.68407,CoCuFeMoNi,True
Cr24Ni12Cu15W17Fe8,120.707565,CrCuFeNiW,True
Mo18W20Ni8Cr16Fe7,120.72414,CrFeMoNiW,True
W20Cu5Cr11Mo8Fe22,120.74971,CrCuFeMoW,True
Cu14Mo11Fe11Mn12Ni8,120.82527,CuFeMnMoNi,True
Cr17W12Cu18Fe24Mn16,120.871475,CrCuFeMnW,True
W9Co6Mn13Cr11Fe6,120.93355,CoCrFeMnW,True
Cr10Co8Cu18Ni23Mo5,120.94751,CoCrCuMoNi,True
Ni24Fe11Mo24Co10Mn22,120.94975,CoFeMnMoNi,True
W20Co6Mo15Fe10Cr23,120.96839,CoCrFeMoW,True
Mn5Mo19W9Fe21Ni21,120.9835,FeMnMoNiW,True
W8Ni13Co20Cr8Cu7,120.99342,CoCrCuNiW,True
Fe22Cr16Cu15Co17Ni23,121.05751,CoCrCuFeNi,True
Cu5Ni14Mn9Fe11Mo7,121.06012,CuFeMnMoNi,True
Cr18Ni11Cu22Fe20Co17,121.14277,CoCrCuFeNi,True
Cu11Mo18W15Co9Cr16,121.160904,CoCrCuMoW,True
W21Mo23Fe12Mn25Cr18,121.16973,CrFeMnMoW,True
Mn24Cr6Cu14Ni20Mo17,121.169815,CrCuMnMoNi,True
Ni23Mn22Co25Cr10W19Cu8,121.17844,CoCrCuMnNiW,True
Fe11Co9Mn24Mo22Cu6,121.18614,CoCuFeMnMo,True
Fe16Ni23Mn16Mo9Cu8,121.1896,CuFeMnMoNi,True
W15Cu6Fe20Co7Cr17,121.20045,CoCrCuFeW,True
Cu20Mo14Co22Fe16Mn24,121.30512,CoCuFeMnMo,True
Ni22Mn17Mo22Co21Fe12,121.493996,CoFeMnMoNi,True
Ni24Fe21Mo15Cu24Cr5,121.49604,CrCuFeMoNi,True
W17Co22Ni8Cr16Cu23,121.49789,CoCrCuNiW,True
W15Co6Mo9Fe10Cu15Mn24,121.5048,CoCuFeMnMoW,True
Co12Cr21W10Mn18Ni15,121.56676,CoCrMnNiW,True
Co12Ni21Fe14Cr22Cu11,121.58307,CoCrCuFeNi,True
Co16Cr17Ni15W25Cu23,121.58754,CoCrCuNiW,True
Mo11Ni14Cu18Mn17Co20,121.5931,CoCuMnMoNi,True
Cr5Ni15Co17Mo14Mn5,121.61325,CoCrMnMoNi,True
Ni10Mo13W7Mn14Fe23,121.6265,FeMnMoNiW,True
Cu7Mn6Co24Mo7Cr16,121.6271,CoCrCuMnMo,True
Ni16Co18Fe13Cr14Cu14,121.6295,CoCrCuFeNi,True
Mo14Cu19Co18Mn19Ni20,121.66233,CoCuMnMoNi,True
Mo5Fe25Co17Cu6W19Mn9,121.67277,CoCuFeMnMoW,True
Mo11Cu7Cr17Co11W12,121.694595,CoCrCuMoW,True
Cu13Co11Ni9W12Fe10,121.73634,CoCuFeNiW,True
Cu23Mn18Mo21Ni18Cr10,121.74546,CrCuMnMoNi,True
Mo12Cu24Co23Mn19Cr5,121.75192,CoCrCuMnMo,True
Mo8Cr7Mn8Co14Cu19,121.7635,CoCrCuMnMo,True
W17Cr7Mn11Fe21Ni18,121.78307,CrFeMnNiW,True
Cu9Mn11W6Fe11Ni14Mo22,121.78948,CuFeMnMoNiW,True
Mo14Cu24Ni24Co7Mn14W12,121.83896,CoCuMnMoNiW,True
Mo12Ni16Co17Cu13Cr7,121.91934,CoCrCuMoNi,True
Ni23Fe23Mo23W14Mn24,121.92819,FeMnMoNiW,True
Ni8Co17Mo16Cr8W24,121.95255,CoCrMoNiW,True
Mn20Cu14Cr5Ni24Mo7,121.9654,CrCuMnMoNi,True
Fe25W14Ni10Cu8Mo9,121.975464,CuFeMoNiW,True
Ni15Cu12Cr24Mn8Co6W8,121.9875,CoCrCuMnNiW,True
Ni18Mo21Cu13W24Co10,122.02908,CoCuMoNiW,True
Cu7Cr6Mo22Co24Ni21,122.03549,CoCrCuMoNi,True
Co22Mo20Cr24W17Mn5,122.045074,CoCrMnMoW,True
Co21Cr8Cu21Mn14Mo16,122.0901,CoCrCuMnMo,True
Co18Mn12Cr11Cu25Mo16,122.11525,CoCrCuMnMo,True
Mo20Co11Cu16Cr17Mn11,122.12575,CoCrCuMnMo,True
Cu17W17Cr18Mn20Co10Ni15,122.157166,CoCrCuMnNiW,True
Mo6Mn14W11Cu25Co19,122.16777,CoCuMnMoW,True
Mo24Cu8W18Co17Fe6,122.21094,CoCuFeMoW,True
Ni16Fe13W13Co10Cu12,122.21499,CoCuFeNiW,True
Fe24W16Cu24Cr21Mn25,122.22333,CrCuFeMnW,True
Mn16Mo18W16Co18Cr10,122.23357,CoCrMnMoW,True
Ni21Mo18Mn16Cu12Cr10,122.23535,CrCuMnMoNi,True
Ni22W19Co6Cu7Fe7Mo21,122.29209,CoCuFeMoNiW,True
Fe6Mo17Ni14Mn17Co5,122.35068,CoFeMnMoNi,True
Mo15Mn19Co20Cu10Cr7,122.36734,CoCrCuMnMo,True
Cu10W5Fe7Ni18Co11,122.37828,CoCuFeNiW,True
W18Ni22Co21Mn10Cu24Mo21,122.379166,CoCuMnMoNiW,True
Co11Cr5Fe21Mo12Cu24,122.39592,CoCrCuFeMo,True
Mn5Mo9Cr15Cu11Ni23,122.43677,CrCuMnMoNi,True
Mo9Fe11Co15Mn24W8,122.44794,CoFeMnMoW,True
Cr10Ni22Mn14Fe18W20,122.50177,CrFeMnNiW,True
Ni11W24Mo18Cu18Cr6,122.536705,CrCuMoNiW,True
Ni12Mn17W16Cr25Fe15,122.58582,CrFeMnNiW,True
W24Co17Cu15Cr17Ni24,122.610756,CoCrCuNiW,True
Cr16Fe24Co8W18Mn14,122.61752,CoCrFeMnW,True
W14Cr15Ni10Mo20Cu11,122.61769,CrCuMoNiW,True
Ni23Co14Fe16Cr24Cu17,122.64476,CoCrCuFeNi,True
Ni24Mo7Cr6Cu5Fe13,122.64574,CrCuFeMoNi,True
Mo17Fe18Co17W19Cu11Mn18,122.704865,CoCuFeMnMoW,True
Cu7Cr15W21Co20Mo11,122.715355,CoCrCuMoW,True
Fe6Ni10Cr15Mo12W22,122.716675,CrFeMoNiW,True
Cr20W12Cu12Mo5Ni7,122.71867,CrCuMoNiW,True
Ni10Cu7Mo22Co20Fe9,122.77482,CoCuFeMoNi,True
Cu22Fe12Mo9Ni17Cr7,122.87084,CrCuFeMoNi,True
W17Ni10Cr14Fe16Mn15,122.87378,CrFeMnNiW,True
W13Mn7Cr21Mo18Ni16,122.87904,CrMnMoNiW,True
Cu8Co20Cr9Mo16Mn16,122.90487,CoCrCuMnMo,True
Ni20Cr9Cu23Mo15Co13,123.01162,CoCrCuMoNi,True
Co23Cu20Cr11Mo5Ni8,123.10573,CoCrCuMoNi,True
Co21Mo5Cu5Fe19Ni16,123.13688,CoCuFeMoNi,True
Mo12Co24Fe20Ni6Mn7,123.138794,CoFeMnMoNi,True
Mn19Mo18Fe16Co12Ni6W19,123.16583,CoFeMnMoNiW,True
Cu13W15Cr23Mo17Co10,123.22074,CoCrCuMoW,True
Cu19Mn24Co23Mo8W7,123.22871,CoCuMnMoW,True
Mn12Ni23Cr11Co6W13Cu16,123.24158,CoCrCuMnNiW,True
Co7Mn19Ni7Mo24Fe5,123.25378,CoFeMnMoNi,True
Ni12Cu22Co19Mn14W20Cr11,123.27084,CoCrCuMnNiW,True
Ni20Mn23Mo5Co11Cu14W17,123.28974,CoCuMnMoNiW,True
Cr19Ni11Mo19Co5W10,123.292435,CoCrMoNiW,True
Cu9Fe5Cr15W5Ni25,123.36517,CrCuFeNiW,True
Mn14W8Mo16Ni20Co23,123.36887,CoMnMoNiW,True
W12Ni12Cu9Cr14Co22Mn10,123.39197,CoCrCuMnNiW,True
Mo13Fe14W7Mn20Co11,123.436295,CoFeMnMoW,True
Co6Cr25W10Mn19Mo10,123.451584,CoCrMnMoW,True
Mn11Fe16Cr21Cu19W11,123.460556,CrCuFeMnW,True
Cr24Cu6Mo7Mn6W15Ni8,123.462616,CrCuMnMoNiW,True
Co14Cu25Cr21Ni21Fe25,123.48607,CoCrCuFeNi,True
Cu11W7Mn10Fe19Cr11,123.508934,CrCuFeMnW,True
Mo8Ni10Mn11Co6Cu7,123.565186,CoCuMnMoNi,True
Mn19Ni11Fe17Cu11Mo20,123.572815,CuFeMnMoNi,True
Fe12Co13Cu11Ni12Cr10,123.57575,CoCrCuFeNi,True
Fe21W7Mo15Ni14Mn9,123.57894,FeMnMoNiW,True
Mo22Ni7Cu12Fe12W21,123.6169,CuFeMoNiW,True
W5Cu8Cr19Mo10Mn25,123.64484,CrCuMnMoW,True
Co9W5Ni15Mn25Cr22,123.64836,CoCrMnNiW,True
Co20Cu10W18Mn24Ni9Cr16,123.67176,CoCrCuMnNiW,True
Ni22W16Cu24Mo20Fe7Mn16,123.68737,CuFeMnMoNiW,True
Co24Cu13Ni22W18Fe21,123.717834,CoCuFeNiW,True
Cu12Ni21Mo6Co10W23,123.758575,CoCuMoNiW,True
Co16Mo25Cu18Fe11Ni15,123.764435,CoCuFeMoNi,True
Mn15W15Ni18Cu8Cr11Co24,123.82635,CoCrCuMnNiW,True
Co25Fe8Mo5W17Ni7,123.82707,CoFeMoNiW,True
Ni16Mn12Cr12Mo18Cu16,123.83647,CrCuMnMoNi,True
Mo12Cu22Ni24Co21Cr11,123.853485,CoCrCuMoNi,True
Mo10Mn6Cr24W23Co25,123.871086,CoCrMnMoW,True
Cu15Cr12W23Ni6Fe21,123.91058,CrCuFeNiW,True
Mn20W5Co13Mo13Fe10,123.94451,CoFeMnMoW,True
Fe13W13Mo18Cr6Mn22,124.00218,CrFeMnMoW,True
Co6W19Cr7Ni18Mo24,124.05776,CoCrMoNiW,True
Cu7Cr11W16Mo21Ni25,124.0646,CrCuMoNiW,True
W16Mo24Cu5Fe25Ni14,124.11003,CuFeMoNiW,True
Co22Cr17Cu11Fe18Ni11,124.12699,CoCrCuFeNi,True
Mn24Mo5Co25Cu25W21Ni10,124.14897,CoCuMnMoNiW,True
Cu25Mo10W13Fe24Mn12,124.18265,CuFeMnMoW,True
Mn6Cu21Ni16Mo15Cr16,124.21556,CrCuMnMoNi,True
W20Mo6Ni5Co19Fe10Mn11,124.23817,CoFeMnMoNiW,True
Cr23Co22Cu10Ni17Fe21,124.2568,CoCrCuFeNi,True
Co18Mo17Ni9W24Cr22,124.27766,CoCrMoNiW,True
W13Cu13Mo22Fe15Ni16Mn9,124.28652,CuFeMnMoNiW,True
Cr24Co21Cu18W19Ni13,124.29188,CoCrCuNiW,True
Mn15Cr22Mo7W19Cu17,124.29238,CrCuMnMoW,True
W21Fe5Cu11Mn14Cr23Co11,124.31068,CoCrCuFeMnW,True
Mo25Co25Mn13Cr24Cu15,124.33821,CoCrCuMnMo,True
Mn12W20Cu17Mo8Fe6Co23,124.36699,CoCuFeMnMoW,True
Mn25Ni19Fe5Co11Cu16,124.375404,CoCuFeMnNi,True
Cu18Ni6Mn25Fe9Co8,124.39076,CoCuFeMnNi,True
Co20Cu10Cr6Mo16Mn25,124.39292,CoCrCuMnMo,True
Mn25Cr18W21Co8Fe22,124.39658,CoCrFeMnW,True
Fe10Cr7W14Mn24Co15,124.40129,CoCrFeMnW,True
Co19Fe11Mn8Ni14Mo11,124.4032,CoFeMnMoNi,True
Cr22Cu9Mo25W16Mn8Ni10,124.43657,CrCuMnMoNiW,True
Ni11Co20Cu21Fe11Mo19,124.44151,CoCuFeMoNi,True
Co11Fe16Cr14Cu17Ni17,124.466034,CoCrCuFeNi,True
Co13Cu17Cr7Mn13Mo14,124.46805,CoCrCuMnMo,True
Mn17Fe8Cr15W5Cu14,124.47986,CrCuFeMnW,True
Cr13W20Mo9Mn9Fe16,124.486694,CrFeMnMoW,True
W14Ni24Mn8Mo10Cr13,124.501175,CrMnMoNiW,True
Mn16Mo5Ni13Cu18Co23,124.52855,CoCuMnMoNi,True
Fe25Ni12Cr23Cu24Co16,124.55459,CoCrCuFeNi,True
Ni8Fe17Mo21W14Cu7,124.65637,CuFeMoNiW,True
Co14Mo10Ni10Cu18Fe10,124.67437,CoCuFeMoNi,True
Ni24W16Cu5Cr11Fe15,124.74466,CrCuFeNiW,True
Cu12Mo18Mn25Cr8Ni24,124.76602,CrCuMnMoNi,True
Co25W14Mn11Fe24Mo18,124.777466,CoFeMnMoW,True
Mo7Cu20W8Mn12Co15,124.80154,CoCuMnMoW,True
Cr13Mn22W12Ni13Co21,124.82108,CoCrMnNiW,True
Mo7Fe8Cr12Co21Cu22,124.836624,CoCrCuFeMo,True
Cr19W11Mn19Ni14Fe7,124.936615,CrFeMnNiW,True
Co20W22Cu12Cr11Ni16,124.96486,CoCrCuNiW,True
Co8Cr10Ni22Cu24Mo15,124.9839,CoCrCuMoNi,True
Mn15Mo9Cu16W16Cr25,125.00255,CrCuMnMoW,True
Cu25Cr18Co21Mo5Fe5,125.07196,CoCrCuFeMo,True
Mo20Co18Ni24W6Mn18,125.0775,CoMnMoNiW,True
Fe20Cu24Mn12Mo10Ni22,125.081375,CuFeMnMoNi,True
Co19Mo18Ni13Cu20Cr7,125.1333,CoCrCuMoNi,True
Ni17Mn10Fe16Cr23W24Cu8,125.1693,CrCuFeMnNiW,True
Cu19Mo22Mn25Ni23Cr9,125.17577,CrCuMnMoNi,True
Ni22Fe23Co16Cr19Cu24,125.19464,CoCrCuFeNi,True
Co15Cu5Cr12Mo23Mn25,125.20869,CoCrCuMnMo,True
Cu20Co18Ni7Mo6Cr10,125.211586,CoCrCuMoNi,True
Fe22Ni25Cu18Co11W8,125.23298,CoCuFeNiW,True
W16Cr16Cu22Mo18Mn21,125.2652,CrCuMnMoW,True
Ni21Fe20Cr16Cu12Co12,125.269485,CoCrCuFeNi,True
Ni23Mn10Mo16Co20Cu8W6,125.29707,CoCuMnMoNiW,True
Co22Cu5Mo25Mn25Cr17,125.299416,CoCrCuMnMo,True
Cu21Mo16Cr12Mn14Ni8,125.308716,CrCuMnMoNi,True
Mo17Cr10Mn18Co11Cu24,125.32686,CoCrCuMnMo,True
Mn7Co12Ni24Fe14Mo6,125.34477,CoFeMnMoNi,True
Mn23W20Cr25Ni11Fe20,125.364395,CrFeMnNiW,True
Cr19Co8W9Fe7Mn22,125.36595,CoCrFeMnW,True
Mn15Cu19Co19Mo11Cr5,125.37729,CoCrCuMnMo,True
Fe18Ni13Co9Cr15Cu7,125.41078,CoCrCuFeNi,True
Mo7Mn10Cu7Co21Fe25,125.43336,CoCuFeMnMo,True
Mn9W23Fe15Mo22Co8Ni21,125.46951,CoFeMnMoNiW,True
Cu25Fe13Cr10Mn8W6,125.50618,CrCuFeMnW,True
W22Ni12Cr15Co11Mo22,125.56837,CoCrMoNiW,True
Co18Ni8W13Cu24Cr11,125.57588,CoCrCuNiW,True
Fe22Mn17Co15Mo21Cu11,125.58214,CoCuFeMnMo,True
Mn15Co12W12Ni23Cr15,125.58426,CoCrMnNiW,True
Co19Mn16Ni19Mo19W5,125.60945,CoMnMoNiW,True
W15Co20Cr25Ni16Cu14,125.61482,CoCrCuNiW,True
Cu18W20Mo24Ni8Co15,125.627655,CoCuMoNiW,True
Mn15Ni25Co5W6Cr12Cu7,125.63318,CoCrCuMnNiW,True
Mo23Cr18Mn18Cu7Co6,125.63668,CoCrCuMnMo,True
Cu14Mo12Mn22W5Fe17,125.65611,CuFeMnMoW,True
Fe10W12Ni5Mn10Cu19Mo7,125.667435,CuFeMnMoNiW,True
Fe19Cr9W22Mn17Mo16,125.67351,CrFeMnMoW,True
Cr8Fe25Cu6W22Co19,125.72934,CoCrCuFeW,True
Cu7Mn25Ni24Mo15Fe17,125.73049,CuFeMnMoNi,True
Cr8Co19Cu10Mo10Ni17,125.76416,CoCrCuMoNi,True
Cu13Ni9Mo22Mn21Fe19,125.79315,CuFeMnMoNi,True
Cu23Mn10Cr19W8Fe10,125.81944,CrCuFeMnW,True
Ni18Mo23Mn15Co13Fe13,125.82262,CoFeMnMoNi,True
W13Cr15Ni19Mn13Mo23,125.83252,CrMnMoNiW,True
Fe20Mn22W21Mo8Co24,125.881195,CoFeMnMoW,True
Cr16Mn12Cu21Mo18Ni9,125.916016,CrCuMnMoNi,True
Co19Mo10Cr10Ni9Cu22,125.92113,CoCrCuMoNi,True
Ni14Fe10Cr24W13Mn22,125.95407,CrFeMnNiW,True
Cu19Ni24Mo6Mn12Cr6,125.97854,CrCuMnMoNi,True
Cu11Mo7Co5Ni19Fe15,125.97963,CoCuFeMoNi,True
Cu6Cr19Mn21Co25Mo25,126.01285,CoCrCuMnMo,True
Mn18Cr20Mo17W14Fe6,126.04407,CrFeMnMoW,True
Mo21W24Mn15Co16Cu7Cr18,126.10341,CoCrCuMnMoW,True
W6Ni12Mn20Cr21Co10,126.12236,CoCrMnNiW,True
Mo8Cu24Cr12Fe11Ni25,126.22424,CrCuFeMoNi,True
Cr14W21Co20Mo14Mn25,126.2244,CoCrMnMoW,True
Co16Mn8Ni25W23Cr14Cu25,126.24996,CoCrCuMnNiW,True
Mo20W19Co14Fe16Mn9Cu18,126.25827,CoCuFeMnMoW,True
Cu14Mo6Cr11Co21Ni21,126.25946,CoCrCuMoNi,True
Mo25Cu10Mn19Cr18Ni14,126.269775,CrCuMnMoNi,True
Fe25W24Mn19Cr7Co19,126.27292,CoCrFeMnW,True
Co6Cu20Cr6Mn20Mo9,126.27849,CoCrCuMnMo,True
W16Mo16Co15Fe14Cu12Mn13,126.27967,CoCuFeMnMoW,True
Cu24Ni10Mn14Fe10W12Mo18,126.281075,CuFeMnMoNiW,True
Co14Cu9Mo5Cr19W21,126.28197,CoCrCuMoW,True
W20Ni15Mn17Mo10Fe10Cu19,126.361824,CuFeMnMoNiW,True
Ni25Mn15Mo17Cr14Cu10,126.3634,CrCuMnMoNi,True
Cu8Mo9Co13Mn10Fe24,126.421265,CoCuFeMnMo,True
Mn25Ni21Mo16W5Co19,126.47641,CoMnMoNiW,True
W18Mn16Cr8Mo22Fe16,126.49202,CrFeMnMoW,True
Mn6Cr17Cu17Fe5W23Ni21,126.63753,CrCuFeMnNiW,True
Cr20Mn23Mo14W6Cu9,126.6385,CrCuMnMoW,True
Mo25W13Mn14Cr12Co18,126.6611,CoCrMnMoW,True
Mo25Cr21W6Ni13Mn5,126.66965,CrMnMoNiW,True
Cu24Mn17Mo20Fe24Ni11,126.67791,CuFeMnMoNi,True
W18Co20Cu9Fe9Cr24,126.70175,CoCrCuFeW,True
Cu19W5Mo11Mn20Ni23,126.70636,CuMnMoNiW,True
Mn25Cr23Co22W25Fe14,126.709045,CoCrFeMnW,True
Ni14Fe14Mo18Mn8Co7,126.71655,CoFeMnMoNi,True
Fe5Cr11Mo16Co7W17,126.72188,CoCrFeMoW,True
Fe6W24Cu17Cr21Mo22,126.74443,CrCuFeMoW,True
Mo24Cr14Mn23Ni9Cu17,126.773026,CrCuMnMoNi,True
Fe15Mo9W12Ni24Mn12,126.79646,FeMnMoNiW,True
Cr7W9Mn7Fe6Mo8,126.79662,CrFeMnMoW,True
Mn15W8Ni12Mo25Cu14Fe14,126.79765,CuFeMnMoNiW,True
Mo10Fe12Co22Ni19Mn10,126.8125,CoFeMnMoNi,True
Fe14W9Mo8Mn22Co12,126.854485,CoFeMnMoW,True
Cr8Ni20Cu7W16Mo14,126.8609,CrCuMoNiW,True
Ni18Cu12Co23W16Cr23Mn8,126.869675,CoCrCuMnNiW,True
Cr22Co10Mn9Ni19W7,126.888626,CoCrMnNiW,True
Co23Ni25Mo24Cu5Fe17,126.899536,CoCuFeMoNi,True
Mn10Cu10Fe5W9Mo12Co13,126.909164,CoCuFeMnMoW,True
Mn11Ni21Mo8Co11W21Fe5,126.918625,CoFeMnMoNiW,True
Cu16Ni15Co25Fe14Mo10,126.93005,CoCuFeMoNi,True
Co15Fe12Cu14Mn12Mo8,126.976974,CoCuFeMnMo,True
Cu17Mn10Mo8Ni25Fe21,127.00311,CuFeMnMoNi,True
Cr5Mo10Cu17Ni23Mn24,127.04865,CrCuMnMoNi,True
Cu15Co5W14Ni15Mn24Cr17,127.0545,CoCrCuMnNiW,True
Mn12Cr21Co25W22Mo18,127.059685,CoCrMnMoW,True
W25Fe6Cr5Co19Mo13,127.06233,CoCrFeMoW,True
Cr10Mo12Co23Ni15Cu20,127.06612,CoCrCuMoNi,True
Fe25Co6Cu17Mo20Mn16,127.08848,CoCuFeMnMo,True
Cu15Co24Cr12Ni8W9,127.09058,CoCrCuNiW,True
Co15Mn7Ni16W8Cr23,127.167366,CoCrMnNiW,True
W17Mo24Co24Cr9Mn19,127.18431,CoCrMnMoW,True
Cu10Mo21Co10Fe22W24,127.20135,CoCuFeMoW,True
Cu14Co20Cr19Mo25Mn17,127.20581,CoCrCuMnMo,True
Co12Mo11Cr5Ni24Mn9,127.21253,CoCrMnMoNi,True
W19Mo21Fe10Co7Cr5,127.21688,CoCrFeMoW,True
Mo22Cu9Co14Cr17W15,127.253174,CoCrCuMoW,True
Mn15Cu12Ni17Mo6Co18,127.26287,CoCuMnMoNi,True
W6Mo20Cr13Co6Mn14,127.3116,CoCrMnMoW,True
Mo20Ni14Co22Cu21Fe12,127.318115,CoCuFeMoNi,True
W18Fe20Cr7Mn18Ni15,127.36678,CrFeMnNiW,True
W25Cu19Fe9Co12Cr7,127.39595,CoCrCuFeW,True
Fe24Co14Cr5Mo9Cu17,127.4133,CoCrCuFeMo,True
Cu14Ni25Cr23Co15W17,127.44514,CoCrCuNiW,True
Cr9Co11W5Cu5Mo21,127.47393,CoCrCuMoW,True
Cr18Ni23Co6W7Mn22,127.484085,CoCrMnNiW,True
Mo10Mn17Ni19Cu15Co17W16,127.50223,CoCuMnMoNiW,True
W15Mn22Ni18Co23Cr15,127.519966,CoCrMnNiW,True
Mo10Fe6Co14Cr12Cu21,127.54648,CoCrCuFeMo,True
Co25Cu11Mn25Fe14Mo11,127.583984,CoCuFeMnMo,True
Cu10Fe24Co13Mo24Mn20,127.61811,CoCuFeMnMo,True
Cr11Ni13W24Fe6Mo19,127.71817,CrFeMoNiW,True
Fe13Co11Ni13Cu7W7,127.721115,CoCuFeNiW,True
Mn8Fe11Cu10Mo22W8Ni16,127.74213,CuFeMnMoNiW,True
Co14Ni11W9Fe17Cu11,127.75431,CoCuFeNiW,True
Cr5Co20Mo9W13Mn22,127.86499,CoCrMnMoW,True
Co18Mn15W19Ni14Mo21Fe7,127.89008,CoFeMnMoNiW,True
Mn25Cu23Ni5Mo21Cr13,127.890434,CrCuMnMoNi,True
Co24Ni13Mn21Cr5W7,127.91148,CoCrMnNiW,True
Cr16Co21Mn20W23Mo14,127.91167,CoCrMnMoW,True
W9Co12Cr14Ni16Mn5,127.91467,CoCrMnNiW,True
W19Cu5Cr21Mn13Fe5Co22,127.9188,CoCrCuFeMnW,True
W11Cu13Cr16Mo8Mn24,127.9193,CrCuMnMoW,True
Mo7Cu9Co21W22Cr8,127.95105,CoCrCuMoW,True
Cr10Cu25Mn23Mo22Fe5,127.95553,CrCuFeMnMo,True
Cu15Fe12W11Ni14Co8,127.96158,CoCuFeNiW,True
Fe19Mn25Cr11Co10W18,127.992226,CoCrFeMnW,True
Cu24Cr25Fe10W13Ni6,127.99663,CrCuFeNiW,True
Co23Fe12Ni8Cu17Mo17,128.03427,CoCuFeMoNi,True
Co8Cr15W17Cu23Ni24,128.05267,CoCrCuNiW,True
Ni11Mo18Cu16Co19Mn24,128.08154,CoCuMnMoNi,True
Mo16Ni22Mn9W9Fe18,128.08823,FeMnMoNiW,True
Co23Cu24Fe22Ni21Cr20,128.09526,CoCrCuFeNi,True
Cr7Mn6Co12W7Ni17,128.13718,CoCrMnNiW,True
Co25W18Ni19Cu12Cr19,128.14204,CoCrCuNiW,True
Fe21Co6Mn10Mo12Cu6,128.14279,CoCuFeMnMo,True
Cr19Cu13Mo23Mn15Co24,128.15543,CoCrCuMnMo,True
Mn11Fe22Mo15Cu12Ni7,128.15646,CuFeMnMoNi,True
Fe11Co8W25Mo12Ni17Mn25,128.17307,CoFeMnMoNiW,True
Mn24Co20Fe10W20Cr19,128.17987,CoCrFeMnW,True
Fe8W20Cr11Co17Cu8,128.18178,CoCrCuFeW,True
Fe7Cu15Mn22Mo7Co14W20,128.19107,CoCuFeMnMoW,True
Mo13Ni23Co23Cu13Mn25,128.20323,CoCuMnMoNi,True
Mn20Co17Cr14Ni18W13,128.23827,CoCrMnNiW,True
W12Fe7Ni13Co16Cu12,128.2538,CoCuFeNiW,True
Fe11Mn21Mo20Ni21W5,128.30795,FeMnMoNiW,True
Cu9Ni16W21Mo24Mn15Cr15,128.32425,CrCuMnMoNiW,True
Cr8Mn13Cu8Mo9Co20,128.34996,CoCrCuMnMo,True
Mo12Ni25Fe23Mn13Cu24,128.36261,CuFeMnMoNi,True
Mn17Ni13Cu22Cr14Mo21,128.36763,CrCuMnMoNi,True
Cr5W23Cu17Ni17Fe7Mn16,128.39673,CrCuFeMnNiW,True
Mo24Co6Cr7Ni8Mn11,128.41132,CoCrMnMoNi,True
Mn21Cu15Mo25Ni6Cr18,128.42537,CrCuMnMoNi,True
Ni22Mo10Cu25Fe18Co22,128.43004,CoCuFeMoNi,True
Fe20Cr22Cu13Ni17Co10,128.43063,CoCrCuFeNi,True
Mo10Cr22W15Cu11Fe6,128.43396,CrCuFeMoW,True
Fe15Mn6W15Mo18Cr12,128.43576,CrFeMnMoW,True
W14Mn15Mo24Cr8Co24,128.43591,CoCrMnMoW,True
Ni13Cr23Mo23Mn12Cu19,128.43842,CrCuMnMoNi,True
Co16W7Ni11Cr5Mn9,128.46072,CoCrMnNiW,True
Co6Fe14W14Ni5Cr19,128.51875,CoCrFeNiW,True
Cu23Ni21Fe8Mo6Cr14,128.519,CrCuFeMoNi,True
Fe7Mo17Mn8Cu15Cr6,128.5387,CrCuFeMnMo,True
Co5Cr7Mn12Fe17W10,128.57713,CoCrFeMnW,True
Cu19Cr17Co21Ni13Fe17,128.6078,CoCrCuFeNi,True
Cu6Fe24Cr7W7Co10,128.63168,CoCrCuFeW,True
Mn8Ni17W5Mo24Cr8,128.6428,CrMnMoNiW,True
Co6Fe8W8Cr20Mn24,128.65497,CoCrFeMnW,True
Mo11Fe8Ni16W5Mn17,128.72763,FeMnMoNiW,True
Fe16Mn20Cr14W18Co9,128.72768,CoCrFeMnW,True
Fe15Mn19Cu11Mo12Co21,128.75227,CoCuFeMnMo,True
Mn9Ni18Fe25W22Cr24,128.79298,CrFeMnNiW,True
Cu20Fe11Ni25Cr11Mo6,128.8002,CrCuFeMoNi,True
Co21W19Mn10Cu15Fe16Mo21,128.80469,CoCuFeMnMoW,True
Co19Mo25Cu11Ni8W5,128.92844,CoCuMoNiW,True
Ni17W17Mn25Co6Cu23Cr18,128.9746,CoCrCuMnNiW,True
Mo24Cr10Co10W5Mn25,128.98035,CoCrMnMoW,True
Fe8Co15Mo21Mn20Ni8,128.99786,CoFeMnMoNi,True
Mn17Mo7Cr23Co7W11,129.01192,CoCrMnMoW,True
W21Ni12Cr21Cu9Fe24,129.06845,CrCuFeNiW,True
Co11Mo10Mn16Fe5Ni16,129.1322,CoFeMnMoNi,True
Ni16Fe25Cr25Co13Cu23,129.17471,CoCrCuFeNi,True
Mo20W12Cu8Cr23Fe9,129.17621,CrCuFeMoW,True
W23Fe23Cr11Ni25Mn17,129.18396,CrFeMnNiW,True
Mo5Mn19W11Co11Fe19,129.19884,CoFeMnMoW,True
Ni16Mn22Co16Mo11Cu25,129.22757,CoCuMnMoNi,True
Ni20Co15Fe22Mn7Mo22,129.24548,CoFeMnMoNi,True
Fe16Co5Mo7W25Cr12,129.25117,CoCrFeMoW,True
Cu11Ni16Mn16Cr22Mo25,129.25122,CrCuMnMoNi,True
Cr15Mn10Co19W6Ni7,129.25328,CoCrMnNiW,True
W24Cu8Co25Ni21Mo22,129.26967,CoCuMoNiW,True
Fe12Cu11Ni18W8Co24,129.28766,CoCuFeNiW,True
Cu12Co20Mn12Fe17Mo9,129.29108,CoCuFeMnMo,True
W5Mo7Mn25Co22Cu19,129.3516,CoCuMnMoW,True
Cu5Cr15Ni23W23Fe23,129.38484,CrCuFeNiW,True
Fe19Cu20Mo15Co22Ni6,129.40121,CoCuFeMoNi,True
Cu23Co6Ni24Cr25Mn13W15,129.49115,CoCrCuMnNiW,True
Ni19Co13Cu19Cr18Fe23,129.49152,CoCrCuFeNi,True
W25Co10Cu16Mo9Cr13,129.50266,CoCrCuMoW,True
Co18Cr22Mo8W16Cu7,129.55939,CoCrCuMoW,True
Fe11Mo7Mn16Cu9Ni18,129.57892,CuFeMnMoNi,True
Fe7Cr6W12Mn23Co20,129.58255,CoCrFeMnW,True
Mn16Mo7Ni19Cu8Fe12,129.61923,CuFeMnMoNi,True
Cu22Co18Mn24Mo18Cr8,129.65115,CoCrCuMnMo,True
Fe15Cr8Mn9Mo23Cu23,129.6614,CrCuFeMnMo,True
Cu23Cr11Ni15Mo5Co12,129.67154,CoCrCuMoNi,True
Fe20Co6W25Cr9Cu20,129.67403,CoCrCuFeW,True
Cu18Mo20Co8Mn24Ni8,129.68423,CoCuMnMoNi,True
Mn20Cu25Co15Mo18Cr10,129.77519,CoCrCuMnMo,True
Cr20Mn7W7Ni22Fe5,129.80338,CrFeMnNiW,True
Mn23Fe23Cr12Ni15W21,129.85983,CrFeMnNiW,True
Fe13Ni7W11Mn24Cr23,129.87595,CrFeMnNiW,True
Cr7Mn12W14Fe11Mo12,129.90215,CrFeMnMoW,True
W16Mo24Cr24Fe5Cu15,129.93295,CrCuFeMoW,True
W14Fe24Cr23Cu22Mn23,129.93983,CrCuFeMnW,True
Mo22Cu13Cr12Ni21Mn21,129.95932,CrCuMnMoNi,True
Co5Mn11W23Cu18Cr17Fe11,129.97835,CoCrCuFeMnW,True
W12Co16Fe22Mn16Mo16,129.99127,CoFeMnMoW,True
Mn14Co20Cu6Mo13Fe23,129.99707,CoCuFeMnMo,True
Fe19Co15Cu23Cr21Ni22,130.00053,CoCrCuFeNi,True
Ni6W21Mo18Cr22Co24,130.0033,CoCrMoNiW,True
Mo15Cu18W13Cr10Ni5,130.0101,CrCuMoNiW,True
Co13Fe10Mo9Mn23Cu19,130.02336,CoCuFeMnMo,True
Fe8Ni15Cr16Cu18W25,130.04816,CrCuFeNiW,True
Co13Mn15Cr23Mo25Cu17,130.05049,CoCrCuMnMo,True
W6Fe15Co17Mo25Mn14Cu7,130.10103,CoCuFeMnMoW,True
Co21Ni24Mo23Cr12Mn7,130.12642,CoCrMnMoNi,True
Fe25Cr5Ni15Cu11Mo7,130.12758,CrCuFeMoNi,True
Mn17Co21Cr13Cu12Mo20,130.20221,CoCrCuMnMo,True
Mo6Cu23Co16Cr8Mn9,130.20842,CoCrCuMnMo,True
Co24Cr8Mo18Fe9Cu20,130.23541,CoCrCuFeMo,True
Mo11Ni19Co24W9Mn21Cu7,130.25308,CoCuMnMoNiW,True
Fe13Co6Mn21Mo25Cu19W7,130.25581,CoCuFeMnMoW,True
Ni6Co11Fe25Mo10Cu5,130.27122,CoCuFeMoNi,True
Co14Mo18Fe14Mn19W7,130.29494,CoFeMnMoW,True
Co18Fe5W20Mo21Mn7Ni23,130.29846,CoFeMnMoNiW,True
Mn5Mo6Ni25Co25Fe18,130.36267,CoFeMnMoNi,True
Ni19Co24Cu21Fe7W5,130.42903,CoCuFeNiW,True
Cr14W21Ni20Mn25Co11Cu20,130.43253,CoCrCuMnNiW,True
Ni9Cu24Mn9W12Cr12Co15,130.49643,CoCrCuMnNiW,True
Co25Mo14Cr18Cu10Mn10,130.51263,CoCrCuMnMo,True
Cu17Mo19Cr23Ni23Mn7,130.56819,CrCuMnMoNi,True
W15Mo20Co7Fe7Cr5,130.59448,CoCrFeMoW,True
Fe21Mn17Cr16Cu22W12,130.60153,CrCuFeMnW,True
Mo24W19Cu8Cr11Fe13,130.61955,CrCuFeMoW,True
Co8Mn7Mo16Cu22Cr21,130.65201,CoCrCuMnMo,True
Ni13W15Mo12Mn13Cr19,130.66943,CrMnMoNiW,True
Cu8Mo5Co23W25Ni24,130.68294,CoCuMoNiW,True
Ni9Co9Cu12W15Cr6,130.73737,CoCrCuNiW,True
W21Co6Mo15Cr18Cu24,130.74042,CoCrCuMoW,True
Co22W19Mn25Cr10Fe11,130.76576,CoCrFeMnW,True
Fe17Co5W21Mn18Cu25Mo6,130.77841,CoCuFeMnMoW,True
Mn9Cr21Ni25Mo9W22,130.79672,CrMnMoNiW,True
W13Mn13Mo6Co14Fe16,130.85207,CoFeMnMoW,True
Cr12Cu6W15Mo5Ni12,130.86655,CrCuMoNiW,True
Co12Fe23Cu6Mn19Mo21,130.88794,CoCuFeMnMo,True
Cu19Mn24Ni17Mo16Co5,130.89455,CoCuMnMoNi,True
Cr9Mn24Ni25Cu13Mo17,130.90436,CrCuMnMoNi,True
Cr21Mn15Co19Cu14W16Ni16,130.90848,CoCrCuMnNiW,True
Ni5W8Fe13Mn6Cr21Cu5,130.93336,CrCuFeMnNiW,True
Mo12W9Fe20Mn21Ni13,130.95055,FeMnMoNiW,True
Mn12Ni18W8Cu21Mo21Co15,130.96198,CoCuMnMoNiW,True
Cr25W21Mo15Ni15Fe5,131.02586,CrFeMoNiW,True
Ni7Co7Fe11Mo7W21,131.06671,CoFeMoNiW,True
Fe7Mo20Mn6Ni12W14Co12,131.08667,CoFeMnMoNiW,True
Co9Mo13Fe5Cu22W16,131.15005,CoCuFeMoW,True
Cr22Cu19Ni8Fe12W20,131.16632,CrCuFeNiW,True
Co10Mo12Fe25Mn14Cu25,131.1771,CoCuFeMnMo,True
Ni20Fe19Co14Cr22Cu22,131.19067,CoCrCuFeNi,True
Mn6Cr20Ni14Mo10Cu8W24,131.20331,CrCuMnMoNiW,True
W20Mo6Cr19Mn18Cu19,131.32742,CrCuMnMoW,True
Cu12Fe16Co15W11Ni24,131.35443,CoCuFeNiW,True
Ni17W11Co7Cr20Cu19,131.37814,CoCrCuNiW,True
W16Ni22Mn11Cr18Mo18,131.38214,CrMnMoNiW,True
Fe21Cr8Ni13W24Mn15Cu11,131.38588,CrCuFeMnNiW,True
Ni6Mn8Co5Fe23Mo21,131.39746,CoFeMnMoNi,True
Mn21W20Mo15Fe16Cr9,131.40283,CrFeMnMoW,True
W25Mo14Mn8Ni19Cu21Fe18,131.44276,CuFeMnMoNiW,True
Mo22Cu20W12Ni5Co16,131.4662,CoCuMoNiW,True
Co21Ni5Cu20W9Cr19,131.49748,CoCrCuNiW,True
W24Mo24Fe10Cu15Cr6,131.50558,CrCuFeMoW,True
Co17W24Fe21Mn14Cr19,131.50931,CoCrFeMnW,True
Mo24Ni19Mn20Cr15W25Cu9,131.51888,CrCuMnMoNiW,True
W10Cr5Fe11Mn23Co9,131.54688,CoCrFeMnW,True
Co7Ni8Mo13Cu18Mn19,131.54948,CoCuMnMoNi,True
Fe23Ni20Mn25W25Cr18,131.57632,CrFeMnNiW,True
Cr10W15Cu5Ni7Co6Mo24,131.58832,CoCrCuMoNiW,True
Fe20Ni19Cu13Cr15Co14,131.59244,CoCrCuFeNi,True
Mn12Cr19Fe11W13Ni13,131.60667,CrFeMnNiW,True
Mn14W15Cr15Co6Fe20,131.63025,CoCrFeMnW,True
Mo9Cu22Ni11Fe7W25,131.6701,CuFeMoNiW,True
Cu12Fe9Cr21Mo17W22,131.69414,CrCuFeMoW,True
Mn7Mo10W5Cr17Co6,131.73375,CoCrMnMoW,True
Fe8Cu11Mn11W9Co20Mo20,131.75793,CoCuFeMnMoW,True
W19Co19Ni24Cu18Mn25Mo13,131.76135,CoCuMnMoNiW,True
Cr9Co9Ni19Cu25W14,131.79256,CoCrCuNiW,True
Fe17Mn9Co17Cu5Mo5,131.8271,CoCuFeMnMo,True
Mo12Cr5Cu20Fe15Ni12,131.88017,CrCuFeMoNi,True
Co9Mo24W25Cr24Fe10,131.97055,CoCrFeMoW,True
Mn7Ni21Mo15Co15Fe16,132.00253,CoFeMnMoNi,True
Mn8W24Fe20Co21Cr22,132.01123,CoCrFeMnW,True
Cr11W11Mo24Mn14Co16,132.01212,CoCrMnMoW,True
Fe21Mo20W19Cr7Mn17,132.04361,CrFeMnMoW,True
Cr19W9Co6Cu17Ni20,132.04572,CoCrCuNiW,True
Cr15W16Mn10Ni14Mo6,132.05284,CrMnMoNiW,True
Ni16Mn8W19Fe23Cr21,132.0582,CrFeMnNiW,True
Mn18Cu19Cr19Fe9W6,132.06921,CrCuFeMnW,True
Ni8Mo23W19Cr24Co19,132.09258,CoCrMoNiW,True
Fe14Cr19Ni6W12Cu10,132.09644,CrCuFeNiW,True
Cu17Co5Cr19Ni14W12Mn21,132.10452,CoCrCuMnNiW,True
Fe10Cu16Mn24W23Co22Mo13,132.10768,CoCuFeMnMoW,True
Ni6Mo15W9Cr25Co14,132.11569,CoCrMoNiW,True
Mn23Cu10Co20Mo18Fe18,132.21095,CoCuFeMnMo,True
Co8W5Cr6Ni5Mo21,132.24193,CoCrMoNiW,True
Co16Cu9Mo6Cr5Mn12,132.24799,CoCrCuMnMo,True
Mn5Co8Mo10Fe19Ni21,132.26904,CoFeMnMoNi,True
Mn16Fe16Ni16Mo7Cu24,132.27301,CuFeMnMoNi,True
Mo9Ni18Mn20Cu22Co21,132.28113,CoCuMnMoNi,True
Mo23Mn23Ni12Cu25Fe24,132.29231,CuFeMnMoNi,True
Mn13Cr22Fe24W17Co7,132.31483,CoCrFeMnW,True
Cr16W7Fe15Mn10Cu12,132.31613,CrCuFeMnW,True
Mo15Mn12Co11Fe18Cu15,132.33372,CoCuFeMnMo,True
Cu17Co9Mn23Fe5Ni18,132.3775,CoCuFeMnNi,True
Cr9Fe11Ni20Mo14Cu22,132.37885,CrCuFeMoNi,True
Cr19Mn24Ni9Cu10W25Fe14,132.38461,CrCuFeMnNiW,True
W12Cr7Mn16Fe25Co9,132.43356,CoCrFeMnW,True
Ni25Cu18Fe7Cr16Mo5,132.44739,CrCuFeMoNi,True
Co5W14Mn11Cr21Fe24,132.48993,CoCrFeMnW,True
W22Fe25Ni8Co13Mn7Mo18,132.5044,CoFeMnMoNiW,True
W12Co7Mo20Ni14Cu25,132.53343,CoCuMoNiW,True
W18Ni18Cr7Fe18Mn18,132.55014,CrFeMnNiW,True
Cu15Co6Cr16Mo18W14,132.57306,CoCrCuMoW,True
Co10Cu11Mo9Ni18W22,132.59398,CoCuMoNiW,True
Cu12Fe10Ni15Mo17Co5,132.5991,CoCuFeMoNi,True
Cr10Mn14Cu14W8Fe22,132.62141,CrCuFeMnW,True
Co8Cr24Mn15Mo25W17Cu9,132.62384,CoCrCuMnMoW,True
Co5Cr14W15Cu19Mo18,132.6345,CoCrCuMoW,True
Fe7Cr15Cu17Mo6Co24,132.63864,CoCrCuFeMo,True
Fe8Ni19Mn13Co10Mo11,132.67143,CoFeMnMoNi,True
Cr25Cu20Mo22Ni17Mn10,132.67659,CrCuMnMoNi,True
Mn23Ni23Cu7Mo22Fe24,132.69049,CuFeMnMoNi,True
Cu21Cr5Mo7Mn5Fe21,132.69878,CrCuFeMnMo,True
Mo25Cr10W6Mn14Fe7,132.72421,CrFeMnMoW,True
Mn22Ni19Cr5Co23W22Cu20,132.72914,CoCrCuMnNiW,True
Mn23Cu21Cr18Fe17W11,132.75099,CrCuFeMnW,True
Ni6Mo8Co15Cu21W15,132.76443,CoCuMoNiW,True
Mo5Ni10W8Mn19Fe20,132.78484,FeMnMoNiW,True
Cr19W11Mo14Cu23Mn5,132.79498,CrCuMnMoW,True
Fe25Ni10W19Mn20Cr25,132.80386,CrFeMnNiW,True
W16Fe19Ni9Mo16Cu16Mn20,132.80472,CuFeMnMoNiW,True
Cr13Ni25W6Co10Mn12,132.81712,CoCrMnNiW,True
Ni20Mn13Mo20Cr16Cu24,132.82217,CrCuMnMoNi,True
Ni22Mn17W12Fe10Cr7,132.84068,CrFeMnNiW,True
Fe7Cu7Mn24Ni17Co13,132.85202,CoCuFeMnNi,True
Cu8Mn16Cr8Fe5Mo23,132.90169,CrCuFeMnMo,True
Cr15Mn25Ni12Mo25Cu7,132.92526,CrCuMnMoNi,True
Mn11W20Co24Mo10Cr16,132.93533,CoCrMnMoW,True
Mn15W18Co6Fe16Cu22Mo10,132.97433,CoCuFeMnMoW,True
Cr25Mn15Mo11W11Ni10,132.9811,CrMnMoNiW,True
Mn22Co10Mo19Ni12Cu6,132.98712,CoCuMnMoNi,True
Fe17W25Mo23Ni6Cr18,133.02438,CrFeMoNiW,True
Cu9Mo17Cr9Ni12Mn19,133.03339,CrCuMnMoNi,True
Mo14W7Mn8Cu14Cr11,133.0586,CrCuMnMoW,True
Cr19Ni8W11Co17Cu24,133.12004,CoCrCuNiW,True
W24Co21Cu16Fe5Cr18,133.13089,CoCrCuFeW,True
Cu11Cr11W21Fe18Ni8,133.13434,CrCuFeNiW,True
Mo20Co16Cu16Cr25W25,133.13611,CoCrCuMoW,True
W21Mo16Mn15Cu8Co9Cr20,133.1977,CoCrCuMnMoW,True
W18Cr11Cu10Co14Mo21,133.20729,CoCrCuMoW,True
W24Mo8Co22Mn11Cr22,133.21428,CoCrMnMoW,True
Cr16Mo20Fe16Mn23W23,133.29626,CrFeMnMoW,True
Cu15Fe23Ni24Co7Mo6,133.31088,CoCuFeMoNi,True
Ni10Fe10Cu7Co15Mo23,133.34125,CoCuFeMoNi,True
Fe11Cr15Ni13Co5W23,133.34416,CoCrFeNiW,True
Fe6Mo11Ni7W22Co11,133.35002,CoFeMoNiW,True
Ni18Co7W20Cu14Mo15,133.3793,CoCuMoNiW,True
Co6Ni24Mo18Cu7Fe19,133.39243,CoCuFeMoNi,True
Cu8W5Cr6Mo6Mn5,133.43375,CrCuMnMoW,True
Fe9Cr18Ni5Cu11W9,133.46964,CrCuFeNiW,True
Ni12Cu15Fe12Co7Mo24,133.47388,CoCuFeMoNi,True
Ni24W14Co22Mn9Cr25,133.51645,CoCrMnNiW,True
Cr5Mo5Co16Ni22Fe11,133.53477,CoCrFeMoNi,True
Co24Cr12W16Cu22Ni8,133.55376,CoCrCuNiW,True
Ni20Co16Cu7Fe11Mo14,133.59007,CoCuFeMoNi,True
Cr22Co19Cu5Mo20Mn13,133.60205,CoCrCuMnMo,True
Fe9W13Mo8Cr24Cu8,133.60352,CrCuFeMoW,True
Ni23Cr19Fe14Cu9W24Mn8,133.61652,CrCuFeMnNiW,True
Co18W15Cr15Ni23Cu10Mn15,133.62042,CoCrCuMnNiW,True
Mn8Cu18Ni23Fe14W25Mo5,133.64497,CuFeMnMoNiW,True
W25Ni24Co7Mo20Cr17,133.65991,CoCrMoNiW,True
Fe24Cu21Ni10Mn10Mo8,133.66019,CuFeMnMoNi,True
Mn10Fe21Mo16W6Ni14,133.67609,FeMnMoNiW,True
Co17Mo13Fe8Cu11Ni7,133.73328,CoCuFeMoNi,True
Cr8W18Cu13Co10Ni17,133.76518,CoCrCuNiW,True
Cu5Mo11Cr13Mn6Ni6,133.77328,CrCuMnMoNi,True
Fe7Ni11Cu8W16Cr8,133.78725,CrCuFeNiW,True
Mo24Mn16Co13W23Fe15Ni17,133.79294,CoFeMnMoNiW,True
Mo15Cu10Co14Mn13Cr10,133.84744,CoCrCuMnMo,True
W15Fe23Mn24Mo20Cu11Ni14,133.9184,CuFeMnMoNiW,True
W7Cu10Ni7Mn8Cr14Co23,133.95483,CoCrCuMnNiW,True
Cu19Mn16Fe21Co18Mo16,133.9681,CoCuFeMnMo,True
Cr6W18Fe23Ni21Mn15,133.99216,CrFeMnNiW,True
Co20Cu8Cr15Mn8W7Ni7,134.00766,CoCrCuMnNiW,True
Mo7Co6Ni11Fe24W21,134.02213,CoFeMoNiW,True
Cu15Mo18Cr20Mn9Co17,134.03362,CoCrCuMnMo,True
Co14Fe11Cu17W7Ni7,134.04514,CoCuFeNiW,True
Cu20Ni16Co16Fe19Cr17,134.0485,CoCrCuFeNi,True
Co19Mo5Mn11Fe12Ni25,134.06265,CoFeMnMoNi,True
Co7Mn13Ni24Cr21W6,134.06525,CoCrMnNiW,True
Co16Mo8W8Mn13Ni15,134.075,CoMnMoNiW,True
Co10Ni22Mo21Cr11Mn8,134.08386,CoCrMnMoNi,True
Mo25Mn10Cr11Cu10Fe6,134.14444,CrCuFeMnMo,True
Cu14Co23Mo13Cr12Ni25,134.1456,CoCrCuMoNi,True
Co12Ni21Mo19Fe16Mn10,134.15851,CoFeMnMoNi,True
Mn9W9Mo6Cu6Ni24Co18,134.16432,CoCuMnMoNiW,True
Cr5Mn25Ni21Cu14Mo8,134.22507,CrCuMnMoNi,True
W8Mn8Co17Fe14Mo12,134.25887,CoFeMnMoW,True
Cu24Cr18Mo20Ni17Mn13,134.291,CrCuMnMoNi,True
Fe20Mo6Ni12Co9Cu23,134.29185,CoCuFeMoNi,True
Co10Mn5Ni16Cr14Mo20,134.30138,CoCrMnMoNi,True
Cr9Fe13Mo13Co25Cu19,134.343,CoCrCuFeMo,True
W14Mn15Fe9Ni9Mo6Cu10,134.35887,CuFeMnMoNiW,True
Mn5W11Mo12Cu9Ni21Co24,134.36267,CoCuMnMoNiW,True
Ni7Cu25Co8Mo22Cr6,134.3864,CoCrCuMoNi,True
W12Mn21Cr14Ni15Mo20,134.39047,CrMnMoNiW,True
Cr21Cu14Mo20Mn7Ni7W19,134.3911,CrCuMnMoNiW,True
Mn13Ni23Mo18Cr13Cu25,134.39775,CrCuMnMoNi,True
Cu11Mo16W23Ni23Cr25,134.40195,CrCuMoNiW,True
Ni15Cu7Fe16Mo18W24,134.43024,CuFeMoNiW,True
Mo9Fe10Cu17Co23Cr11,134.4393,CoCrCuFeMo,True
Cu19Mo9Ni12W7Co6Mn8,134.52284,CoCuMnMoNiW,True
Cu21Fe16W22Ni25Co18,134.55328,CoCuFeNiW,True
Cr10Cu23Co19Mo15Mn14,134.57674,CoCrCuMnMo,True
Mn8Cr6Fe5W9Co10,134.58057,CoCrFeMnW,True
Fe10Cu12Mo22Co8W22,134.64613,CoCuFeMoW,True
Co10W17Ni14Cr9Cu20,134.68005,CoCrCuNiW,True
Mo23Cu8Fe8Co21W21,134.69778,CoCuFeMoW,True
Cr22Mn12W13Fe18Ni9,134.71234,CrFeMnNiW,True
Cr16Fe24Ni9W17Mn19,134.73953,CrFeMnNiW,True
Cu13Mn11Mo5Co25Fe23,134.74432,CoCuFeMnMo,True
Ni18Cu17Co16Cr17W23,134.75142,CoCrCuNiW,True
Cr10Mn10Cu20Ni24Mo12,134.75346,CrCuMnMoNi,True
Mn10Fe25Mo25Ni25Co24,134.76465,CoFeMnMoNi,True
W24Ni18Cr19Fe6Co8,134.76706,CoCrFeNiW,True
Fe12Mn11Cu9Ni14Mo9,134.76785,CuFeMnMoNi,True
Mo10Ni20Cu14Mn22Co22,134.77385,CoCuMnMoNi,True
Mn19Co21W15Cr19Ni25,134.8019,CoCrMnNiW,True
Mo13Fe14Ni20Co16Mn8,134.80415,CoFeMnMoNi,True
Mo25Fe15Co19Cu6Ni8,134.80545,CoCuFeMoNi,True
Fe10Cr7Mn20W10Mo20,134.8099,CrFeMnMoW,True
Mn18W9Cr15Co24Ni9,134.84453,CoCrMnNiW,True
Cu9Mn7Fe12Co12Mo6,134.84995,CoCuFeMnMo,True
Ni23Cr25Cu16W22Co25,134.86789,CoCrCuNiW,True
Cr9Fe21W24Co20Mn24,134.87968,CoCrFeMnW,True
Cu19W17Co14Fe15Ni23,134.89182,CoCuFeNiW,True
Mo11W23Cu11Cr23Fe11,134.96786,CrCuFeMoW,True
Mn6Cr25W22Mo23Fe19,134.9685,CrFeMnMoW,True
W24Cr16Cu15Co24Ni20,134.99121,CoCrCuNiW,True
Cu24Fe20Ni21Cr24Co17,134.9993,CoCrCuFeNi,True
Mn12Co5Cu13W24Cr15Fe25,135.05283,CoCrCuFeMnW,True
W7Co11Ni5Mo5Cr21,135.06412,CoCrMoNiW,True
Ni10Mn22W23Fe22Co7Mo10,135.09702,CoFeMnMoNiW,True
Ni15W16Cr16Fe13Mn15,135.11707,CrFeMnNiW,True
Mn19W11Ni22Co24Mo13,135.1188,CoMnMoNiW,True
W22Fe12Mn23Cr17Mo6,135.12317,CrFeMnMoW,True
Fe15Mo18Mn9Ni17Co9,135.15402,CoFeMnMoNi,True
Cu13Co19Ni22Cr23W17,135.16136,CoCrCuNiW,True
Mn17Co13Ni6Cu11Cr14W11,135.17068,CoCrCuMnNiW,True
Cr11Cu12W25Mn16Mo23Ni21,135.2086,CrCuMnMoNiW,True
Mo16Mn5W5Co8Cr12,135.21451,CoCrMnMoW,True
Mo25Cr18Fe20Cu8W24,135.25854,CrCuFeMoW,True
Co10Mn5Cu25Fe16Cr5,135.26352,CoCrCuFeMn,True
W15Mo13Ni21Cr23Mn5,135.29128,CrMnMoNiW,True
Cr6Mn19Cu8Mo15Co7,135.30899,CoCrCuMnMo,True
Co21Cr6Mo8W8Cu6,135.31287,CoCrCuMoW,True
Cu13Co15Ni12W25Mo11,135.3483,CoCuMoNiW,True
Cr17Fe8W21Cu12Ni18,135.38776,CrCuFeNiW,True
W16Co7Mn22Cr23Fe16,135.39314,CoCrFeMnW,True
Co16Fe21W16Ni15Cu20,135.40732,CoCuFeNiW,True
Fe8Cu17Cr14Mo5Co23,135.4153,CoCrCuFeMo,True
W19Cu17Mo12Mn16Ni11Fe19,135.41745,CuFeMnMoNiW,True
Mo23Co25Fe15Cu21Cr5,135.42242,CoCrCuFeMo,True
Mo12Cr12Ni20Cu24Co6,135.42682,CoCrCuMoNi,True
Mn16Ni16Mo16Co6Fe8,135.44595,CoFeMnMoNi,True
Fe8Ni6Co14W22Cr8,135.48174,CoCrFeNiW,True
Fe8Ni14Mn13Mo9Co19,135.53123,CoFeMnMoNi,True
Co11Ni22Fe21Cu16W5,135.54297,CoCuFeNiW,True
Cr6Co13Mn6Ni22Mo6,135.56601,CoCrMnMoNi,True
Cr10Ni17Cu22Fe12Mo7,135.57549,CrCuFeMoNi,True
Cu21W15Cr15Mo13Mn15,135.60643,CrCuMnMoW,True
Fe16Ni21Mo25Co17Mn17,135.64471,CoFeMnMoNi,True
Cu15Mn21Mo19Co8Cr11,135.6594,CoCrCuMnMo,True
W19Co21Mn24Fe14Cr7,135.6662,CoCrFeMnW,True
Cu6Co10Mo8Fe8W18,135.69998,CoCuFeMoW,True
Cu9Mo24Mn8Cr7Fe17,135.7265,CrCuFeMnMo,True
Mo7Ni23Fe20Mn15W16,135.75192,FeMnMoNiW,True
Mn19Cu5Mo24Cr23Ni16,135.8315,CrCuMnMoNi,True
Co24Ni25W13Mn5Cr23,135.84953,CoCrMnNiW,True
Ni8Cr8Mo11Cu25Fe9,135.86984,CrCuFeMoNi,True
Cr13Fe23Cu5Mo24W19,135.87628,CrCuFeMoW,True
Mo22Mn24Cu5Cr18Co24,135.90167,CoCrCuMnMo,True
Ni8Mo17Cr13Mn19Cu24,135.95448,CrCuMnMoNi,True
Fe10Cr25Ni13W10Mn23,135.96393,CrFeMnNiW,True
Ni5Cu19Fe10W12Cr21,135.9719,CrCuFeNiW,True
Ni21Cu15Co5Fe16Mo20,135.99081,CoCuFeMoNi,True
Co23Fe13Mn15Mo19Ni16,136.00302,CoFeMnMoNi,True
Cr24Fe9Mo22W13Co5,136.0031,CoCrFeMoW,True
Fe5Cr18Mn14Co15W11,136.00351,CoCrFeMnW,True
Co25Cr10Cu17Fe11Mo13,136.00989,CoCrCuFeMo,True
Mo22Fe14Co19Ni22Cu21,136.02776,CoCuFeMoNi,True
Cu17Mo23Cr6Fe24Mn9,136.03043,CrCuFeMnMo,True
Fe10Cr7Cu19Ni11Mo11,136.05518,CrCuFeMoNi,True
W12Co18Mo24Cr15Cu6,136.05983,CoCrCuMoW,True
W9Co13Mo7Fe17Mn6,136.0625,CoFeMnMoW,True
Mo20Ni14Mn16Fe12Co20,136.10048,CoFeMnMoNi,True
W21Co9Mo15Cu8Fe13,136.10371,CoCuFeMoW,True
Mo16Ni23Fe5Cu8W8,136.10718,CuFeMoNiW,True
Cu8Ni20Mo23W22Co25,136.17242,CoCuMoNiW,True
Mo20Fe10Cr8Cu22Co20,136.18478,CoCrCuFeMo,True
Cu12Co12Fe23Mn22Mo24,136.26303,CoCuFeMnMo,True
Cu24Mo15Fe18Co24Cr8,136.26541,CoCrCuFeMo,True
W10Ni25Cr18Mn17Fe5,136.30223,CrFeMnNiW,True
Cr25Cu8Ni19W12Mo12,136.31754,CrCuMoNiW,True
Fe25Mn25W6Co9Mo15,136.38834,CoFeMnMoW,True
Fe20Ni13Co22Mo22Mn10,136.43681,CoFeMnMoNi,True
Co23Cr20Mo16Mn12Cu6,136.48975,CoCrCuMnMo,True
Mo24Ni8Cu18Mn23Cr17,136.49019,CrCuMnMoNi,True
Co9Ni13Mo5W21Cu11,136.49573,CoCuMoNiW,True
Co11Fe7W24Cu7Ni10Mo7,136.55772,CoCuFeMoNiW,True
Mo12Cu24Co15Fe6Cr16,136.58148,CoCrCuFeMo,True
Cr8Ni21Mo7Mn12Cu11,136.59094,CrCuMnMoNi,True
Mo6Fe9Cr24W8Cu6,136.61151,CrCuFeMoW,True
Cr12Ni20Cu12W18Co14,136.64973,CoCrCuNiW,True
Co15Cr9Mn22W9Mo25,136.6752,CoCrMnMoW,True
Cr18Co22Cu7W14Ni23Mn22,136.69061,CoCrCuMnNiW,True
Mo5W9Mn21Co16Ni20,136.69797,CoMnMoNiW,True
Cr15Cu22Fe5Mo23Mn19,136.6999,CrCuFeMnMo,True
Mo21Fe15W20Ni21Mn7Co7,136.70142,CoFeMnMoNiW,True
Co14Mo17Ni15Mn8Cr7,136.73636,CoCrMnMoNi,True
W18Ni14Cu9Mn8Mo9Cr5,136.74338,CrCuMnMoNiW,True
W25Mn21Co24Fe22Cr8,136.74622,CoCrFeMnW,True
Co23Mo7Cr8Fe11Cu9,136.7557,CoCrCuFeMo,True
Mn9Mo11Ni22Co23Fe16,136.75586,CoFeMnMoNi,True
Fe16Co10Ni25Mn8Mo5,136.80522,CoFeMnMoNi,True
Ni12W22Mo10Cr10Cu13,136.82162,CrCuMoNiW,True
Cr11Cu20Mn13Ni12Mo14,136.8232,CrCuMnMoNi,True
Cu5Mo16Co7Cr11Ni11W25,136.82402,CoCrCuMoNiW,True
W12Cr22Ni18Mn9Mo23,136.84058,CrMnMoNiW,True
Mo16Cu22Cr7Fe22Co23,136.91002,CoCrCuFeMo,True
Cr22Ni17Cu13Mn7Mo17,136.91405,CrCuMnMoNi,True
W11Cr20Co7Mn17Mo8,136.92819,CoCrMnMoW,True
Co25Fe5Cu25Cr20Mo23,136.9676,CoCrCuFeMo,True
Cr22Mn13Mo19Co24Cu8,137.00021,CoCrCuMnMo,True
Ni8Co16Fe14Cu20Mo10,137.03238,CoCuFeMoNi,True
Cu12Co10Fe10Ni15Mo6,137.06447,CoCuFeMoNi,True
Mn10Mo11W13Fe10Cr9,137.09253,CrFeMnMoW,True
Co6Mn24W5Mo13Cr15,137.09407,CoCrMnMoW,True
Cu14Cr14Mo23Ni14Mn25,137.12503,CrCuMnMoNi,True
Mo13Fe20Co18Cu21Ni6,137.12892,CoCuFeMoNi,True
W9Mo21Cu6Ni19Fe5,137.13522,CuFeMoNiW,True
Cu7Co24Ni24Cr14W14Mn18,137.1826,CoCrCuMnNiW,True
Fe14Mn6Ni23Mo5W6,137.19102,FeMnMoNiW,True
Cu11Co11W25Cr17Fe20,137.21576,CoCrCuFeW,True
Mo7Co13Fe7Ni5Cu7,137.2232,CoCuFeMoNi,True
Mo20W12Mn24Fe14Cr6,137.24564,CrFeMnMoW,True
Ni12Mo5Cr25Co12W21,137.25528,CoCrMoNiW,True
Co18Cu17Fe16Ni15Cr21,137.27661,CoCrCuFeNi,True
Mn23Mo15Ni12Cu21Co14,137.28445,CoCuMnMoNi,True
Mn15Fe14Cr15W19Co14,137.28519,CoCrFeMnW,True
W24Mo19Co17Ni14Cu11,137.29393,CoCuMoNiW,True
Fe6Cr7Mo7Mn19W7,137.33444,CrFeMnMoW,True
Mn8Fe21Cu7Mo6Ni9,137.374,CuFeMnMoNi,True
Ni25Cr21Mn10W13Co18Cu10,137.38913,CoCrCuMnNiW,True
Fe14W20Cu14Mn19Mo10Ni17,137.39862,CuFeMnMoNiW,True
Co12Cu25Fe8Mo18Cr9,137.40828,CoCrCuFeMo,True
Mn11Fe20Mo22Ni21Co8,137.4264,CoFeMnMoNi,True
Fe6Co11Cr12W22Mo20,137.43625,CoCrFeMoW,True
Cu25Mn6Cr15Fe20W10,137.45221,CrCuFeMnW,True
W9Cu7Ni24Mo10Mn10Co22,137.45427,CoCuMnMoNiW,True
Mo13Mn22Co10Ni20Cu17,137.46992,CoCuMnMoNi,True
Cr21Co7W11Fe14Mn12,137.49004,CoCrFeMnW,True
Fe23Mn11Mo11W15Co25,137.50638,CoFeMnMoW,True
Co7W22Ni23Mo19Cr25,137.50932,CoCrMoNiW,True
Mn24Ni25Co23Mo8Cu16,137.58849,CoCuMnMoNi,True
W6Co18Mo16Cu11Ni17Mn6,137.59341,CoCuMnMoNiW,True
Ni12Fe21W9Mn5Mo17Cu8,137.60454,CuFeMnMoNiW,True
Co22W19Cr23Fe14Mn6,137.67805,CoCrFeMnW,True
Mn15Mo14W8Cr17Cu11,137.6903,CrCuMnMoW,True
Mn19Cu13Cr12Fe22W8,137.69632,CrCuFeMnW,True
W22Co17Ni19Cr23Cu20,137.72891,CoCrCuNiW,True
Co5W15Cu23Cr18Mo21,137.76091,CoCrCuMoW,True
Ni22Cr13Mn18Fe18W21,137.77884,CrFeMnNiW,True
Mo16Mn17Fe11Cr11W15,137.78787,CrFeMnMoW,True
Co10Ni25Cu13Mo8Mn22,137.81015,CoCuMnMoNi,True
W12Mo22Cu8Mn8Fe16Co23,137.81999,CoCuFeMnMoW,True
Ni9W8Cr22Mo10Cu11,137.8348,CrCuMoNiW,True
Mo24W10Cr13Mn13Cu24,137.84354,CrCuMnMoW,True
Fe19Cu9Co12Mo21W25,137.85326,CoCuFeMoW,True
Co22Ni20Fe14Mn8Mo7,137.87126,CoFeMnMoNi,True
Ni10W10Mo17Mn18Cr17,137.88158,CrMnMoNiW,True
Mo15Mn19W20Ni24Cr15,137.91006,CrMnMoNiW,True
Ni24Fe18Cr11Mn21W21,137.94403,CrFeMnNiW,True
Ni5Cu9W20Mo19Co11Fe22,137.9798,CoCuFeMoNiW,True
Fe23Ni12Cr21W20Mn24,137.9827,CrFeMnNiW,True
Mn15Fe10Ni10Co23Mo9,137.98592,CoFeMnMoNi,True
Mo20Ni20Cu5W20Fe12,137.98647,CuFeMoNiW,True
Mo13Fe16Cr6Ni21Cu17,138.00343,CrCuFeMoNi,True
Cu11Ni13Mn18Fe7Mo7,138.04652,CuFeMnMoNi,True
Co22Cr21Mo7Cu24Fe5,138.05267,CoCrCuFeMo,True
Mn17Cr19W18Ni24Mo21,138.05722,CrMnMoNiW,True
Cu16Ni18Co19Mo19Mn20W7,138.05724,CoCuMnMoNiW,True
Co8Cu18Cr5W7Ni9,138.06352,CoCrCuNiW,True
Mo23Mn5Cu6Cr19W22Fe10,138.06389,CrCuFeMnMoW,True
Co23Cu16Mo19Cr18Mn13,138.0765,CoCrCuMnMo,True
Fe8Mn10Ni20Mo22Co24W25,138.12366,CoFeMnMoNiW,True
Ni14Cr19Cu20Mn13Mo20,138.13455,CrCuMnMoNi,True
Fe19Cu24Mo13Cr7Ni13,138.19987,CrCuFeMoNi,True
W7Co12Mo5Cr5Mn24,138.21481,CoCrMnMoW,True
W14Mn21Cr22Co5Cu25Ni22,138.24788,CoCrCuMnNiW,True
Mo20Co8Mn15Cr17Cu15,138.24847,CoCrCuMnMo,True
Mo20Co19Cr12Mn24Cu10,138.26898,CoCrCuMnMo,True
Cr23Mn14W8Co7Mo15,138.31906,CoCrMnMoW,True
Fe8Cu14Mo6W10Ni6Mn5,138.39017,CuFeMnMoNiW,True
Ni16Cu20Cr11Mo7Co17,138.40257,CoCrCuMoNi,True
Co14Mn20Mo12Ni17Cu18,138.41008,CoCuMnMoNi,True
Co5Cr23W20Cu12Ni6Mo16,138.41635,CoCrCuMoNiW,True
Fe24W15Ni22Cr8Mn8,138.45,CrFeMnNiW,True
Fe12W23Co5Mn19Cu13Cr9,138.46,CoCrCuFeMnW,True
Cr15Cu24Ni20Mn13Co25W22,138.51697,CoCrCuMnNiW,True
Mn11Mo23Co20Fe20Ni16,138.52434,CoFeMnMoNi,True
Ni9W6Mn16Co12Cr9,138.54324,CoCrMnNiW,True
Mn11Mo25Ni19Cr9W7,138.62962,CrMnMoNiW,True
Cu23Mn24Mo20W19Fe23Co7,138.64001,CoCuFeMnMoW,True
Cr22Cu5Mo5Co14W5,138.65997,CoCrCuMoW,True
Cu18Mo23Ni5Co23Cr6,138.70886,CoCrCuMoNi,True
Mn16Co18Ni20Cr16W12,138.71701,CoCrMnNiW,True
Mn19Fe16W22Cr15Co18,138.7473,CoCrFeMnW,True
Ni15Mo18Mn20Cr11Cu11,138.74855,CrCuMnMoNi,True
Cr6Mo22W22Ni8Co23,138.75424,CoCrMoNiW,True
Cu20Mo6W10Fe17Mn11,138.75793,CuFeMnMoW,True
Mo11W11Cu23Mn15Fe25,138.77562,CuFeMnMoW,True
Mo24Mn19Ni23Cr21Cu10,138.78131,CrCuMnMoNi,True
Mn8W6Co14Fe7Cr23,138.798,CoCrFeMnW,True
Mn17Cu12Cr14W10Mo9,138.80411,CrCuMnMoW,True
Cr25Ni20W22Mo16Mn21,138.82591,CrMnMoNiW,True
Ni14Mo12W5Co23Mn14,138.88817,CoMnMoNiW,True
Ni13Cr11W10Mn10Mo12,138.89145,CrMnMoNiW,True
Co23Cr19Cu8Fe8W18,138.9647,CoCrCuFeW,True
Fe23Mo18Co21Mn18Cu7W16,138.99635,CoCuFeMnMoW,True
W6Mn7Cu17Mo6Fe13,139.00305,CuFeMnMoW,True
Ni22Cu8W13Mo14Fe5Co5,139.01503,CoCuFeMoNiW,True
Co6W9Mn12Mo8Cr16,139.0305,CoCrMnMoW,True
Mo15Cu13W23Ni13Mn19Cr5,139.05646,CrCuMnMoNiW,True
Cr19Mn5Mo14Cu18Ni21,139.13669,CrCuMnMoNi,True
Cr6Mo20Fe16Mn8Cu14,139.20885,CrCuFeMnMo,True
Cr21Co12Mn18Fe24W22,139.22897,CoCrFeMnW,True
W7Cr6Mn20Ni12Co22,139.23618,CoCrMnNiW,True
Cu19Mn15Cr24Co5Mo23,139.24838,CoCrCuMnMo,True
Co6Fe11Cr5Cu23Mn22,139.25294,CoCrCuFeMn,True
Fe22Mn23Mo18W20Cr7,139.26558,CrFeMnMoW,True
Co13W21Mn22Cu19Fe14Mo14,139.29295,CoCuFeMnMoW,True
Fe19Cu19Co9Ni18Mo5,139.30826,CoCuFeMoNi,True
Fe8W10Mo24Cr6Co5,139.33002,CoCrFeMoW,True
Cu9Cr20Ni11Mn16W5Co5,139.35667,CoCrCuMnNiW,True
Cr6Co10Mo23Cu11Ni23,139.36528,CoCrCuMoNi,True
Ni6W7Cr23Co12Mo12,139.44095,CoCrMoNiW,True
Fe24Co13Mo7Mn11Cu6,139.4575,CoCuFeMnMo,True
Cu13Cr5W9Ni13Co25,139.51086,CoCrCuNiW,True
Mo6Cu11Cr20Ni8W10,139.53334,CrCuMoNiW,True
Mn11Cu22Fe23Mo7Co13,139.56535,CoCuFeMnMo,True
Cu20Mn21Co15Fe25Mo23,139.58652,CoCuFeMnMo,True
Co19Mn20Ni21Cu6Mo5,139.60559,CoCuMnMoNi,True
Fe5Cu13Mo17Cr8W17,139.64227,CrCuFeMoW,True
Ni9Co7Cr20Mo21W8,139.6478,CoCrMoNiW,True
Fe23Mn25Co10Cu25Mo20,139.64813,CoCuFeMnMo,True
Fe13Co18Ni19Mo25Mn24,139.66159,CoFeMnMoNi,True
W9Cr5Mo23Fe6Ni7,139.66539,CrFeMoNiW,True
Co12Cu5W5Ni10Mo19,139.6666,CoCuMoNiW,True
Fe25Co19Ni25W18Cu18,139.70255,CoCuFeNiW,True
Cu7Ni22Co7Fe21Mo7,139.71223,CoCuFeMoNi,True
Cr18Mn7W20Ni11Mo25Cu15,139.7379,CrCuMnMoNiW,True
Cr12Cu17Co20Mo21Mn23,139.74158,CoCrCuMnMo,True
Fe9Cr5Mo5Co12Ni19,139.76825,CoCrFeMoNi,True
Mn19Cu15Mo10Fe11Co11,139.78299,CoCuFeMnMo,True
Ni6Mn25Fe12Mo19W7Cu20,139.78305,CuFeMnMoNiW,True
Mn18Cr9Ni12W12Fe11,139.79317,CrFeMnNiW,True
Cr5Co11Fe11Cu20Mo16,139.81865,CoCrCuFeMo,True
Cr9W23Cu20Mo21Co10,139.88202,CoCrCuMoW,True
Cr12Mo10Mn10Cu18Co5,139.89798,CoCrCuMnMo,True
Cu9W22Cr6Fe15Mo15,139.91138,CrCuFeMoW,True
Fe10Cr9Mn10W12Co8,139.91719,CoCrFeMnW,True
Mo19Fe10Mn10Cr9Cu21,139.94522,CrCuFeMnMo,True
Cu16Co23Mn23Fe25Mo21,139.96992,CoCuFeMnMo,True
Mn20Mo9Cr21W17Ni13,139.9708,CrMnMoNiW,True
Mo10Cu8Co24W20Ni17,139.98283,CoCuMoNiW,True
Ni19Fe24W22Cr22Cu7,139.98813,CrCuFeNiW,True
Mo11Cu24Fe19Mn21Co21,139.99501,CoCuFeMnMo,True
Cr12W6Cu15Mn21Fe12,140.00531,CrCuFeMnW,True
Mn11Cu20Ni25W15Mo16Fe7,140.03552,CuFeMnMoNiW,True
Mo22Cr18Co7Cu10Mn20,140.04608,CoCrCuMnMo,True
Mo22Co17Mn25Ni15Fe9,140.05627,CoFeMnMoNi,True
Cr19Ni20Mn10Co8W6,140.05713,CoCrMnNiW,True
W22Ni15Fe25Cr21Mn21,140.09367,CrFeMnNiW,True
Cu23Cr8Mo9Ni17Fe18,140.10101,CrCuFeMoNi,True
Cu16Cr5Ni17Mo14Fe15,140.10599,CrCuFeMoNi,True
W10Cu21Mo19Cr11Mn25,140.12112,CrCuMnMoW,True
Co24Fe21Mn5Cr11W17,140.13379,CoCrFeMnW,True
Co17Cr8Cu14W22Ni14,140.13953,CoCrCuNiW,True
Fe5Cr24W14Co23Mn19,140.14142,CoCrFeMnW,True
Mo18Co24Mn25Ni25W8,140.14363,CoMnMoNiW,True
Cr10Mn7W14Co24Fe16,140.15974,CoCrFeMnW,True
Co25Mn13Mo25Ni10Fe22,140.16756,CoFeMnMoNi,True
Ni25Fe21W12Mo6Mn8,140.17696,FeMnMoNiW,True
Cr8Mo7Cu23Ni15Fe22,140.18738,CrCuFeMoNi,True
Fe24Cu13Co15Ni20Cr22,140.2174,CoCrCuFeNi,True
Cu22Ni21Mo17Cr12Mn14,140.2302,CrCuMnMoNi,True
W22Co16Cr19Mo5Mn14,140.25305,CoCrMnMoW,True
Mn22Mo11Ni15Cu14Co11W8,140.27213,CoCuMnMoNiW,True
W13Mn24Ni24Cu19Mo18Co19,140.27614,CoCuMnMoNiW,True
Co20Mn24Ni14Fe5Mo15,140.28925,CoFeMnMoNi,True
Cr18Cu13W6Mn21Fe15,140.29126,CrCuFeMnW,True
Mo10Cu19Mn10Fe21Ni13,140.3197,CuFeMnMoNi,True
W21Co17Cu23Ni22Fe21,140.34648,CoCuFeNiW,True
Co18Cr8Ni12Mn12Mo23,140.3484,CoCrMnMoNi,True
Cu12W25Co18Mo17Mn15Cr8,140.39677,CoCrCuMnMoW,True
Co14Fe15Mo15Cu18Ni5,140.39879,CoCuFeMoNi,True
Cr13Mn7W12Co25Ni23,140.41966,CoCrMnNiW,True
W10Co17Cr18Mn9Ni17,140.42001,CoCrMnNiW,True
Cu16Mn21Co16Ni18Mo15W11,140.46098,CoCuMnMoNiW,True
Co12Mo6Cu19Mn17Ni10,140.49326,CoCuMnMoNi,True
Cr21Cu23Mo24Mn12Fe6,140.50018,CrCuFeMnMo,True
Co6W14Fe9Cr14Cu9,140.50699,CoCrCuFeW,True
Cu8Co11Ni5Fe25Mo11,140.55554,CoCuFeMoNi,True
Mo9Cr25Mn19Co16W24,140.56625,CoCrMnMoW,True
Mo11Fe18Ni23Cu5Mn8W13,140.63538,CuFeMnMoNiW,True
Cr21Mo10W11Co15Ni5,140.66914,CoCrMoNiW,True
Mn14Ni16Cu16Mo17Fe22,140.67462,CuFeMnMoNi,True
Cu25Cr7Mn21W20Ni19Co17,140.69066,CoCrCuMnNiW,True
Mo19W12Mn13Cu24Cr15,140.69388,CrCuMnMoW,True
Mo11Co17Cr14Cu9Mn8,140.7105,CoCrCuMnMo,True
Cu18Ni21Mn12Mo10W17Co20,140.71284,CoCuMnMoNiW,True
Mn13Mo11Fe15W14Ni15Cu9,140.75204,CuFeMnMoNiW,True
Ni16Mo23Mn9Fe24Co21,140.76645,CoFeMnMoNi,True
Cr21Mo8W6Cu9Mn20,140.83801,CrCuMnMoW,True
W23Fe15Co21Cr5Ni5,140.84601,CoCrFeNiW,True
Mo7W20Cr17Cu7Co21,140.87857,CoCrCuMoW,True
Cu15Mo12Fe18Co19Mn16,140.88411,CoCuFeMnMo,True
Co10Ni8W9Mo11Cr23,140.9115,CoCrMoNiW,True
Fe18Co12Mn12W18Cr18,140.93472,CoCrFeMnW,True
W10Cr25Co22Cu21Ni9,140.96153,CoCrCuNiW,True
W22Cr6Fe25Co22Mn18,140.97765,CoCrFeMnW,True
W12Ni25Co7Cr6Mo11,140.99142,CoCrMoNiW,True
Co19Cu23Fe19Cr5Mo23,141.0108,CoCrCuFeMo,True
Ni25Co21Mn16Fe19Mo24,141.01215,CoFeMnMoNi,True
Co20W13Cr18Cu5Mo6,141.02519,CoCrCuMoW,True
Mn5Co13Mo12Cu23W11Ni13,141.02548,CoCuMnMoNiW,True
Fe7W14Mn13Cr18Co22,141.103,CoCrFeMnW,True
W14Cr22Mo19Cu21Mn18,141.11652,CrCuMnMoW,True
Mo23W21Cu15Mn5Co12Cr11,141.12369,CoCrCuMnMoW,True
Cu6Mn8Mo5Cr17Ni23,141.13483,CrCuMnMoNi,True
Mo7Fe6Cr6Mn7Cu19,141.15103,CrCuFeMnMo,True
Cr13W8Co6Cu10Ni11Mn12,141.16437,CoCrCuMnNiW,True
Ni12Cu8Mo5Mn16Fe24W15,141.17468,CuFeMnMoNiW,True
Fe23Co10Cr12Cu9W19,141.17474,CoCrCuFeW,True
W18Mo10Cu16Cr24Ni11,141.2191,CrCuMoNiW,True
Cr12Co21Mn24Cu13Mo20,141.22937,CoCrCuMnMo,True
Ni15Fe13Cr25W18Cu12,141.23125,CrCuFeNiW,True
Ni15Mo10W15Cr15Mn21,141.2467,CrMnMoNiW,True
Ni5Fe24Mn18Mo20Cu17,141.26834,CuFeMnMoNi,True
Cr23W6Mn15Ni10Co19,141.31386,CoCrMnNiW,True
Mn9Co21Mo5W8Cu22,141.31683,CoCuMnMoW,True
W21Mn7Cr24Co24Mo10,141.33424,CoCrMnMoW,True
Cr21Ni22W13Cu10Co21,141.34062,CoCrCuNiW,True
Ni24Mn5Cr11Mo8Co8,141.34195,CoCrMnMoNi,True
Cr13Mo15Mn8W13Fe11,141.34494,CrFeMnMoW,True
Mn6Fe13Cu19Cr7Mo15,141.40955,CrCuFeMnMo,True
W21Fe6Cu24Ni15Cr18,141.41437,CrCuFeNiW,True
Cr10W11Cu7Ni10Mo13,141.47455,CrCuMoNiW,True
Mn12W8Mo7Cu23Ni22,141.47876,CuMnMoNiW,True
Cr13Co18Ni25Mo24Mn10,141.49521,CoCrMnMoNi,True
Mo6Mn5Cr10Ni10Co24,141.54239,CoCrMnMoNi,True
Fe21Co19Cu8Mo7Ni5,141.55328,CoCuFeMoNi,True
Cu5Co16W11Mo24Ni18,141.55783,CoCuMoNiW,True
Co9Ni21Cr5Mn16Mo19,141.56345,CoCrMnMoNi,True
Cu24Cr19Co23Ni14W23,141.5808,CoCrCuNiW,True
W8Mn5Cr15Cu17Fe18,141.58298,CrCuFeMnW,True
W13Ni13Mn15Fe12Cr9,141.60805,CrFeMnNiW,True
Mo9Fe24Ni23Cr5Co23,141.60854,CoCrFeMoNi,True
W17Co6Cr15Mo24Ni18,141.61502,CoCrMoNiW,True
Cu22Cr6Ni22Fe22Mo22,141.61884,CrCuFeMoNi,True
Mo6Co22Fe21Cu15Cr8,141.63449,CoCrCuFeMo,True
Fe18Ni5Co12Cu18Mo10,141.64383,CoCuFeMoNi,True
Mn10Cu22Cr12Co6Mo6,141.64526,CoCrCuMnMo,True
Ni25Mn24Mo16Cr20W23,141.7047,CrMnMoNiW,True
Co7Cr21Ni9Mo14W7,141.71281,CoCrMoNiW,True
Ni17Mo10Mn11Fe17Cu10,141.72237,CuFeMnMoNi,True
Cr23Cu10Co10W10Mo7,141.7298,CoCrCuMoW,True
Fe8Co7Mn22Mo13Ni25,141.75725,CoFeMnMoNi,True
Ni8W12Mo9Co6Cr12,141.7854,CoCrMoNiW,True
Ni10Fe24Mo9Cu14Mn24W20,141.79489,CuFeMnMoNiW,True
Mo24Co25Fe16Ni20Mn20,141.80495,CoFeMnMoNi,True
Mo11W17Mn19Ni12Fe18Cu12,141.86832,CuFeMnMoNiW,True
W16Co22Cu15Fe15Mo22Mn15,141.86984,CoCuFeMnMoW,True
Ni16Fe12Mo9Cu12Co18,141.87018,CoCuFeMoNi,True
Mo14Ni5Cr18Mn14Cu25,141.8731,CrCuMnMoNi,True
Mo6Cu22Cr17Fe5Co14,141.8977,CoCrCuFeMo,True
Mn20Ni14Co17Cr22W9,141.91125,CoCrMnNiW,True
Co14Cu25W13Mo10Ni8,141.91965,CoCuMoNiW,True
W25Cu13Co20Fe5Mo16,141.9498,CoCuFeMoW,True
Fe20Co25W15Mn15Mo12,141.97446,CoFeMnMoW,True
Fe9Mn21W19Co11Ni13Mo15,141.97472,CoFeMnMoNiW,True
Fe19Mo14Cr7Ni19Cu21,142.03226,CrCuFeMoNi,True
Cr12Mn9Mo22Fe13W12,142.14214,CrFeMnMoW,True
Ni18W11Co9Cu25Mn14Mo10,142.15912,CoCuMnMoNiW,True
Cu18Co5Mo11Cr23W10,142.19028,CoCrCuMoW,True
Fe5Ni22Cr18Mo21Cu19,142.22742,CrCuFeMoNi,True
Fe12Mo7Cu16Mn13Co10,142.23308,CoCuFeMnMo,True
Mn9Mo14Cr22Co9Cu24,142.23483,CoCrCuMnMo,True
Fe13Cr9Ni23Cu14Mo9,142.27502,CrCuFeMoNi,True
Cr21W24Co18Cu8Mn18Mo24,142.29779,CoCrCuMnMoW,True
W10Ni20Fe7Mo19Mn12Co5,142.34663,CoFeMnMoNiW,True
Mo15Cr14Mn15Cu20Co6,142.34712,CoCrCuMnMo,True
W17Cr17Mo11Fe7Cu10,142.36429,CrCuFeMoW,True
Cu12W20Cr8Mo8Ni11,142.36719,CrCuMoNiW,True
Mn20Cr5Cu19Fe10W5,142.38367,CrCuFeMnW,True
Cu16Mn20W10Cr24Mo22,142.40631,CrCuMnMoW,True
Cu13Co11Ni15Mo11W24,142.44034,CoCuMoNiW,True
Co12Mo15Ni13Mn7Cr7,142.45218,CoCrMnMoNi,True
Co23Cr16W10Ni22Cu7,142.45688,CoCrCuNiW,True
Cr18W10Cu16Ni5Mo8,142.46263,CrCuMoNiW,True
Co19Fe17Mo19W10Mn19,142.47867,CoFeMnMoW,True
Mo5Fe19W10Mn22Ni14,142.5043,FeMnMoNiW,True
Cu10Co21Mo14Fe24Cr5,142.55072,CoCrCuFeMo,True
Ni21Mo23Cr14Co5Mn8,142.56186,CoCrMnMoNi,True
Fe8Mn6Mo16Ni23W23Co16,142.56638,CoFeMnMoNiW,True
Cu9Fe14Ni5Mn21Mo19,142.60133,CuFeMnMoNi,True
Fe18Mo9W13Ni21Mn14,142.61775,FeMnMoNiW,True
W11Cr10Ni20Mn11Co22,142.67073,CoCrMnNiW,True
Mo15Co9Ni25Mn11Fe18,142.7207,CoFeMnMoNi,True
W10Mo23Cr15Co10Cu10,142.73404,CoCrCuMoW,True
Co10Mo6Cu25Ni8Cr10,142.74562,CoCrCuMoNi,True
Mo10Mn24Cu17W16Cr24,142.75017,CrCuMnMoW,True
Ni13Mo14Cr7Cu9Co21,142.77512,CoCrCuMoNi,True
Ni8Mo15Mn6Fe15Co7,142.80602,CoFeMnMoNi,True
Co7W13Ni10Cr8Mo19,142.83429,CoCrMoNiW,True
Cu7W21Mo11Co25Ni25,142.91223,CoCuMoNiW,True
Ni9Mo16Cr15Mn17W8,142.9319,CrMnMoNiW,True
Cu16Ni19Co8Fe17Mo7,142.9468,CoCuFeMoNi,True
Cr17Ni22Cu14Mn21Co7W12,142.96901,CoCrCuMnNiW,True
Mo13Ni16Fe16Co19Cu25,142.98111,CoCuFeMoNi,True
Ni23Co25Fe12Cr7Mo12,143.03514,CoCrFeMoNi,True
Mo24Fe14Mn21Co8Cu25W10,143.05936,CoCuFeMnMoW,True
Fe20Mo11Co9Ni12Cu25,143.07234,CoCuFeMoNi,True
Cr12Mo15W11Mn25Fe9,143.0799,CrFeMnMoW,True
Cu9Fe22W21Mo9Co15Mn23,143.0853,CoCuFeMnMoW,True
W17Mn7Fe23Cr14Ni21,143.09589,CrFeMnNiW,True
W23Co5Cu17Mo11Fe16,143.0967,CoCuFeMoW,True
Cu6W11Cr8Co9Fe20,143.09695,CoCrCuFeW,True
Cu16Cr19Ni11W18Mo18,143.11667,CrCuMoNiW,True
Mo6Fe17Ni25Mn18Cu11,143.15451,CuFeMnMoNi,True
W12Co19Ni23Cr22Mn13,143.18813,CoCrMnNiW,True
Co12W20Cu11Fe7Cr7,143.20663,CoCrCuFeW,True
W7Ni10Co6Mn15Cr12Cu24,143.22794,CoCrCuMnNiW,True
Ni23Cu10Cr5Mo25W15Mn8,143.23285,CrCuMnMoNiW,True
Mn12Cr18W13Fe12Co5Cu5,143.23825,CoCrCuFeMnW,True
W20Cr20Co20Fe15Mn12,143.2604,CoCrFeMnW,True
Cr18Fe8Co7Cu23W15,143.27695,CoCrCuFeW,True
W10Ni16Co17Mn19Cr11,143.28683,CoCrMnNiW,True
Co8W7Mn17Cu14Ni10Cr22,143.30304,CoCrCuMnNiW,True
Co18Mo7Fe14Cr6Cu7,143.32181,CoCrCuFeMo,True
Mo15Cr18Co22Cu6Mn14,143.3422,CoCrCuMnMo,True
Ni6Mn10Cr10Mo9W6,143.37222,CrMnMoNiW,True
Ni22Cr16Cu25Mn6Mo6,143.38226,CrCuMnMoNi,True
Fe8Cr11W22Co7Ni12,143.39272,CoCrFeNiW,True
Fe7Mo13Ni17Cu19Cr15,143.39728,CrCuFeMoNi,True
Mn18Mo12Co5Cu16Cr8,143.42136,CoCrCuMnMo,True
Cr25W11Mo25Ni9Fe6,143.44751,CrFeMoNiW,True
Mo9Cr17Cu18Co9Mn5,143.47174,CoCrCuMnMo,True
Co23Mo10Ni18Cr10Fe7,143.49763,CoCrFeMoNi,True
Ni9Cu20Mo6Cr10Mn10,143.50345,CrCuMnMoNi,True
Fe7Mn17Mo25Co11Ni8W5,143.55841,CoFeMnMoNiW,True
Ni19Mo6Cu5Cr18W10,143.56293,CrCuMoNiW,True
Cu24Cr12Mo15W21Co8,143.57814,CoCrCuMoW,True
Co10Fe7Mn16Ni13Mo14,143.58395,CoFeMnMoNi,True
Fe9Cr5W10Mn7Co12,143.62091,CoCrFeMnW,True
W21Co25Cu9Cr20Mo17,143.62636,CoCrCuMoW,True
W5Cu17Mn17Ni23Mo7,143.63983,CuMnMoNiW,True
Mo11W25Fe20Cr11Co5,143.6513,CoCrFeMoW,True
Cu25Mo12Co11Cr15Fe5,143.65582,CoCrCuFeMo,True
Cu20Mn14W23Cr13Fe8Co9,143.70084,CoCrCuFeMnW,True
W19Cu23Cr16Co6Mo11,143.7059,CoCrCuMoW,True
W6Mn16Cu11Cr14Mo15,143.73448,CrCuMnMoW,True
W14Fe16Co10Mn16Cr6,143.74979,CoCrFeMnW,True
Ni15Fe21Mo6Co10Cu23,143.76234,CoCuFeMoNi,True
Mo9Mn16Fe15Cu6Co18,143.77776,CoCuFeMnMo,True
Co21Cr22Mn14W22Fe17,143.79536,CoCrFeMnW,True
Fe16Mo10Cr21W24Mn12,143.84995,CrFeMnMoW,True
Cu5Mo11Cr10Co16Mn14,143.85085,CoCrCuMnMo,True
Ni8Mn11Co15Mo23Cr9,143.85399,CoCrMnMoNi,True
Ni18Co24W14Cu16Fe24,143.86392,CoCuFeNiW,True
Cr19Mn17W8Fe13Ni5,143.86697,CrFeMnNiW,True
W25Mo13Mn20Cr24Ni25,143.88548,CrMnMoNiW,True
Co16W11Mn15Cu16Cr14Ni7,143.89807,CoCrCuMnNiW,True
Fe8W6Ni18Mn7Cr25,143.9057,CrFeMnNiW,True
W11Co23Cr18Cu21Mn5Ni6,143.91698,CoCrCuMnNiW,True
Mo5Cu20Ni10Co6Cr9,143.92485,CoCrCuMoNi,True
Mn17Ni24Co21W13Cr20,143.97424,CoCrMnNiW,True
Cu21Mn22Mo7Ni13Fe13,143.9982,CuFeMnMoNi,True
Cr21Cu23W6Co8Fe5,144.00426,CoCrCuFeW,True
W10Mn16Cr8Ni15Co20,144.05057,CoCrMnNiW,True
Co14Fe24Mn7Ni14Mo19,144.10112,CoFeMnMoNi,True
Mn19Ni21Cr16Co9W8,144.10643,CoCrMnNiW,True
Fe24Mo5Co17Ni21Cr5,144.11151,CoCrFeMoNi,True
Fe10Ni6Cu19Mo9Cr6,144.13696,CrCuFeMoNi,True
Fe19Ni18W10Mo7Mn7,144.18059,FeMnMoNiW,True
Cr14Cu23Mn24Ni16Co6W14,144.1915,CoCrCuMnNiW,True
Ni21Cu12W13Cr23Co18,144.19392,CoCrCuNiW,True
Cu8Mo15Fe15W25Ni15,144.2019,CuFeMoNiW,True
Mn5Cr15Ni15Co12W7,144.29166,CoCrMnNiW,True
Fe12W13Cu24Ni5Cr23,144.2919,CrCuFeNiW,True
Cr20Ni9Cu21W20Mo15,144.29526,CrCuMoNiW,True
Cu25Mo23Cr20Fe7Mn11,144.32793,CrCuFeMnMo,True
Co13Mn5W22Ni13Mo21Fe19,144.35931,CoFeMnMoNiW,True
Mo21Mn22Cu15Cr15Ni5,144.36093,CrCuMnMoNi,True
Cr20Co22Mo13Mn10Cu9,144.3982,CoCrCuMnMo,True
W13Cr22Co24Ni18Mn20,144.40736,CoCrMnNiW,True
Fe12Cu19Mo19Cr8Ni21,144.48508,CrCuFeMoNi,True
Mo8Ni20Fe17Mn23W13,144.49146,FeMnMoNiW,True
Fe18Cr10Cu24Mo5Ni12,144.49338,CrCuFeMoNi,True
W23Fe9Mo18Cr6Co10,144.50026,CoCrFeMoW,True
Co21Ni20Cr25W12Mn16,144.50037,CoCrMnNiW,True
Co24Ni5Cr6Cu23Mn8,144.52292,CoCrCuMnNi,True
Cr14W23Fe23Cu7Ni20,144.53378,CrCuFeNiW,True
Co7Mo24Fe18Ni11Cu23,144.54126,CoCuFeMoNi,True
Cr19Fe5Cu19Ni24Mo25,144.55998,CrCuFeMoNi,True
Co21Cr19W16Ni6Mo24,144.56401,CoCrMoNiW,True
Fe24Cu18Mo16Co6Ni6,144.60493,CoCuFeMoNi,True
Fe13Cu7Cr14Mo24Mn6,144.62936,CrCuFeMnMo,True
Mo20Fe14Co21Ni17Cu6,144.65594,CoCuFeMoNi,True
Co15Mo20Cu22Ni23Cr11,144.65926,CoCrCuMoNi,True
Fe5W14Co5Cr19Ni22,144.66776,CoCrFeNiW,True
Mn12Ni12Cu16W9Co20Mo13,144.68292,CoCuMnMoNiW,True
W16Cu24Fe16Mn8Mo14Co7,144.72931,CoCuFeMnMoW,True
Cr16Cu19Co11Ni12W13,144.73111,CoCrCuNiW,True
Cu11W22Mo13Cr13Fe10,144.73386,CrCuFeMoW,True
Ni15Cu18Co15Mn18Mo8,144.74664,CoCuMnMoNi,True
Mn22Mo9Ni5Cu20Co18,144.74878,CoCuMnMoNi,True
Ni10Mo25Fe12Co15Cu12,144.7497,CoCuFeMoNi,True
Fe20W23Mo10Ni5Cr11,144.75162,CrFeMoNiW,True
Fe7Cu20Cr14Mo25Mn19,144.754,CrCuFeMnMo,True
Cr21Mo19Co25Fe6Cu21,144.7572,CoCrCuFeMo,True
Co16W8Mn8Ni15Cr11,144.75816,CoCrMnNiW,True
Ni24Cu18Fe17Cr8Mo14,144.79977,CrCuFeMoNi,True
Co14Cr8Ni25W8Mn24,144.82523,CoCrMnNiW,True
Cu22Fe12Cr10Co11Mo5,144.82803,CoCrCuFeMo,True
Cu21Mn19W16Cr9Co11Ni22,144.83931,CoCrCuMnNiW,True
Co10Mo17Ni7Cu14Fe9,144.85696,CoCuFeMoNi,True
Cr5Ni10W23Co16Mo6,144.89473,CoCrMoNiW,True
Fe9Co25Mo20Cu21Cr13,144.91641,CoCrCuFeMo,True
Co9Cr13W25Mo11Ni18,144.92671,CoCrMoNiW,True
Cu17Ni21Mn15Mo17Cr14,144.9356,CrCuMnMoNi,True
Cu20Mn16W14Cr21Mo15,144.95685,CrCuMnMoW,True
Fe17W16Ni21Mn14Cr8,144.96678,CrFeMnNiW,True
Mo23Mn10Co13Ni24Fe25,144.98792,CoFeMnMoNi,True
Fe7Ni19Cu18Mn6Cr5,144.99452,CrCuFeMnNi,True
Fe16Mo18W15Cr10Mn11,144.99869,CrFeMnMoW,True
Co14Fe18W17Mn7Cr22,145.00203,CoCrFeMnW,True
Fe20Co10Cr12Mn5W11,145.0443,CoCrFeMnW,True
Co17Ni10Cu8Mo5Fe5W23,145.05414,CoCuFeMoNiW,True
Mn17Cu14W17Mo7Co6Fe19,145.08243,CoCuFeMnMoW,True
Mn13Ni24Mo20W9Cr7,145.12001,CrMnMoNiW,True
Ni19Cu22Mo18Cr19Mn12,145.12122,CrCuMnMoNi,True
Co10Mo6Cr13Ni25Cu18,145.12425,CoCrCuMoNi,True
W7Fe13Mo16Mn18Co16,145.13223,CoFeMnMoW,True
Fe13Mn22Mo25Ni5Co25,145.16226,CoFeMnMoNi,True
W20Mn17Fe15Cr11Mo5,145.26085,CrFeMnMoW,True
Cu12Mn22Ni11Co7Fe8,145.3139,CoCuFeMnNi,True
Fe9W13Cr12Ni21Mn23,145.33636,CrFeMnNiW,True
Ni10Mo23W19Cu13Co16,145.3396,CoCuMoNiW,True
Ni24Mn7Co6Fe6Cu25,145.34248,CoCuFeMnNi,True
Mo12Fe19Co11Mn18W20Cu17,145.35516,CoCuFeMnMoW,True
Fe10Mn17W16Mo14Co23Cu14,145.37636,CoCuFeMnMoW,True
W16Mn13Co23Ni12Cu24Cr11,145.3866,CoCrCuMnNiW,True
Co19Fe15Mo10Cu8Mn18,145.44315,CoCuFeMnMo,True
Cr16Co22W18Ni6Mo18,145.45685,CoCrMoNiW,True
W18Cu22Cr16Mn15Mo6,145.45882,CrCuMnMoW,True
Mo16Co16Ni17Fe9Mn21,145.46266,CoFeMnMoNi,True
Mo8Cu21W15Co5Cr21,145.46803,CoCrCuMoW,True
Ni17Co7W25Mo25Cu8Fe22,145.50233,CoCuFeMoNiW,True
Cr22Mo24Cu22Ni11W20,145.51215,CrCuMoNiW,True
Cr13Mn12W9Cu17Mo15,145.55304,CrCuMnMoW,True
Co18Fe9Ni22Mo12Mn23,145.55775,CoFeMnMoNi,True
Mo16W17Mn20Cu9Fe18Co23,145.5672,CoCuFeMnMoW,True
W22Fe20Mn13Co19Cr19,145.57265,CoCrFeMnW,True
Ni7Cr20W22Mo14Co24,145.57425,CoCrMoNiW,True
Cu24Co23Cr9Mn16Mo11,145.5867,CoCrCuMnMo,True
Mn16W20Cu21Mo10Co14Fe12,145.60287,CoCuFeMnMoW,True
Fe22Mo7Cr6Co20Ni24,145.6221,CoCrFeMoNi,True
Cu8Mo6Ni12Fe20Co24,145.62779,CoCuFeMoNi,True
Ni10Cu22Cr14W21Mo21,145.63359,CrCuMoNiW,True
Cu11W21Cr18Ni21Fe10,145.65947,CrCuFeNiW,True
Mo17Mn16Co14Cu24Cr16,145.6596,CoCrCuMnMo,True
Cu10Cr16Co12Mn8Mo13,145.68344,CoCrCuMnMo,True
Mo5Ni11W19Co23Cu12,145.7633,CoCuMoNiW,True
Mo12Co19Fe22Cu23Ni8,145.78429,CoCuFeMoNi,True
Mo22Co21Fe17Cu25Ni22,145.81874,CoCuFeMoNi,True
W22Ni22Co13Cu24Cr15,145.8758,CoCrCuNiW,True
Fe13Cu13Cr8W25Mo22,145.87909,CrCuFeMoW,True
Co15Mn13Fe23Cu12Mo13,145.90427,CoCuFeMnMo,True
Mn15Mo12Co20Cu14Fe21,145.90436,CoCuFeMnMo,True
Cu19W19Ni10Co20Cr7,145.9147,CoCrCuNiW,True
Co6Mn9Fe19Mo20Ni10,145.9708,CoFeMnMoNi,True
Mo21Cr23Mn15Cu14Ni24,145.99518,CrCuMnMoNi,True
W24Co19Mn21Mo17Fe21Ni6,146.00223,CoFeMnMoNiW,True
W15Mo23Cu12Cr19Co13,146.00587,CoCrCuMoW,True
Mo16Ni15Cr22Mn20W16,146.01678,CrMnMoNiW,True
Mn19Cu16Fe12Cr7W6,146.02103,CrCuFeMnW,True
W14Cr16Mo16Co5Ni16,146.0527,CoCrMoNiW,True
Ni13Mo11Cr12Fe9Cu21,146.0691,CrCuFeMoNi,True
Fe13W10Cr20Mn13Ni9,146.07796,CrFeMnNiW,True
Mn23Cu8Fe12W8Mo7Co5,146.13124,CoCuFeMnMoW,True
Fe19W21Mn15Co19Cr14,146.14496,CoCrFeMnW,True
Mn24Co25Cr17Cu23Mo24,146.17499,CoCrCuMnMo,True
W24Cr22Ni9Mo7Cu24,146.20886,CrCuMoNiW,True
Mo14Cr5W23Co22Ni10,146.22757,CoCrMoNiW,True
Cr10Fe21Mn24W19Co13,146.24658,CoCrFeMnW,True
W25Cr12Cu11Mo6Co18,146.25484,CoCrCuMoW,True
Mn13Ni18W10Fe6Cr13,146.27129,CrFeMnNiW,True
Mo25Ni22Cu24Cr21Mn22,146.2723,CrCuMnMoNi,True
Cr5Co17Fe6Ni10W23,146.29628,CoCrFeNiW,True
Mn6Ni18Fe14Cu12Cr8W21,146.32602,CrCuFeMnNiW,True
Ni16Co11W13Cu16Cr19,146.33101,CoCrCuNiW,True
Fe9W7Ni7Cr12Mn18,146.33487,CrFeMnNiW,True
Fe10Ni11Cu22Cr14Mn9W21,146.34113,CrCuFeMnNiW,True
Mo23Cu25Cr15Co21Fe9,146.37172,CoCrCuFeMo,True
Fe5Co18Mn7W9Ni11Mo25,146.3745,CoFeMnMoNiW,True
Mn8Cr20Cu6Co21Mo9,146.39566,CoCrCuMnMo,True
Mo25Cr19Fe15W19Mn18,146.42569,CrFeMnMoW,True
Fe22Ni16Mn17Mo17Cu6,146.45302,CuFeMnMoNi,True
Mo18Fe10Co8W24Ni9,146.52039,CoFeMoNiW,True
Ni13Mo5Fe8Co18Mn13,146.5284,CoFeMnMoNi,True
Mo16Cr14Ni19Mn17Cu5W20,146.55692,CrCuMnMoNiW,True
Ni15Co12Cu13Cr15W15,146.5693,CoCrCuNiW,True
Mo8Cu8Cr15W6Mn13,146.57109,CrCuMnMoW,True
Ni11W20Co18Mo6Cu10,146.57271,CoCuMoNiW,True
Mo12Ni25Cu18Fe19Cr9,146.60081,CrCuFeMoNi,True
Fe13Ni21Cu13Mo24Co9,146.63086,CoCuFeMoNi,True
Cr24Mo16Cu12W22Co19,146.6341,CoCrCuMoW,True
Fe7Ni6Mo5Cu14W17,146.65115,CuFeMoNiW,True
Cu10Fe7Ni7Mo20W13,146.6658,CuFeMoNiW,True
W21Ni11Cr10Fe9Cu19,146.6964,CrCuFeNiW,True
Cu25W15Cr17Mn17Mo17,146.70274,CrCuMnMoW,True
Mo8Cu17Fe12Co11Mn18,146.72885,CoCuFeMnMo,True
Cu8Cr5Ni19Mn23Co7,146.73087,CoCrCuMnNi,True
Co20Mn24Mo13Cu7Ni16,146.73154,CoCuMnMoNi,True
Fe20Ni16Mn17Mo15W23Co8,146.7363,CoFeMnMoNiW,True
Mn25Ni8Mo12Co25Cu14,146.74309,CoCuMnMoNi,True
Ni21Mo25W12Cr15Mn16,146.7969,CrMnMoNiW,True
Fe13Ni8Cu17Co16Mo9,146.8038,CoCuFeMoNi,True
Mn7Co9W24Cu21Fe11Cr22,146.81259,CoCrCuFeMnW,True
Ni24Mn6Mo6Cu14Cr19,146.81496,CrCuMnMoNi,True
W21Cr18Ni16Fe15Cu9,146.82762,CrCuFeNiW,True
Ni6Mn5Mo21Co15Cr22,146.84756,CoCrMnMoNi,True
Co21Ni22Mn11Mo19Fe20,146.8606,CoFeMnMoNi,True
Co25Ni22Cu10Fe16Mo19,146.86949,CoCuFeMoNi,True
Mn22Ni24W9Mo25Fe21,146.8891,FeMnMoNiW,True
Fe17Cr5Mn15Mo25Cu15,146.9002,CrCuFeMnMo,True
Co16Mo21Cr18Cu22Mn18,146.90552,CoCrCuMnMo,True
Cr5Mn23Ni9Co5Cu12,146.916,CoCrCuMnNi,True
Fe9W22Mo12Ni9Cr13,146.92244,CrFeMoNiW,True
Mo22Ni5Co8W12Fe11,146.98192,CoFeMoNiW,True
Cu6Ni21Fe6Mn24Cr7,146.99133,CrCuFeMnNi,True
Mo9Ni23Cr19Mn9Cu8,147.0031,CrCuMnMoNi,True
Fe7Co22Cr6W25Cu20,147.01099,CoCrCuFeW,True
W24Cr19Ni9Co21Mo16,147.02916,CoCrMoNiW,True
Cu16Cr13W14Co24Ni11,147.03398,CoCrCuNiW,True
Fe10Ni13Cr16W20Cu12,147.04988,CrCuFeNiW,True
Mn19Mo18Ni22Co20Cu14W5,147.0728,CoCuMnMoNiW,True
Cr14Cu5W19Co15Fe21,147.08328,CoCrCuFeW,True
Ni12Cu15Fe20Mn21W10Mo24,147.13428,CuFeMnMoNiW,True
Cu12Ni16Mn16Cr24Mo22,147.16888,CrCuMnMoNi,True
Cr5Cu22Co9Fe20Mo17,147.19612,CoCrCuFeMo,True
Co19Ni13Cu24Cr20W18,147.20615,CoCrCuNiW,True
Mn23Cu22Fe24Mo19Co5,147.2657,CoCuFeMnMo,True
Cr19Cu14Mn23W9Mo14,147.27698,CrCuMnMoW,True
Co11Fe12Mo10W7Mn11,147.28407,CoFeMnMoW,True
W23Co24Ni14Mn13Fe9Mo15,147.2843,CoFeMnMoNiW,True
Mn13Mo18Cu9Co16Cr20,147.28506,CoCrCuMnMo,True
W24Mo17Cu20Cr8Fe7,147.29362,CrCuFeMoW,True
Cr25W23Co11Cu11Fe11Mn22,147.29964,CoCrCuFeMnW,True
Fe13Cr9Mo6Mn5Cu23,147.32455,CrCuFeMnMo,True
Mn8Cu5Mo21W16Cr25Co14,147.36604,CoCrCuMnMoW,True
W21Mn7Cr20Cu6Mo13Ni18,147.37036,CrCuMnMoNiW,True
Mn18Cr12Co25Mo14Cu17,147.40259,CoCrCuMnMo,True
Mo16W17Co8Fe6Cr14,147.41061,CoCrFeMoW,True
Cr9Co24Cu13Mo22Ni20,147.4136,CoCrCuMoNi,True
Co11Cu8Cr7W11Ni21Mn19,147.41684,CoCrCuMnNiW,True
Mn9Mo7Cu14Ni15Fe18,147.44199,CuFeMnMoNi,True
Mn18W21Ni22Fe22Cr19,147.4457,CrFeMnNiW,True
Ni15Fe6Co13Mn17Mo9,147.45013,CoFeMnMoNi,True
Mo18Ni10Cr15Cu24Mn21,147.45311,CrCuMnMoNi,True
Fe21Mn11Cr8Mo23Cu22,147.45416,CrCuFeMnMo,True
Ni13Cr6Co25Fe12Mo11,147.45464,CoCrFeMoNi,True
Cr6Cu10Mo7Co16Fe15,147.4779,CoCrCuFeMo,True
Ni19Co15Cu21Mn13Cr5W15,147.48431,CoCrCuMnNiW,True
Mn16Ni23Mo25Cr10Co11,147.51624,CoCrMnMoNi,True
Cr12Mo14Fe22Cu8W25,147.52005,CrCuFeMoW,True
Cu7Mo22Fe19Co7Ni21,147.5288,CoCuFeMoNi,True
Mo21W19Cu19Co9Cr6,147.53111,CoCrCuMoW,True
Co17Cu17Mn6Mo6Cr10,147.55275,CoCrCuMnMo,True
Fe8Mn22Mo10Cr14W12,147.55502,CrFeMnMoW,True
Ni24Cu11Fe12Cr10W21,147.56589,CrCuFeNiW,True
Co11Cu21Fe19Mn21Mo15,147.604,CoCuFeMnMo,True
Mo9Cu20Fe19Co8Cr7,147.66133,CoCrCuFeMo,True
Cr24Cu25Mo22Mn16Co23,147.68367,CoCrCuMnMo,True
Fe9Co17Mn14Mo13Ni11,147.68442,CoFeMnMoNi,True
Cr15Mn18Fe20Ni13W17,147.7048,CrFeMnNiW,True
Ni18Mn18Cr8W18Fe23,147.70677,CrFeMnNiW,True
Mn5Cr5Cu20Fe25Co10,147.71613,CoCrCuFeMn,True
Mn15Ni22Co25Cr6W10,147.73264,CoCrMnNiW,True
Ni25W15Mo14Mn9Cr17,147.7333,CrMnMoNiW,True
Mo5Fe8Co23Ni17Mn21,147.76392,CoFeMnMoNi,True
W20Co13Ni7Mo23Cu5Cr18,147.79521,CoCrCuMoNiW,True
Fe24Cu19Mn19Mo19Ni19,147.82217,CuFeMnMoNi,True
Mo21Co21Cr10Ni24Cu11,147.92941,CoCrCuMoNi,True
Co10Fe23Mo9Cu8Ni5,147.94466,CoCuFeMoNi,True
Fe10Cr8Cu23Mn13Mo17,147.96652,CrCuFeMnMo,True
Co24Cr19Ni22Mn6Cu9W12,147.96887,CoCrCuMnNiW,True
Mo14Fe6Ni13Co9W25,147.97197,CoFeMoNiW,True
Cu23Ni22Co21Mo19Cr13,147.97894,CoCrCuMoNi,True
Co15Cr21W13Mn14Mo22,147.98276,CoCrMnMoW,True
Mo23Ni8W5Mn14Cr19,148.01726,CrMnMoNiW,True
Fe15Ni14Co25Mo13Mn14,148.04678,CoFeMnMoNi,True
Cr19W20Mn6Mo17Fe23,148.06088,CrFeMnMoW,True
Mn10Cr17Mo10Cu13Co24,148.13345,CoCrCuMnMo,True
Fe16Cu14Mo17Ni12W12Mn6,148.15582,CuFeMnMoNiW,True
Co23Mn7Ni15Mo11Fe22,148.1843,CoFeMnMoNi,True
Co17Cr13Cu22Mo15Ni22,148.19029,CoCrCuMoNi,True
Mn25Cu24Ni10Cr12Mo16,148.23299,CrCuMnMoNi,True
Fe24Cu23Mn19W11Mo11,148.2646,CuFeMnMoW,True
Mo25Ni14Fe11Mn24Co23W22,148.26683,CoFeMnMoNiW,True
Fe16Cr7Mo13Cu25Co6,148.33339,CoCrCuFeMo,True
Cu25Mo23Fe11Mn12Cr15,148.36478,CrCuFeMnMo,True
Cr7Co22Mn12Mo18Ni10,148.37027,CoCrMnMoNi,True
Mo19Mn6Cu6Fe13Cr9,148.3824,CrCuFeMnMo,True
Fe8Cr16Ni10W7Mn8,148.39528,CrFeMnNiW,True
Cr24Mn6Ni8Cu18Mo12,148.47142,CrCuMnMoNi,True
Co8Mo8Ni23Cr9Mn8,148.47661,CoCrMnMoNi,True
Fe11Cr24Mo18Mn16W18,148.4982,CrFeMnMoW,True
Mo10Mn19Cr17Cu9W5,148.50253,CrCuMnMoW,True
Ni7Mo14Cr9W14Cu14,148.52588,CrCuMoNiW,True
Mo16Cu21Mn8Cr11Fe9,148.552,CrCuFeMnMo,True
Co14Mn5Ni15Cr7Mo12,148.55356,CoCrMnMoNi,True
Mo8Mn5Cu24Cr15Fe6,148.55878,CrCuFeMnMo,True
Ni14Mn6Cr11Mo16Co12,148.57089,CoCrMnMoNi,True
Cu13Co13Cr16W21Fe8,148.60498,CoCrCuFeW,True
Cr11Mn12Co10Ni14W7,148.60725,CoCrMnNiW,True
Ni13Co19Cr11Cu20Mn25W19,148.60733,CoCrCuMnNiW,True
Cr10Co5W15Cu14Fe23,148.61049,CoCrCuFeW,True
W5Ni23Mo14Mn25Fe11,148.63986,FeMnMoNiW,True
W22Fe12Cu12Mo24Cr12,148.6973,CrCuFeMoW,True
Ni25Cr13Mo25Cu9W17,148.71698,CrCuMoNiW,True
Co15W8Mn12Ni14Cr13,148.72229,CoCrMnNiW,True
Co24Mo9W23Cu5Mn20Cr6,148.77078,CoCrCuMnMoW,True
Co23Mn23Ni19Mo9W8,148.78592,CoMnMoNiW,True
Mo5Cu11Co19Cr12Ni17,148.80746,CoCrCuMoNi,True
Mn11Co12Cr12Mo13Cu11,148.8081,CoCrCuMnMo,True
Cu9Co15Cr6W18Mo11,148.81873,CoCrCuMoW,True
W15Co15Mo11Mn11Cr18,148.82227,CoCrMnMoW,True
Fe23Ni17Cu12Mo6Cr8,148.8565,CrCuFeMoNi,True
W7Cu19Cr15Ni6Co25,148.86371,CoCrCuNiW,True
Ni5Cu18Fe25Mo18Co20,148.87015,CoCuFeMoNi,True
Ni24Fe24Cu20Mo13Co8,148.90294,CoCuFeMoNi,True
Mn8W5Cr13Co24Cu23,148.90799,CoCrCuMnW,True
Cu10W17Cr11Ni16Fe7,148.91843,CrCuFeNiW,True
Fe6Ni12Cr18W16Cu23,148.93156,CrCuFeNiW,True
Cr13Mo23Mn13Fe6Cu6,148.93158,CrCuFeMnMo,True
Ni17Fe11W12Mn23Cr9,148.93567,CrFeMnNiW,True
Cr22Ni21Mn9Mo14Cu9,148.94316,CrCuMnMoNi,True
Mn11Cu10Co17Mo21W8Fe12,148.9438,CoCuFeMnMoW,True
Co22Ni21Cr19Mn5Mo21,148.95456,CoCrMnMoNi,True
W19Co13Ni9Mo12Cr16,148.95505,CoCrMoNiW,True
Mn21Fe24W15Cr21Ni8,148.96863,CrFeMnNiW,True
Cu13Ni10Mn16Co17Mo6,148.99948,CoCuMnMoNi,True
Mo19Co11Cr22Cu17W19,149.00153,CoCrCuMoW,True
Ni16Fe22W11Mo8Mn23,149.04637,FeMnMoNiW,True
Co22Ni9Fe17Cu15Mo9,149.0773,CoCuFeMoNi,True
Co16Mn5Cu16Mo10Ni7W7,149.08768,CoCuMnMoNiW,True
Co5Cu5Fe11Mo20W5Ni23,149.09209,CoCuFeMoNiW,True
Fe25Mn14W16Cr6Mo5,149.12967,CrFeMnMoW,True
Cu7Fe23Co24Ni18Mo10,149.20187,CoCuFeMoNi,True
Cu7Cr9Mn9Ni6Mo10,149.26227,CrCuMnMoNi,True
Mo18Cu17Fe21Mn21Ni18,149.29562,CuFeMnMoNi,True
W22Fe18Ni9Cu12Cr21Mn22,149.29956,CrCuFeMnNiW,True
Co17Mo11Mn24Fe9Ni24,149.32063,CoFeMnMoNi,True
Ni5Cr14Mo18W23Co5Cu25,149.3252,CoCrCuMoNiW,True
Cu24W6Mo17Fe21Mn14,149.35187,CuFeMnMoW,True
Cr8Cu5Ni14Mn23W7Co12,149.36844,CoCrCuMnNiW,True
Co5Mo15Cr5Ni17Cu7,149.42789,CoCrCuMoNi,True
Ni24Mo10Co16Cr6Fe24,149.42831,CoCrFeMoNi,True
Mn20Ni11Cr13Cu21Mo17,149.4873,CrCuMnMoNi,True
Cu24Mo15Mn14Cr20Ni7,149.49835,CrCuMnMoNi,True
Ni5Cu5Fe11Mo19Co14W16,149.53009,CoCuFeMoNiW,True
Cu9Fe25W25Cr19Ni20,149.55948,CrCuFeNiW,True
Co11W10Ni7Mn19Cu13Cr5,149.6224,CoCrCuMnNiW,True
Fe9W25Co10Cr12Mo9,149.64398,CoCrFeMoW,True
Mo7Co20Cr12W25Ni9,149.65358,CoCrMoNiW,True
Fe7Cr16Co25Mo19Cu18,149.66827,CoCrCuFeMo,True
Ni13Cu23Mo25Cr5Fe16,149.67357,CrCuFeMoNi,True
Cr15Co16Cu23Mn17Mo17,149.71487,CoCrCuMnMo,True
W19Cr20Cu15Ni24Co21,149.74234,CoCrCuNiW,True
Ni5Co25W6Cu21Cr17,149.74352,CoCrCuNiW,True
Mo16Fe18Ni25Cu12Co8,149.76137,CoCuFeMoNi,True
Co7Ni21W10Cr18Cu22,149.77574,CoCrCuNiW,True
Mn22W11Cr10Co15Mo15,149.79076,CoCrMnMoW,True
Cr17Fe14Mn14W9Ni5,149.79924,CrFeMnNiW,True
Co15Ni8Mo5Cu18Fe20,149.8363,CoCuFeMoNi,True
Cr5Co11Mo12Mn5W5,149.85281,CoCrMnMoW,True
Mn13W8Ni18Co12Cr15,149.8738,CoCrMnNiW,True
Ni22Co19Cu9Cr12W11Mn11,149.90302,CoCrCuMnNiW,True
Co11Fe25Cu13W19Mn13Mo5,149.92542,CoCuFeMnMoW,True
Cr21W20Cu24Co9Fe9,149.93272,CoCrCuFeW,True
Ni21Fe25W21Mn19Cr18,149.93573,CrFeMnNiW,True
Ni16Co15W21Cu19Cr14,149.93573,CoCrCuNiW,True
Co11Fe23Cu9W19Mo24,149.94635,CoCuFeMoW,True
Cu7Fe16W14Mo9Mn16Ni18,149.98788,CuFeMnMoNiW,True
Ni16Cu24Co9Cr12Mo13,150.01682,CoCrCuMoNi,True
Co20Fe9W12Cu24Mo25Mn19,150.02805,CoCuFeMnMoW,True
Cu16Mn10Cr9Ni12Mo9,150.03474,CrCuMnMoNi,True
Cr10Mn6Cu22Co24Fe6,150.04306,CoCrCuFeMn,True
Mn23W23Ni22Mo11Cr23,150.07199,CrMnMoNiW,True
Ni18Mn20Co22W12Cr20,150.14674,CoCrMnNiW,True
Cr10Mo8Co14Cu17Ni12,150.15846,CoCrCuMoNi,True
Fe8Cr20Ni16Cu10W14,150.16583,CrCuFeNiW,True
W11Ni8Cu18Co15Cr14,150.17706,CoCrCuNiW,True
Ni8Fe11W21Cu12Mo18,150.18648,CuFeMoNiW,True
Mn20Mo14Co18Fe11W6,150.19366,CoFeMnMoW,True
Mn19Ni7Co6Mo18W9Fe12,150.20496,CoFeMnMoNiW,True
Cr21Co17Mo7Mn12W20,150.2076,CoCrMnMoW,True
Mo16Cu23Mn21Fe25Co5,150.22755,CoCuFeMnMo,True
Cu10Mo21Cr5Fe24Ni24,150.25511,CrCuFeMoNi,True
W17Cu7Mo5Fe9Ni20,150.2692,CuFeMoNiW,True
Mn20Co17Ni15Cu17Mo10,150.27997,CoCuMnMoNi,True
Fe17Mo21W22Ni6Cr19,150.28992,CrFeMoNiW,True
Mo14Co19Mn16Fe24Cu15,150.29979,CoCuFeMnMo,True
W18Ni9Mo20Fe7Cr12,150.31277,CrFeMoNiW,True
Mo14Fe8Mn23Cu24Cr7,150.32336,CrCuFeMnMo,True
Cu17W24Mn14Ni22Mo5Fe17,150.32724,CuFeMnMoNiW,True
Mn20Ni7Cr17W6Mo12,150.32828,CrMnMoNiW,True
Mn10Co15Cr16Mo10Cu24,150.34962,CoCrCuMnMo,True
Cr21Mn6Ni18W8Mo25,150.35722,CrMnMoNiW,True
Co25Cr18W14Mn25Ni25,150.38231,CoCrMnNiW,True
Fe18Mo10Co24Cr8Ni25,150.40652,CoCrFeMoNi,True
Mo23W24Cr7Fe17Ni8,150.41518,CrFeMoNiW,True
Cu13Ni14Cr13Mn5Mo9,150.41862,CrCuMnMoNi,True
Cr5Mn6Cu21Co24Ni24,150.47247,CoCrCuMnNi,True
Cu9Ni13Mo16Cr5Co10,150.47627,CoCrCuMoNi,True
W24Mo6Fe5Co19Mn8Ni24,150.48294,CoFeMnMoNiW,True
Fe12Cu8Ni25Mo17W24,150.49695,CuFeMoNiW,True
Mo22Ni5Cu16Fe23Mn24,150.52594,CuFeMnMoNi,True
Cr15W24Cu12Fe17Co11,150.52777,CoCrCuFeW,True
Co14Mn17Cr22W10Fe8,150.58258,CoCrFeMnW,True
W15Cu12Ni11Mo19Cr6,150.59259,CrCuMoNiW,True
Mo5Mn11Cu17Co23Cr10,150.63968,CoCrCuMnMo,True
Co22Mo11Ni12Cr5Fe24,150.64302,CoCrFeMoNi,True
Fe21Cr25Cu14Ni18Co16,150.65984,CoCrCuFeNi,True
Ni6Fe7W5Cr10Mn15,150.68777,CrFeMnNiW,True
Mn17Cr9Ni15Mo6W12,150.72299,CrMnMoNiW,True
Cr24Mo15Cu5Mn10Ni18,150.72672,CrCuMnMoNi,True
Mo17Fe19Co16Mn10Ni22,150.73245,CoFeMnMoNi,True
Mn9Mo14Ni15Cr9Co25,150.75374,CoCrMnMoNi,True
Mo9Co21Fe19Cu24Mn23,150.76855,CoCuFeMnMo,True
Mo20Fe19Mn5W6Ni23,150.78094,FeMnMoNiW,True
Mn15Fe11Cr14W15Co14,150.78592,CoCrFeMnW,True
Mo5Cu17Ni22Fe17Cr10,150.78888,CrCuFeMoNi,True
W7Cu22Co25Mn24Mo5,150.79333,CoCuMnMoW,True
Co5Ni14Cu20Mo22Fe25,150.8204,CoCuFeMoNi,True
Ni11Cr11Mo15Mn18Cu7,150.85484,CrCuMnMoNi,True
Fe7Mo7Mn6Cu24Cr15,150.86554,CrCuFeMnMo,True
Ni21W14Cr21Mn17Cu16Co15,150.89294,CoCrCuMnNiW,True
Cu10Cr8W12Ni8Mo14,150.90411,CrCuMoNiW,True
Cu11Mn24Mo25Cr23Ni20,150.91956,CrCuMnMoNi,True
Co23Fe21W10Cu25Ni12,150.9314,CoCuFeNiW,True
Mn13Co17Cr14W7Ni10,150.9707,CoCrMnNiW,True
Cu23Mo6Ni10Cr7W18,150.99542,CrCuMoNiW,True
Ni9Mo5Mn9W11Cu8Fe11,151.03317,CuFeMnMoNiW,True
Mo7Ni21Co5W18Cr18,151.0507,CoCrMoNiW,True
W14Cr18Co8Mo21Ni13,151.05672,CoCrMoNiW,True
W16Co5Ni21Mo12Cr12,151.0679,CoCrMoNiW,True
Cu24Cr23W15Mn23Mo21,151.10785,CrCuMnMoW,True
W24Ni7Co12Cr13Cu8Fe7,151.15948,CoCrCuFeNiW,True
Mo12Fe25Cu19Cr8Ni16,151.16695,CrCuFeMoNi,True
Mn18Mo22Cu23Cr25Ni23,151.17155,CrCuMnMoNi,True
Cr6Cu16Mo16Co15Fe25,151.19348,CoCrCuFeMo,True
Cu15Ni22Mo25Cr23Mn24,151.19525,CrCuMnMoNi,True
Fe8W5Ni25Cr14Cu8,151.20522,CrCuFeNiW,True
W15Cr16Mn13Co21Mo18,151.22772,CoCrMnMoW,True
Mn10Cu5Fe21Mo7Ni8,151.28667,CuFeMnMoNi,True
W23Co10Ni6Cr22Fe24,151.28802,CoCrFeNiW,True
Mn10W9Mo13Cu16Cr17,151.28873,CrCuMnMoW,True
Cu6Ni19W23Fe17Mo16,151.29105,CuFeMoNiW,True
Cu14Fe5Mn25Co20Ni20,151.31268,CoCuFeMnNi,True
Cu25Mo22Co9Mn21Cr22,151.3262,CoCrCuMnMo,True
Fe5Co22Mn19Cu20Cr6,151.38231,CoCrCuFeMn,True
Cu20Co7Cr17W20Fe11,151.39752,CoCrCuFeW,True
Mn20Cu19Co12W24Fe6Cr20,151.40692,CoCrCuFeMnW,True
Ni16W18Mn14Fe25Cr21,151.40945,CrFeMnNiW,True
Mo6Fe9Ni18W25Cu10,151.43826,CuFeMoNiW,True
Mo6Mn11Co15Cu18Fe19,151.44711,CoCuFeMnMo,True
Mn5W11Mo6Cr21Fe11,151.46169,CrFeMnMoW,True
Mo20Co9Fe20Ni17W24Cu5,151.47401,CoCuFeMoNiW,True
Mo17Cr9Cu9Mn6Fe21,151.47482,CrCuFeMnMo,True
W24Cr13Fe11Cu11Co23,151.47615,CoCrCuFeW,True
Cr9Co8Ni20Mn7Mo10,151.48555,CoCrMnMoNi,True
Fe9Ni9Mo13Cu16W23,151.55692,CuFeMoNiW,True
W14Fe21Co22Mn23Mo16,151.55807,CoFeMnMoW,True
Ni7Cr8Co5Mn9Mo17,151.5612,CoCrMnMoNi,True
Cr17Cu14Mn19Ni17Mo19,151.57082,CrCuMnMoNi,True
Fe19Ni12Mo9Cu12Mn9,151.57437,CuFeMnMoNi,True
Ni17Co14Fe16Mn6Mo9,151.58426,CoFeMnMoNi,True
Cr20Co22W19Mn11Fe15,151.63647,CoCrFeMnW,True
Fe24Mo20Cu6Mn20Ni13,151.65002,CuFeMnMoNi,True
Mo9Cu9Mn11Ni10Cr7,151.7067,CrCuMnMoNi,True
Mo6Mn5Cr6Cu8Fe20,151.71817,CrCuFeMnMo,True
Cu13W9Cr15Co8Ni13,151.744,CoCrCuNiW,True
Mo9Co11Fe18Cr5Ni20,151.74945,CoCrFeMoNi,True
W8Cr23Cu7Mn8Ni19Co22,151.75711,CoCrCuMnNiW,True
Ni10Mn25Mo15Fe6W8Co10,151.76108,CoFeMnMoNiW,True
Cr21Cu8Ni25Fe7W5,151.76634,CrCuFeNiW,True
Cu8Cr25Mo10Ni21Mn7,151.80217,CrCuMnMoNi,True
Mo12Cu15Fe13Co17Ni7,151.82089,CoCuFeMoNi,True
Mo12Fe11Ni11Co13Cu17,151.8241,CoCuFeMoNi,True
W16Ni18Co22Mo9Cu16Mn22,151.84822,CoCuMnMoNiW,True
Fe16Ni23W6Mn13Mo19,151.8488,FeMnMoNiW,True
Co21Ni10W20Fe10Mo13Mn14,151.86499,CoFeMnMoNiW,True
Ni24Mo13Co22Fe19Cu23,151.86993,CoCuFeMoNi,True
W10Cr18Fe11Mn25Ni14,151.87587,CrFeMnNiW,True
Cr12Mn23W25Mo19Cu24Ni6,151.87805,CrCuMnMoNiW,True
W20Cu20Fe15Ni12Mo10Mn23,151.8909,CuFeMnMoNiW,True
Fe12W15Mn18Cu5Co6Cr17,151.90004,CoCrCuFeMnW,True
Mo23Cr7Mn12Ni17W5,151.90276,CrMnMoNiW,True
W17Mo15Cr8Ni12Mn11Cu11,151.93477,CrCuMnMoNiW,True
Co18Fe17W11Cu6Mn13Mo15,151.94553,CoCuFeMnMoW,True
W6Fe18Cu19Mn25Cr25,151.97198,CrCuFeMnW,True
Cu5W19Cr22Fe23Mo12,151.99196,CrCuFeMoW,True
W21Cu6Mn10Fe23Co14Cr23,152.00504,CoCrCuFeMnW,True
Cr19Mn25W16Mo7Fe9,152.01584,CrFeMnMoW,True
Cr22Fe18Mo24W24Ni7,152.02368,CrFeMoNiW,True
Fe14Mn11Cu13Ni16Mo6,152.04225,CuFeMnMoNi,True
Ni6Cu19Mo21Co14W11,152.04407,CoCuMoNiW,True
Ni20Fe19Cr5Mo13Co16,152.05362,CoCrFeMoNi,True
Cu5Co23Ni17Cr9W7Mn16,152.07639,CoCrCuMnNiW,True
Co7Fe15W24Cu7Ni9Cr6,152.09233,CoCrCuFeNiW,True
Ni13Co14Fe15Mo8Mn5,152.13853,CoFeMnMoNi,True
Ni19Cr12Co14Mo15Mn5,152.14838,CoCrMnMoNi,True
Mn7W18Fe19Cr15Mo11,152.16809,CrFeMnMoW,True
Fe6Mn23W6Co11Cr17,152.18398,CoCrFeMnW,True
Mo17Cu18Mn7Fe8Cr15,152.18576,CrCuFeMnMo,True
Mn21Cu21Mo7Ni19Fe16,152.19905,CuFeMnMoNi,True
Mo17Ni24Cu12Fe24Mn22,152.22816,CuFeMnMoNi,True
Mn14Ni23W8Co13Cr12,152.23198,CoCrMnNiW,True
Mo21Ni23Cu24Co17Cr13,152.25067,CoCrCuMoNi,True
Mo12Mn12Fe16W9Ni23,152.25418,FeMnMoNiW,True
Fe22Mo13W12Mn21Co17,152.32852,CoFeMnMoW,True
Mn21W20Fe17Cr19Co15,152.36354,CoCrFeMnW,True
Mn15Cu6Ni10Fe11W7Mo12,152.40244,CuFeMnMoNiW,True
Mo21Cu14Ni19Fe23Mn25,152.42618,CuFeMnMoNi,True
Cu5Mo15Fe9Ni12Co7,152.4761,CoCuFeMoNi,True
Mo9Co8Cu11Cr18Mn5,152.48076,CoCrCuMnMo,True
Ni9Co7Fe10Mo6Cu14,152.48651,CoCuFeMoNi,True
Co9Mo7Ni25Cr8Mn12,152.48767,CoCrMnMoNi,True
Ni24Mn9Cu11Cr19Co11W9,152.51135,CoCrCuMnNiW,True
Fe20W10Co5Cr20Mn10,152.54022,CoCrFeMnW,True
Ni11Mo6Cu22Cr21Mn7,152.5461,CrCuMnMoNi,True
Ni12Mo22Mn13Cr9Co10W24,152.55461,CoCrMnMoNiW,True
Co16Mo6Ni18Cu14Cr12,152.58426,CoCrCuMoNi,True
Cr7Cu20Fe8W24Mo22,152.59012,CrCuFeMoW,True
Mo6Cr10Cu13Mn17W9,152.59073,CrCuMnMoW,True
W10Co15Ni23Cr17Mn17,152.6003,CoCrMnNiW,True
Cr20W16Ni20Mn7Mo8,152.60117,CrMnMoNiW,True
Mn24Ni7Cr19Cu22Mo21,152.64127,CrCuMnMoNi,True
Ni13Fe12Mo22Mn21Co13,152.65921,CoFeMnMoNi,True
Cr7Mo8Mn13Fe14Cu24,152.67706,CrCuFeMnMo,True
W23Cu10Mo18Fe16Cr24,152.68152,CrCuFeMoW,True
Fe5Ni8Cu19Mo10Cr13,152.71365,CrCuFeMoNi,True
Cu6Mn23Co12Mo15Fe6,152.71503,CoCuFeMnMo,True
Mn8Ni10Mo13Cr25Cu9,152.76416,CrCuMnMoNi,True
W12Ni16Mn19Mo13Cr12,152.77954,CrMnMoNiW,True
Co25Mn12Ni24Cr24W12,152.78738,CoCrMnNiW,True
Ni15Cu20Mo20Cr6Fe23,152.7878,CrCuFeMoNi,True
Ni19Cu19Mn21Cr21Mo22,152.79155,CrCuMnMoNi,True
Fe7Cr22Cu8Mo22Mn10,152.79628,CrCuFeMnMo,True
Cu13Mo21Ni5Fe21Co21,152.8323,CoCuFeMoNi,True
Cr14Cu24Mo11Ni9W21,152.84059,CrCuMoNiW,True
Mo6W21Cu8Co15Fe21Ni5,152.85081,CoCuFeMoNiW,True
W23Co20Cu6Cr17Fe25,152.87672,CoCrCuFeW,True
Mn18Cr9Mo20W7Cu19,152.87776,CrCuMnMoW,True
Cu16Mn12Cr10Mo6Co22,152.89493,CoCrCuMnMo,True
Cu5Mo17Fe5Cr5Mn15,152.94705,CrCuFeMnMo,True
Mn10Cu20Mo10W7Fe25,152.96422,CuFeMnMoW,True
Mn16Mo19Ni9Cr24Cu24,152.99265,CrCuMnMoNi,True
Ni18Mn20Mo16Cu18Fe5W10,153.00055,CuFeMnMoNiW,True
Cr10Co18Ni17Mn16Mo25,153.01598,CoCrMnMoNi,True
Cr20Ni5Fe22Mo15W24,153.01872,CrFeMoNiW,True
Cu8Ni15Cr7Mo10W16,153.032,CrCuMoNiW,True
Ni6Cr9Mo5W16Co18,153.03854,CoCrMoNiW,True
Mo12Ni14Cr13Cu11Mn11,153.05437,CrCuMnMoNi,True
Co23Mo17Ni25Mn8Cr11,153.05898,CoCrMnMoNi,True
Cr10Cu12Mo9Mn6W6,153.07533,CrCuMnMoW,True
Mo11Cr19Mn6Co5W20Ni8,153.09048,CoCrMnMoNiW,True
Fe8Cr20Cu11Mo22Mn9,153.09921,CrCuFeMnMo,True
Fe17Cu23Cr9Ni16Mo15,153.11406,CrCuFeMoNi,True
W25Mo9Mn18Co21Cr24,153.11986,CoCrMnMoW,True
Fe12Cr23Co14W21Cu13,153.12354,CoCrCuFeW,True
Cr14Cu12Ni6W12Fe23,153.12375,CrCuFeNiW,True
Cu22Mn19Co5Ni24Cr20W10,153.15155,CoCrCuMnNiW,True
Mo7Cr6Cu7Ni14Fe20,153.19708,CrCuFeMoNi,True
Fe14Cu12Ni17Mn8W10Mo20,153.20206,CuFeMnMoNiW,True
Mo14Cr11Cu22Co11Mn24,153.2145,CoCrCuMnMo,True
Cu9Cr20Co24Mn7Ni23W11,153.21796,CoCrCuMnNiW,True
Cu24Cr15Co6Mn18Mo12,153.22241,CoCrCuMnMo,True
W15Co16Mn24Cr15Mo13,153.22423,CoCrMnMoW,True
Mn9Ni21Cr21Mo14Cu24,153.2367,CrCuMnMoNi,True
Co16Ni16Mo11Cr8Fe6,153.23773,CoCrFeMoNi,True
Cr23Mn6Cu22Mo12Ni24,153.24222,CrCuMnMoNi,True
Co25Cu16Fe8Cr12Mo20,153.2767,CoCrCuFeMo,True
Cu16Cr11Mn24W7Fe22,153.28601,CrCuFeMnW,True
Ni13Cr15Fe5Cu23Mo24,153.29665,CrCuFeMoNi,True
Fe14W13Ni14Mn25Cr18,153.30463,CrFeMnNiW,True
W19Mn16Cr23Ni10Fe6Cu23,153.30492,CrCuFeMnNiW,True
Cr17Cu21Ni17Fe9Mo13,153.33752,CrCuFeMoNi,True
Mo17Cr24Co21Cu20Mn13,153.33768,CoCrCuMnMo,True
Fe22Cr25Mn23Ni15W19,153.33836,CrFeMnNiW,True
Fe25Mo15Ni25Mn20Cu12,153.37776,CuFeMnMoNi,True
W15Co22Mo18Cu8Cr22,153.41586,CoCrCuMoW,True
Cu7Fe15Mo5Ni5Co15,153.48161,CoCuFeMoNi,True
Ni6Cr5Cu22Mo19Fe10,153.50662,CrCuFeMoNi,True
Mo14Ni18Cu22Fe20Cr9,153.52452,CrCuFeMoNi,True
Ni19Mo5Cu25Fe10Cr20,153.52742,CrCuFeMoNi,True
Mo18Ni16Co23Mn17Fe15,153.55579,CoFeMnMoNi,True
W10Ni24Cu10Cr21Co20,153.58577,CoCrCuNiW,True
Cu10Mo25Co21Cr8Mn25W23,153.63731,CoCrCuMnMoW,True
Mn7Cu9Cr8Ni5W5Co5,153.66016,CoCrCuMnNiW,True
Cu10Mo18Fe9Co5W14,153.73267,CoCuFeMoW,True
W10Ni24Mo21Mn20Cr7,153.78366,CrMnMoNiW,True
W5Cr11Ni5Mo6Mn12,153.78497,CrMnMoNiW,True
Cu10W19Ni15Fe7Mo23,153.78966,CuFeMoNiW,True
Cr7Cu25Co10Ni6Mn21W7,153.81467,CoCrCuMnNiW,True
W16Co25Cr15Mo18Mn14,153.84505,CoCrMnMoW,True
Cu17Co25Fe23Mo14Mn24,153.8529,CoCuFeMnMo,True
Mo16W25Cr9Ni18Cu15,153.85669,CrCuMoNiW,True
Cu23Cr9W21Co16Fe7,153.86586,CoCrCuFeW,True
Mo5Cu8W18Ni12Co17,153.91689,CoCuMoNiW,True
Cr10Co18Mn10Ni14Mo19,153.93834,CoCrMnMoNi,True
Fe11Cu10Ni18Cr15W20,153.95338,CrCuFeNiW,True
Cu5W11Mo21Co21Ni18,153.9545,CoCuMoNiW,True
Cr9W16Cu7Fe8Co13,153.97101,CoCrCuFeW,True
Co25Mo9Fe23Ni13Cu22,154.00085,CoCuFeMoNi,True
Co20Cr7Cu6Mn25Ni10W6,154.02005,CoCrCuMnNiW,True
Cr19W10Fe7Mn10Co16,154.02684,CoCrFeMnW,True
Cr8Ni18Co13Mn20Mo25,154.02975,CoCrMnMoNi,True
Cu21Ni20W15Cr6Co9,154.04832,CoCrCuNiW,True
Mn18Mo16Cu20Co15Cr14,154.05725,CoCrCuMnMo,True
Cu22Ni25Cr6Mn11Co5,154.08838,CoCrCuMnNi,True
Co11Cr13W21Mo11Cu14,154.091,CoCrCuMoW,True
Fe8Mo9Cu17Co17W19Mn22,154.10745,CoCuFeMnMoW,True
Cr6Fe9Mo24Co13W22,154.12146,CoCrFeMoW,True
Mn12Co22Fe16Ni6Mo10,154.12259,CoFeMnMoNi,True
Cu24Mo18Cr10Fe18Mn10,154.12622,CrCuFeMnMo,True
Cu17Co13Mn17Fe5Ni5,154.12758,CoCuFeMnNi,True
Cr13Mo24Fe7Ni21Cu15,154.14989,CrCuFeMoNi,True
Cr21W10Mo23Co8Cu15,154.15848,CoCrCuMoW,True
Mo9W20Mn13Cu14Ni5Cr17,154.16467,CrCuMnMoNiW,True
Mn7Co15Ni5Cr20Mo21,154.1931,CoCrMnMoNi,True
Fe20Mn18Cr18W23Co21,154.21341,CoCrFeMnW,True
Cr19Cu12Fe22Mn21W6,154.23822,CrCuFeMnW,True
Mo21Fe18W8Ni24Mn23,154.2471,FeMnMoNiW,True
Co10Fe14Ni20Mo22Cu18,154.25153,CoCuFeMoNi,True
Fe24W17Mn5Cr25Ni21,154.25333,CrFeMnNiW,True
W10Ni14Mn24Cr19Fe11,154.26776,CrFeMnNiW,True
Ni23Mo9Cr10Fe25Cu12,154.29388,CrCuFeMoNi,True
Mo5Cu22Mn25Co24Ni25,154.30078,CoCuMnMoNi,True
Cr9Cu24Mn14Mo7Fe9,154.31842,CrCuFeMnMo,True
Mo7Ni13Mn11Fe8Co14,154.33434,CoFeMnMoNi,True
Cu23Ni20Fe8Cr22Mo18,154.37315,CrCuFeMoNi,True
Cu14Co16Cr18Ni14Fe18,154.41293,CoCrCuFeNi,True
Cr11Fe6Cu22Mo21W23,154.41516,CrCuFeMoW,True
Mo18Fe25Ni14Mn16Cu16,154.41605,CuFeMnMoNi,True
W5Ni25Mn24Cr8Fe6,154.41641,CrFeMnNiW,True
Ni13Fe16Cu14W10Mn19Mo20,154.49991,CuFeMnMoNiW,True
Cr21Mo7Cu7Co25W17,154.58908,CoCrCuMoW,True
Ni12Fe22Mn25Cr9W14,154.5946,CrFeMnNiW,True
Co22Ni22W7Mo14Mn21,154.60713,CoMnMoNiW,True
Cu15Mn5W6Fe19Cr14,154.65811,CrCuFeMnW,True
Mo13Cr13Cu18Ni16Mn14,154.66335,CrCuMnMoNi,True
Fe22Co19Ni6Cu19Mo22,154.6727,CoCuFeMoNi,True
Mn18Cr17Cu22Co22Mo17,154.67285,CoCrCuMnMo,True
Mn10Cu6Ni16Mo13Cr18,154.67322,CrCuMnMoNi,True
W7Ni9Cr15Mo15Mn11,154.69383,CrMnMoNiW,True
Cu7Mn16W24Co16Cr25Fe23,154.71048,CoCrCuFeMnW,True
Co17Mn5Ni20W8Cr12,154.7124,CoCrMnNiW,True
Cr16Mn16W11Co9Mo23Cu6,154.71419,CoCrCuMnMoW,True
Mo19Co25Mn21Cr20Cu12,154.75645,CoCrCuMnMo,True
W12Fe5Ni22Cu16Mo11Mn18,154.75891,CuFeMnMoNiW,True
W24Mo11Fe23Mn8Cr22,154.77078,CrFeMnMoW,True
Ni10Cu6Fe22Mo25Co18,154.77307,CoCuFeMoNi,True
Ni15Cr22Fe9Mn19W21Cu15,154.82748,CrCuFeMnNiW,True
Co24Cu24Mn24Cr9Mo8,154.84647,CoCrCuMnMo,True
Cr18Co10Fe9W9Mn22,154.85066,CoCrFeMnW,True
Mo14Mn13Ni13Fe13Co19,154.85133,CoFeMnMoNi,True
Cr11Cu25Fe24Ni13Mo10,154.86125,CrCuFeMoNi,True
Ni22Mo7Cu20Co5Cr14,154.86372,CoCrCuMoNi,True
Co23Cr5Ni16Mo6Mn14,154.86693,CoCrMnMoNi,True
Mo6Cr9Co21Cu11Mn22,154.8896,CoCrCuMnMo,True
Ni20Mo6Co18Fe25Cr8,154.90364,CoCrFeMoNi,True
Mn23Cu25Mo24Ni22Cr25,154.94214,CrCuMnMoNi,True
Cu5Cr24Mo23Mn8Fe10,154.9521,CrCuFeMnMo,True
Cr10Fe23W15Ni20Mn11,154.98337,CrFeMnNiW,True
Ni5Co15Mn7Mo20Cr18,154.98723,CoCrMnMoNi,True
Cu18Cr25Ni11Co17Mn24W11,154.99629,CoCrCuMnNiW,True
Co19Mo7Ni14Fe14Cu12,155.01385,CoCuFeMoNi,True
Mo19Cu11Co13Ni10Mn24,155.02896,CoCuMnMoNi,True
Ni20Mn11Mo18Co16Cr9,155.03896,CoCrMnMoNi,True
Mo20Cu24Cr19Mn22Ni13,155.03995,CrCuMnMoNi,True
Cu5W16Cr21Ni19Fe25,155.09607,CrCuFeNiW,True
Mo6Cu25W5Mn10Cr7,155.10481,CrCuMnMoW,True
Cr20Mn6Mo21Co14Ni16,155.10712,CoCrMnMoNi,True
Co24Cu24Mn21Fe23Mo9,155.1426,CoCuFeMnMo,True
Co24W9Mn5Mo7Cr12,155.14912,CoCrMnMoW,True
Cr11Cu11Mn16Mo10W6,155.15198,CrCuMnMoW,True
Co23Cr18W10Ni16Mn22,155.15968,CoCrMnNiW,True
Ni9W24Fe9Co9Mo18,155.17877,CoFeMoNiW,True
Ni21Mo13Cr9Co11Cu11,155.19966,CoCrCuMoNi,True
Cu11Cr13Co24Ni17W12,155.20193,CoCrCuNiW,True
Cu7Co10W16Mn13Fe10Cr21,155.23141,CoCrCuFeMnW,True
Mn15W5Mo9Cu22Co16,155.2728,CoCuMnMoW,True
Co20Mo20W11Cr17Cu6,155.31042,CoCrCuMoW,True
Mo12Co23Cr15Cu24Ni14,155.31926,CoCrCuMoNi,True
Fe19Cu18Cr5Co7Mo14,155.36346,CoCrCuFeMo,True
W14Mo9Cr24Ni10Cu16,155.44363,CrCuMoNiW,True
Mn12Cr12Cu8Co18Ni22W9,155.45224,CoCrCuMnNiW,True
Mo9Ni22Cr10Cu11Co10,155.47644,CoCrCuMoNi,True
Cu13W22Mo24Cr18Ni23,155.49637,CrCuMoNiW,True
Cu13Cr23Mn6Mo10Ni20,155.50728,CrCuMnMoNi,True
Mn6Fe25Cu19W7Cr16,155.52318,CrCuFeMnW,True
Mo10Cu10Mn11Co11Fe19,155.52731,CoCuFeMnMo,True
Cr11Mn22W25Fe15Cu10Co10,155.5289,CoCrCuFeMnW,True
W5Mn15Ni22Mo25Fe20,155.55096,FeMnMoNiW,True
Co20Ni24Cr15W10Mn11,155.57831,CoCrMnNiW,True
Cu12Mo16Fe17Co21Ni6,155.59067,CoCuFeMoNi,True
Mo16Mn24Cu14Ni23Cr14,155.59128,CrCuMnMoNi,True
Fe17Cr7W14Co13Mn24,155.59824,CoCrFeMnW,True
Co10Cr14Ni11Fe5W20,155.61053,CoCrFeNiW,True
Cr6Cu20Co14Ni5Mo22,155.65178,CoCrCuMoNi,True
Cu20Mo11Mn15Cr14Co5,155.65805,CoCrCuMnMo,True
W19Cu8Mo24Fe19Ni13,155.67065,CuFeMoNiW,True
Co22Mn14Mo6Cu9Fe23,155.71788,CoCuFeMnMo,True
Mn7Co9Cr5Mo25Ni24W24,155.72757,CoCrMnMoNiW,True
Ni24Mo16W6Mn8Cu14Co17,155.73672,CoCuMnMoNiW,True
Ni17Fe17W21Cu20Mn10Mo10,155.74086,CuFeMnMoNiW,True
Fe13Co7Mo19Ni16Mn14,155.75862,CoFeMnMoNi,True
Co8Fe9Cu22W7Mo19Mn20,155.7616,CoCuFeMnMoW,True
Fe14Ni5Co8W7Mo25,155.76736,CoFeMoNiW,True
Cu25Mo11Mn23Cr11Ni19,155.76968,CrCuMnMoNi,True
Cr6Fe12Mo20Cu13Co23,155.77419,CoCrCuFeMo,True
Cr9Co22Cu18Ni11Mo19,155.82216,CoCrCuMoNi,True
Cr13Mo17W20Co14Cu13,155.8498,CoCrCuMoW,True
Cr25Mo23Co21Cu14Mn21,155.85878,CoCrCuMnMo,True
Fe7W16Mo15Cu10Cr8,155.85959,CrCuFeMoW,True
Co17Cr16Cu20Mo5Fe9,155.86896,CoCrCuFeMo,True
Mn17Cr12Cu15Co8Mo14,155.87033,CoCrCuMnMo,True
Cr19Mn8Mo10Co16Cu22,155.89,CoCrCuMnMo,True
Cu20Cr16Co18Ni15W20,155.94586,CoCrCuNiW,True
W21Ni13Cr18Mo18Cu18,155.9515,CrCuMoNiW,True
Cr7Mo13Ni19Co18Fe11,155.96837,CoCrFeMoNi,True
Ni24Cr15Mo10Mn14Cu14,155.9693,CrCuMnMoNi,True
W21Co17Cr21Mo24Ni12,155.98457,CoCrMoNiW,True
W17Cr22Mn21Ni14Mo5,156.00163,CrMnMoNiW,True
Cr24W19Ni25Co25Cu17,156.00354,CoCrCuNiW,True
Mn22W5Cr25Mo20Cu12,156.03456,CrCuMnMoW,True
Cu6Mn8Ni16W16Cr9Fe15,156.03877,CrCuFeMnNiW,True
Ni11Mo22Cu9Co25Fe15,156.0489,CoCuFeMoNi,True
Mo18Cu19Co19Mn16Cr23,156.05428,CoCrCuMnMo,True
Mo14Mn11Cu11Cr18Ni5,156.08301,CrCuMnMoNi,True
Cr17Cu21Mo14Fe10Mn5,156.08789,CrCuFeMnMo,True
Mo24Cr7Fe13Cu17Mn23,156.08789,CrCuFeMnMo,True
Mo10Mn10Co19Cr8Ni7,156.10387,CoCrMnMoNi,True
Cu22Mo24Co25Fe10Cr15,156.11464,CoCrCuFeMo,True
Mn14Fe6Cr13Ni12W7,156.16666,CrFeMnNiW,True
W8Mo7Co10Mn11Cu25Fe5,156.18939,CoCuFeMnMoW,True
Mo21Cr11W16Mn13Co15Cu8,156.19357,CoCrCuMnMoW,True
Cr11Co7Cu13W18Fe23,156.2208,CoCrCuFeW,True
Mo19Cu25Ni7Co16Cr11,156.22104,CoCrCuMoNi,True
Cu9Mn5Mo5Cr5Fe16,156.23541,CrCuFeMnMo,True
Fe7Mn12Mo14Cr6Cu12,156.239,CrCuFeMnMo,True
Cu23Mo18W9Ni22Co18Mn22,156.25146,CoCuMnMoNiW,True
Mo15Ni20Co20Fe21Cr7,156.27138,CoCrFeMoNi,True
Mo21Cu18Mn13Cr24Fe6,156.2857,CrCuFeMnMo,True
Ni16W9Mn18Co19Cr14,156.32086,CoCrMnNiW,True
Co21W25Ni22Cr18Cu20,156.3335,CoCrCuNiW,True
Cr8Fe15Mn20Cu24Mo21,156.34393,CrCuFeMnMo,True
Co15Cu24Fe25Mo15Ni8,156.3446,CoCuFeMoNi,True
W13Cr9Mo9Co21Mn13,156.35988,CoCrMnMoW,True
Fe9Cr16Mn17Ni15W24Cu23,156.37021,CrCuFeMnNiW,True
W9Ni17Cr7Mn20Fe8,156.38184,CrFeMnNiW,True
Mo5Cu23Ni22Fe23Cr12,156.39023,CrCuFeMoNi,True
Cu8Fe24Ni15Cr17W19,156.39157,CrCuFeNiW,True
Cu12Ni24Cr13Co23W18,156.39526,CoCrCuNiW,True
Cr6Ni17Fe23Cu11Mo15,156.41139,CrCuFeMoNi,True
Mn6Cr12Ni8Co15Mo15,156.42685,CoCrMnMoNi,True
Co25Mn23W20Cr12Mo6,156.43037,CoCrMnMoW,True
Cu17Fe21Mo12Cr8Co15,156.4372,CoCrCuFeMo,True
Ni17W18Co11Cu20Cr5,156.49886,CoCrCuNiW,True
Co19Cr11Mo11Mn19Cu9,156.50037,CoCrCuMnMo,True
Cr6Ni14Mn5Co5Cu22,156.50732,CoCrCuMnNi,True
Cr7Mn5Fe17Ni22Mo25,156.52002,CrFeMnMoNi,True
Fe19W14Ni25Mn13Cr9,156.52878,CrFeMnNiW,True
Mo16Fe22Ni5Mn15Co5W7,156.52913,CoFeMnMoNiW,True
Cu6Mo18Fe20Ni6Mn19,156.5661,CuFeMnMoNi,True
Fe9Ni14Co7Mn15Mo15,156.5675,CoFeMnMoNi,True
Fe12Mo18Co6Ni14Cu8,156.57465,CoCuFeMoNi,True
Cr16Mo23Cu13Mn14W18Ni12,156.5922,CrCuMnMoNiW,True
Cu23Co22Fe11Cr15Mo22,156.60855,CoCrCuFeMo,True
Co18Mo7Fe20Cu17Ni8,156.61726,CoCuFeMoNi,True
Ni25Cr15Co10Mo17Cu25,156.66682,CoCrCuMoNi,True
Mo13Fe19Cr12Mn24W22,156.724,CrFeMnMoW,True
Cr19Fe9Ni5Mo7W11,156.73601,CrFeMoNiW,True
Co21Cr17Mn14W20Fe17,156.76547,CoCrFeMnW,True
Cu25Cr8Ni13Co25W22,156.78485,CoCrCuNiW,True
Ni23Cu21Mo14Cr12Fe18,156.79004,CrCuFeMoNi,True
Mn10Ni20Fe19Mo10Co22,156.80904,CoFeMnMoNi,True
Co23Cr12Mo12Mn17Cu22,156.81445,CoCrCuMnMo,True
W16Ni25Co11Cu20Cr7,156.85,CoCrCuNiW,True
Ni21Cu11Co25Cr24W10,156.88235,CoCrCuNiW,True
Ni12Mo6Mn14Cu16Cr7,156.89272,CrCuMnMoNi,True
Cr6Mn24Mo9Ni18Cu8,156.9061,CrCuMnMoNi,True
Cu20W11Ni8Mo22Cr23,156.9318,CrCuMoNiW,True
Cr14Mo5Cu8Ni20Mn11,156.93597,CrCuMnMoNi,True
W22Co18Ni6Mo8Fe9,156.94208,CoFeMoNiW,True
Co15Cu10Cr17Ni14W9,156.95648,CoCrCuNiW,True
Mo16Ni23Cr5Co14Fe17,156.96696,CoCrFeMoNi,True
Mn24Ni17Mo7Fe12Cu17,156.98135,CuFeMnMoNi,True
Fe17Ni9Cr7W17Cu9,156.98322,CrCuFeNiW,True
Cu14W6Mn13Cr20Fe20,156.98961,CrCuFeMnW,True
Fe19Cu24Mo10W10Mn19,156.9927,CuFeMnMoW,True
W18Mo14Fe15Mn25Cr13,156.99571,CrFeMnMoW,True
Cr25Mn25W21Fe20Ni25,157.02109,CrFeMnNiW,True
W9Fe5Co24Cr12Mn23,157.04706,CoCrFeMnW,True
W12Mo8Cr12Ni14Mn17,157.06767,CrMnMoNiW,True
Mo7Fe13Cu23Mn24Co5,157.09296,CoCuFeMnMo,True
Fe7Cu16Mn12Cr11Mo15,157.10995,CrCuFeMnMo,True
Mo9Ni9Mn11Cr25Cu25,157.14473,CrCuMnMoNi,True
Cu7Cr6Fe25Mn11Mo15,157.14761,CrCuFeMnMo,True
Mo10Cr24W19Fe11Mn16,157.17097,CrFeMnMoW,True
Fe9Cr9Mo22W25Cu19,157.17288,CrCuFeMoW,True
Fe11Mn8Ni14Mo11Co6,157.18304,CoFeMnMoNi,True
Mn22Cr23Co10Mo24W23Ni5,157.19537,CoCrMnMoNiW,True
Co19Fe22Mn11Mo18Ni8,157.219,CoFeMnMoNi,True
W16Fe5Cu20Cr8Co14,157.27478,CoCrCuFeW,True
Mo5Cr9Ni25Co6Mn12,157.28827,CoCrMnMoNi,True
Co22Mo19Mn20Cu22Cr21,157.30035,CoCrCuMnMo,True
Mo19Co15Cr5Mn18Ni6,157.32648,CoCrMnMoNi,True
W7Fe12Mn5Cu24Mo20Ni8,157.35568,CuFeMnMoNiW,True
Mn12Mo9Cu8Ni19Cr14,157.36786,CrCuMnMoNi,True
W22Co21Ni21Mn14Mo18Fe7,157.37714,CoFeMnMoNiW,True
Mn15Cr18Fe18Co16W19,157.3981,CoCrFeMnW,True
Mn8Cr11Mo20Cu9Fe22,157.40732,CrCuFeMnMo,True
Ni10Co19Mn10Fe20Mo17,157.40796,CoFeMnMoNi,True
Cr19Mo24Cu24Mn8Fe20,157.41167,CrCuFeMnMo,True
Cr10Cu17Mo10Ni10Mn15,157.41884,CrCuMnMoNi,True
Mo11Cu22Cr22Mn6Fe7,157.42105,CrCuFeMnMo,True
Mn14Mo20Cr25Cu12Fe5,157.4256,CrCuFeMnMo,True
W7Co10Mn10Cu10Ni21Cr7,157.43573,CoCrCuMnNiW,True
Cu6Mn13Mo22Fe24Cr8,157.4412,CrCuFeMnMo,True
Cr16Mo22Cu17Mn7Fe18,157.44592,CrCuFeMnMo,True
Fe17Ni15Mo6Co25Mn12,157.46219,CoFeMnMoNi,True
Mo16Mn23Cu23Co14Cr14,157.46492,CoCrCuMnMo,True
Ni21Fe13W23Mn21Cr5Cu14,157.47505,CrCuFeMnNiW,True
Co11Mn25Cu18Mo17Ni15,157.49329,CoCuMnMoNi,True
Fe24Cu9Mo6Ni8Mn10,157.49954,CuFeMnMoNi,True
Ni20Mn8Cr6Mo20Fe6,157.50276,CrFeMnMoNi,True
Co8Fe5W17Cr23Mn20Cu17,157.52328,CoCrCuFeMnW,True
Ni19Mo16Cr17Cu17Fe8,157.53522,CrCuFeMoNi,True
Cr20Cu19Mo13Fe6Ni17,157.53659,CrCuFeMoNi,True
Ni13Mn25Co22Mo25Fe15,157.55067,CoFeMnMoNi,True
Co13Cr24Cu20Mn11Mo15,157.57799,CoCrCuMnMo,True
Mn7Ni25Cr13Fe14Cu17W24,157.60135,CrCuFeMnNiW,True
Cu8W8Mn17Co11Mo11Fe8,157.62709,CoCuFeMnMoW,True
Fe10W8Cr20Ni11Mn17,157.63553,CrFeMnNiW,True
Co11Cr21Mo21Cu21Mn22,157.64331,CoCrCuMnMo,True
Cr21Mn11Fe9Cu11Mo23,157.64752,CrCuFeMnMo,True
Cu14Mo16W7Mn16Ni25Co24,157.65796,CoCuMnMoNiW,True
Mo16Fe8Co14Ni12Mn20,157.68085,CoFeMnMoNi,True
Co19Ni16Mn23Cr21Cu11W11,157.69467,CoCrCuMnNiW,True
Fe14Co9Mo23Ni9Cu15,157.71512,CoCuFeMoNi,True
Mn11Mo12Cr15Ni5Cu7,157.71579,CrCuMnMoNi,True
W16Mn6Fe19Cr18Mo20,157.73059,CrFeMnMoW,True
Mn6Cu20Cr9Mo14Fe21,157.73148,CrCuFeMnMo,True
Cu22Cr5Mn5Fe17Ni19,157.7721,CrCuFeMnNi,True
Co12Mo9W11Ni17Mn16Cu25,157.81656,CoCuMnMoNiW,True
Ni13Cu10W5Fe9Co18,157.83139,CoCuFeNiW,True
Mo12Ni14Fe12Co6Mn8,157.8397,CoFeMnMoNi,True
Mn13Cu20Mo6Ni20Fe25,157.85004,CuFeMnMoNi,True
W10Ni25Cu20Co8Cr9,157.87314,CoCrCuNiW,True
Mo16Co17Ni8Cu21W18,157.87985,CoCuMoNiW,True
Cr21Ni18Mo14Mn12Cu14,157.92842,CrCuMnMoNi,True
Co21Cr9Ni21Mo14Fe15,157.95636,CoCrFeMoNi,True
Fe14Cr10W17Cu5Ni12Mn21,157.97394,CrCuFeMnNiW,True
Mn13Mo17Cr10Fe10Cu17,157.99156,CrCuFeMnMo,True
Mn13Ni10Cr17Cu12Mo14,158.06027,CrCuMnMoNi,True
Cu21Ni6Fe25Cr5Mn21W20,158.08386,CrCuFeMnNiW,True
Mo11Cu11Mn24Ni20Cr11,158.0849,CrCuMnMoNi,True
Cr5W25Ni13Fe6Co18,158.10185,CoCrFeNiW,True
Cr7Ni12Cu16Fe6Mn25,158.12698,CrCuFeMnNi,True
W15Fe16Mn24Ni19Cr10,158.13962,CrFeMnNiW,True
Cu14Mo23Mn23Cr8Fe10,158.15451,CrCuFeMnMo,True
Cr16Cu7Co13Mn12Mo13,158.19058,CoCrCuMnMo,True
Co16W21Ni23Cu16Cr12,158.24316,CoCrCuNiW,True
Mn23W17Cr17Mo6Cu22,158.25485,CrCuMnMoW,True
W6Cr24Mn16Fe17Cu20,158.28125,CrCuFeMnW,True
Mn8Ni11Cr21W12Fe21,158.28387,CrFeMnNiW,True
Cr20Co20Cu20Mo11Mn8,158.31808,CoCrCuMnMo,True
Mn19Ni7Cr13Cu9Mo16,158.34476,CrCuMnMoNi,True
Fe14Ni11Cr6Cu11Mo6,158.35315,CrCuFeMoNi,True
Mo11Mn8Fe8Cu23W10Ni10,158.37155,CuFeMnMoNiW,True
Ni6Mo16Cu21Cr21Mn16,158.37317,CrCuMnMoNi,True
Fe17Cr18Ni22W17Mn16,158.38634,CrFeMnNiW,True
Co16W25Mn12Ni21Fe13Mo18,158.3981,CoFeMnMoNiW,True
Cu17Mo20W14Mn22Co24Fe11,158.405,CoCuFeMnMoW,True
Co10Fe15Cr5Cu21Mo21,158.41875,CoCrCuFeMo,True
Fe20W7Co17Mn10Mo15,158.42905,CoFeMnMoW,True
Fe16Ni9Cu22Cr11Mo7,158.46507,CrCuFeMoNi,True
Fe19Cr8Mo5Cu16Co9,158.4758,CoCrCuFeMo,True
Ni20Mo6Cr8Cu18Mn20,158.47887,CrCuMnMoNi,True
Cr7W16Mn9Cu24Ni16Fe6,158.49875,CrCuFeMnNiW,True
Cr18Co10Mo10Ni7Mn5W24,158.51093,CoCrMnMoNiW,True
W5Mn13Ni11Cr12Co23,158.5383,CoCrMnNiW,True
Mn24Fe24Co25Mo13Cu8,158.54407,CoCuFeMnMo,True
Cr20Mn9Fe15Cu18W6,158.54465,CrCuFeMnW,True
Mn20Mo19Cu12Ni13Cr20,158.55505,CrCuMnMoNi,True
Mo20Ni6Cr8Mn15Co19,158.5568,CoCrMnMoNi,True
Cr17W22Co19Mn7Mo13Cu7,158.5578,CoCrCuMnMoW,True
Mn13W5Co12Ni20Mo6,158.56607,CoMnMoNiW,True
Cr7Cu17Mo14Fe23Ni12,158.5708,CrCuFeMoNi,True
W25Co24Ni10Cr16Mo20,158.5727,CoCrMoNiW,True
Cr9Cu15Mn8Mo13Fe25,158.58002,CrCuFeMnMo,True
Cr12Fe21Cu12Mo16Mn5,158.59354,CrCuFeMnMo,True
Cu23Fe18Co18Mo14Cr11,158.59364,CoCrCuFeMo,True
Ni21Cr13Co6Cu17W8,158.60245,CoCrCuNiW,True
Mn19Cr15Ni23W13Mo24,158.60284,CrMnMoNiW,True
Cu19Mn23W5Mo10Fe16,158.60779,CuFeMnMoW,True
Mn9Cu24Fe19W6Mo10,158.71365,CuFeMnMoW,True
Cu25Cr23Ni19Mo24Fe7,158.71762,CrCuFeMoNi,True
Cr10W12Mn21Co15Mo8,158.73532,CoCrMnMoW,True
Mo22Cu23Ni9Cr7Co5,158.74188,CoCrCuMoNi,True
Co24Cu6Fe16W19Cr14,158.75903,CoCrCuFeW,True
W5Ni14Mn6Co20Cr12Cu6,158.7627,CoCrCuMnNiW,True
Cr12W16Cu7Mn25Fe22Ni6,158.7894,CrCuFeMnNiW,True
Cr11Mo25Ni17Mn19Co21,158.80548,CoCrMnMoNi,True
Mo22W24Mn12Cr9Co11Cu25,158.8164,CoCrCuMnMoW,True
W10Mn21Co5Cr13Fe17,158.83432,CoCrFeMnW,True
Cu21Mn6Cr25Fe13Mo21,158.84839,CrCuFeMnMo,True
Co9Fe17Mo20W25Cr5,158.8583,CoCrFeMoW,True
Cr6Mo9Cu15Ni6Fe12,158.86139,CrCuFeMoNi,True
W17Cu6Cr16Ni17Fe21,158.90205,CrCuFeNiW,True
Co18Cu23W24Mo16Fe21Mn22,158.9574,CoCuFeMnMoW,True
Mo8Fe9Mn9Ni13Co11,158.95973,CoFeMnMoNi,True
Mn8W9Cr9Ni20Cu9Co20,158.9703,CoCrCuMnNiW,True
W5Co16Ni9Cu12Fe8,158.98141,CoCuFeNiW,True
Cr9Cu15Co15W24Fe9,158.98547,CoCrCuFeW,True
Cu13W23Co19Fe9Cr14,158.9953,CoCrCuFeW,True
Cu14Mo11Cr9Fe11Ni16,159.0167,CrCuFeMoNi,True
Cu9Fe24Mo24Cr6Mn17,159.05322,CrCuFeMnMo,True
Cu13Fe15Mn25W15Ni19Mo16,159.05862,CuFeMnMoNiW,True
Cr15Cu24Fe17Mn16W8,159.06577,CrCuFeMnW,True
Cu24Ni15Cr17Co8W5,159.07092,CoCrCuNiW,True
Ni5Cr18W7Fe17Mn25,159.08801,CrFeMnNiW,True
Mo5Fe25Ni22Cu24Mn15,159.09218,CuFeMnMoNi,True
Cr21W20Mo5Co15Mn18,159.09793,CoCrMnMoW,True
Co18W5Mn5Ni11Cr14,159.09866,CoCrMnNiW,True
Ni21Mn17Mo7Cr12Cu9,159.09966,CrCuMnMoNi,True
Co18Cu5W18Cr11Mo24Mn25,159.12646,CoCrCuMnMoW,True
Fe17W21Cr13Mo21Co5,159.13298,CoCrFeMoW,True
Fe9Mn15Mo11Ni18Co8,159.1377,CoFeMnMoNi,True
Cr16Mo5Cu20Mn9Ni11,159.16605,CrCuMnMoNi,True
Mo23Fe13Mn18Cu19Cr12,159.18994,CrCuFeMnMo,True
Mn7Cr24Fe14Mo22Cu21,159.19327,CrCuFeMnMo,True
Mo8Cr15Cu25Fe21Co23,159.19849,CoCrCuFeMo,True
Mo19Co25W7Fe16Mn13,159.2027,CoFeMnMoW,True
Cr6Cu9Fe11Co22W15,159.22145,CoCrCuFeW,True
Co25Ni17Cr23Mn9Mo23,159.23172,CoCrMnMoNi,True
W23Cu14Cr10Ni15Mn13Fe24,159.25238,CrCuFeMnNiW,True
Cr24Cu12Co10Mo16W6,159.28159,CoCrCuMoW,True
Mo21Fe8Mn13Cu6Cr12,159.32434,CrCuFeMnMo,True
Mo6Mn23W25Ni24Cr24,159.3424,CrMnMoNiW,True
Mn20Ni10Cr7Co20Mo21,159.36024,CoCrMnMoNi,True
Cr8Ni21Mo16Co7Mn16,159.3865,CoCrMnMoNi,True
Mo8Mn6Cu23Co23Cr24,159.41376,CoCrCuMnMo,True
Mo20Mn19Cu18Co12Cr24,159.41937,CoCrCuMnMo,True
Cr20W10Co11Ni7Mo5,159.43817,CoCrMoNiW,True
Cr10Mn13Co23Mo18W12,159.46085,CoCrMnMoW,True
Co11Fe5Cr16Mo17W17,159.46698,CoCrFeMoW,True
Fe20Cu6Co13W18Mn10Cr10,159.47134,CoCrCuFeMnW,True
Co19Mo8Ni18Cu12Cr13,159.48584,CoCrCuMoNi,True
Mn10Ni21Co10Mo10Cr10,159.49387,CoCrMnMoNi,True
Fe19Mo12Mn14Ni15Cu8,159.5152,CuFeMnMoNi,True
Fe20Mn10Mo24Cu12Cr14,159.51593,CrCuFeMnMo,True
Mo19Ni22Fe7Cr14Co20,159.52315,CoCrFeMoNi,True
W6Co16Mo20Mn14Fe21,159.53001,CoFeMnMoW,True
Mo7Ni5W6Fe25Cr5,159.5368,CrFeMoNiW,True
W23Cu17Ni16Mo22Mn17Cr11,159.56227,CrCuMnMoNiW,True
Cr17W8Ni18Mn10Mo24,159.5755,CrMnMoNiW,True
Mo21Ni12W13Mn18Co23Fe6,159.58665,CoFeMnMoNiW,True
Mn16Ni15Co18Mo18Fe14,159.60916,CoFeMnMoNi,True
Co14Ni14W12Fe13Cu12,159.61403,CoCuFeNiW,True
Mn6Ni25Mo8W14Cr19,159.62997,CrMnMoNiW,True
W18Fe19Cu8Mo25Co12,159.63644,CoCuFeMoW,True
Mn8Cr23Ni5Co8Mo20,159.70294,CoCrMnMoNi,True
Ni8Cr17W13Fe24Mn22,159.73318,CrFeMnNiW,True
W17Co20Ni18Fe17Cu17,159.77611,CoCuFeNiW,True
Co15Fe19Mo22Ni7Cu18,159.77791,CoCuFeMoNi,True
Mo21Ni7Fe18Co20Mn14,159.78769,CoFeMnMoNi,True
Mo9Fe25Mn19Ni25Cu23,159.79428,CuFeMnMoNi,True
W11Cu25Co25Ni13Fe21,159.80505,CoCuFeNiW,True
Fe14Ni12W21Cr13Mn6Cu25,159.82994,CrCuFeMnNiW,True
Co6Cr23Mn8Mo21Ni5,159.85936,CoCrMnMoNi,True
Mo19Co24Cr9Mn17Ni15,159.86247,CoCrMnMoNi,True
Mo14Ni23W13Mn8Cu8Fe19,159.86942,CuFeMnMoNiW,True
Mn6Cr9W12Mo17Ni22Cu5,159.87036,CrCuMnMoNiW,True
Cr15Mo22Ni24Co24Cu20,159.89017,CoCrCuMoNi,True
Cr14Ni8W25Mo7Cu22Mn12,159.89238,CrCuMnMoNiW,True
Mn18Fe13Ni14Mo16Co21,159.91466,CoFeMnMoNi,True
Fe6Ni11Mo10Co9Mn14,159.93121,CoFeMnMoNi,True
Fe8W12Co21Mo5Ni6Mn5,159.9325,CoFeMnMoNiW,True
Mo21Cu21Fe12Mn13Cr17,159.94373,CrCuFeMnMo,True
W8Co15Mn17Cu14Fe12Mo21,159.95152,CoCuFeMnMoW,True
Ni22Cr5Mo22Co20Fe13,159.99983,CoCrFeMoNi,True
Co6Mn17Cr9W16Fe22Cu8,160.0025,CoCrCuFeMnW,True
W10Cu7Mo14Co21Cr25,160.03262,CoCrCuMoW,True
Mo14Cu20Cr16Ni22Mn19,160.03314,CrCuMnMoNi,True
W23Fe17Co22Cu6Mo19,160.06091,CoCuFeMoW,True
Fe5Cr9Mo22Cu20Mn13W22,160.06888,CrCuFeMnMoW,True
Cr12Co14Mo5Mn7Cu7,160.09125,CoCrCuMnMo,True
Cr14Co17Fe15Mo5Cu22,160.10931,CoCrCuFeMo,True
Cr18Co23Ni23Fe9Mo19,160.1134,CoCrFeMoNi,True
Mo11Cu22Co21Cr20Fe11,160.11417,CoCrCuFeMo,True
Ni17Co6W7Cu18Cr17Mn10,160.11429,CoCrCuMnNiW,True
Fe13Co23Cu8Mo7W24,160.13461,CoCuFeMoW,True
Fe10W18Cu16Co14Mo7Mn18,160.14369,CoCuFeMnMoW,True
Co22Mn10Cu21Fe8W19Mo6,160.19467,CoCuFeMnMoW,True
Mn16Mo17Co20Ni10Cr7,160.2042,CoCrMnMoNi,True
Cr22Ni17Mo25Co12W20,160.20743,CoCrMoNiW,True
Mn23Mo16Ni7Cr5Co24,160.22166,CoCrMnMoNi,True
Ni16Cu14Co12Cr14W14,160.2303,CoCrCuNiW,True
Co10Mo5Fe22Cu5Ni11,160.23074,CoCuFeMoNi,True
Ni24Fe21Mo25Cr6Mn10,160.23242,CrFeMnMoNi,True
Cr7Ni9W11Fe8Cu22,160.25702,CrCuFeNiW,True
Cu18Fe23Co24Mo10Mn21,160.27641,CoCuFeMnMo,True
Cu24Mo16Co19Mn22Cr17,160.3341,CoCrCuMnMo,True
Ni22Mo15Mn23Fe23Cu8,160.3508,CuFeMnMoNi,True
Co7Fe9Ni6Cr7Mn25,160.35135,CoCrFeMnNi,True
Co22W16Mn10Mo23Cr11Cu7,160.38269,CoCrCuMnMoW,True
Co9Fe6Cu20Ni25Mn23,160.39658,CoCuFeMnNi,True
Fe14Cr5Cu6Co15Mn23,160.42477,CoCrCuFeMn,True
Cr17Fe6W13Cu9Co15,160.46014,CoCrCuFeW,True
Fe8Co13Mo5Ni8Cu21W25,160.48376,CoCuFeMoNiW,True
Ni5W9Fe19Cr19Mn17,160.48708,CrFeMnNiW,True
W20Cr24Mn18Co18Mo12,160.52087,CoCrMnMoW,True
Mo9Mn6Co12Ni17Cr9,160.54137,CoCrMnMoNi,True
Mo16Cr8Fe15Co22Cu14,160.58635,CoCrCuFeMo,True
Fe12Mo23Cr6Co23Ni22,160.5928,CoCrFeMoNi,True
Co6Fe11Cu19Mo13Mn25,160.60158,CoCuFeMnMo,True
Cr21Mo5Cu21W18Mn22,160.60942,CrCuMnMoW,True
Fe20Cr17Mn9Cu8Mo25,160.61115,CrCuFeMnMo,True
Cu19W11Fe18Co12Ni21,160.62196,CoCuFeNiW,True
Fe23Mo16Cr8Ni15Co24,160.6254,CoCrFeMoNi,True
Cu6W19Mn9Mo16Cr21Ni19,160.62808,CrCuMnMoNiW,True
Cr5W11Fe12Cu8Co23,160.62924,CoCrCuFeW,True
Cr15Mo24Fe12Cu23Mn22,160.62979,CrCuFeMnMo,True
Cu21Ni17Mn24Cr22Co25W16,160.68173,CoCrCuMnNiW,True
Cu17Co8Ni10W11Mo20,160.68716,CoCuMoNiW,True
Mo5W21Ni9Cr19Cu20,160.68823,CrCuMoNiW,True
Mo8Cr21Ni8Mn6Co23,160.69083,CoCrMnMoNi,True
W23Cu15Cr17Ni20Mo21,160.71405,CrCuMoNiW,True
Mo21Mn20W6Cr17Fe5,160.74371,CrFeMnMoW,True
Mo16Fe24Cr15Cu8Mn5,160.76404,CrCuFeMnMo,True
Cr14Fe24Cu5Mo10W16,160.80576,CrCuFeMoW,True
Ni24Cr6Mo10W10Co7,160.82773,CoCrMoNiW,True
Cu13Co25W25Cr14Mo21,160.83517,CoCrCuMoW,True
Fe7Cu15W20Cr8Ni17,160.86218,CrCuFeNiW,True
Mo22Mn11W18Fe13Co16Ni14,160.86456,CoFeMnMoNiW,True
Co25Mo22Ni22Mn19Fe21,160.91455,CoFeMnMoNi,True
Co20Cu10Mo18Fe21Ni6,160.92322,CoCuFeMoNi,True
Fe18W22Cu9Mn15Co16Cr8,160.93835,CoCrCuFeMnW,True
Fe7Co24W12Mn14Cu22Mo20,160.96643,CoCuFeMnMoW,True
Cu19Ni22Fe9Mo20Cr20,160.96649,CrCuFeMoNi,True
Ni12Mn23W15Cu24Co25Cr14,160.97418,CoCrCuMnNiW,True
Ni11Cu10Fe18Mo7W23,160.97818,CuFeMoNiW,True
Co14Cu14W24Cr19Mo7,160.9802,CoCrCuMoW,True
Fe21Mo16Co19Mn9Ni15,160.99008,CoFeMnMoNi,True
Mo5Mn8Ni22Co19Fe25,160.99399,CoFeMnMoNi,True
Ni20Mn6Mo19Cr24Co23,161.00137,CoCrMnMoNi,True
Ni16W24Mo24Co20Cu13,161.00658,CoCuMoNiW,True
Mo10Ni25Mn8Fe7W18Co11,161.01965,CoFeMnMoNiW,True
Fe20Ni18Mo9Cr7Co9,161.03513,CoCrFeMoNi,True
W12Cr20Co21Cu6Mo8,161.04327,CoCrCuMoW,True
Mo11Mn16W11Ni18Fe25,161.04788,FeMnMoNiW,True
Cr13Mo9Mn10Cu24Fe16,161.0486,CrCuFeMnMo,True
Cr25Co19Mn9Mo24Ni16,161.05649,CoCrMnMoNi,True
Cu11Mo14Co8W14Ni19,161.07309,CoCuMoNiW,True
Cu11Ni7Mo14Cr18Mn14,161.09955,CrCuMnMoNi,True
W24Cu11Fe23Co14Cr8,161.10715,CoCrCuFeW,True
Ni17Co14Mn25Cr6Mo22,161.11163,CoCrMnMoNi,True
Co12Cr8Ni14Cu21Mo24,161.11363,CoCrCuMoNi,True
Co25Cr6Cu24Ni24Mn7,161.12004,CoCrCuMnNi,True
Fe23Mn9Mo13W8Co17,161.13895,CoFeMnMoW,True
Mo14Ni17Fe18Mn9Co15,161.15244,CoFeMnMoNi,True
Co18Ni6Fe6Mo13W17,161.16563,CoFeMoNiW,True
Cr10Cu18Mo12Co16Fe24,161.16782,CoCrCuFeMo,True
Cu13Mo12Co17Cr9W25Mn14,161.16801,CoCrCuMnMoW,True
Mo24Cr22Mn5W22Cu15Co13,161.17273,CoCrCuMnMoW,True
Ni9Cu25W18Cr13Mo16,161.17816,CrCuMoNiW,True
Mn19Fe22W25Cr15Mo5,161.19803,CrFeMnMoW,True
Fe16Mo14Cr7Co14Cu16,161.228,CoCrCuFeMo,True
Fe22Cu6Mo19W16Cr8,161.23746,CrCuFeMoW,True
Cu10Mo18W23Fe10Co13,161.24036,CoCuFeMoW,True
Mo13Cu8Co19Fe22Cr7,161.25839,CoCrCuFeMo,True
Cr13Co14Mo15Mn23Cu9,161.26251,CoCrCuMnMo,True
Co16Fe19W13Cu5Cr5,161.2904,CoCrCuFeW,True
Cr18Fe6W10Mo8Co6,161.31773,CoCrFeMoW,True
Cr22Cu15Mo18Co6Mn18,161.31775,CoCrCuMnMo,True
Fe17Cu23Mo23Cr10Ni19,161.32104,CrCuFeMoNi,True
W24Ni24Cr18Co8Fe8,161.32622,CoCrFeNiW,True
Cr17Mo16Cu10Mn20Ni15,161.32947,CrCuMnMoNi,True
Mn8Mo10Cu11Cr17Co6,161.34001,CoCrCuMnMo,True
Mo21W25Mn15Co16Cr18Cu13,161.34093,CoCrCuMnMoW,True
Cu16Co14Ni8Cr5Mn24,161.34534,CoCrCuMnNi,True
Ni14Cr6Cu15Mo21Fe12,161.35492,CrCuFeMoNi,True
Mo5Fe6W20Cr9Cu17,161.35634,CrCuFeMoW,True
Mn7Co18Fe22W10Mo6,161.36432,CoFeMnMoW,True
W13Mn6Cr25Mo9Co20,161.39847,CoCrMnMoW,True
Fe10Cr10Cu20Mo17Mn20,161.40587,CrCuFeMnMo,True
Mn23W6Co7Cr23Mo21,161.4104,CoCrMnMoW,True
Mn7Cu18Mo10Cr22W24Co6,161.4301,CoCrCuMnMoW,True
Co8Cr9Mn24W19Fe6Cu18,161.45735,CoCrCuFeMnW,True
Fe19Co22Cu5Mo10W21,161.47388,CoCuFeMoW,True
Ni16Mo25W9Co5Cr18,161.48228,CoCrMoNiW,True
Cu13W23Mo22Cr25Co25,161.49593,CoCrCuMoW,True
Cu17Fe8Co25Cr20Mo18,161.53705,CoCrCuFeMo,True
Mn13Mo12Cu11Cr15Co13,161.53833,CoCrCuMnMo,True
Fe15Ni20Cr9Cu17Mo20,161.54967,CrCuFeMoNi,True
Co13Mn13Cu18W11Ni13Cr14,161.57326,CoCrCuMnNiW,True
Mo14Cu15Fe14Mn12Cr6,161.57361,CrCuFeMnMo,True
Cu21Mn9Co8Cr25Mo5,161.59842,CoCrCuMnMo,True
Mo6Co22Cu15Fe23Mn15,161.60184,CoCuFeMnMo,True
Fe17Mo7Co6Cr11Cu22,161.61682,CoCrCuFeMo,True
Mo8Cr16Mn5Ni21Co12,161.61996,CoCrMnMoNi,True
Fe6Co17W25Ni10Mo19,161.62776,CoFeMoNiW,True
Cr17Co17Cu10Mn16Mo14,161.6354,CoCrCuMnMo,True
Cr8Mo23Cu5Fe13Mn15,161.64655,CrCuFeMnMo,True
Cr7Cu23Mn15Fe20Mo10,161.64731,CrCuFeMnMo,True
Mn8Cr23Ni24Co24W13Cu16,161.66841,CoCrCuMnNiW,True
Mo18Ni9Co15Fe18Cu23,161.67265,CoCuFeMoNi,True
Cu9W19Co12Mo7Ni18,161.70474,CoCuMoNiW,True
Co16Fe18Ni22Mo8Mn10,161.70627,CoFeMnMoNi,True
Mn14Cr19Co23Ni16Mo25,161.71848,CoCrMnMoNi,True
Cu16Cr20W23Mn15Co16Fe7,161.72552,CoCrCuFeMnW,True
Mn11Cu22Mo12Cr23Co15,161.72882,CoCrCuMnMo,True
Ni22Fe25Mn10Co23Mo9,161.73178,CoFeMnMoNi,True
Cu14Fe14Co7W14Cr23,161.7369,CoCrCuFeW,True
Mo13Fe11Co8Ni6Cu15,161.73761,CoCuFeMoNi,True
Ni19W15Mn9Mo9Cu18Fe9,161.73831,CuFeMnMoNiW,True
W11Mn24Ni21Fe10Cr23,161.73853,CrFeMnNiW,True
Mo13Co9Ni24Fe21Cu16,161.74207,CoCuFeMoNi,True
Ni20Fe19Mo15Cu18Cr10,161.74391,CrCuFeMoNi,True
Mo7Fe25Mn7Cu15Cr11,161.76035,CrCuFeMnMo,True
W8Fe9Ni19Cu14Co12,161.77222,CoCuFeNiW,True
Mo5Mn16Co9Cu16Cr8,161.77383,CoCrCuMnMo,True
Fe19Mn9Mo15Cr14W16,161.78075,CrFeMnMoW,True
Mn5Cr24Mo18Ni18Co20,161.78711,CoCrMnMoNi,True
Fe14Mo22Cu16Mn8Cr25,161.78848,CrCuFeMnMo,True
W21Mo7Cr25Mn15Ni21,161.79318,CrMnMoNiW,True
Ni25Cr14Mo7Co9Mn10,161.8007,CoCrMnMoNi,True
Co9Mo21Ni12Cr13Mn13,161.81607,CoCrMnMoNi,True
Ni22Cr9Fe20Mn6Mo18,161.8241,CrFeMnMoNi,True
Mn6Mo6Cr5Co17Fe21,161.8293,CoCrFeMnMo,True
W12Mo22Cr23Cu23Mn22,161.86827,CrCuMnMoW,True
Mo16Mn21Cr19Co20W18,161.86996,CoCrMnMoW,True
Cu25Fe11Co11Mo6Cr16,161.87543,CoCrCuFeMo,True
Mn10Cr7Mo16Ni21Fe9,161.89474,CrFeMnMoNi,True
Cu18Co24Cr7W16Ni12,161.9053,CoCrCuNiW,True
Fe24Cu6Cr12Ni25Mo9,161.94885,CrCuFeMoNi,True
Cr6Mo21Fe9Mn9Ni19,161.96103,CrFeMnMoNi,True
Mn8Co16Ni23Cr23Cu8W6,161.97694,CoCrCuMnNiW,True
Ni25Fe19Cr9Co10Mo11,161.98335,CoCrFeMoNi,True
Mo13Cr22Fe5W25Cu13Mn9,161.98523,CrCuFeMnMoW,True
Ni10Cr10Cu16Mn19Mo10,161.98975,CrCuMnMoNi,True
Mo13Cu5Cr23Ni12Mn12,161.99927,CrCuMnMoNi,True
Ni23Fe18Mo16Co22Cu10,162.03128,CoCuFeMoNi,True
Mn16Cr22Cu22Ni23Mo14,162.04042,CrCuMnMoNi,True
Cu18Mn20Mo6Fe14Ni15,162.07062,CuFeMnMoNi,True
W21Mo13Mn15Fe22Cr14,162.08902,CrFeMnMoW,True
Fe23Co12Mn14Mo22Ni23,162.09622,CoFeMnMoNi,True
Cu18Cr16Mn19Ni12Mo15,162.10123,CrCuMnMoNi,True
Fe10Cu19Ni8W20Mo22,162.14595,CuFeMoNiW,True
Mo12Ni12W24Fe9Cr16,162.1467,CrFeMoNiW,True
Mo9Mn21Cr12Ni19Cu23,162.16382,CrCuMnMoNi,True
Mn21Mo20Cu23Fe9Cr20,162.19107,CrCuFeMnMo,True
Fe13Ni15W10Cu18Co11,162.19983,CoCuFeNiW,True
Mn12Cu24Fe10Cr21Mo15,162.22044,CrCuFeMnMo,True
Co13W6Ni15Cr19Mn13,162.22046,CoCrMnNiW,True
Co16W6Mo20Cu16Fe7Mn18,162.22887,CoCuFeMnMoW,True
Mn19Cu25Cr14Mo10Co23,162.23883,CoCrCuMnMo,True
Cu15Co25W13Ni9Mo19,162.24089,CoCuMoNiW,True
Co20Mn14Ni15Mo15Cr9,162.24883,CoCrMnMoNi,True
Mn11Fe20Mo10Ni11Co23,162.26569,CoFeMnMoNi,True
Cr24Ni20W12Mo13Co5,162.2733,CoCrMoNiW,True
Cu25Fe22Cr14Mn10Mo15,162.2922,CrCuFeMnMo,True
Mn9Mo21Cr23Ni9Co22,162.30182,CoCrMnMoNi,True
Cr10W19Ni10Mo19Cu25,162.30974,CrCuMoNiW,True
Cr10Mn9Mo7Ni22W9,162.34674,CrMnMoNiW,True
Mo8Co24Cr12Fe23Cu8,162.3534,CoCrCuFeMo,True
Mo9Co21W5Mn5Ni10Cu12,162.36649,CoCuMnMoNiW,True
Fe11Co10W5Mo10Mn12,162.36674,CoFeMnMoW,True
Mo15Mn13Cr8Ni14Co15,162.38889,CoCrMnMoNi,True
Cr10Fe12Ni20Cu5Mo5,162.39633,CrCuFeMoNi,True
W7Cr17Ni20Co21Cu7,162.41718,CoCrCuNiW,True
Cu19Mo10Mn10Co23Cr23,162.4203,CoCrCuMnMo,True
Cr5Mo8Fe8W20Co11,162.43192,CoCrFeMoW,True
Mo13Cr23W19Cu16Co12,162.4377,CoCrCuMoW,True
Mo8Cr12Ni19Mn8Co8,162.43929,CoCrMnMoNi,True
Mo8Cu7Ni23W25Fe20,162.44098,CuFeMoNiW,True
Mo8W18Cu21Cr10Co8,162.446,CoCrCuMoW,True
Mo22Ni17Cr7Fe22Mn8,162.46735,CrFeMnMoNi,True
Cr20Cu8Mo16Ni20Mn19,162.48653,CrCuMnMoNi,True
Cu14Mn14Cr20Mo10Co24,162.50589,CoCrCuMnMo,True
Cu24Mn12Ni20W8Cr24Co7,162.51727,CoCrCuMnNiW,True
Mn15Mo13Co5Cu9Cr14,162.53549,CoCrCuMnMo,True
Fe14Cu13W24Cr13Mo21,162.5708,CrCuFeMoW,True
Mn25Co10Mo8Ni22Cu23,162.57175,CoCuMnMoNi,True
Mn15Cu5Mo13Ni12Fe20,162.60394,CuFeMnMoNi,True
Mn9W6Ni16Co24Cr12,162.60892,CoCrMnNiW,True
Mo5Co21Cr11Ni14Fe20,162.62332,CoCrFeMoNi,True
Mn21W18Ni23Cr6Fe21Cu5,162.64108,CrCuFeMnNiW,True
Ni15Cr16Mo8Cu23Co20,162.6519,CoCrCuMoNi,True
Cu25Fe17Cr21Mn9Mo19,162.6581,CrCuFeMnMo,True
Co16Mo5Cu16Mn8Cr11,162.65991,CoCrCuMnMo,True
Fe9Co23Cu19Mo17Cr22,162.66812,CoCrCuFeMo,True
Cu20Ni11Co9Mo8Fe18,162.68823,CoCuFeMoNi,True
Mn9Co16Ni16Mo21Cr21,162.7096,CoCrMnMoNi,True
Mn8Mo16Ni16Co24Cr21,162.71005,CoCrMnMoNi,True
Mo8Co25Mn7Ni12Cr20,162.72644,CoCrMnMoNi,True
Fe22Cr12Mn16Ni25W17,162.7265,CrFeMnNiW,True
Cr10Cu12Co24Fe22Mo15,162.72891,CoCrCuFeMo,True
Mo12Mn13Fe7Cu22Cr21,162.74931,CrCuFeMnMo,True
Fe24Mn15Cr24W17Ni18,162.75789,CrFeMnNiW,True
Cr20Fe10Co23Cu22Mo22,162.76407,CoCrCuFeMo,True
Fe15Co8Mo10Ni14Cr5,162.77515,CoCrFeMoNi,True
Cu22Ni14Mo14W7Co22Mn19,162.8183,CoCuMnMoNiW,True
Cr8Mo18Cu24Mn24W7,162.83377,CrCuMnMoW,True
Cu23Mn17Cr5Fe5Ni18W17,162.8458,CrCuFeMnNiW,True
Ni16Cu9Mn5Cr5Co19,162.85425,CoCrCuMnNi,True
Mo8Cr17Mn11Cu19Co23,162.86371,CoCrCuMnMo,True
Cu17Mo10Cr12Mn15Ni12,162.8897,CrCuMnMoNi,True
Ni5Fe22Mn24W8Cr14,162.89975,CrFeMnNiW,True
Mn8Cu5Mo7Ni14Cr20,162.91489,CrCuMnMoNi,True
Mn18Fe19Ni15Mo14Cu15,162.9408,CuFeMnMoNi,True
Mn15Fe15Cu22Mo22Cr17,162.94281,CrCuFeMnMo,True
Mo9Ni6Fe22Co22Cr8,162.95883,CoCrFeMoNi,True
Co24W15Mo13Cr22Mn6,162.96405,CoCrMnMoW,True
Mn5Ni17Mo11Cr8Fe24,162.99603,CrFeMnMoNi,True
Mo22W18Fe6Cr22Ni14,163.00586,CrFeMoNiW,True
Cu11Co11Ni23Cr14W11Mn23,163.01367,CoCrCuMnNiW,True
Cr22W17Fe12Ni21Mn7Cu8,163.0248,CrCuFeMnNiW,True
Cr21Mo15Cu25Co24Mn20,163.03896,CoCrCuMnMo,True
Cu7W18Cr21Fe21Mo24,163.04236,CrCuFeMoW,True
Fe9Mn16Mo21Cr14Cu9,163.05098,CrCuFeMnMo,True
Mn9Ni21Cr14Co6Mo11,163.05502,CoCrMnMoNi,True
Cu13Cr24Mn20Co11Mo19,163.06349,CoCrCuMnMo,True
Fe12Cr22Mn10Cu14Mo21,163.08759,CrCuFeMnMo,True
W22Mn22Mo17Cr22Co25,163.08916,CoCrMnMoW,True
Cu17Ni20Mn19Mo13Cr17,163.10294,CrCuMnMoNi,True
Mo7W23Cr21Mn22Fe14,163.10767,CrFeMnMoW,True
Mn24Co17Cr15Mo11W15,163.11516,CoCrMnMoW,True
Cr24Cu17Mn16Mo15Co17,163.1193,CoCrCuMnMo,True
Ni23Fe8Cr11Mo9Co10,163.12694,CoCrFeMoNi,True
Mn6Mo19Cr7Fe16Co21,163.14578,CoCrFeMnMo,True
Cr8Mn23Co18W10Fe8,163.14963,CoCrFeMnW,True
Co23Ni11Cr24W22Mo25,163.155,CoCrMoNiW,True
Mn5Cr9Mo23Fe24Co19,163.17621,CoCrFeMnMo,True
Fe16Mo14Co20Ni23Mn19,163.17792,CoFeMnMoNi,True
Mo21Ni20Cr11Mn5Fe8,163.18536,CrFeMnMoNi,True
Co15Mn22Mo9Cu19Cr11,163.18689,CoCrCuMnMo,True
Cu19Mn21Mo16Ni15Cr18,163.18692,CrCuMnMoNi,True
Ni18Mn20Mo14Cu23Cr18,163.23074,CrCuMnMoNi,True
Co12W9Cu24Mn6Mo14Ni18,163.23953,CoCuMnMoNiW,True
W22Co18Fe6Cu21Cr22,163.25082,CoCrCuFeW,True
Cr14Mn23Cu24Fe11Mo18,163.26816,CrCuFeMnMo,True
W7Cu16Ni8Cr19Co18,163.28558,CoCrCuNiW,True
Cu25W17Ni24Co19Fe13,163.29247,CoCuFeNiW,True
Mn14Mo6Ni24Co23Cr8,163.33653,CoCrMnMoNi,True
Mo20Mn15Cu24W9Co20Ni25,163.3487,CoCuMnMoNiW,True
Mn8Fe24Ni14Mo5Co15,163.37604,CoFeMnMoNi,True
Co12Cr13Mn11Ni5Mo19,163.40175,CoCrMnMoNi,True
Cu7Fe18W24Mo24Ni21,163.41739,CuFeMoNiW,True
Ni14Cr18Mn23Mo17Cu10,163.42899,CrCuMnMoNi,True
Mo21Mn23Ni7Fe8Co14,163.46349,CoFeMnMoNi,True
Mo24W23Cu21Cr25Co15,163.46887,CoCrCuMoW,True
Ni15Mo6Cu7Co19Mn20,163.50807,CoCuMnMoNi,True
Cr20W11Co8Ni11Mo13,163.52989,CoCrMoNiW,True
Mo23Cu12Mn17Fe21Cr9,163.53076,CrCuFeMnMo,True
Cu22Mo12Ni14Mn8Fe11W14,163.5373,CuFeMnMoNiW,True
Mn12Co13Cr18Mo11Cu15,163.55615,CoCrCuMnMo,True
Ni6Cr8Mn18Co15Mo20,163.57246,CoCrMnMoNi,True
Cr21Mn25Cu23Ni12Mo19,163.57365,CrCuMnMoNi,True
Cr7Fe25Co10Ni12Mo7,163.59106,CoCrFeMoNi,True
Cr8Fe25Ni19Cu18Mo23,163.5998,CrCuFeMoNi,True
Cu17Mn20Cr12Ni12Mo11,163.61841,CrCuMnMoNi,True
Fe24Mn5Co22Cr7Ni25,163.63063,CoCrFeMnNi,True
Cu11W20Cr13Mo19Mn21Ni13,163.65666,CrCuMnMoNiW,True
Ni12Co7Cr16Fe17W25,163.69778,CoCrFeNiW,True
Fe17Cr10W24Cu15Ni11,163.69986,CrCuFeNiW,True
Ni24Cr6Mo14Mn14Fe13,163.706,CrFeMnMoNi,True
Cr15Mn13Co16Cu15Mo10,163.70824,CoCrCuMnMo,True
Cr18Mo10Cu20Co12Mn12,163.71472,CoCrCuMnMo,True
Fe25Cr16Mn6Cu21Mo12,163.72534,CrCuFeMnMo,True
Ni8Cr15Cu18Mo6Fe5,163.73285,CrCuFeMoNi,True
Mo7Cu7Mn25Ni23Fe14,163.74348,CuFeMnMoNi,True
Ni14Cu9W10Cr12Co15,163.76071,CoCrCuNiW,True
Ni18W9Cr21Mo24Cu9,163.76443,CrCuMoNiW,True
Ni18W25Cu15Mo10Cr8,163.76604,CrCuMoNiW,True
Mo12Cu18Mn14Cr17Ni9,163.77603,CrCuMnMoNi,True
Fe16Cr17Mn10W7Cu23,163.79987,CrCuFeMnW,True
Cu12Cr5Fe21Ni22Mn6,163.80771,CrCuFeMnNi,True
Mn8Cr20Mo18Co16Ni13,163.81421,CoCrMnMoNi,True
Mn16Co13Fe18Mo11W8,163.81914,CoFeMnMoW,True
Mn12Fe23Mo8Co25Ni23,163.83052,CoFeMnMoNi,True
Co14W19Mo23Ni12Cr16,163.85043,CoCrMoNiW,True
Cr16Co25Mo8Ni13Fe10,163.86877,CoCrFeMoNi,True
Mo5Fe5Cu23W11Ni5Co12,163.87106,CoCuFeMoNiW,True
Mn15W19Fe20Co18Cr17,163.87286,CoCrFeMnW,True
Cr16Ni6W23Fe25Co12,163.8873,CoCrFeNiW,True
Mn12Cu18Cr12Fe20Mo19,163.89023,CrCuFeMnMo,True
Co6Cu13Fe25Mo18Ni10,163.89249,CoCuFeMoNi,True
Ni23W15Mo5Cr16Mn10,163.89944,CrMnMoNiW,True
Cu23Fe8Mo20Cr11Ni9,163.91385,CrCuFeMoNi,True
Cu14Fe21W24Co10Cr16,163.93076,CoCrCuFeW,True
Cu11Mo19W9Cr14Ni9,163.934,CrCuMoNiW,True
Ni15Mn11Cr13Co24Mo9,163.97891,CoCrMnMoNi,True
Ni17Co23Mo16Fe9Cr16,163.98242,CoCrFeMoNi,True
W22Fe21Co7Mn14Cu15Cr25,163.98381,CoCrCuFeMnW,True
Ni18Fe19Mo9Mn24Cu23,163.98633,CuFeMnMoNi,True
Mo19Ni13Fe16Cu5Co16,163.99066,CoCuFeMoNi,True
W6Mn22Mo10Co15Cu12Ni25,163.99725,CoCuMnMoNiW,True
Mn7Mo6Co16Ni10Fe19,164.03107,CoFeMnMoNi,True
Co20Ni8Mn20Mo18Cr7,164.0409,CoCrMnMoNi,True
Mn25W9Cu18Cr11Mo9,164.04932,CrCuMnMoW,True
Ni22Fe15W15Mn11Mo7Cu10,164.05295,CuFeMnMoNiW,True
Fe25Mn18Cr7Co11W17Cu7,164.0564,CoCrCuFeMnW,True
Mn15Cu10Fe13Cr10Mo20,164.05856,CrCuFeMnMo,True
Ni17Cu14Mn24Cr14W24Fe12,164.06299,CrCuFeMnNiW,True
Ni14Cu8Co20W17Mo7,164.0656,CoCuMoNiW,True
Mo24Ni13Co15Cr18Mn14,164.07245,CoCrMnMoNi,True
Cr5Ni16Co14W24Mo23,164.07523,CoCrMoNiW,True
Cr16W15Cu25Co24Ni11,164.08212,CoCrCuNiW,True
Co9Mo11Cu20Ni20W23,164.0903,CoCuMoNiW,True
Cr25Cu22Mn6Fe17Mo17,164.10413,CrCuFeMnMo,True
Mo7Cr13Mn19Co25Cu22,164.10995,CoCrCuMnMo,True
Mo18Fe14Ni19Co9Mn15,164.11084,CoFeMnMoNi,True
Co21Cu12Mn15Cr18Mo11,164.11539,CoCrCuMnMo,True
Mo8Cu8Fe6Ni10Cr7,164.18875,CrCuFeMoNi,True
Cu7W6Mo16Co15Cr21,164.20738,CoCrCuMoW,True
Fe21W16Co11Mo15Cu7,164.22177,CoCuFeMoW,True
Cr25Cu24Ni22Co13W13,164.24115,CoCrCuNiW,True
Mo5W19Co5Fe14Cu19,164.24693,CoCuFeMoW,True
Co17Mn8Ni19Mo17Cr21,164.26321,CoCrMnMoNi,True
W24Mo22Co19Cr23Cu17,164.26529,CoCrCuMoW,True
Mo16Ni14Fe6Cr21Cu22,164.27435,CrCuFeMoNi,True
Mo17W12Ni13Mn23Fe11Cu22,164.27438,CuFeMnMoNiW,True
Cr24W24Mn17Ni11Mo23Co7,164.27779,CoCrMnMoNiW,True
Cr18W8Mn12Co11Mo20,164.27838,CoCrMnMoW,True
Mn7Mo18Cr10Ni20Fe13,164.28316,CrFeMnMoNi,True
Mo5Mn24Fe13Cu21Co14,164.31378,CoCuFeMnMo,True
Cu6Ni13Co23Cr17Fe7W24,164.33847,CoCrCuFeNiW,True
W8Fe12Co18Mo6Mn23,164.34018,CoFeMnMoW,True
Cu21Ni13Cr24Mo13Mn13,164.37616,CrCuMnMoNi,True
Cr14Mn18Fe7Mo6W11,164.39066,CrFeMnMoW,True
Cu25Fe10Mo14Cr25Mn13,164.40076,CrCuFeMnMo,True
Co20Mn5Ni16Cr20Mo12,164.40576,CoCrMnMoNi,True
Cr23Mo22Mn9Ni15Co7,164.40736,CoCrMnMoNi,True
Co19Fe8Cr7W16Cu10,164.4115,CoCrCuFeW,True
Mo11Cr16Cu18Fe12Co19,164.4226,CoCrCuFeMo,True
Cu13Fe20Mo16Mn8Cr12,164.43552,CrCuFeMnMo,True
Co21Mo8W17Cr20Ni6,164.44334,CoCrMoNiW,True
Mo23W8Mn5Ni9Co25Fe6,164.4512,CoFeMnMoNiW,True
Co8Mo16Fe5Ni8W17,164.4541,CoFeMoNiW,True
Mn7Mo7Fe12Cr17Cu20,164.46939,CrCuFeMnMo,True
Co13Fe5Mn23Cr5Ni15Cu14,164.48282,CoCrCuFeMnNi,True
Mo5Fe22Ni12Cu6Co17,164.4895,CoCuFeMoNi,True
Mo21W23Fe5Cu13Ni10Co23,164.49112,CoCuFeMoNiW,True
Mo16Fe25Mn12Ni21Cr5,164.50748,CrFeMnMoNi,True
Fe15Mo24Mn16Cr22Cu23,164.51266,CrCuFeMnMo,True
Mn24Fe7Cr6Co11Ni22,164.51718,CoCrFeMnNi,True
Fe16Cr13Mo23Cu6Mn13,164.51823,CrCuFeMnMo,True
Cu13Fe20W9Cr23Ni6,164.54369,CrCuFeNiW,True
Cu16W5Ni10Mo24Cr25,164.5445,CrCuMoNiW,True
Cu23Mo19Cr14Fe12Mn23,164.5526,CrCuFeMnMo,True
Mo14W21Fe17Mn20Cr16,164.56935,CrFeMnMoW,True
Cu24Cr13Mo6Ni8Fe25,164.58185,CrCuFeMoNi,True
Mn12Mo17Cu15Fe8Cr21,164.58263,CrCuFeMnMo,True
Cr15Mo19Mn13Fe25Cu25,164.60913,CrCuFeMnMo,True
Mn23Fe16Cr18W15Ni19,164.61119,CrFeMnNiW,True
Cr11Mo10Ni5W12Co13,164.61246,CoCrMoNiW,True
Mn12Fe6Co19W5Cu19Mo21,164.61829,CoCuFeMnMoW,True
Ni14W9Cr11Co21Cu10,164.62773,CoCrCuNiW,True
Mn22Fe7Cu19Mo13Cr14,164.6278,CrCuFeMnMo,True
Cr5Co6Ni17Mo9Fe9,164.64986,CoCrFeMoNi,True
Fe13Cu19Co10Cr9Mo12,164.65305,CoCrCuFeMo,True
Ni24Mn14Co18Mo5Fe17,164.6625,CoFeMnMoNi,True
Cu18Fe19Cr6Mo23Co15,164.66872,CoCrCuFeMo,True
Mo24Cr22Co23Ni10Mn14,164.69162,CoCrMnMoNi,True
Fe8Mo23Cr9Mn25Cu10,164.69165,CrCuFeMnMo,True
Ni15Mo24Cr5Cu11Co11,164.69742,CoCrCuMoNi,True
Cr25Fe14Mn23Co9W11,164.7089,CoCrFeMnW,True
Co6Cr10W17Fe16Cu22,164.73462,CoCrCuFeW,True
Cr9Ni15Cu24Co25W14Mn16,164.73967,CoCrCuMnNiW,True
Mn22Ni23Mo17Co20Cu22W9,164.7548,CoCuMnMoNiW,True
Cu10Mo20W14Co10Cr6Mn22,164.75748,CoCrCuMnMoW,True
Co15Mo24Ni7Cr9Mn23,164.77386,CoCrMnMoNi,True
W25Cr17Cu10Co15Mn20Fe19,164.7919,CoCrCuFeMnW,True
Mo18Co6Mn23Cu21Cr22,164.80617,CoCrCuMnMo,True
Mn7Mo13Fe23Cu24Cr19,164.8648,CrCuFeMnMo,True
Cu13Cr5Fe13Co5Mo9,164.87717,CoCrCuFeMo,True
Mo13Mn16Co22Cu17Cr24,164.89908,CoCrCuMnMo,True
Cu15W8Co7Mo9Cr24,164.90933,CoCrCuMoW,True
Fe14Co16Cr9Cu19Mo18,164.91371,CoCrCuFeMo,True
Cr6Cu16Co5Mo22Ni14,164.9313,CoCrCuMoNi,True
Fe13Ni24Cu19Cr21Mo11,164.9369,CrCuFeMoNi,True
Fe11Co5Ni7W16Mo10,164.94598,CoFeMoNiW,True
Cr7Ni6Fe22Mo12W18,164.95572,CrFeMoNiW,True
W8Co19Cr17Ni17Mn5Cu10,164.97522,CoCrCuMnNiW,True
Fe12Cu13Co20W25Cr9,164.97745,CoCrCuFeW,True
Mn18W7Mo22Cr6Ni9Cu6,164.98871,CrCuMnMoNiW,True
Cr6Mn11Mo15Fe22Ni22,164.99254,CrFeMnMoNi,True
Mn22Mo21Cu20W18Ni22Fe22,165.00516,CuFeMnMoNiW,True
Mn17Fe6W23Mo14Cu13Cr8,165.0066,CrCuFeMnMoW,True
W9Cu15Ni23Mo20Co6,165.01416,CoCuMoNiW,True
Mo16Cr17Cu13Ni6Mn20,165.01842,CrCuMnMoNi,True
Cu21Co7Ni10Mo8Cr11,165.0208,CoCrCuMoNi,True
Mo16W11Fe24Mn21Ni22,165.05394,FeMnMoNiW,True
Mo8Fe17Cu21W8Mn13,165.05945,CuFeMnMoW,True
Mo8Mn14Fe10Cr6Cu15,165.06741,CrCuFeMnMo,True
Cu12Cr7Fe10Mn6Mo6,165.07404,CrCuFeMnMo,True
Mo10Co10Ni20Fe19Cu18,165.08682,CoCuFeMoNi,True
Mo13Co17Cu25Mn15Cr25,165.10757,CoCrCuMnMo,True
Fe12Mo12Mn19Cu14Co6,165.10799,CoCuFeMnMo,True
Co5Fe12W13Mo7Cu7,165.10828,CoCuFeMoW,True
Cr14Ni16Co15Mn21Mo25,165.11537,CoCrMnMoNi,True
Co20Ni6Fe25Mo8Cr9,165.11719,CoCrFeMoNi,True
Fe21Cr7Mo25Mn6Co21,165.13812,CoCrFeMnMo,True
Ni17Mo23Mn15Cr17Co12,165.14084,CoCrMnMoNi,True
Mn20Fe15Cr25Mo24W19,165.15483,CrFeMnMoW,True
Fe18Mo11Cr7Ni20Mn7,165.15942,CrFeMnMoNi,True
Mn14Cu9Mo9Ni14Cr12,165.16246,CrCuMnMoNi,True
Mo8Cu22Fe21Mn16Cr7,165.18507,CrCuFeMnMo,True
Co14Cr12Mn18Ni23Mo17,165.2,CoCrMnMoNi,True
Ni16W18Cu9Cr10Fe8Mn19,165.21075,CrCuFeMnNiW,True
Fe5Cr20Mo5Co22Ni18,165.22372,CoCrFeMoNi,True
Mo11Cr18Co5Mn16Cu20,165.23125,CoCrCuMnMo,True
Cr19Cu9Mn6W24Ni24Mo11,165.25856,CrCuMnMoNiW,True
Fe21Cu22Mo9Co24Ni19,165.27875,CoCuFeMoNi,True
Ni6Cr11W10Co19Mn25Cu22,165.2878,CoCrCuMnNiW,True
Co12W13Cr19Fe13Mn23,165.29141,CoCrFeMnW,True
Cr5Fe20Ni18Co18Mo23,165.29178,CoCrFeMoNi,True
Co6Mo7Cr10Mn8Cu6,165.30876,CoCrCuMnMo,True
Mn9Co19Fe24Mo13Ni12,165.31088,CoFeMnMoNi,True
Cr6Ni13Mn14Co9Mo12,165.31271,CoCrMnMoNi,True
Cr20Cu13Mo16Fe19Mn5,165.32227,CrCuFeMnMo,True
Cr24Cu11Mn13Co14Mo12,165.323,CoCrCuMnMo,True
W16Cr24Fe20Ni16Mn21,165.35158,CrFeMnNiW,True
Co18Mo14Cr17Mn23Cu11,165.35803,CoCrCuMnMo,True
Ni14Co5W13Fe6Mo6Cu5,165.35849,CoCuFeMoNiW,True
Cu18Fe13Mo15Co5W19,165.36368,CoCuFeMoW,True
Cr11Cu15Mo7Mn17Co17,165.3725,CoCrCuMnMo,True
W12Fe17Co11Mo21Cu5,165.37474,CoCuFeMoW,True
Mo23Mn10Co25Fe23Cr8,165.37933,CoCrFeMnMo,True
W13Cu23Ni17Mn5Co24Cr9,165.3942,CoCrCuMnNiW,True
Ni10Cu5Co19Mo17Fe24,165.42303,CoCuFeMoNi,True
Ni21Cu9Fe24Cr9Mo14,165.4306,CrCuFeMoNi,True
W12Co13Cr8Mo24Ni8,165.43488,CoCrMoNiW,True
Mn16Co16Cr22Ni24W8,165.44989,CoCrMnNiW,True
Cr12Cu18Ni15Mo15Fe12,165.4765,CrCuFeMoNi,True
Ni8Mn20W10Cr6Co23Cu22,165.481,CoCrCuMnNiW,True
Mn5Mo11Fe20Ni10Cr7,165.49698,CrFeMnMoNi,True
Mn6Cr9Cu11Fe18Mo5,165.52219,CrCuFeMnMo,True
Mn24Cr12Mo13Cu23Fe11,165.52362,CrCuFeMnMo,True
Fe20Cu17Mo9Ni11Mn13,165.5257,CuFeMnMoNi,True
Fe25Cu10Mo19Co7W7,165.5275,CoCuFeMoW,True
Mo12Ni6Fe10Co20Mn17,165.53467,CoFeMnMoNi,True
Ni16Co25Cu10Fe24Mo8,165.53839,CoCuFeMoNi,True
Cr18Mo11Mn12Cu16Fe6,165.54114,CrCuFeMnMo,True
Mn16Cr12Ni25Fe8Mo23,165.56793,CrFeMnMoNi,True
Mo14Cu23Fe23Mn24Ni16,165.59215,CuFeMnMoNi,True
Cr25Cu14Mn11Mo17Fe9,165.59677,CrCuFeMnMo,True
Co19W23Cr12Cu10Fe13,165.60263,CoCrCuFeW,True
Cu12Mo9Mn23Ni17Cr12,165.60907,CrCuMnMoNi,True
Cu9Mo21Co25Ni23Cr13,165.62057,CoCrCuMoNi,True
Mn5Fe17Ni16Cr6Mo5,165.62677,CrFeMnMoNi,True
Cu12Mo6W22Cr8Ni18,165.64117,CrCuMoNiW,True
Ni8Mn16Fe23Co18Mo25,165.65056,CoFeMnMoNi,True
Mo22Cr11Mn23Cu24Fe25,165.65143,CrCuFeMnMo,True
Cu10Co21W18Cr14Mo19,165.65175,CoCrCuMoW,True
Co17Ni18W24Cu23Cr9,165.67581,CoCrCuNiW,True
Co11Ni13Mo25Cu18W17,165.6775,CoCuMoNiW,True
Co9Mn5Fe10Cu23Cr7,165.70659,CoCrCuFeMn,True
Co18Mn9Mo13Cr18Ni24,165.71301,CoCrMnMoNi,True
Ni22Cr11Mo6Fe12Mn6,165.7366,CrFeMnMoNi,True
Cr7Mn8Mo19Ni8Fe25,165.76382,CrFeMnMoNi,True
Mn14Co11Cr6Cu25W7Ni13,165.76967,CoCrCuMnNiW,True
Fe5Mo18Ni17Co17Cr14,165.79916,CoCrFeMoNi,True
Cr19Mo23Mn20Cu7Fe8,165.80984,CrCuFeMnMo,True
Mn8Fe24Co13Cr5Ni24,165.82538,CoCrFeMnNi,True
W15Cu5Fe8Mn19Cr6Co19,165.82803,CoCrCuFeMnW,True
Fe8Mo15Cr8Cu7Mn15,165.83337,CrCuFeMnMo,True
Fe8W23Cu23Cr11Ni19,165.86118,CrCuFeNiW,True
W13Cu6Co21Ni18Mo19,165.86774,CoCuMoNiW,True
Mo12Cu14Fe13Ni22Cr14,165.8777,CrCuFeMoNi,True
Ni17W12Mn8Fe18Cr13,165.87953,CrFeMnNiW,True
Cu21Ni15Mn25Cr10Fe5,165.88458,CrCuFeMnNi,True
Mn25Ni16Co20Cr7Mo14,165.88753,CoCrMnMoNi,True
Mo11Ni23W15Cr18Mn10,165.89053,CrMnMoNiW,True
Ni22Mo12Fe18Mn12Co13,165.89128,CoFeMnMoNi,True
Fe14Cr19Cu19Mo14Co23,165.89465,CoCrCuFeMo,True
Cr21Mn24Fe8Mo20Cu16,165.9029,CrCuFeMnMo,True
Mn9Mo18Cr22Cu8Fe11,165.90327,CrCuFeMnMo,True
Cu6Ni11Mn15Mo5W11Fe13,165.9049,CuFeMnMoNiW,True
Ni20Cr8Mo25Co8Cu15,165.93707,CoCrCuMoNi,True
Mo21Co8Ni24Cu17Fe24,165.94252,CoCuFeMoNi,True
Cu25Mo25Mn23Cr9W6,165.95924,CrCuMnMoW,True
Mo7Ni5Co22Cr10Mn14,165.9784,CoCrMnMoNi,True
Mo19Cu20Fe11Mn16Cr23,165.99652,CrCuFeMnMo,True
Fe24W16Mn11Mo5Ni9Co6,166.01622,CoFeMnMoNiW,True
Cr16W21Fe22Cu8Co15,166.0238,CoCrCuFeW,True
Ni24Cr18Mo19Fe10Co19,166.02475,CoCrFeMoNi,True
Cr9Co11Mo18Ni19Mn22,166.02905,CoCrMnMoNi,True
Ni15Co21Mo19Mn13Cr19,166.0314,CoCrMnMoNi,True
Fe13Co25Ni15Mn22Mo8,166.0332,CoFeMnMoNi,True
Mo16Fe18Cu7Co20Ni18,166.0393,CoCuFeMoNi,True
Fe16Co19Ni12W11Cu18,166.05576,CoCuFeNiW,True
Cr13Cu16Mo15Co25Ni14,166.05785,CoCrCuMoNi,True
Co7W15Cr12Cu23Mo13,166.07788,CoCrCuMoW,True
Mn20Cu20Co25Mo13Cr22,166.08176,CoCrCuMnMo,True
Co24Mn24Cu18Fe22Mo9,166.08817,CoCuFeMnMo,True
Fe7Mo10Cu23Cr20Mn16,166.0936,CrCuFeMnMo,True
Mo24Mn11Fe25Cu14Cr20,166.09448,CrCuFeMnMo,True
Cu7Co20Cr20Mo7Mn12,166.12112,CoCrCuMnMo,True
Ni10Co20Mn11Fe17Mo9,166.13776,CoFeMnMoNi,True
Cu13Mn11Cr16Co21Fe6W20,166.16245,CoCrCuFeMnW,True
Cr10Cu25Mo24Fe19Ni16,166.17627,CrCuFeMoNi,True
Fe21W9Cu24Ni16Co15,166.17932,CoCuFeNiW,True
Mo15Co11Fe21Cr7Mn6,166.21149,CoCrFeMnMo,True
Cr18Fe6Ni14Mo12Co22,166.21709,CoCrFeMoNi,True
W23Ni9Cr15Fe10Co11,166.21832,CoCrFeNiW,True
W14Co21Mn22Fe6Cu5Cr8,166.22337,CoCrCuFeMnW,True
Cu20Cr22Mn19Fe10Mo18,166.25595,CrCuFeMnMo,True
Co11Mn20Ni20Fe6Cu10,166.30374,CoCuFeMnNi,True
Cr13Cu12Fe9Mn9Mo13,166.32858,CrCuFeMnMo,True
Cr21Mo19Co19Mn11Ni13,166.32935,CoCrMnMoNi,True
Fe11Mo5W21Mn7Co15Ni11,166.33667,CoFeMnMoNiW,True
Cu10Mo5Ni24Cr16Co18,166.35257,CoCrCuMoNi,True
Fe20W24Cr11Mo8Ni7,166.36945,CrFeMoNiW,True
Mn14Mo21Fe10Cu12Cr25,166.39171,CrCuFeMnMo,True
Mn5Co17Mo6Cr21Ni24,166.40576,CoCrMnMoNi,True
Co7Cr19Mo13Ni25W21,166.42406,CoCrMoNiW,True
Mo25Cr17Fe6Mn14Ni23,166.43153,CrFeMnMoNi,True
Cr12Fe17Mo15Ni22Cu16,166.43318,CrCuFeMoNi,True
Fe6Mo19Ni25Cr13Mn15,166.45233,CrFeMnMoNi,True
Cr19Co21Ni16Fe8Mo9,166.46454,CoCrFeMoNi,True
Ni10W25Cr24Fe14Mo5,166.46994,CrFeMoNiW,True
Mo25Co25Cu17Cr16Fe7,166.48288,CoCrCuFeMo,True
Cr8Ni14Mn17W12Fe25,166.48924,CrFeMnNiW,True
Ni16Mn11Cr19Fe22W14,166.51135,CrFeMnNiW,True
Fe8W18Ni10Co19Mo8Mn13,166.53748,CoFeMnMoNiW,True
Cu25Co19Cr7Ni14W18,166.54092,CoCrCuNiW,True
Ni25W8Mn20Cr8Co19,166.5589,CoCrMnNiW,True
Ni21Fe12Cu5Cr19W12,166.56052,CrCuFeNiW,True
Mn14Cr6Ni14W11Fe21,166.57477,CrFeMnNiW,True
Cr17Mn23Ni10Cu20Mo14,166.57768,CrCuMnMoNi,True
W21Fe9Cr7Cu9Ni13Co5,166.58118,CoCrCuFeNiW,True
Cr12Mn20Mo18Ni20Co20,166.58621,CoCrMnMoNi,True
Co25Fe10Mn12Mo12Cr10,166.5869,CoCrFeMnMo,True
Mo12Mn7Fe20Co15Cr6,166.58704,CoCrFeMnMo,True
Cr18Co20Mn20Mo13Cu10,166.58734,CoCrCuMnMo,True
Co13Mn7Ni12Mo15Cr22,166.61093,CoCrMnMoNi,True
Mo24Fe16Cu6Mn22Cr6,166.6405,CrCuFeMnMo,True
W5Mn14Fe15Mo10Cu17,166.65318,CuFeMnMoW,True
Co11Mo10Ni19Mn9Fe19,166.65382,CoFeMnMoNi,True
Fe23Co19Ni23Mo24Cr8,166.67998,CoCrFeMoNi,True
Co19Mo15Cr9Ni13Fe24,166.68582,CoCrFeMoNi,True
Mo14Ni13Cu17Mn23Fe18,166.69955,CuFeMnMoNi,True
Fe7Mo14Cr19Cu23Ni11,166.71062,CrCuFeMoNi,True
Mn6Co25Cr17Fe12Mo6,166.71579,CoCrFeMnMo,True
W16Co20Cr23Mn8Mo8,166.72229,CoCrMnMoW,True
Mo17Co5Fe5W19Cu16Ni16,166.74275,CoCuFeMoNiW,True
Fe5Ni23Cr17Mo19Mn10,166.75919,CrFeMnMoNi,True
Mn8Fe25Cr19Cu15Mo17,166.76039,CrCuFeMnMo,True
Mn9Ni18Cr24Co5Mo21,166.76245,CoCrMnMoNi,True
Mo20Fe13Co23Cr23Cu24,166.76517,CoCrCuFeMo,True
Mo14Cu21Fe8Mn17Ni23W13,166.77356,CuFeMnMoNiW,True
Mn14Fe19Ni21Co20Mo9,166.7763,CoFeMnMoNi,True
Cr22Fe21W21Mo18Mn12,166.79166,CrFeMnMoW,True
Mo6Fe17Ni19Mn8Cr6,166.79636,CrFeMnMoNi,True
Ni24Mn17Fe7Mo19Cr10,166.81139,CrFeMnMoNi,True
Fe9Ni22Mo16Mn7Cr15,166.81784,CrFeMnMoNi,True
W25Ni15Co14Cu17Mo17,166.81949,CoCuMoNiW,True
Mn21Ni19Mo17Co7Cr8,166.82469,CoCrMnMoNi,True
Mn6Cu23Cr10Fe13Co10W21,166.86476,CoCrCuFeMnW,True
Cr16Mo8Fe22W23Mn16,166.87312,CrFeMnMoW,True
Cr23Mo14Mn15Cu14Co10,166.8802,CoCrCuMnMo,True
Ni8Cu13Mn6Mo5Cr25,166.88708,CrCuMnMoNi,True
Ni18Mo12Co18Cr12Fe18,166.89398,CoCrFeMoNi,True
Fe13Cu21Mn12Cr13Mo6,166.89836,CrCuFeMnMo,True
Mn13Co24Ni22Cr14Mo11,166.90662,CoCrMnMoNi,True
Mo8Cu5Ni11Cr21Mn9,166.91785,CrCuMnMoNi,True
Co25Ni13Mo5Cr15Fe23,166.92352,CoCrFeMoNi,True
Mn19W6Co13Cr25Ni22,166.92372,CoCrMnNiW,True
Ni10Mo18Cu19W16Co12,166.93768,CoCuMoNiW,True
Fe25Ni19Mn7Cr13Mo21,166.94383,CrFeMnMoNi,True
Mn22Cu22Mo5Fe15Ni5,166.96375,CuFeMnMoNi,True
Fe16Ni19Mo19Cu12Co23,166.97086,CoCuFeMoNi,True
Co25Mo25Fe25W6Cu5Mn23,166.97406,CoCuFeMnMoW,True
Cu21Fe13Cr15Mo25Ni20,166.97882,CrCuFeMoNi,True
Co14Cr13Mo12Ni24Fe14,166.98709,CoCrFeMoNi,True
Ni7Mo8Cr12Mn15Cu16,166.99158,CrCuMnMoNi,True
Cr22Cu5Fe10Mn10Mo18,167.02678,CrCuFeMnMo,True
Mo14Mn25Co25Ni11Cr9,167.05011,CoCrMnMoNi,True
Cr16Cu19Co16Mn14Mo9,167.0586,CoCrCuMnMo,True
Mn13Fe10Cr10Mo5Cu18,167.0611,CrCuFeMnMo,True
W21Ni11Cr5Mo13Fe10,167.06335,CrFeMoNiW,True
Ni8Cu20Co19Mo23W17,167.07358,CoCuMoNiW,True
Fe13Co16Cr12Mo14Ni19,167.08109,CoCrFeMoNi,True
Mn24Cu19Cr18Mo13W11,167.09354,CrCuMnMoW,True
Cr18Co21Cu17Mo6Mn10,167.09897,CoCrCuMnMo,True
Fe12Mo11Ni24Cr9Mn13,167.13026,CrFeMnMoNi,True
Mn13Fe17Ni22Mo21Cr8,167.13492,CrFeMnMoNi,True
Fe6Ni21W25Cr12Cu19Co6,167.15399,CoCrCuFeNiW,True
Mn21Co25Ni15Cr18Mo23,167.1887,CoCrMnMoNi,True
Cu6W8Mo25Co13Fe9,167.18872,CoCuFeMoW,True
Mn7Co16Cr21Ni24Mo9,167.18958,CoCrMnMoNi,True
Cu20Ni6Mo5Co22Mn23,167.19302,CoCuMnMoNi,True
Mn25Cu22W12Fe15Ni9Mo16,167.20053,CuFeMnMoNiW,True
Mo11Cr19Co12Cu22Fe6,167.21503,CoCrCuFeMo,True
Cr13Fe22W19Mn21Ni12Cu9,167.21562,CrCuFeMnNiW,True
Mn12Co5Ni11Cr6Mo10,167.2247,CoCrMnMoNi,True
Ni16Mn19Cr12W10Fe10,167.23573,CrFeMnNiW,True
Fe20Ni25Cu20Mo14Co13,167.24664,CoCuFeMoNi,True
Mo23Cu23Fe15Mn24Cr19,167.24902,CrCuFeMnMo,True
Ni18Mn15W11Cr20Mo20,167.25029,CrMnMoNiW,True
Cu21Ni12Mo13Fe20Cr11,167.28207,CrCuFeMoNi,True
Cu5Co5Mo12W22Cr15Ni21,167.30576,CoCrCuMoNiW,True
Co19Ni17Mn9Mo17Cr25,167.30618,CoCrMnMoNi,True
Ni8Co23Mo21Fe7Mn20W10,167.31906,CoFeMnMoNiW,True
Mn9Fe9Mo10Cr24Cu17,167.332,CrCuFeMnMo,True
Mo7Fe21Ni18Co15Mn9,167.3475,CoFeMnMoNi,True
Cr12Fe12Cu14Mo19Mn24,167.35521,CrCuFeMnMo,True
Mo15Fe16Cu25Ni19W19Mn22,167.37204,CuFeMnMoNiW,True
Ni11Fe23Co8Mo17Cu21,167.38422,CoCuFeMoNi,True
Fe13W19Cr12Cu19Ni8,167.39514,CrCuFeNiW,True
Cr11Mo23Mn13Cu12Ni5W8,167.39642,CrCuMnMoNiW,True
Fe20Cr8Ni16Mo15Co14,167.40721,CoCrFeMoNi,True
Mn22Cr14Mo14Cu23Fe13,167.43265,CrCuFeMnMo,True
W5Cr23Fe11Mn5Ni15,167.4591,CrFeMnNiW,True
Co23Ni23Mo12Mn24Cr9,167.47073,CoCrMnMoNi,True
Co21Cr14Cu21Mo7Mn18,167.50049,CoCrCuMnMo,True
Co25Mo14Mn10Ni23Cr23,167.50154,CoCrMnMoNi,True
Co19Ni21Mo10Mn23Fe13,167.50421,CoFeMnMoNi,True
Mn12Mo14Fe11Ni22Cr9,167.50525,CrFeMnMoNi,True
Fe6W25Cr23Co20Mo23,167.5268,CoCrFeMoW,True
Co13Mo21W15Cu9Ni21,167.52786,CoCuMoNiW,True
Mo12Ni19W6Mn5Fe20,167.56181,FeMnMoNiW,True
Cr9Mn11Mo6Cu10Ni9,167.56549,CrCuMnMoNi,True
Co24Mo13Ni25Mn14Cr16,167.56616,CoCrMnMoNi,True
Fe22Cu20Co19Mn18W23Mo13,167.57527,CoCuFeMnMoW,True
Fe18Ni18Co23Mo14Mn18,167.58295,CoFeMnMoNi,True
Ni17Mo11Cr17Cu16Mn19,167.58716,CrCuMnMoNi,True
Cu15Cr11Mn24Co17Fe5,167.59407,CoCrCuFeMn,True
Mn12Cr18Ni8Mo18Co17,167.59653,CoCrMnMoNi,True
Co23Cu16Ni9Mo25Fe20,167.60094,CoCuFeMoNi,True
Mo7Cr19Mn6Co25Fe9,167.6152,CoCrFeMnMo,True
Mn12Mo15Cr6Fe17Co22,167.61925,CoCrFeMnMo,True
Fe19Cr11Cu8W20Ni22Mn15,167.6195,CrCuFeMnNiW,True
Mo21Mn19Cu21Cr14Fe23,167.62613,CrCuFeMnMo,True
Cu9Mo17Cr12Fe19Mn11,167.62656,CrCuFeMnMo,True
Mo8Ni20Cr10Fe11Mn7,167.63754,CrFeMnMoNi,True
Co5Fe7Mo8W8Cr20,167.66501,CoCrFeMoW,True
Ni22Mo25Fe11Mn17Cr5,167.67288,CrFeMnMoNi,True
Mo19Co21Cu15Cr11Ni16,167.69441,CoCrCuMoNi,True
Cu18Ni20Cr15Mn15Mo7,167.69466,CrCuMnMoNi,True
Ni9W22Co23Cr11Fe8,167.70663,CoCrFeNiW,True
Mo20Cu20Cr25W25Fe9,167.72993,CrCuFeMoW,True
W7Co17Ni22Mo16Cu5,167.73558,CoCuMoNiW,True
Fe20Co23Cr7W11Mn6,167.74994,CoCrFeMnW,True
Mo25Fe8Ni14Cr10Cu18,167.75262,CrCuFeMoNi,True
Fe13Cu17W12Co19Ni13,167.75443,CoCuFeNiW,True
Mo20Fe20Cr11Mn8Ni18,167.75546,CrFeMnMoNi,True
Cr15Co20Mn5W9Mo17,167.76285,CoCrMnMoW,True
Mo12Cu14Ni10Fe16Co21,167.76291,CoCuFeMoNi,True
Cu21Mn21Cr19Co21Mo11,167.77917,CoCrCuMnMo,True
Cr19Mn18Mo25Co17Ni7,167.78049,CoCrMnMoNi,True
Fe24Mo15Mn19Cu15Co16,167.78957,CoCuFeMnMo,True
Mo10Mn16Fe13W15Co10Cu21,167.80309,CoCuFeMnMoW,True
Co16Mn24W12Cr20Mo24,167.80579,CoCrMnMoW,True
Ni13Mo18Fe21Mn22Cu10,167.83823,CuFeMnMoNi,True
Mn8Mo11Cr13Fe19Cu17,167.8633,CrCuFeMnMo,True
W15Cu12Ni22Co17Cr8,167.87268,CoCrCuNiW,True
Mo10Fe22Cu23Mn25Ni21,167.91098,CuFeMnMoNi,True
Mn25Ni20Cr9Mo21Co7,167.9114,CoCrMnMoNi,True
Fe6Mo6Co18Cu12Cr17,167.92688,CoCrCuFeMo,True
Mo14Co7W22Cr10Fe15,167.92929,CoCrFeMoW,True
Mo22Mn19Cr16Fe22Cu21,167.93597,CrCuFeMnMo,True
Fe13W5Mn7Cr24Ni12,167.95158,CrFeMnNiW,True
Mn21Cr5Cu13Fe9Ni6,167.96677,CrCuFeMnNi,True
Mo9Co20Ni24Mn15Fe21,167.96936,CoFeMnMoNi,True
Ni22Co7Mn15Mo16Fe16,167.97284,CoFeMnMoNi,True
Ni17Cu18Fe25Cr12Mo12,167.98688,CrCuFeMoNi,True
Fe13Mo12Ni24Mn5Cr19,168.02248,CrFeMnMoNi,True
Mn14Cu22Fe24Mo15Cr14,168.02487,CrCuFeMnMo,True
Fe19Ni12Cr15Mo24Mn6,168.03864,CrFeMnMoNi,True
Cu8Mo13Mn5Cr20Fe21,168.0438,CrCuFeMnMo,True
Ni9W10Cr22Cu9Mn8Fe10,168.05017,CrCuFeMnNiW,True
Mo23Cr22Fe25Mn14Cu20,168.05786,CrCuFeMnMo,True
Ni13Cu22Mo8Mn24Co18,168.0644,CoCuMnMoNi,True
Cu25Fe23Cr19Mo6Co24,168.08527,CoCrCuFeMo,True
Cr24Cu23Fe16Mn16W5,168.0932,CrCuFeMnW,True
Cu10Fe22Cr22Mo23Mn10,168.11627,CrCuFeMnMo,True
Ni24Cr11Co12Mo20Cu15,168.11684,CoCrCuMoNi,True
Cu15Mo7Mn14Fe21Cr7,168.12491,CrCuFeMnMo,True
Mo7Co17Ni19Fe25Mn10,168.12984,CoFeMnMoNi,True
Co19Mn17Cr7Ni19Mo7,168.14072,CoCrMnMoNi,True
Ni19Fe15Cr19Mo20Cu24,168.15027,CrCuFeMoNi,True
Mo8Cr20Mn12Cu21Ni16,168.16138,CrCuMnMoNi,True
Co21Ni25Cr10Mn23Mo12,168.16982,CoCrMnMoNi,True
Co23Mn12Mo7Cr7Fe18,168.17116,CoCrFeMnMo,True
Cu15Cr14Mo8Mn20Co18,168.17274,CoCrCuMnMo,True
Co19Ni8Mo21Cr17Mn17,168.18076,CoCrMnMoNi,True
Mo15Mn16Cr14Co11Ni21,168.19064,CoCrMnMoNi,True
Mo7Ni22Mn16Cu8Fe24,168.20819,CuFeMnMoNi,True
Mn23Co25Cr17Mo20Ni25,168.2171,CoCrMnMoNi,True
Ni17Cr12Mo8Co12Mn8,168.22299,CoCrMnMoNi,True
W7Mn14Cr15Ni9Co13Cu13,168.22733,CoCrCuMnNiW,True
Ni10Fe7Mn25Cr7Co10,168.23221,CoCrFeMnNi,True
Cr10Co11Cu12W6Mn18Ni5,168.23395,CoCrCuMnNiW,True
Ni23Co14Cr24Cu21W13,168.23424,CoCrCuNiW,True
Fe5Mn7Cr6Co7Ni22W16,168.23854,CoCrFeMnNiW,True
Mo18Fe11Cu5Cr9Mn15,168.2392,CrCuFeMnMo,True
Fe10Ni17Cr14Mo25Mn9,168.25244,CrFeMnMoNi,True
Cr16Mo10Mn22Fe19W23,168.25415,CrFeMnMoW,True
Mo11Ni24Fe19Co9Cr11,168.25458,CoCrFeMoNi,True
Cu21Fe14W15Mn14Mo11Ni13,168.26999,CuFeMnMoNiW,True
Fe10Cr17Cu11Mn8Mo13,168.27092,CrCuFeMnMo,True
Cr13Fe20Cu8W14Ni8Mn15,168.2763,CrCuFeMnNiW,True
Cr10Cu11Co25Fe9Mo19,168.30908,CoCrCuFeMo,True
Cr22Fe9Co17Cu21Mo9,168.32257,CoCrCuFeMo,True
Mo17Fe17Cu12W25Cr23,168.33313,CrCuFeMoW,True
Mn9Cr15Ni10Cu16Mo5,168.34363,CrCuMnMoNi,True
Co20Cr17Mo12Cu25Fe23,168.35037,CoCrCuFeMo,True
Mn10Mo5Cr16Cu12Ni18,168.36115,CrCuMnMoNi,True
Cr7Mo20Cu9Co10Mn11W10,168.36707,CoCrCuMnMoW,True
Co19Mo10Cr23Mn14Cu15,168.38159,CoCrCuMnMo,True
Cr6Mn13W18Mo17Fe8Cu11,168.38788,CrCuFeMnMoW,True
Ni13Mo9Cu22Co22Fe24,168.41382,CoCuFeMoNi,True
W13Fe20Mn18Cr5Ni19,168.41864,CrFeMnNiW,True
Cr18Cu6Co16Mo18W7,168.41972,CoCrCuMoW,True
Mn18Co16Cr23Mo14Cu10,168.42601,CoCrCuMnMo,True
Cu20Co7Cr13Mo19Ni23,168.43312,CoCrCuMoNi,True
Fe17Cr9Mo18Cu7W17,168.43988,CrCuFeMoW,True
Fe21Mn15Cr7Cu17Mo8,168.43996,CrCuFeMnMo,True
Cr14Cu6Ni8W17Co8Mo18,168.44402,CoCrCuMoNiW,True
Mo7Cu18Co18Cr15Mn14,168.4524,CoCrCuMnMo,True
Mn11Cr13Ni13Cu7W5Co16,168.45409,CoCrCuMnNiW,True
Fe22Ni9Mo21Co22Cu20,168.48819,CoCuFeMoNi,True
Mn14Mo25Fe18Cr25Cu14,168.48846,CrCuFeMnMo,True
Ni6Cu8Co13Mo21Fe19W18,168.49341,CoCuFeMoNiW,True
Co25Cr9Mo20Cu13Fe14,168.51494,CoCrCuFeMo,True
Mn14Co21Mo19Ni10Fe23,168.51556,CoFeMnMoNi,True
Ni15Mo18Cr21Mn11Co15,168.52048,CoCrMnMoNi,True
Mo22Cu10Cr9Mn23Ni9W12,168.53207,CrCuMnMoNiW,True
Mn22Cr24Cu5Ni20Mo15,168.5347,CrCuMnMoNi,True
Cr5Co6Mo17Fe19Ni23,168.54518,CoCrFeMoNi,True
Cu22Cr20Mo25Co25Fe12,168.58316,CoCrCuFeMo,True
W19Ni7Fe25Cu19Cr12,168.58759,CrCuFeNiW,True
Mn25Ni23Mo10Cr8Co16,168.59132,CoCrMnMoNi,True
Cu22Mn21Fe15Cr23Mo23,168.59877,CrCuFeMnMo,True
Mn25Cu5Cr8Ni15Mo14,168.60162,CrCuMnMoNi,True
Cr9Co10Ni10Mn8Mo9,168.6231,CoCrMnMoNi,True
Cr12Mo7Cu21Co6Fe25,168.63673,CoCrCuFeMo,True
Co24Ni21Mo23Cr24Fe5,168.65063,CoCrFeMoNi,True
Mn14Cu17Mo22Fe24Cr20,168.67917,CrCuFeMnMo,True
Cu24Fe20Cr24Mn16Mo21,168.7175,CrCuFeMnMo,True
W7Cr12Mn23Cu25Fe19,168.7185,CrCuFeMnW,True
Fe23Cr8Mo8Mn8Co18,168.74918,CoCrFeMnMo,True
Mo6Fe11Cr9Co11Ni12,168.75296,CoCrFeMoNi,True
Cr14Mn10Mo25Fe14Ni17,168.79388,CrFeMnMoNi,True
Cr25Ni17Co9Mo18W15,168.81879,CoCrMoNiW,True
Cu10Mn14Co12Cr17Mo10,168.832,CoCrCuMnMo,True
Mo8Cu5Co21W10Ni18,168.8345,CoCuMoNiW,True
Ni24Fe18Cu12Cr24W24,168.85724,CrCuFeNiW,True
Mo12Cr7Co20Cu15W25,168.87733,CoCrCuMoW,True
Mo24Fe9Cr10Co17Cu18,168.88005,CoCrCuFeMo,True
W12Cr7Mo22Mn16Fe16,168.88715,CrFeMnMoW,True
Fe16Ni7W7Mn10Cr19,168.89015,CrFeMnNiW,True
Cu16Co25Mn16Ni22W12Cr18,168.8908,CoCrCuMnNiW,True
Cr16Mo9W22Ni13Co12,168.90347,CoCrMoNiW,True
Cr8Mo23Mn20Fe21Cu5,168.90424,CrCuFeMnMo,True
Cu21Fe21Cr18Mo8Ni25,168.90448,CrCuFeMoNi,True
Cu14Mo13Cr6Fe23Mn22,168.9076,CrCuFeMnMo,True
Cu10Ni13Cr12Mn6Fe15W16,168.91467,CrCuFeMnNiW,True
Mn25Co21Fe17Mo11Cu5,168.93085,CoCuFeMnMo,True
Fe12Ni24Co15Cu15W6,168.93404,CoCuFeNiW,True
Ni14Mo23Fe8Cr13Mn8,168.9359,CrFeMnMoNi,True
Mo6Ni8Co22Fe14Cr12,168.9425,CoCrFeMoNi,True
Mo17W22Co24Ni14Cu14,168.95624,CoCuMoNiW,True
Cr19Fe16Mo11Cu20Co22,168.95634,CoCrCuFeMo,True
Co6Cr6Fe18Mn24Cu11,168.96027,CoCrCuFeMn,True
Fe14Cr10Ni20Co21Mo22,168.98376,CoCrFeMoNi,True
Mn19Mo25Fe24Cu25Cr24,168.98393,CrCuFeMnMo,True
Cr19Fe10Mn19Cu9Mo22,169.00092,CrCuFeMnMo,True
Mn23Mo8Cr5Ni13Co16,169.00224,CoCrMnMoNi,True
Mo17Ni20Mn16Fe22Cr5,169.01816,CrFeMnMoNi,True
Ni25Mo5Co7Fe25Cr13,169.02101,CoCrFeMoNi,True
W21Cr9Fe15Mo13Cu10,169.02695,CrCuFeMoW,True
Fe6W25Mn18Co14Cr9Ni7,169.06326,CoCrFeMnNiW,True
Co25Mo18Cr12Cu18Ni5,169.112,CoCrCuMoNi,True
Cu7Fe23Co7Mo18Ni16,169.11389,CoCuFeMoNi,True
Ni17Cu14Cr23Mo14Mn20,169.11646,CrCuMnMoNi,True
Mn17Ni13Mo24W13Cu24Fe23,169.13538,CuFeMnMoNiW,True
Cr17Mo25Mn19Cu12Fe21,169.15582,CrCuFeMnMo,True
Cr16Mn17Fe10Cu16Mo15,169.17033,CrCuFeMnMo,True
W14Mn22Fe16Ni25Cr8,169.17372,CrFeMnNiW,True
Ni15W10Fe18Co21Cu14,169.1781,CoCuFeNiW,True
Co18Cu21Fe13Cr20Mo8,169.2124,CoCrCuFeMo,True
Ni9Mo19Cu21W16Cr14,169.26173,CrCuMoNiW,True
Mo25Fe21Mn6Co18Cr14,169.26456,CoCrFeMnMo,True
Co22Fe10Mn10Cr11Mo11,169.27945,CoCrFeMnMo,True
Ni5W20Cr21Mo8Co7Mn12,169.28615,CoCrMnMoNiW,True
Ni13Mo24W12Cr13Co8,169.29361,CoCrMoNiW,True
Fe22Ni25Cr14Mo12Mn7,169.29636,CrFeMnMoNi,True
Cu11Mn19Cr6Ni10Mo5,169.30057,CrCuMnMoNi,True
Co24Mo20Ni18Cr12Fe24,169.30463,CoCrFeMoNi,True
Fe23Ni7Cu24W25Mo7,169.30565,CuFeMoNiW,True
Mo10Co14Ni23Fe25Cu8,169.30719,CoCuFeMoNi,True
Mn9Mo13Ni19Cr11Fe8,169.31061,CrFeMnMoNi,True
Fe8Ni14W9Mn15Mo14Cu19,169.34619,CuFeMnMoNiW,True
Mo15Cr18Cu20Mn12Fe24,169.38156,CrCuFeMnMo,True
Fe7Cr21Cu19Mn12Mo8,169.3938,CrCuFeMnMo,True
Cr15Fe15Co13W15Mn19,169.39612,CoCrFeMnW,True
Mn9W17Fe8Mo14Co13Ni21,169.40381,CoFeMnMoNiW,True
Cr20Fe9W11Mn21Ni24,169.40948,CrFeMnNiW,True
Fe16Mo12Co22Cr13Mn7,169.42247,CoCrFeMnMo,True
Fe24Mo13Mn6Ni16Cr13,169.44067,CrFeMnMoNi,True
Mn11Ni16Co25Cr9Cu23W12,169.44173,CoCrCuMnNiW,True
Mo22Cr18Co8Ni8Mn14,169.44418,CoCrMnMoNi,True
Ni21Cu5Mo18W7Co23,169.48434,CoCuMoNiW,True
Co16Mn22Cr9Ni25Mo8,169.49829,CoCrMnMoNi,True
Cr9Ni14Fe15Co15Mo13,169.50215,CoCrFeMoNi,True
Cr9Fe14Ni8Co21Mo11,169.50555,CoCrFeMoNi,True
Ni10Co12Mo16Cr14Mn12,169.51312,CoCrMnMoNi,True
Mo5W15Mn11Co21Cr14,169.51797,CoCrMnMoW,True
Cr13Co24Mn9Fe7Mo13,169.52206,CoCrFeMnMo,True
Cu8Ni11Mo10Cr7Fe7,169.53125,CrCuFeMoNi,True
Cu8Cr5Mo22Mn25Fe11,169.53183,CrCuFeMnMo,True
Cu15W11Cr21Ni15Co21,169.53806,CoCrCuNiW,True
W25Fe13Cr19Mo9Co9,169.54279,CoCrFeMoW,True
Fe25Ni18Cr15Mo14Co22,169.55032,CoCrFeMoNi,True
Fe14Ni14W15Cr9Cu6,169.57095,CrCuFeNiW,True
Cr14Cu22Fe22Mn20Mo17,169.57516,CrCuFeMnMo,True
Ni24W18Cu13Mn9Fe23Mo12,169.5773,CuFeMnMoNiW,True
Mo18Mn10Cu11Fe25Cr20,169.57785,CrCuFeMnMo,True
W16Cu11Ni16Cr5Mo19,169.58472,CrCuMoNiW,True
Cu12Cr21Fe15Mo25Mn18,169.59137,CrCuFeMnMo,True
Mo6Co23Ni9Fe13Cr13,169.59949,CoCrFeMoNi,True
Cr23Mn23Mo7W20Co17,169.59956,CoCrMnMoW,True
Fe10Mn21Mo21W9Cu24Ni19,169.60587,CuFeMnMoNiW,True
Co19Ni20Mn7Fe20Cr5,169.61021,CoCrFeMnNi,True
Ni17Cr10Co17Mo20Fe7,169.61047,CoCrFeMoNi,True
Cu18Fe23Cr9Mn13Mo5,169.61119,CrCuFeMnMo,True
Fe8Cr12Mo12Mn9Ni20,169.6485,CrFeMnMoNi,True
Mo13Co6Mn21W25Cu18Cr16,169.66321,CoCrCuMnMoW,True
Fe23Cr19Cu7Mo24W18,169.67194,CrCuFeMoW,True
Fe17Mn11Ni24W14Cr15,169.69868,CrFeMnNiW,True
W21Mn7Mo23Cr14Fe6Cu18,169.7068,CrCuFeMnMoW,True
Cr23Co11Ni19Mo18W21,169.72577,CoCrMoNiW,True
Cr22Cu16Mo9Co7Mn11,169.72803,CoCrCuMnMo,True
Mo16Ni24Cr15Co18Fe24,169.74289,CoCrFeMoNi,True
Fe11Ni18Mo21Cr23Mn6,169.75015,CrFeMnMoNi,True
Ni7Mn17W25Cr12Mo18Fe6,169.7633,CrFeMnMoNiW,True
Mo18Mn12Cr6Ni12Fe7,169.78125,CrFeMnMoNi,True
Mn13Ni18Mo10Cr24Cu11,169.7981,CrCuMnMoNi,True
W11Ni16Cu23Fe22Co19,169.80814,CoCuFeNiW,True
Cr6Mo5Fe11Mn16Co22,169.81537,CoCrFeMnMo,True
Co16Ni16Cr10Cu20W21,169.81578,CoCrCuNiW,True
Fe7Cu11Cr18Mo7Ni23,169.841,CrCuFeMoNi,True
Cr24Mn17Co9Mo25Ni19,169.84904,CoCrMnMoNi,True
Cr17Co22Fe17Mn5Mo10,169.86386,CoCrFeMnMo,True
Fe9Mn5Mo13Co13Cr6,169.88913,CoCrFeMnMo,True
Mn6Cr21Co25Fe14Mo19,169.8941,CoCrFeMnMo,True
Cu22Mo21Fe20Mn17Cr24,169.89833,CrCuFeMnMo,True
Fe19Cr20Mn24Mo20Cu25,169.90132,CrCuFeMnMo,True
Ni15Mo22Mn25Cr15Co20,169.90761,CoCrMnMoNi,True
Mo12Co18Ni6Cu21W13,169.91447,CoCuMoNiW,True
Mo22Cu23Cr20Co20Fe12,169.92793,CoCrCuFeMo,True
W9Mn13Cu15Mo9Cr22,169.93344,CrCuMnMoW,True
Co10Mn19Cu9Cr22Mo15,169.93855,CoCrCuMnMo,True
Ni9Mo18Fe25Co18Mn12,169.95923,CoFeMnMoNi,True
Co18Fe12Mo15Cr6Mn10,169.9617,CoCrFeMnMo,True
Cu15Mo20Cr11Fe17Ni22,169.97258,CrCuFeMoNi,True
Ni20Mo14Cr8Co10Fe11,169.98831,CoCrFeMoNi,True
W10Co9Fe12Cr10Mn19,169.99265,CoCrFeMnW,True
Mo19Ni23W21Mn22Cu6Cr19,170.00348,CrCuMnMoNiW,True
Fe14Co21Mo15Cu23Cr24,170.00931,CoCrCuFeMo,True
Mn21Fe23Cr25W13Cu9Ni5,170.02542,CrCuFeMnNiW,True
Mn25Cr13Mo11W16Co22,170.03052,CoCrMnMoW,True
Cu7Mo23Cr17Fe10Mn22,170.03214,CrCuFeMnMo,True
Co13Fe15W7Cu25Ni22,170.05566,CoCuFeNiW,True
Mo18Cu25Fe25Cr18Mn20,170.05878,CrCuFeMnMo,True
Co23Cu15Mo5Mn14Cr19,170.0657,CoCrCuMnMo,True
Mo21Co21Mn15Ni8Cr24,170.0753,CoCrMnMoNi,True
Cr10Mo8Cu17Co6Fe20,170.08255,CoCrCuFeMo,True
Cu14Ni12Cr14Fe19W23,170.08594,CrCuFeNiW,True
Cu16Mn22Ni21Mo13Cr23,170.09186,CrCuMnMoNi,True
Fe18Cu23Cr22Mo9Co24,170.09491,CoCrCuFeMo,True
Ni23Cr16Co20Cu14Mo11,170.10992,CoCrCuMoNi,True
Mo23Ni11Mn7Fe6Cr12,170.14061,CrFeMnMoNi,True
Mn6Mo10Co9Cr9Fe23,170.14153,CoCrFeMnMo,True
Ni18Fe9Mn7W13Mo14Cu24,170.14555,CuFeMnMoNiW,True
Ni8Co15W18Cr12Mo10,170.15314,CoCrMoNiW,True
Co13Cr7Mo13Mn7Fe15,170.15347,CoCrFeMnMo,True
Fe19Cu23Mo6Cr15Co13,170.1564,CoCrCuFeMo,True
Mn6Ni7Cr23Co10Mo11,170.18124,CoCrMnMoNi,True
Fe23Mn23W18Ni21Cr17,170.18687,CrFeMnNiW,True
Mo12W25Cr19Fe22Cu9,170.19226,CrCuFeMoW,True
Fe18W20Mn15Cu10Co12Cr9,170.20944,CoCrCuFeMnW,True
W17Ni20Co7Cu17Mo20,170.2137,CoCuMoNiW,True
Cr18Mn23Fe15Mo16Cu23,170.228,CrCuFeMnMo,True
Ni17Mn6W9Cu20Co11Cr8,170.23065,CoCrCuMnNiW,True
Mn17Cr12Ni11Mo8Cu12,170.24017,CrCuMnMoNi,True
Cr16Co19Mo13Mn13Ni13,170.25406,CoCrMnMoNi,True
Cr13Fe20Co19Ni12Mo10,170.25555,CoCrFeMoNi,True
Co22Fe21Mo23Cr11Cu19,170.28055,CoCrCuFeMo,True
Mn19Ni20Mo25Cr25Co19,170.29889,CoCrMnMoNi,True
Mo23Mn12W20Cu14Co19Cr10,170.30995,CoCrCuMnMoW,True
Fe20Co6Mo14Cu23W14Mn20,170.3134,CoCuFeMnMoW,True
Mn13W23Mo24Fe15Ni21Co19,170.32184,CoFeMnMoNiW,True
Co11W14Cu13Ni12Cr8,170.33359,CoCrCuNiW,True
Cu23Mn22Cr23Co23Mo11,170.33588,CoCrCuMnMo,True
Cr16Co23Mo16Ni22Mn22,170.33614,CoCrMnMoNi,True
Co11Cr10Ni18Fe22Mo14,170.34143,CoCrFeMoNi,True
Mo20Co19Cu19Fe22Cr11,170.35208,CoCrCuFeMo,True
Mn11Ni9Cr16Co12Mo16,170.37341,CoCrMnMoNi,True
Fe18Cr5Co21Mo24Mn14,170.37366,CoCrFeMnMo,True
Ni25Mn19Co19Cr13Mo10,170.37491,CoCrMnMoNi,True
Fe22Co25Mo20Cr9Ni13,170.37985,CoCrFeMoNi,True
Mn8W21Fe8Cr7Co13Ni6,170.38693,CoCrFeMnNiW,True
W12Fe17Mn14Mo25Cr10,170.38864,CrFeMnMoW,True
Cr24W18Fe12Mn25Mo16,170.39783,CrFeMnMoW,True
Cr8Ni19Mo20Fe25Mn15,170.40533,CrFeMnMoNi,True
Fe5Cu22W11Co14Cr5,170.40596,CoCrCuFeW,True
Co6Mn17Mo24Cr19Ni11,170.4075,CoCrMnMoNi,True
Mn11Fe7Cu8Mo9Cr25,170.41235,CrCuFeMnMo,True
Cr7Mo24W8Co12Ni7,170.4127,CoCrMoNiW,True
Co7Fe25W19Cr5Mo19,170.41483,CoCrFeMoW,True
Mn25Co25Ni15Cr20Mo24,170.41647,CoCrMnMoNi,True
Mo22Cr22Mn8Fe9Ni16,170.43289,CrFeMnMoNi,True
Cu22Fe6Mn21Cr18Mo7,170.43414,CrCuFeMnMo,True
Mn17Mo20Fe12Cr24Cu14,170.43875,CrCuFeMnMo,True
Mn20Cu9Cr19Mo9Ni24,170.4395,CrCuMnMoNi,True
W10Ni11Cr15Mn17Mo7,170.44452,CrMnMoNiW,True
Ni6Mn25Mo18Fe5Co21,170.44586,CoFeMnMoNi,True
Ni6Co20Mo19Cr9Cu17,170.46033,CoCrCuMoNi,True
Cr18Mo19Mn14Cu14Fe25,170.46541,CrCuFeMnMo,True
Ni13Mo23Cr8Mn25Co7,170.47018,CoCrMnMoNi,True
Cr8Mo24Ni23Mn19Fe24,170.5036,CrFeMnMoNi,True
Co15Fe17W9Ni13Cu20,170.50978,CoCuFeNiW,True
Mo14Fe24Cr5Mn20Ni24,170.51196,CrFeMnMoNi,True
Mn15Fe12Ni18Mo6Co13,170.52771,CoFeMnMoNi,True
Ni25Mo23W13Cr25Mn11,170.55502,CrMnMoNiW,True
Cu13Ni19Mn19Mo11Cr20,170.55656,CrCuMnMoNi,True
Co14Fe10W24Mo16Cr5,170.58331,CoCrFeMoW,True
Ni17Cr23Mn9Co7Mo15,170.59323,CoCrMnMoNi,True
Co8Cu18Fe16W25Mo20,170.60002,CoCuFeMoW,True
Ni25Cr22Mn14Fe7Mo21,170.61731,CrFeMnMoNi,True
W9Mn20Ni11Cr18Mo12,170.62976,CrMnMoNiW,True
Mo5Mn23Co24Ni20Fe15,170.65279,CoFeMnMoNi,True
Cr19W23Cu25Fe17Ni10,170.65448,CrCuFeNiW,True
Mn25Cr17Fe10W10Mo24,170.66153,CrFeMnMoW,True
Co23Cr25Ni22Cu22W19,170.67047,CoCrCuNiW,True
Co18Mn13Cr5Fe23Mo7,170.67633,CoCrFeMnMo,True
Mn15W24Fe21Co22Cr25Cu7,170.67691,CoCrCuFeMnW,True
Mo15Mn17Ni19Co11Fe13,170.67722,CoFeMnMoNi,True
Co16Mo10Mn21Cr11Ni24,170.68181,CoCrMnMoNi,True
Ni25Cr12Fe25Mo21Co16,170.69244,CoCrFeMoNi,True
Cr8Fe14Mn8Mo5Co18,170.70114,CoCrFeMnMo,True
Mo7Cr12Mn25Co12Cu18,170.70395,CoCrCuMnMo,True
Cu23Mn22Cr13Mo24W7,170.71227,CrCuMnMoW,True
Mn21Fe23Cu15Cr9Mo13,170.71646,CrCuFeMnMo,True
Fe24Cr11Mo22Co15Mn9,170.7332,CoCrFeMnMo,True
Mn12Cr8Mo5Fe25Ni23,170.73337,CrFeMnMoNi,True
Fe25Mo16Co13Cr6Mn12,170.74097,CoCrFeMnMo,True
Cr20Fe21Mn21W22Co22,170.75314,CoCrFeMnW,True
Cr7Mo18Fe19Co14Mn10,170.76431,CoCrFeMnMo,True
Fe12Cr5Co16Ni17Mn5,170.77148,CoCrFeMnNi,True
Mn20Cu12Fe12Mo20Cr16,170.79025,CrCuFeMnMo,True
Mo24Co16Cr7Fe19Ni22,170.7909,CoCrFeMoNi,True
Cu16Ni20Mo25Cr20Fe6,170.79166,CrCuFeMoNi,True
Cr15Mo12Fe16W16Mn11,170.79637,CrFeMnMoW,True
Cu22Fe8Cr23Mo24Ni18,170.79901,CrCuFeMoNi,True
Ni5Mo23Cr6Cu24Fe20,170.81216,CrCuFeMoNi,True
Fe22Mo15Cr11Ni23Mn12,170.83144,CrFeMnMoNi,True
Ni17Co6Fe21Cu12Mo16,170.8499,CoCuFeMoNi,True
Fe18Cr12Mn8Mo5Co23,170.87592,CoCrFeMnMo,True
Ni15Mn10Mo20Cr18Fe7,170.87695,CrFeMnMoNi,True
Fe19Mn21Co11Mo5W6,170.88086,CoFeMnMoW,True
Cr23W16Mn16Cu12Fe9Ni16,170.88791,CrCuFeMnNiW,True
Ni11Mo18Cr22Mn5Fe9,170.8956,CrFeMnMoNi,True
W23Fe8Cu14Ni15Mo24,170.90704,CuFeMoNiW,True
Mo6Cr22Cu24Mn14Co16,170.91115,CoCrCuMnMo,True
Mn8Fe14Ni15Cu23W21Cr14,170.91202,CrCuFeMnNiW,True
Cr18Fe21Co25Mo9Ni17,170.91733,CoCrFeMoNi,True
Ni12Fe22Co22Mo8Cr15,170.92012,CoCrFeMoNi,True
Mn19Ni18Mo10Cr9Co11,170.92567,CoCrMnMoNi,True
Cr14Co13Fe25Mo15Cu24,170.93398,CoCrCuFeMo,True
Cu13Mo24Fe23Ni24Co9,170.94292,CoCuFeMoNi,True
Mn23Cu19Co5Mo10Cr13,170.94684,CoCrCuMnMo,True
Mo22Ni9Cr25W15Co20,170.9495,CoCrMoNiW,True
Mn19Ni11Cr5W17Mo23Cu24,170.95148,CrCuMnMoNiW,True
Fe20Cr11Ni13Mo22Cu25,170.95651,CrCuFeMoNi,True
Mo8Fe20Cr11Mn12W17,170.95895,CrFeMnMoW,True
W8Mo25Co13Ni10Cu23,170.96356,CoCuMoNiW,True
Fe19Mo19W13Mn6Cr15,170.97043,CrFeMnMoW,True
Cr23Fe5W24Ni21Co13,170.98221,CoCrFeNiW,True
Mo25Cr6Co23Ni6Cu10,170.98293,CoCrCuMoNi,True
Ni9Mn12Co6Mo21Cr24,170.98329,CoCrMnMoNi,True
Fe12Cr8Cu11Mo12Mn20,170.99542,CrCuFeMnMo,True
Cr18Mo24Co15Ni20Mn25,170.99954,CoCrMnMoNi,True
Co15Mn22Cr15Mo10Cu10,171.00003,CoCrCuMnMo,True
Ni5Fe25Cu20Cr24W15,171.02429,CrCuFeNiW,True
Fe10Cr22Co24Mo23Ni21,171.03831,CoCrFeMoNi,True
Cu10Mn20W18Fe5Co20Cr14,171.04108,CoCrCuFeMnW,True
Cr18Fe15Cu16Co22Mo9,171.04619,CoCrCuFeMo,True
Fe6Mn12Mo21Co24Cr10,171.0466,CoCrFeMnMo,True
Cr23Mn6Fe21Ni11Mo25,171.04968,CrFeMnMoNi,True
Mo19Fe16Co21Ni11Cr5,171.06732,CoCrFeMoNi,True
W6Mn5Mo17Cr19Cu20,171.07014,CrCuMnMoW,True
Mn9Mo14Fe10Cr6Co16,171.09232,CoCrFeMnMo,True
Mo7Ni17Cr13Mn9Co17,171.09657,CoCrMnMoNi,True
Cr9Mn9Ni16Mo11Fe21,171.09857,CrFeMnMoNi,True
Fe14Cr9Cu21Mn24Mo5,171.09943,CrCuFeMnMo,True
Ni5Cr7Mo14Mn23Co21,171.11084,CoCrMnMoNi,True
Cr13Cu6Fe17W15Ni16,171.12119,CrCuFeNiW,True
Co8Mo17Ni13W7Cu24,171.12415,CoCuMoNiW,True
Cr9Mn23Mo25Co6Ni7,171.15613,CoCrMnMoNi,True
Cr15Co23Cu17Fe22Mo15,171.15697,CoCrCuFeMo,True
Mo22Cr7Co25W19Ni9,171.15784,CoCrMoNiW,True
Cu6Cr14Mn5W11Fe5Co15,171.15955,CoCrCuFeMnW,True
Mo7Cr12Ni15Co8Mn8,171.16452,CoCrMnMoNi,True
Mo21Mn17Fe10Cr5Co24,171.18156,CoCrFeMnMo,True
Ni16Mo15Mn5Cr18Fe10,171.18571,CrFeMnMoNi,True
Ni18Fe9Cr13Co25Mo24,171.19098,CoCrFeMoNi,True
Co6Mo13W16Ni9Fe5,171.19923,CoFeMoNiW,True
Mo16W16Fe20Co12Cu8Ni5,171.20125,CoCuFeMoNiW,True
Ni15Cu13Cr23Mo8Mn11,171.21376,CrCuMnMoNi,True
Cr23W17Mn11Mo12Ni25,171.21558,CrMnMoNiW,True
Cr23Cu12W22Mo10Ni22,171.26529,CrCuMoNiW,True
Fe25Cu6Co20Mo24Ni18,171.27231,CoCuFeMoNi,True
Cu6Ni20Fe8Mo25W6,171.2857,CuFeMoNiW,True
Cr23Fe9Mo14Cu13Mn18,171.29684,CrCuFeMnMo,True
Cr7Mo18Fe13Co13Ni18,171.30203,CoCrFeMoNi,True
Cr20Mn24Co23Mo23Ni16,171.30614,CoCrMnMoNi,True
Cr20Ni11Mo14Cu11Mn21,171.31287,CrCuMnMoNi,True
Ni18Co5Mn11Cr25Mo20,171.3165,CoCrMnMoNi,True
Mo24W14Cr15Co9Fe7,171.31711,CoCrFeMoW,True
Cu7Mo5Mn5Ni6Cr20,171.31772,CrCuMnMoNi,True
Co19Cr5Mo15Fe11Ni9,171.32413,CoCrFeMoNi,True
Ni21Cu20Co12Mo22Fe17,171.33014,CoCuFeMoNi,True
Ni19Fe6Cr10Co9Mo13,171.37009,CoCrFeMoNi,True
Mn7Cr23Mo19Fe23Ni24,171.37384,CrFeMnMoNi,True
Co14Mo23Mn19Cr19Ni13,171.37515,CoCrMnMoNi,True
Fe8Cr19Ni24Mn8Mo8,171.39136,CrFeMnMoNi,True
Mn8Co25Mo5Cr5Ni17Cu25,171.39883,CoCrCuMnMoNi,True
Cr22W5Mo5Co7Fe5,171.40268,CoCrFeMoW,True
Mn6Cr20Co24Fe8Mo15,171.4042,CoCrFeMnMo,True
Mo24Cu6Mn10Cr25Fe20,171.41115,CrCuFeMnMo,True
Fe6Mo14Cr20Mn5Co23,171.41121,CoCrFeMnMo,True
Ni12Mn12Mo18Cr8Fe8,171.43091,CrFeMnMoNi,True
Ni9Mn12Co16Mo5Fe11,171.4505,CoFeMnMoNi,True
W13Ni14Cr17Fe18Mn16,171.45067,CrFeMnNiW,True
Mn12Cr14Cu20Fe14Mo5,171.4589,CrCuFeMnMo,True
Mo13Co18Fe17Cr6Mn13,171.47897,CoCrFeMnMo,True
Cu18Cr12Co23Ni12Mn19W11,171.48721,CoCrCuMnNiW,True
Mo17Co16Fe22Cr13Cu22,171.51099,CoCrCuFeMo,True
Fe8Cu19W23Co11Mo19,171.52228,CoCuFeMoW,True
Co16Mn10Fe20Mo12Ni8,171.52463,CoFeMnMoNi,True
Mn19Ni20Fe5Mo15Cr11,171.52585,CrFeMnMoNi,True
Cr9Co22Fe7Cu13Mo24,171.53555,CoCrCuFeMo,True
Cr5Ni8Fe20Cu15Mo19,171.53583,CrCuFeMoNi,True
W9Co25Cr24Ni21Mn25,171.54156,CoCrMnNiW,True
Mn9Fe7Co25Cr17Mo5,171.54292,CoCrFeMnMo,True
Cu24Cr8Mn20Co5Fe9,171.55525,CoCrCuFeMn,True
Mo17Fe17Ni20Cr8Mn14,171.55612,CrFeMnMoNi,True
Co21Fe24Mo22Ni11Cr5,171.5568,CoCrFeMoNi,True
Ni14Cr14Mn5Mo13Fe7,171.5602,CrFeMnMoNi,True
Cu6Mo10Co7Ni15Fe12,171.58087,CoCuFeMoNi,True
Cu6Cr11Mo12Ni20Fe25,171.58276,CrCuFeMoNi,True
W21Fe7Mo18Cu11Co20,171.59744,CoCuFeMoW,True
Fe20Ni7Co5Mo12W17Cu15,171.60983,CoCuFeMoNiW,True
Mn9Cu20Co14Mo15W7Ni25,171.64175,CoCuMnMoNiW,True
Cu24Cr25Fe20Mo11Mn11,171.64673,CrCuFeMnMo,True
Mn20Cu19Cr20Ni11Mo12,171.67105,CrCuMnMoNi,True
Cr6Fe22Ni15Mn16Cu25W25,171.67957,CrCuFeMnNiW,True
Ni19Mo16Mn11Co9Cr24,171.71797,CoCrMnMoNi,True
Mn18Co12Fe13Mo6Ni22,171.73271,CoFeMnMoNi,True
Mn7Fe20Mo21Cr25Co24,171.75403,CoCrFeMnMo,True
Co18Mn16Ni17Cr25Mo21,171.75598,CoCrMnMoNi,True
W24Cr8Cu14Mo7Co17,171.76729,CoCrCuMoW,True
Cr5Co20Mn13Fe8Mo19,171.76852,CoCrFeMnMo,True
Mn15Cu24Mo10Cr18Fe21,171.77051,CrCuFeMnMo,True
Ni24Mo9Mn19Cr8Fe13,171.7732,CrFeMnMoNi,True
Cu17W5Fe23Cr15Mn13,171.7797,CrCuFeMnW,True
Cr7Fe12Mo9Ni10Mn5,171.79333,CrFeMnMoNi,True
Mo18Cu22W24Co14Fe9Ni8,171.8028,CoCuFeMoNiW,True
Cu23Mo12Fe6W25Cr24,171.84035,CrCuFeMoW,True
Ni21Co16Cr21Mn18Mo19,171.85083,CoCrMnMoNi,True
Co25Cu7W6Mo19Cr6,171.86264,CoCrCuMoW,True
Ni16Mo13Fe18Cr14Mn6,171.86465,CrFeMnMoNi,True
Fe17Ni14W23Co6Mo21,171.88467,CoFeMoNiW,True
Mn6Ni14Fe20W11Cr20,171.89474,CrFeMnNiW,True
Fe15Mo13Cu22Cr25Mn14,171.909,CrCuFeMnMo,True
Cu8W17Fe13Ni22Cr18,171.91498,CrCuFeNiW,True
Fe18Cr18Mn11Mo10Cu20,171.92252,CrCuFeMnMo,True
Mo18Fe9Co16Ni21Cr18,171.92284,CoCrFeMoNi,True
Fe14Cu10Mo20Mn15Cr19,171.93585,CrCuFeMnMo,True
Mn7Cr13Mo5Fe14Ni21,171.93623,CrFeMnMoNi,True
Fe7Mo5Cr12Ni8Cu13,171.95673,CrCuFeMoNi,True
Mn5Cr17Cu10Fe15Mo7,171.95758,CrCuFeMnMo,True
Cu22Cr16Mn24Mo8Ni13,171.97015,CrCuMnMoNi,True
Ni6Cr7Mo19Co12Mn22,171.99026,CoCrMnMoNi,True
Cr12Mo8Mn13Fe10Co23,172.01349,CoCrFeMnMo,True
Cr15W6Mo23Ni14Mn23,172.01462,CrMnMoNiW,True
Mo18Mn12Ni17Cr12Fe9,172.04346,CrFeMnMoNi,True
Cr24Mo10Cu11Co20Mn16,172.0616,CoCrCuMnMo,True
Co12Cu13Cr22W15Mo8,172.06679,CoCrCuMoW,True
W9Mo5Co18Mn5Cr12,172.07355,CoCrMnMoW,True
Cu8Mo18Mn19Cr12Fe14,172.08022,CrCuFeMnMo,True
Cr7Mo22Mn18Co25Fe7,172.085,CoCrFeMnMo,True
Mn6Cr21Mo11Cu6Fe21,172.09576,CrCuFeMnMo,True
Mo10Fe21Mn21Ni25Cr5,172.10481,CrFeMnMoNi,True
Mn16Fe5Co24Cr14Mo24,172.10551,CoCrFeMnMo,True
Co7Mo20Ni8W19Fe15Cu10,172.11179,CoCuFeMoNiW,True
W13Cu13Co14Cr11Ni22,172.11284,CoCrCuNiW,True
Mn15Fe6Cr13Co24Mo21,172.13228,CoCrFeMnMo,True
W14Mo17Ni8Cr19Co16,172.13986,CoCrMoNiW,True
Co7Mo20Fe7W8Ni6,172.14384,CoFeMoNiW,True
Mo25Ni9Co15Cr7W14,172.1594,CoCrMoNiW,True
Co10Cu13Fe21Mo19Cr5,172.16064,CoCrCuFeMo,True
Cr15Fe12Mo24Cu23Ni15,172.16083,CrCuFeMoNi,True
W8Cu9Ni21Fe17Mn15Mo18,172.16632,CuFeMnMoNiW,True
Ni13Fe17Mo24Co21Mn24,172.18085,CoFeMnMoNi,True
Ni6Cr16Mo9Mn19Cu19,172.19788,CrCuMnMoNi,True
Mn24Cu13Cr9Co8Fe8,172.22748,CoCrCuFeMn,True
Cr11Cu15Fe8Mn22Mo9,172.26636,CrCuFeMnMo,True
Co20W25Mo5Mn6Ni10Fe21,172.2694,CoFeMnMoNiW,True
Ni17Mn23Cr21Mo17W13,172.27542,CrMnMoNiW,True
Mo6Cr16W16Co17Mn13,172.30583,CoCrMnMoW,True
Cr5Co17Ni14Mn5Cu18,172.3414,CoCrCuMnNi,True
Ni11Cu8Cr10Mo5Mn13,172.35849,CrCuMnMoNi,True
Cu9Cr23Ni8Fe11W23Co12,172.3588,CoCrCuFeNiW,True
Fe11Mn8Cr23Cu13Mo8,172.36578,CrCuFeMnMo,True
Cu13Mo9Ni12Cr11Fe11,172.384,CrCuFeMoNi,True
Mo7Ni22Co14Cr14Cu13,172.38756,CoCrCuMoNi,True
Cu17Mo21Cr22Mn22Fe15,172.3905,CrCuFeMnMo,True
Fe22Cr17Cu25Ni22Mo25,172.39383,CrCuFeMoNi,True
Mo12Ni9Cr5Mn8Fe11,172.39401,CrFeMnMoNi,True
Fe22Cu22Mn17Mo19W15Co11,172.40114,CoCuFeMnMoW,True
Ni14Cr24Cu17Mn19Mo12,172.40723,CrCuMnMoNi,True
Fe23Mn17Mo9Co17Cu14,172.41171,CoCuFeMnMo,True
Ni20Fe17Mo7Co23Mn20,172.42123,CoFeMnMoNi,True
Cr18Fe12Mo9W17Mn23,172.42204,CrFeMnMoW,True
Mo25Co23Cr16Ni22Fe14,172.42433,CoCrFeMoNi,True
Ni15Cr16Mn8Fe24Mo20,172.4324,CrFeMnMoNi,True
Fe6Cr17Mo19Co24Mn12,172.44077,CoCrFeMnMo,True
Ni17Mn13Co18Cu25Cr5,172.45825,CoCrCuMnNi,True
Cr6Mo11Co6Ni8Mn14,172.46133,CoCrMnMoNi,True
Cu24Ni6Fe14Mo9Co14W24,172.47873,CoCuFeMoNiW,True
Ni17Fe9Cr13Co15Mo18,172.48767,CoCrFeMoNi,True
Fe14Cu20Cr24Mo5Co22,172.4963,CoCrCuFeMo,True
Fe7Mo19Mn18Cr10Ni19,172.50487,CrFeMnMoNi,True
Co13Mn15Ni18Cr20Mo17,172.54572,CoCrMnMoNi,True
W25Cr5Co15Mo16Ni16,172.54794,CoCrMoNiW,True
Cr10Co18Mo15Mn24Ni9,172.56151,CoCrMnMoNi,True
Cr20Mn14W13Mo10Ni15,172.57007,CrMnMoNiW,True
Fe13Cr23Mo6W13Mn8,172.57512,CrFeMnMoW,True
Mo19Cu19Cr20Mn22Fe17,172.57828,CrCuFeMnMo,True
Fe12Cu12Mn21Mo20Cr24,172.57843,CrCuFeMnMo,True
Cu9Mo5Cr5Mn12Fe9,172.59883,CrCuFeMnMo,True
Mn21Cr25Cu23Co10Mo13,172.6012,CoCrCuMnMo,True
Cr13W24Cu17Co17Mo17Mn5,172.60176,CoCrCuMnMoW,True
Fe17Mn22Cr21W23Mo12,172.61343,CrFeMnMoW,True
Ni15Cr7Fe22Mn13Mo9,172.62929,CrFeMnMoNi,True
Cr19Cu10Fe6Ni24Mo5,172.65648,CrCuFeMoNi,True
Cr18Mn17Ni23Mo14Co11,172.65808,CoCrMnMoNi,True
Cr25Mo16Fe7Mn22W11,172.67741,CrFeMnMoW,True
Cu23Fe20W14Cr8Co5,172.68945,CoCrCuFeW,True
Co6Mn8Mo13Fe19Cr5,172.70367,CoCrFeMnMo,True
Fe6Co11Mn20Ni13Cu23,172.71124,CoCuFeMnNi,True
Cr21Mn23Fe15W18Mo21,172.72418,CrFeMnMoW,True
Cr15Mo20Mn23Ni6Co18,172.73108,CoCrMnMoNi,True
Cr20Ni19Mn8Mo21Fe18,172.73523,CrFeMnMoNi,True
Co8Ni16Mo17Cr10Cu17,172.73817,CoCrCuMoNi,True
Co14Cr20Ni8W13Mo12,172.73895,CoCrMoNiW,True
Co23Mn22Mo13Cr18Ni25,172.74236,CoCrMnMoNi,True
Ni9Fe20W15Mo5Cu9,172.7533,CuFeMoNiW,True
Cr25Co5Mo20Mn11Ni9,172.75443,CoCrMnMoNi,True
Mo11Cu14Cr23Mn21Co21,172.75839,CoCrCuMnMo,True
Mn13W12Ni18Cu21Co19Cr8,172.7646,CoCrCuMnNiW,True
Mo8Ni18Co21Cr10Mn22,172.76483,CoCrMnMoNi,True
Mn11Mo13Cr24Co19Ni12,172.77953,CoCrMnMoNi,True
Cu12Mn10Mo11Fe20Cr16,172.78752,CrCuFeMnMo,True
Cu11Fe18Mo13Cr6Ni9,172.78812,CrCuFeMoNi,True
Mn21Ni13Mo22Fe19Co24,172.80713,CoFeMnMoNi,True
Mn5Cr22Fe20W13Co15,172.81604,CoCrFeMnW,True
Mn20Mo17Fe16Cu6Cr7,172.82568,CrCuFeMnMo,True
Cr6Fe14Ni19Mn23Mo25,172.82751,CrFeMnMoNi,True
Mo23Ni19Fe18Cr6Mn20,172.83865,CrFeMnMoNi,True
Mn22Mo7Co18Cu14Cr16,172.8487,CoCrCuMnMo,True
W20Co20Cu18Cr13Ni17,172.85359,CoCrCuNiW,True
Mn9Fe15Cr18Cu16Mo9,172.85536,CrCuFeMnMo,True
Mo9Cu16Cr15Co13Fe11,172.8646,CoCrCuFeMo,True
Mn11Fe19Mo7Cr6Ni12,172.86731,CrFeMnMoNi,True
Co12Mn16Mo13Ni14Cr12,172.8844,CoCrMnMoNi,True
Cr20Cu24Mn21Mo9Ni11,172.8857,CrCuMnMoNi,True
Cr13Ni25Mo18Fe22Co13,172.89062,CoCrFeMoNi,True
Fe11Mo19Mn15Co25Cr11,172.89664,CoCrFeMnMo,True
Ni16Cr5Cu6Mo8W7,172.89674,CrCuMoNiW,True
Cr6Co19Fe22W22Cu11Mn16,172.90091,CoCrCuFeMnW,True
Mo20Mn5Co17Cr16Fe10,172.90662,CoCrFeMnMo,True
W12Cr10Mn12Fe19Mo24,172.91086,CrFeMnMoW,True
Mn23Mo20Cr23Ni21Co25,172.91736,CoCrMnMoNi,True
Co25Cr11Mo18Fe13Mn15,172.91766,CoCrFeMnMo,True
Fe13Mo18Co18Cu19Cr17,172.92616,CoCrCuFeMo,True
Mn15Cr17Ni22Mo15Fe6,172.93457,CrFeMnMoNi,True
Mo14Cr18Co24Mn9Fe10,172.93573,CoCrFeMnMo,True
Fe22Mo15Cu10Cr7W22,172.94467,CrCuFeMoW,True
Fe8Cu17Mn23Co15Ni9,172.9581,CoCuFeMnNi,True
Ni13Mo5Cr15Co19Fe19,172.96295,CoCrFeMoNi,True
Co6Ni23Mo10Mn22Cr10,172.96756,CoCrMnMoNi,True
Mo11Mn22Co18Cr14Ni23,172.98248,CoCrMnMoNi,True
Mo11Fe23Cr14Co9Ni23,173.00427,CoCrFeMoNi,True
Ni22Cr11Co17Mn21Mo8,173.02425,CoCrMnMoNi,True
Co16Cr11Mo19Fe12Mn6,173.02667,CoCrFeMnMo,True
Ni16Mo21Cr14Cu21Fe15,173.03429,CrCuFeMoNi,True
Co25Mo20Ni8Cr20Mn23,173.03517,CoCrMnMoNi,True
Co25Mn18Fe16Mo20Cr8,173.06122,CoCrFeMnMo,True
Fe17Mn24Cu9W20Ni20Cr25,173.06967,CrCuFeMnNiW,True
Mo5Mn12Fe25Ni23W12,173.07816,FeMnMoNiW,True
Cu24Cr21Ni21Fe20Mo10,173.1009,CrCuFeMoNi,True
Cu5Fe23Ni16Mo8W13,173.10545,CuFeMoNiW,True
Ni13Fe20Mn5Cr23W9,173.1081,CrFeMnNiW,True
Fe10Ni9Mo8Cr12Cu15,173.11029,CrCuFeMoNi,True
Mo20Cr19Co25Fe23Mn10,173.12128,CoCrFeMnMo,True
Cr6W14Ni25Mn20Fe20,173.12227,CrFeMnNiW,True
Co12Cr12Mo23Fe8Cu21,173.12679,CoCrCuFeMo,True
Cu23Ni22Cr22Mo6Fe18,173.13373,CrCuFeMoNi,True
Cr22Ni12Co23Mo24Mn25,173.1352,CoCrMnMoNi,True
Cu16Co21W19Ni15Cr6,173.14822,CoCrCuNiW,True
Ni23Co5W23Mn20Fe17Mo5,173.15112,CoFeMnMoNiW,True
Mn11Fe9Mo5Cr15W14,173.16173,CrFeMnMoW,True
Cu24Mo20Ni17Fe18Cr17,173.16344,CrCuFeMoNi,True
Ni16Cu8Mo15Cr12Co22,173.16452,CoCrCuMoNi,True
Cr23Mo14Cu22Fe14Ni18,173.21078,CrCuFeMoNi,True
Fe19Cu24Co24Cr19Mo25,173.21216,CoCrCuFeMo,True
Mo22Cu5Co23Cr12Ni21,173.22089,CoCrCuMoNi,True
Mo24W23Ni24Mn11Cu16Cr13,173.22266,CrCuMnMoNiW,True
Ni23Cr22Mo21Co5W12,173.228,CoCrMoNiW,True
Co10Fe24Cu23Mo6Cr16,173.23126,CoCrCuFeMo,True
Mn14Cr12Fe25Co21Mo19,173.25183,CoCrFeMnMo,True
Mn9Cr21Mo12Fe6Co24,173.25221,CoCrFeMnMo,True
Co20Mo18Ni6Mn25Fe20W20,173.25568,CoFeMnMoNiW,True
Fe13Cr5Co23Mn21Mo15,173.2567,CoCrFeMnMo,True
Co8Ni13Fe25Mo23Cu19,173.271,CoCuFeMoNi,True
Fe22Mn16Cr14Cu17Mo10,173.31332,CrCuFeMnMo,True
Mo5Cr25Ni19Cu10Mn11,173.3163,CrCuMnMoNi,True
Cr13Mo17Ni22Fe9Co12,173.34329,CoCrFeMoNi,True
Fe20Ni18Mo6Co9Cu11,173.34569,CoCuFeMoNi,True
Mo19Ni19Co9Mn22Cr17,173.35696,CoCrMnMoNi,True
Co9Fe22Mo24Ni9W18,173.36763,CoFeMoNiW,True
Mo14Cu23Fe24Co10Ni13,173.37512,CoCuFeMoNi,True
Mn5Mo23Cr16Fe13Co15,173.37546,CoCrFeMnMo,True
Mn23Cr20Cu7Ni15Mo14,173.37878,CrCuMnMoNi,True
Co9Cr12Ni22Mn22Mo12,173.40427,CoCrMnMoNi,True
Mo21Ni23Fe18Mn15Cr13,173.41998,CrFeMnMoNi,True
Mo15Ni13Cr16Fe7Mn8,173.42104,CrFeMnMoNi,True
Co14Cr18W7Mn5Mo16,173.44026,CoCrMnMoW,True
Co14W19Fe21Mn18Cr11Cu7,173.44807,CoCrCuFeMnW,True
Co13Mn21Cr13Ni15Mo15,173.44928,CoCrMnMoNi,True
Mo14Mn24Co16Fe11Ni18,173.45898,CoFeMnMoNi,True
Cu14Cr24Mn25Ni9Co22W6,173.48514,CoCrCuMnNiW,True
Cu5Fe9Mo9Co19Mn24,173.48764,CoCuFeMnMo,True
W16Cr21Cu19Co19Ni20,173.48865,CoCrCuNiW,True
Ni5Fe15Cu25Mn22Cr6,173.48965,CrCuFeMnNi,True
Fe12Ni25Mo21Mn14Cr19,173.49527,CrFeMnMoNi,True
W12Ni21Fe5Cr7Cu15,173.50339,CrCuFeNiW,True
Mo5Cr14Cu13Ni19Fe16,173.51163,CrCuFeMoNi,True
Mn14W21Mo21Cu16Cr13Co13,173.51205,CoCrCuMnMoW,True
Mn13Cu14Mo9Fe20Ni8,173.52524,CuFeMnMoNi,True
Cu16Mn19Mo14Ni11Fe21,173.53394,CuFeMnMoNi,True
Cu5Ni24Mn21Mo10Cr25,173.53882,CrCuMnMoNi,True
Cr25Mn10Fe21Cu20Mo10,173.53937,CrCuFeMnMo,True
Ni8Mo18Cr5Fe5Mn12,173.54178,CrFeMnMoNi,True
W23Ni14Cr16Mo5Cu9Mn17,173.57085,CrCuMnMoNiW,True
Mo9Co22Mn6Cr20Fe16,173.57623,CoCrFeMnMo,True
Co25Cr12Mo19Ni14Fe13,173.5906,CoCrFeMoNi,True
Mo18Cr14Cu11Fe24Mn21,173.60666,CrCuFeMnMo,True
Co24Fe14Mo14Cr13Mn14,173.61282,CoCrFeMnMo,True
Fe9Co22Cr25Mo25Mn5,173.6192,CoCrFeMnMo,True
Cu20Mo8W15Mn18Cr23,173.64865,CrCuMnMoW,True
Fe15Mn12Cr17Mo19Ni24,173.65607,CrFeMnMoNi,True
Mo18Fe15Cr7Cu9Ni18,173.66939,CrCuFeMoNi,True
Ni21Co8W6Cr22Cu22Mn14,173.67323,CoCrCuMnNiW,True
Cr24Mo13Mn23Cu10Ni20,173.67386,CrCuMnMoNi,True
Co25Cu7Ni23W15Mo21,173.67386,CoCuMoNiW,True
Ni22Cu16Cr23Fe5W12,173.68587,CrCuFeNiW,True
Mn19W5Cr11Fe7Mo20,173.7033,CrFeMnMoW,True
Mo14W9Mn6Fe15Cu16Co6,173.70851,CoCuFeMnMoW,True
Ni19Cr15Mn9Mo16Fe17,173.72238,CrFeMnMoNi,True
W14Cu9Ni16Mn7Fe20Cr6,173.7336,CrCuFeMnNiW,True
Ni16Mo6Cr21Cu18Mn12,173.73654,CrCuMnMoNi,True
Fe18Cr12Ni5Co20Mo9,173.74805,CoCrFeMoNi,True
Fe25Mo25Co9Ni13W24,173.74886,CoFeMoNiW,True
Mn6Co17Cr13Fe13Mo22,173.75021,CoCrFeMnMo,True
Mn24Cr8Fe17Ni23Mo24,173.77136,CrFeMnMoNi,True
Mo19Mn23Cr9Ni21Fe8,173.77676,CrFeMnMoNi,True
Co20Ni22Mo6Cr25Fe8,173.78978,CoCrFeMoNi,True
Mo11Cr18Fe25Cu21Mn17,173.79083,CrCuFeMnMo,True
Cr22Fe9W6Cu9Co11,173.80176,CoCrCuFeW,True
Fe15Mo23Mn23Cr24Cu13,173.81625,CrCuFeMnMo,True
Mn10Mo21Cr18Co23Fe7,173.8188,CoCrFeMnMo,True
Cu10Mo15Mn25Ni7Co20,173.84827,CoCuMnMoNi,True
Mo5Mn13Cu6Cr5Co6,173.86514,CoCrCuMnMo,True
Ni17W21Mo12Co16Cu10,173.88,CoCuMoNiW,True
Ni13Fe9Mo21Mn15Cr10,173.88208,CrFeMnMoNi,True
Cr21Cu9Fe20Mn10Mo14,173.89615,CrCuFeMnMo,True
Cr25Cu24Mn12Fe14Mo6,173.92058,CrCuFeMnMo,True
Cr5Ni16Fe6Mo22W16,173.92432,CrFeMoNiW,True
Mn23W8Co21Fe5Cr20,173.9455,CoCrFeMnW,True
Cr20Mo15Co12W7Cu9,173.95795,CoCrCuMoW,True
Ni9Mo9Cu22Co10W24Fe12,173.96277,CoCuFeMoNiW,True
Mn23Mo19Fe22Cr25Cu23,173.96912,CrCuFeMnMo,True
Mo16Fe19Ni7Cu9Mn18,173.96959,CuFeMnMoNi,True
Mn13Cr22Co7Cu14Mo9,173.97154,CoCrCuMnMo,True
Ni21Mo15Fe25Mn13Co5,173.98277,CoFeMnMoNi,True
Cr25Cu23Mo12Ni11Mn21,173.98593,CrCuMnMoNi,True
Mn14Cu6Cr24Fe17Mo22,173.99521,CrCuFeMnMo,True
Fe15Ni21Cr5Cu10W18,173.99832,CrCuFeNiW,True
Fe12Ni14Mn17Mo9W5,174.01358,FeMnMoNiW,True
Fe12Mn11Ni8Mo20Cr5,174.03432,CrFeMnMoNi,True
Mo12Ni6Cu22Co7Fe24W19,174.05734,CoCuFeMoNiW,True
Cu19Cr23Mn18Mo11Co7,174.0581,CoCrCuMnMo,True
Mo14Fe12Cu22Cr22Ni15,174.08685,CrCuFeMoNi,True
Cu6Cr9Fe18Ni13Mo7,174.08722,CrCuFeMoNi,True
Mo14Fe9Mn24Cr9Cu12,174.0951,CrCuFeMnMo,True
Cu18Ni25Mn11Cr6Co11,174.1188,CoCrCuMnNi,True
Ni7Fe19Cu9Mo7Co6,174.12589,CoCuFeMoNi,True
Co21Mo20Cr17Ni21Fe17,174.1311,CoCrFeMoNi,True
Cu10Fe11W14Cr12Co6,174.14539,CoCrCuFeW,True
Cr10Fe21Co9Mo9Ni13,174.14929,CoCrFeMoNi,True
Mo16Co13Mn8Cr11Fe22,174.17584,CoCrFeMnMo,True
Ni9Cu14Mn12Cr25Mo8,174.18973,CrCuMnMoNi,True
Fe5Ni23Mo18Mn23Cr18,174.19463,CrFeMnMoNi,True
Cu25Ni19Fe25Mo14Co12,174.20126,CoCuFeMoNi,True
Ni6Mn23Cu7W5Fe6Cr24,174.21196,CrCuFeMnNiW,True
Co15Ni15Cu16Cr18W12,174.24399,CoCrCuNiW,True
Cr15W22Fe24Mo5Mn15,174.26541,CrFeMnMoW,True
Cr13W6Ni16Co19Mn20,174.26698,CoCrMnNiW,True
Cr23Co25Fe23Mo21Mn10,174.29608,CoCrFeMnMo,True
Cr8W5Mo7Mn25Fe8,174.30072,CrFeMnMoW,True
Mn15Fe10Ni14Cr9Mo19,174.30551,CrFeMnMoNi,True
Co18Cr14W15Cu14Ni20,174.31306,CoCrCuNiW,True
Cu21Mn13Fe25W6Cr18,174.32669,CrCuFeMnW,True
Co10Cr15Fe5W18Mn20Cu18,174.33667,CoCrCuFeMnW,True
Mo18Ni19Cu25Cr19Fe21,174.35194,CrCuFeMoNi,True
Co14W12Mo24Cu8Ni19,174.35759,CoCuMoNiW,True
Mo21Mn19Fe7Ni21Cr21,174.39032,CrFeMnMoNi,True
Mo15Cr19Ni22Fe21Co20,174.39363,CoCrFeMoNi,True
W13Ni15Fe5Cu12Cr5,174.40955,CrCuFeNiW,True
Fe20Cr11Mo18Cu5Mn21,174.42157,CrCuFeMnMo,True
Mn9Mo25Fe10Cr7Co20,174.42618,CoCrFeMnMo,True
Fe11Cr22Co24Mn9Mo15,174.44756,CoCrFeMnMo,True
Fe11Mn12Mo18Cr8Co18,174.45496,CoCrFeMnMo,True
Fe19Mn12Mo12Cr25Cu16,174.4679,CrCuFeMnMo,True
Cr16Co22Mn9Fe6Mo24,174.4715,CoCrFeMnMo,True
Mo9Co17Cr18Fe16Cu20,174.47913,CoCrCuFeMo,True
Ni23Cr23Fe7W7Mn24,174.49695,CrFeMnNiW,True
Mo15Co18Fe15Cr7Mn14,174.5253,CoCrFeMnMo,True
Mo17Cu12Mn18Cr17Fe16,174.53687,CrCuFeMnMo,True
Cr12Mn23Cu8Fe5Mo16,174.59789,CrCuFeMnMo,True
Ni21Mn6Mo13Fe21Cr24,174.59937,CrFeMnMoNi,True
Ni21Cr19Mn9Fe11Mo15,174.60898,CrFeMnMoNi,True
Cr19Cu25Mo13Fe22Mn25,174.62192,CrCuFeMnMo,True
Mo16W9Cr19Fe6Ni8,174.63652,CrFeMoNiW,True
Cr10Co14Mo22Fe22Cu22,174.6383,CoCrCuFeMo,True
Ni18Co22Fe17Mn12Mo23W24,174.6439,CoFeMnMoNiW,True
Mo6Cr5Ni18Fe12Mn16,174.6591,CrFeMnMoNi,True
Mn8Co5Cu20W12Fe21Mo10,174.66208,CoCuFeMnMoW,True
Mn10Cu17Ni9Cr21Mo5,174.66348,CrCuMnMoNi,True
W8Co8Ni20Mo6Mn9Cu19,174.68274,CoCuMnMoNiW,True
Ni23Mn20Fe24Cr8Mo10,174.68555,CrFeMnMoNi,True
Co20Cr7Cu20W22Ni16,174.68903,CoCrCuNiW,True
Mo11Mn24Fe15Cr9Cu12,174.69997,CrCuFeMnMo,True
Cr25Fe9W15Ni9Mn17Cu19,174.70271,CrCuFeMnNiW,True
Mn11Co16Mo9Fe22Ni14,174.70714,CoFeMnMoNi,True
Mo18Fe11Cr24Ni24Mn11,174.70726,CrFeMnMoNi,True
Cr17Fe8Mo18Ni17Mn13,174.7091,CrFeMnMoNi,True
W17Cr11Ni11Mo18Cu17,174.72394,CrCuMoNiW,True
Mn18Fe19Mo23Cr11Co25,174.72522,CoCrFeMnMo,True
Mn17Fe20Ni25Co6Mo9,174.76178,CoFeMnMoNi,True
W23Ni16Cr5Mo25Co16,174.76192,CoCrMoNiW,True
Ni16Co17Cr25Mn19Cu18W8,174.76459,CoCrCuMnNiW,True
Cr20Mo11Cu5Mn7Fe17,174.76721,CrCuFeMnMo,True
Co22Mn22W14Cr10Mo8,174.77174,CoCrMnMoW,True
Co12W23Mn22Mo12Cr16Cu9,174.77863,CoCrCuMnMoW,True
Fe7Mo22Mn25W7Cr21,174.78128,CrFeMnMoW,True
Mn18Co24Cu13Fe16Mo24W8,174.80307,CoCuFeMnMoW,True
Mo22Fe19Cr9Mn20Co25,174.81168,CoCrFeMnMo,True
Mo24Fe18W19Co6Cr24,174.82074,CoCrFeMoW,True
Mn23Fe25Mo16Co12W17Cu19,174.83276,CoCuFeMnMoW,True
Mo10Cr22Co15Mn9Ni7,174.83818,CoCrMnMoNi,True
Cr20Mo14Fe11Cu12Mn19,174.84406,CrCuFeMnMo,True
Cr9Mo19Ni24Mn23Fe15,174.8471,CrFeMnMoNi,True
Cr20Ni9W19Fe10Mo5,174.85748,CrFeMoNiW,True
Cr20Cu7Mn18Mo9Ni18,174.86539,CrCuMnMoNi,True
Co25Mn17W17Cr7Fe22,174.9254,CoCrFeMnW,True
Mo13Ni17Mn25Cu9Cr20,174.92654,CrCuMnMoNi,True
Mo9Ni25Mn13Cr19Co5,174.92761,CoCrMnMoNi,True
Mn12Fe25Cr6Cu23Co25,174.93164,CoCrCuFeMn,True
Mn24Cu21Mo7Cr23Co24,174.9393,CoCrCuMnMo,True
Fe23Co23Cu7Cr8W23Ni6,174.95587,CoCrCuFeNiW,True
Cr8Co20Ni19Cu18W22,174.97095,CoCrCuNiW,True
Mo22Mn20Cr22W10Ni15,174.98024,CrMnMoNiW,True
Cu10Mn25W6Fe18Mo22Ni23,174.98123,CuFeMnMoNiW,True
Fe7Mo11Cr20Mn8Ni19,175.00797,CrFeMnMoNi,True
Cu14Fe11Mo22Co24Cr12,175.01944,CoCrCuFeMo,True
Ni17Mo21Co23Cr14Fe16,175.02829,CoCrFeMoNi,True
Cr16Mn10Ni10Mo24Fe9,175.03006,CrFeMnMoNi,True
Cr5Mo23Fe13Cu14Co15,175.03024,CoCrCuFeMo,True
Cr9Ni24Fe14Mo17Co9,175.03644,CoCrFeMoNi,True
Mo9Cr12Mn20Fe15Cu16,175.06174,CrCuFeMnMo,True
Cr22Fe17Mn18Co8W12,175.06439,CoCrFeMnW,True
Fe10Co14Ni10Cr9Mo12,175.07521,CoCrFeMoNi,True
Fe7Cr16Mn18Ni20Mo18,175.07803,CrFeMnMoNi,True
Ni18Co15Mn12Cr18Cu25W9,175.09586,CoCrCuMnNiW,True
Ni22Cr16Mo8Fe20Cu10,175.09943,CrCuFeMoNi,True
W13Cu20Mn23Co17Ni24Cr16,175.11581,CoCrCuMnNiW,True
Co14Mo25Fe9Cr13W23,175.13104,CoCrFeMoW,True
Ni21Fe22Co9Mo7Mn13,175.15005,CoFeMnMoNi,True
Mn5Ni21Cr23Fe19Mo9,175.1533,CrFeMnMoNi,True
Mn24Cr23Cu8Mo17Fe6,175.15778,CrCuFeMnMo,True
Fe24Mo21Mn22Cu10Cr18,175.16876,CrCuFeMnMo,True
Mo17Mn19Fe14W19Cr25,175.18451,CrFeMnMoW,True
Mn24Co10Cu12Cr22Mo15,175.19049,CoCrCuMnMo,True
Co11Ni22Mn16Cr22Mo15,175.1966,CoCrMnMoNi,True
Fe25Mo20Cr19Ni23Co23,175.20535,CoCrFeMoNi,True
Ni22Fe14Cr16Mn9Mo8,175.21371,CrFeMnMoNi,True
Cr15Co15Mn8W20Fe12Cu13,175.2156,CoCrCuFeMnW,True
Mo10Mn13Cr17Co24Fe8,175.2305,CoCrFeMnMo,True
Cr22W14Ni20Mn17Fe18,175.26186,CrFeMnNiW,True
Ni15W11Cr15Co6Mo18,175.26862,CoCrMoNiW,True
Mo25Co20Fe5Mn22Cr18,175.2687,CoCrFeMnMo,True
Cr7Fe18Mn17Mo8Ni20,175.27298,CrFeMnMoNi,True
Ni21Cu10Mo16Mn18Cr7W18,175.28334,CrCuMnMoNiW,True
W14Ni24Cu5Fe20Cr24,175.28528,CrCuFeNiW,True
Cr13Cu11W5Mn16Mo9,175.29196,CrCuMnMoW,True
Cu22W14Ni18Cr19Co15,175.296,CoCrCuNiW,True
Cr22Mn13Fe16Ni13W10,175.3096,CrFeMnNiW,True
Co10Mo19W25Fe15Cr25,175.31937,CoCrFeMoW,True
Fe16Mn11Co14Mo13Ni11,175.32149,CoFeMnMoNi,True
Cr10Mn23Fe20Mo21Ni24,175.32208,CrFeMnMoNi,True
W21Co19Cr9Mo19Fe6,175.32733,CoCrFeMoW,True
Fe23Mn9Mo9Co7Ni12,175.33762,CoFeMnMoNi,True
Mo17Cr22Cu20Fe11Ni16,175.3431,CrCuFeMoNi,True
W8Mo24Ni24Cu9Co14,175.35992,CoCuMoNiW,True
Cr5Mo25Fe24Co17Mn21,175.3688,CoCrFeMnMo,True
Cu8Cr14Mo14W14Co21,175.3695,CoCrCuMoW,True
Cr24Mn21Cu13Mo10Co20,175.37231,CoCrCuMnMo,True
Mo16Fe15Cr13Co14Mn7,175.37418,CoCrFeMnMo,True
W25Co21Mo19Ni14Cr23,175.38484,CoCrMoNiW,True
Cr11Mo25Co25Fe7Ni16,175.38539,CoCrFeMoNi,True
W25Mo16Cu8Fe18Ni25,175.38876,CuFeMoNiW,True
Mo22Mn8Ni7Fe10Cr7,175.39047,CrFeMnMoNi,True
Mn17Mo7Cr9Co17Ni7,175.39178,CoCrMnMoNi,True
Cr20W24Cu18Co12Mo5,175.41382,CoCrCuMoW,True
Cr7Fe7Co17Mn22Cu14,175.41612,CoCrCuFeMn,True
Mo21Cr14Co19Ni17Fe11,175.41956,CoCrFeMoNi,True
Co11Ni25Fe15Mo23W18Mn5,175.43436,CoFeMnMoNiW,True
Mo10Co10Cr16Fe22Ni24,175.44147,CoCrFeMoNi,True
Fe11Cr16Co17Mo14Cu14,175.44589,CoCrCuFeMo,True
Cu15Cr9Mo5Fe13Mn16,175.44629,CrCuFeMnMo,True
Co19Fe12Cr16Mn14W19Cu8,175.44983,CoCrCuFeMnW,True
Cr21Mo14Mn12Ni15Co12,175.46194,CoCrMnMoNi,True
Ni23Fe23W12Mn13Cr6,175.49649,CrFeMnNiW,True
Mo19Cr13Mn14Fe13W12,175.4985,CrFeMnMoW,True
Cu20Mo25Cr18Fe12Co21,175.52081,CoCrCuFeMo,True
W16Ni20Co21Fe21Cu22,175.52151,CoCuFeNiW,True
Mo21Cu15Co16Cr8Fe15,175.5338,CoCrCuFeMo,True
W12Cr21Ni7Cu21Mo11,175.54498,CrCuMoNiW,True
Mo14W15Cr24Mn11Co20,175.55182,CoCrMnMoW,True
Co16Cu24Mo24Cr23Fe7,175.5546,CoCrCuFeMo,True
Mo23Mn14Fe15Co17Cr9,175.55864,CoCrFeMnMo,True
Ni19Mn19Cu13Cr20Mo8,175.56381,CrCuMnMoNi,True
Fe18Co23Mo13Cu11Ni14,175.56653,CoCuFeMoNi,True
Ni16Cr14Co14Cu20W15,175.57204,CoCrCuNiW,True
W5Mo13Fe20Mn20Cu21,175.57526,CuFeMnMoW,True
Co12Cu19Ni9Mn22Fe8,175.58382,CoCuFeMnNi,True
W5Mn13Mo19Cr5Fe10,175.58563,CrFeMnMoW,True
Mn20Cu9Ni5Fe16Co7,175.5954,CoCuFeMnNi,True
Mo22Co18Fe23Mn16Ni15,175.6106,CoFeMnMoNi,True
Fe14Mn23Mo16Cr10Ni24,175.6128,CrFeMnMoNi,True
Mo11Mn13Ni20Co8Fe19,175.6212,CoFeMnMoNi,True
Cr23Fe23W17Mo25Mn8,175.62741,CrFeMnMoW,True
Ni24Fe6Mn9W15Cr6Co6,175.65591,CoCrFeMnNiW,True
Mo5Co14Ni25Cr18Mn14,175.65707,CoCrMnMoNi,True
Co24Mo9Mn14Fe19Cr13,175.65787,CoCrFeMnMo,True
Mo23Cr14Co12Ni24W25,175.67935,CoCrMoNiW,True
Co14W23Ni20Mn15Fe18Mo19,175.69254,CoFeMnMoNiW,True
Mo9Cr20Mn20Cu15Fe8,175.7124,CrCuFeMnMo,True
Cr16Co12Mn22Cu14Mo8,175.74776,CoCrCuMnMo,True
Fe9Cu8Cr10W11Ni6,175.75491,CrCuFeNiW,True
Ni13Cr25Fe13Mo20Mn8,175.7616,CrFeMnMoNi,True
Mo22Ni7Cr19W11Cu25,175.76727,CrCuMoNiW,True
Co14Fe20Mo5Cr9Mn9,175.76811,CoCrFeMnMo,True
Cr16Mo22Cu6Mn22Fe20,175.77219,CrCuFeMnMo,True
Mn23Fe15Ni24W14Cr21,175.77641,CrFeMnNiW,True
Fe13Mo16Mn14Ni11Cr5,175.78351,CrFeMnMoNi,True
Cr18Fe22Mo24Co18Mn10,175.8147,CoCrFeMnMo,True
Fe10Co14Mo23Ni21Cr9,175.81775,CoCrFeMoNi,True
Fe17Cr12Mn13Cu5Mo13,175.84224,CrCuFeMnMo,True
W24Ni23Cr14Cu15Mo19,175.84863,CrCuMoNiW,True
Mo25Co25Fe20Ni18Cu24,175.86676,CoCuFeMoNi,True
Co23Cr10Ni10Fe13Mo16,175.8798,CoCrFeMoNi,True
Mn11Mo16Cr10Fe23Ni9,175.88501,CrFeMnMoNi,True
Co9Cr19Cu12Mo10Mn19,175.89006,CoCrCuMnMo,True
Mo18Mn8Fe19Cr17Ni12,175.89026,CrFeMnMoNi,True
Fe6Co18Mo23Mn15Cr16,175.89404,CoCrFeMnMo,True
Fe14Mo17Mn11Ni20Cr17,175.89447,CrFeMnMoNi,True
Mo19Mn14Fe14Co6Ni8,175.93414,CoFeMnMoNi,True
Fe13Mn11Co11Cr5Mo18,175.93486,CoCrFeMnMo,True
Co9Mo12Cr20Cu8Mn19,175.9429,CoCrCuMnMo,True
Cr14Mo14Fe14Cu19Ni11,175.95555,CrCuFeMoNi,True
Co5W11Ni24Cr22Mo24,175.97704,CoCrMoNiW,True
Mn11Fe5Co13Cr24Mo22,175.98244,CoCrFeMnMo,True
Fe11Mo8Ni21Cr16Cu10,175.98468,CrCuFeMoNi,True
Mo15Cu5Fe25Cr19Mn13,175.98753,CrCuFeMnMo,True
Mo11Co25Fe24Cr13Mn17,176.01035,CoCrFeMnMo,True
Fe21Mo15Mn23Cu6Cr5,176.01219,CrCuFeMnMo,True
Mo19Co20Mn13Cr14Fe22,176.0174,CoCrFeMnMo,True
Mo24Ni13Co20W21Cr23,176.02324,CoCrMoNiW,True
Mo18Cu8Co20W7Cr25,176.03506,CoCrCuMoW,True
Fe17Cu12W16Cr13Co6,176.03592,CoCrCuFeW,True
Mo18Cr6Fe7Co7Ni24,176.04724,CoCrFeMoNi,True
Mo9Fe10Mn11Cu10Cr14,176.05992,CrCuFeMnMo,True
Mo23Cr11Ni23Co14Fe24,176.08362,CoCrFeMoNi,True
Mo15W11Cr7Fe7Co5,176.08453,CoCrFeMoW,True
Cr16Mo17Mn10Co15Fe6,176.10278,CoCrFeMnMo,True
Ni12Mo23Cu13Co8Fe21,176.11322,CoCuFeMoNi,True
Cr18Co23Ni6Mo15Cu24,176.1459,CoCrCuMoNi,True
Mo7Co23Ni24Mn12Cr25,176.15402,CoCrMnMoNi,True
Co19Fe8Cr21Mo23Mn12,176.1572,CoCrFeMnMo,True
W22Cr5Mn16Mo23Fe15Cu13,176.1728,CrCuFeMnMoW,True
Fe14Mn19Mo22Co20Cr7,176.18169,CoCrFeMnMo,True
Mo18Cr11Mn13W9Cu7Ni10,176.18335,CrCuMnMoNiW,True
Fe11Cr21Mn8W10Mo23,176.18663,CrFeMnMoW,True
W17Ni24Mn25Cr16Mo7,176.19505,CrMnMoNiW,True
Co23Mo7Ni15Fe15Cr22,176.21417,CoCrFeMoNi,True
Mn7Cr11Fe20Mo13Co10,176.22331,CoCrFeMnMo,True
Cr25Mn23Cu23Mo18W12,176.23578,CrCuMnMoW,True
Cu20Ni24Fe7Co8Mn5,176.24765,CoCuFeMnNi,True
W21Co24Cr20Mn24Mo10,176.25073,CoCrMnMoW,True
Cr25Fe21Mo13Cu19Mn17,176.262,CrCuFeMnMo,True
Cu19Mo17Cr19Ni25Co24,176.26706,CoCrCuMoNi,True
Mo17Co22Mn16Cr12Fe7,176.27759,CoCrFeMnMo,True
Mn6Cr18Fe16Ni12Mo14,176.27853,CrFeMnMoNi,True
Ni13Co12Mn15Cr8Cu20W9,176.2937,CoCrCuMnNiW,True
Cu20Co8Cr12Mo16Ni16,176.29617,CoCrCuMoNi,True
W21Cr18Co22Ni8Fe6Cu10,176.34125,CoCrCuFeNiW,True
Cu7Ni12W10Cr7Mo15,176.36688,CrCuMoNiW,True
W12Co16Mo20Ni7Cr15,176.38707,CoCrMoNiW,True
Mo18Cu22Cr17Co19Fe24,176.3888,CoCrCuFeMo,True
Fe7Cr15Mo5W24Cu23,176.39334,CrCuFeMoW,True
Cu14Co13Mo22Ni14Fe14,176.39389,CoCuFeMoNi,True
Co6Mo18Ni23Cr25Mn17,176.41022,CoCrMnMoNi,True
Co11Mo5Fe15Cr15Ni20,176.41638,CoCrFeMoNi,True
Cu13Cr23W9Co21Ni25,176.42235,CoCrCuNiW,True
Cu16W23Co9Cr13Fe23Ni5,176.46022,CoCrCuFeNiW,True
Mo17Fe11Mn18Ni23Cr15,176.48627,CrFeMnMoNi,True
Mn6Ni7Fe16Cr19Mo18,176.50674,CrFeMnMoNi,True
Co20Mo14Fe5Cr15Ni10,176.5085,CoCrFeMoNi,True
Cu12Mo8Fe9Cr13Co11,176.52612,CoCrCuFeMo,True
Mo6Cu8Cr17Fe15Co25,176.5578,CoCrCuFeMo,True
Mo22Co15Mn12Cr13Fe24,176.55928,CoCrFeMnMo,True
Mn5Cr17Mo18Co10Fe21,176.56061,CoCrFeMnMo,True
Cu22Cr23Co25W6Mn21Ni9,176.56781,CoCrCuMnNiW,True
Mn10Co14Mo12Fe5Cr9,176.56924,CoCrFeMnMo,True
Mo14W8Fe8Cr10Mn15,176.573,CrFeMnMoW,True
Cu10Cr15Co5Fe20Ni10W20,176.59323,CoCrCuFeNiW,True
Cu13Co13Fe22Mo10Ni25,176.60469,CoCuFeMoNi,True
Ni19Fe11Mo21Mn16Cr19,176.61559,CrFeMnMoNi,True
Ni6Co11Mn17Mo10Cr7,176.6415,CoCrMnMoNi,True
W8Cr20Co7Ni14Mo23,176.64256,CoCrMoNiW,True
W10Fe14Cr13Ni15Mn25,176.65338,CrFeMnNiW,True
Cr15Mn24Ni6Co23Mo15,176.67627,CoCrMnMoNi,True
Cr22Co13Mo8Cu22Mn19,176.7008,CoCrCuMnMo,True
Fe6Cr10Mn24Ni25Mo8,176.7074,CrFeMnMoNi,True
Co10Cr23W22Fe15Cu20,176.71634,CoCrCuFeW,True
Fe15Mn5Mo16Co12Cr21,176.7193,CoCrFeMnMo,True
Mo23Ni8Fe12Mn8Cr12,176.72739,CrFeMnMoNi,True
Fe7Ni17Cr5Mn21Co20,176.75507,CoCrFeMnNi,True
Mo25Cr13Mn18Fe5Co18,176.76877,CoCrFeMnMo,True
Ni21Fe17Cu17Mo6Cr19,176.76978,CrCuFeMoNi,True
Ni21Mo5Co20W21Cu9,176.77591,CoCuMoNiW,True
Co23Cr13Mn11Cu18W22Fe8,176.7948,CoCrCuFeMnW,True
Mn21Cu13Ni23Fe16W22Cr24,176.80264,CrCuFeMnNiW,True
Cu24Co7Mo8Cr22W17,176.8122,CoCrCuMoW,True
Ni23Mo10Cr17Cu12Fe16,176.8125,CrCuFeMoNi,True
Mo9Cu8Fe22Co10Ni19,176.81544,CoCuFeMoNi,True
Mo5Cu25Fe21Mn13Cr23,176.81946,CrCuFeMnMo,True
Cu19Mn19W5Cr11Mo20,176.83896,CrCuMnMoW,True
Mo7Fe9Cu10Mn11Cr20,176.83951,CrCuFeMnMo,True
Cr10Mo18Mn6Fe12Co10,176.85312,CoCrFeMnMo,True
Mo17Cu12Ni11Co16W18,176.86148,CoCuMoNiW,True
Mo6Mn12W13Co7Fe13Ni7,176.86296,CoFeMnMoNiW,True
Co10Ni19Mo10Fe15Mn15,176.86316,CoFeMnMoNi,True
Mn19Mo9Fe18Cu20Cr17,176.86488,CrCuFeMnMo,True
Cr10Fe17Mo9Cu7Mn14,176.86781,CrCuFeMnMo,True
Cr5Mn15Cu16Ni21Fe8,176.86972,CrCuFeMnNi,True
Ni6Mo6Cr5Co6Mn11,176.87622,CoCrMnMoNi,True
Cu10Mo24Fe19Mn24Cr23,176.89156,CrCuFeMnMo,True
Cr12Ni18Cu16Co6Mo13,176.8923,CoCrCuMoNi,True
Cr21Co23Mo6Ni18Mn12,176.89235,CoCrMnMoNi,True
Mn18Co7Cr7Ni9Mo12,176.89331,CoCrMnMoNi,True
Co9Fe9W22Ni21Cr8,176.90364,CoCrFeNiW,True
Cu18Co22Cr19Fe20Mo13,176.90417,CoCrCuFeMo,True
Cr16W21Mo14Co10Cu22,176.90692,CoCrCuMoW,True
Mo17Co17Fe8Cr21Mn10,176.90936,CoCrFeMnMo,True
Cu18W11Ni6Mo10Cr16,176.91808,CrCuMoNiW,True
Co18Cu14Ni9W6Cr14Mn14,176.92188,CoCrCuMnNiW,True
Mo14Cu25W8Ni6Cr16,176.92513,CrCuMoNiW,True
Mn23Cr22Fe22Cu19Mo15,176.92592,CrCuFeMnMo,True
Cr12Mo9Ni23Fe9Mn18,176.932,CrFeMnMoNi,True
Ni22Mo19Cr7W6Mn24,176.93814,CrMnMoNiW,True
Mn7Fe14Mo5Cr21Cu12,176.94124,CrCuFeMnMo,True
Mo13Cu24Cr24Fe21Mn23,176.94623,CrCuFeMnMo,True
W15Cu18Co11Mn11Mo19Cr5,176.95325,CoCrCuMnMoW,True
Mn24W24Mo8Cr24Cu13Ni8,176.96487,CrCuMnMoNiW,True
Fe23Cu24Mo9Ni9Cr18,177.00089,CrCuFeMoNi,True
Mn24Fe17Mo25Co25Cr10,177.01968,CoCrFeMnMo,True
Co13Ni21Cu19Fe18Mo13,177.03163,CoCuFeMoNi,True
Ni8W25Fe11Co23Mo20,177.0665,CoFeMoNiW,True
Cu23Mn6Fe22Cr6W17Ni12,177.07993,CrCuFeMnNiW,True
Fe7Cr10Cu24Co5Mo17,177.09558,CoCrCuFeMo,True
Ni14Mn15Cr14Fe23Mo23,177.10442,CrFeMnMoNi,True
W16Mo25Co22Cu8Ni20,177.113,CoCuMoNiW,True
Fe15Cu7Mo22Cr7Ni23,177.11908,CrCuFeMoNi,True
Ni12Fe13Cu14Cr11Mo14,177.13284,CrCuFeMoNi,True
Co24Ni22Mo7Mn18Cr18,177.15733,CoCrMnMoNi,True
Ni17Fe19Cr9Mo17Mn18,177.16394,CrFeMnMoNi,True
Co17Ni22W9Cu17Mn22Cr23,177.17091,CoCrCuMnNiW,True
Mn9Mo7Cr12W5Ni6,177.19336,CrMnMoNiW,True
Mn17W20Cu11Cr13Mo21Fe8,177.20331,CrCuFeMnMoW,True
Mo5Cu13Cr13Co7Mn12,177.21655,CoCrCuMnMo,True
Cr18Co23Cu19W19Ni22,177.24051,CoCrCuNiW,True
W16Co14Ni9Cr8Mo18,177.25165,CoCrMoNiW,True
Mo20Fe17Cr8Ni12Co20,177.26773,CoCrFeMoNi,True
Mo12Mn14Fe14Ni17Cr10,177.27849,CrFeMnMoNi,True
Cu10Mo17Fe18Ni21Co9,177.28064,CoCuFeMoNi,True
W25Co19Mo17Ni6Fe21,177.29462,CoFeMoNiW,True
W6Mn23Mo5Ni24Cr5,177.3219,CrMnMoNiW,True
Co18Mo15Mn12Cr25Fe6,177.32295,CoCrFeMnMo,True
Cu24Ni5Cr21W10Fe13,177.32315,CrCuFeNiW,True
Fe14Co15Mn20Ni9Mo20,177.32684,CoFeMnMoNi,True
Cr17Mn5Mo11Ni9Fe17,177.32938,CrFeMnMoNi,True
Cu8W7Fe10Mo14Cr24,177.33563,CrCuFeMoW,True
Co11Mo21W7Ni10Cu22,177.34787,CoCuMoNiW,True
Ni8Cr7Mo25Mn17Fe19,177.37643,CrFeMnMoNi,True
Mn12Mo6Cu5Ni9Fe20W5,177.41934,CuFeMnMoNiW,True
Cr20Mn8Mo19Fe15Ni10,177.42212,CrFeMnMoNi,True
Cr22Co11Fe16Mn6Mo24,177.42557,CoCrFeMnMo,True
Ni6Fe22Cr7W17Mo25,177.4422,CrFeMoNiW,True
Mo20Cr21Fe15Mn16Ni24,177.44632,CrFeMnMoNi,True
Mo21Fe24Cr13Ni18Mn18,177.45358,CrFeMnMoNi,True
Mn20Cu13Co18Mo13Fe16W15,177.46826,CoCuFeMnMoW,True
Mo15Ni17Cr20Mn9Fe19,177.4722,CrFeMnMoNi,True
W8Mo9Co17Mn25Fe17,177.48134,CoFeMnMoW,True
Mo12Cu7Mn24Cr24Co16,177.50388,CoCrCuMnMo,True
Mo8Ni9Mn15Cr12Cu5,177.50417,CrCuMnMoNi,True
Fe15Mn22Ni9Cu13Mo14,177.50629,CuFeMnMoNi,True
Cu14Cr24Mn24Mo20Fe21,177.50757,CrCuFeMnMo,True
Co8Mn20Cu24Mo5Cr22,177.5087,CoCrCuMnMo,True
Mn18Cr13Cu14Mo6Co7,177.5187,CoCrCuMnMo,True
Cu12Co18Fe22Mn21Mo11,177.52536,CoCuFeMnMo,True
Cu6Mo18Cr23W15Fe22,177.53973,CrCuFeMoW,True
Co23Cu20Mo6Mn24Cr24,177.54547,CoCrCuMnMo,True
Cr10Fe21Ni22Mo16Mn23,177.55063,CrFeMnMoNi,True
Fe21Mo13Co21Mn19Cr10,177.57663,CoCrFeMnMo,True
Mo11Fe16Mn20Cr10Ni22,177.57672,CrFeMnMoNi,True
Fe20Co7Cr12Mo9Mn5,177.57898,CoCrFeMnMo,True
Fe6Ni16Cu12Cr6W13Mn13,177.58179,CrCuFeMnNiW,True
Mo9Ni11Mn5Fe9Cr24,177.58533,CrFeMnMoNi,True
Ni10Co10Cr15Fe15W24,177.58994,CoCrFeNiW,True
Fe8Mo11Mn22Ni17Cr5,177.59647,CrFeMnMoNi,True
W5Mo9Co24Mn7Fe15,177.61057,CoFeMnMoW,True
Mn11Co7W5Mo9Cr9,177.61133,CoCrMnMoW,True
Ni20Fe13Cr20Mo18Mn13,177.61455,CrFeMnMoNi,True
Mn7Ni15Fe10Cr17Mo10,177.62593,CrFeMnMoNi,True
Fe18Mn21Mo20Co11Ni23,177.62607,CoFeMnMoNi,True
Mn18Mo15Fe23Cu14Cr22,177.6289,CrCuFeMnMo,True
Mo19Co6Ni17Fe8W7Mn15,177.64041,CoFeMnMoNiW,True
Ni11Cu16Fe13Co15Mo13,177.6509,CoCuFeMoNi,True
Co20Ni19Fe25Cr12Mo25,177.65137,CoCrFeMoNi,True
Co7Ni17Mn20Cr22Mo20,177.65488,CoCrMnMoNi,True
Mn20Cr18Fe6Mo20Co20,177.68042,CoCrFeMnMo,True
Ni8Mn16Mo20Cr7Fe21,177.71529,CrFeMnMoNi,True
Ni8Cr21Co18Mo18Mn19,177.71947,CoCrMnMoNi,True
Cr22Ni11Fe8Cu23Mo8,177.77081,CrCuFeMoNi,True
Mn6W17Fe22Cu11Co9Cr23,177.78049,CoCrCuFeMnW,True
Mo6Cr10Ni17Fe7Mn12,177.78435,CrFeMnMoNi,True
Ni12Fe24Cu15Mo10Cr13,177.79172,CrCuFeMoNi,True
Mn14Mo8Fe25Cu14W18Co16,177.80336,CoCuFeMnMoW,True
Fe6Cr25Mn10Mo12Co20,177.8085,CoCrFeMnMo,True
Cr23Mo21Mn7Co14Fe21,177.82166,CoCrFeMnMo,True
Mo23Ni17Fe22Co15Mn17,177.84103,CoFeMnMoNi,True
Co17Mo14Fe14Ni17Cu10,177.84381,CoCuFeMoNi,True
Mo6Ni19Co23Mn16W8,177.89432,CoMnMoNiW,True
Co6Ni22W9Cr6Mo16,177.90155,CoCrMoNiW,True
Mn11Fe13Mo14Ni9Cr7,177.93025,CrFeMnMoNi,True
Co23Fe24Mo16Mn23Cr10,177.9419,CoCrFeMnMo,True
Ni23Mn5Cu8Fe23Cr8,177.96188,CrCuFeMnNi,True
Ni25Mo9Fe8Cu13Cr23,177.96318,CrCuFeMoNi,True
Fe13Mn20Cr15Ni18Mo23,177.97438,CrFeMnMoNi,True
Cr11Mo9Ni11Fe14Mn7,177.98051,CrFeMnMoNi,True
Cr18Ni14Co17Mo7Mn11,177.99014,CoCrMnMoNi,True
Mo14Fe22Cr25Cu13Mn16,177.99847,CrCuFeMnMo,True
Mo5Cr12Mn16Co23Fe8,178.00473,CoCrFeMnMo,True
Co24W18Mo15Mn19Cr20,178.01196,CoCrMnMoW,True
Fe18Mn23Co12Mo25Ni16,178.01248,CoFeMnMoNi,True
Co10Cr19Mo19Mn18Ni8,178.02032,CoCrMnMoNi,True
Mn18Cu8Mo10Fe19Co15,178.02322,CoCuFeMnMo,True
Fe16Mo17Ni9Cu25W25,178.02557,CuFeMoNiW,True
Fe19Mn19Ni22Cr16Mo21,178.02695,CrFeMnMoNi,True
W18Cr23Mo5Ni18Cu12,178.02985,CrCuMoNiW,True
W13Mo16Fe11Cr25Cu11,178.03783,CrCuFeMoW,True
Cu25Fe7Mn20Mo18Co15W6,178.03833,CoCuFeMnMoW,True
Cu18Fe22Mo15Co21Cr18,178.0428,CoCrCuFeMo,True
Mn20Co14Fe17Ni8Mo24,178.04657,CoFeMnMoNi,True
Mo13Co12Fe17Cr25Mn5,178.05882,CoCrFeMnMo,True
Mn21W24Ni10Cu21Mo11Cr9,178.08997,CrCuMnMoNiW,True
Cr21Co12Ni12Mo18Mn17,178.09161,CoCrMnMoNi,True
Mn19W22Cr25Co21Mo7,178.12183,CoCrMnMoW,True
Fe10Cr16Ni6Cu22W8,178.13194,CrCuFeNiW,True
Fe20Mn5Mo5Cr15Ni7,178.1571,CrFeMnMoNi,True
Cu17Mn11Cr8Mo14Ni5W12,178.16559,CrCuMnMoNiW,True
Co19W25Cr12Ni25Cu24,178.18167,CoCrCuNiW,True
Mo5Fe15W11Co22Mn14,178.18692,CoFeMnMoW,True
Mn23Co5Cu13Cr8Mo11,178.21149,CoCrCuMnMo,True
Fe24Cu11Mn13Cr22Mo11,178.21863,CrCuFeMnMo,True
Cr17Mo11Cu17Fe18Mn25,178.2296,CrCuFeMnMo,True
Fe14Co9W9Mo18Mn14Ni7,178.24149,CoFeMnMoNiW,True
Mo9Fe12Cr20Ni17Mn7,178.25352,CrFeMnMoNi,True
Fe21Mn19Co21Mo21Ni13,178.25378,CoFeMnMoNi,True
Co6Ni13Mn23Cr16Mo20,178.2586,CoCrMnMoNi,True
Cr18Co16Fe13Mo23Mn11,178.26358,CoCrFeMnMo,True
Cu6Fe11Cr25Mn20Mo16,178.26529,CrCuFeMnMo,True
Co24Mo11Fe9Cr21Mn13,178.26627,CoCrFeMnMo,True
W16Cu22Fe5Mo25Cr11,178.27762,CrCuFeMoW,True
Cu8Mn12Cr18Ni7Mo7,178.2829,CrCuMnMoNi,True
Ni17W23Mo16Fe9Co7,178.29102,CoFeMoNiW,True
Ni8Cu5Mn14Fe15Mo11,178.29591,CuFeMnMoNi,True
Cu15Fe12Mn24Cr13Co18W25,178.32283,CoCrCuFeMnW,True
Cr9Cu16Mo12Co6Fe10,178.33228,CoCrCuFeMo,True
W22Cr21Fe12Mo9Co9,178.33301,CoCrFeMoW,True
Mo12Ni15Co25Cr23Fe17,178.33313,CoCrFeMoNi,True
Cr22Ni17W6Mn11Co23,178.34915,CoCrMnNiW,True
Mn20Cr16Ni24Fe11Mo15,178.3505,CrFeMnMoNi,True
Cr15Ni11Mo10Mn7Fe19,178.35138,CrFeMnMoNi,True
Ni11Mo7Mn8Fe20Cr12,178.39282,CrFeMnMoNi,True
Cr21Mo8Mn17Co24Ni20,178.39322,CoCrMnMoNi,True
Ni14Cr14Mn14Co19Mo5,178.3958,CoCrMnMoNi,True
Ni8Mn5Fe22W5Cr22,178.42068,CrFeMnNiW,True
Fe10W10Cr15Mo17Mn22,178.43085,CrFeMnMoW,True
Mo16Ni15Mn23Co8Cr14,178.43112,CoCrMnMoNi,True
Cr23Mo8Cu10Co15Mn18,178.44232,CoCrCuMnMo,True
Cr18Mo17Ni16Co9Mn22,178.44397,CoCrMnMoNi,True
Cu17W10Cr9Mo13Ni6,178.44775,CrCuMoNiW,True
Ni6Cr18Mo16W17Fe16,178.4503,CrFeMoNiW,True
Mn17Cu22Fe21Mo25Co9W7,178.45433,CoCuFeMnMoW,True
Cr17Mn22Mo9Ni23Co17,178.4567,CoCrMnMoNi,True
Cr22Mo16Mn20Co7Ni24,178.45853,CoCrMnMoNi,True
Mn20Cu13Mo8Fe17Cr12,178.47101,CrCuFeMnMo,True
Mn6Fe14Co10Cr21Mo22,178.47668,CoCrFeMnMo,True
Co10Cr25Mo18Cu16W9,178.48137,CoCrCuMoW,True
Co11Mo20Fe8W21Cu24,178.48474,CoCuFeMoW,True
Cr10Fe12Co5Mo8Ni17,178.4897,CoCrFeMoNi,True
Mn17Mo25Cr17Fe16Co23,178.49965,CoCrFeMnMo,True
Cu5Fe17Cr25Mo22Mn22,178.49979,CrCuFeMnMo,True
Ni16Mn9W7Cr10Mo13,178.50037,CrMnMoNiW,True
Mo13Ni8Fe10Cu7Co14,178.5009,CoCuFeMoNi,True
Fe12Mn11Cu24Cr25W22Ni24,178.50125,CrCuFeMnNiW,True
Fe22Mn9Mo5Ni7W20Co16,178.50493,CoFeMnMoNiW,True
Cu6Fe5Mn13Cr7Mo6,178.51291,CrCuFeMnMo,True
Mo24Ni19Co13Mn24Fe18,178.51477,CoFeMnMoNi,True
W24Mo20Cr13Co20Cu16,178.51501,CoCrCuMoW,True
Mn12Mo25Co20Fe23Cr22,178.53929,CoCrFeMnMo,True
Ni7W6Mn21Fe14Cr9,178.5434,CrFeMnNiW,True
Cr22Ni10Cu16W10Fe9,178.55261,CrCuFeNiW,True
Ni22Fe12Mo14Cr16Mn16,178.57468,CrFeMnMoNi,True
Mn9Cr24Ni23Mo10Fe17,178.5882,CrFeMnMoNi,True
Ni9Cr5Mn15Mo13Fe19,178.59123,CrFeMnMoNi,True
W20Fe17Mn25Cr25Mo23,178.59756,CrFeMnMoW,True
Mn23W19Co12Fe6Cr10Cu23,178.62321,CoCrCuFeMnW,True
W18Mn25Cr16Co22Mo5,178.64908,CoCrMnMoW,True
Mn10Cr19Mo25Fe20Ni7,178.64929,CrFeMnMoNi,True
Mn10Mo25Cr25Ni24W10,178.6571,CrMnMoNiW,True
Mn20Cu14Co9Mo11Cr25,178.67535,CoCrCuMnMo,True
Mo20Mn10Ni8Cr15Fe11,178.68866,CrFeMnMoNi,True
Ni8Fe21Cu14W17Cr14,178.70357,CrCuFeNiW,True
Mn21Mo8Fe17W8Co15,178.72775,CoFeMnMoW,True
Ni22Fe10Mo11Co9Cr15,178.75041,CoCrFeMoNi,True
Co22Cr15Fe10Mo13Ni9,178.75867,CoCrFeMoNi,True
W18Mo22Co11Ni9Fe14Cu6,178.7637,CoCuFeMoNiW,True
Mn17Co12Mo9Fe11Cu5,178.76514,CoCuFeMnMo,True
Co16Cr23Mo16Mn17Ni13,178.76791,CoCrMnMoNi,True
Mn9Ni19Cr22Mo7Fe5,178.79025,CrFeMnMoNi,True
Ni15Cr21Mo21Mn24Co8,178.8063,CoCrMnMoNi,True
W16Co9Cr11Ni7Fe23,178.80862,CoCrFeNiW,True
Fe15Ni20Mn21Mo13Cr10,178.8155,CrFeMnMoNi,True
Cu8W19Cr23Fe24Mo22,178.824,CrCuFeMoW,True
Mn23Cu5Mo15Fe25Co15,178.83073,CoCuFeMnMo,True
Ni10Fe6W21Co13Mo24Cu12,178.85487,CoCuFeMoNiW,True
Mo8Cu12Mn24Cr19Ni16,178.89636,CrCuMnMoNi,True
Cr13Fe5Mo8Co17Mn12,178.90634,CoCrFeMnMo,True
Cu20Co11W5Fe14Ni18,178.90924,CoCuFeNiW,True
Ni18Cu22Cr23Mo9Fe17,178.91321,CrCuFeMoNi,True
Co25Ni12W14Cr16Cu24,178.92291,CoCrCuNiW,True
Co20Fe12Mo16Cu16Cr22,178.92621,CoCrCuFeMo,True
Ni10W6Cr13Cu17Co15Mn11,178.94067,CoCrCuMnNiW,True
Fe16Cr22Co18Mn10Mo21,178.94797,CoCrFeMnMo,True
Cu8Mn16Fe24Mo17Cr24,178.95041,CrCuFeMnMo,True
Co10Mo22Cu11Fe5W9,178.96574,CoCuFeMoW,True
Co21Mo22Mn11Cr25Fe19,178.96872,CoCrFeMnMo,True
W21Co14Mo22Fe8Cr17,178.97433,CoCrFeMoW,True
Fe22Mn24Cu9Cr8Mo7,179.00362,CrCuFeMnMo,True
Fe19Mo9Ni5Cr13Mn5,179.021,CrFeMnMoNi,True
Cu8Ni17Fe21Mo5Cr14,179.03,CrCuFeMoNi,True
Ni17Co21Cu13W15Cr6,179.06288,CoCrCuNiW,True
Cr5Ni6Fe20Mn6Co18,179.0918,CoCrFeMnNi,True
Cu13Fe22Ni16Co8Mo9,179.09946,CoCuFeMoNi,True
Mo14Mn10Fe11Ni15Cr20,179.10608,CrFeMnMoNi,True
Fe7W21Cu21Mo5Ni12,179.13571,CuFeMoNiW,True
Ni24Fe16Mn23W14Cr25,179.14418,CrFeMnNiW,True
Cr14Co7Ni12Mo21W9,179.1539,CoCrMoNiW,True
Mn12Cr5W10Fe19Ni20,179.16641,CrFeMnNiW,True
Mo16Ni9W13Co6Fe20,179.1708,CoFeMoNiW,True
Cr19Co14W18Fe6Mo16,179.17307,CoCrFeMoW,True
Co15Cr12Ni12Mo15Fe21,179.17355,CoCrFeMoNi,True
Mn15Cr23Co19Mo19Fe9,179.19193,CoCrFeMnMo,True
Cu13Fe19Co13Cr7Mo20,179.19418,CoCrCuFeMo,True
Mo12Mn14Cr15Ni11Co10,179.19548,CoCrMnMoNi,True
Ni24Fe5Cr12Mn25Cu19,179.20605,CrCuFeMnNi,True
Fe6Cr20Co25Mo24W25,179.21292,CoCrFeMoW,True
W19Fe6Cu12Co11Mo13,179.24591,CoCuFeMoW,True
Mo24W17Co7Fe23Ni12,179.24738,CoFeMoNiW,True
W17Cu14Co7Cr22Mn7Fe21,179.2695,CoCrCuFeMnW,True
Fe7Mn11Co13Cr23Mo16,179.27527,CoCrFeMnMo,True
Ni19W19Cu11Cr10Mo10,179.28323,CrCuMoNiW,True
Mn9Co8Fe16Mo22Cr6,179.28403,CoCrFeMnMo,True
W18Cu8Co25Mo22Fe11,179.29013,CoCuFeMoW,True
Cu5Mo10W11Co10Fe5,179.30618,CoCuFeMoW,True
Mn9Mo24W13Cu9Cr13Ni20,179.33896,CrCuMnMoNiW,True
W6Ni24Co15Cr15Mn14,179.34355,CoCrMnNiW,True
Co14Cr17Mn11Mo25Fe12,179.3743,CoCrFeMnMo,True
Co12Mn22Cr12Mo11Ni13,179.38785,CoCrMnMoNi,True
Mo9Cu10Fe22Cr12Mn23,179.39386,CrCuFeMnMo,True
Mn25Co21Ni9Cu21Cr20W7,179.39511,CoCrCuMnNiW,True
Cu8Ni6Mo5Cr20Mn8,179.40985,CrCuMnMoNi,True
Mn16Fe21Co10W13Cr23,179.44681,CoCrFeMnW,True
Cr9Fe12Mo25Co13Mn5,179.45218,CoCrFeMnMo,True
Cu23Ni21Fe11Co5Cr5Mn23,179.46327,CoCrCuFeMnNi,True
Mo11Ni16Co19Fe19Cr19,179.46596,CoCrFeMoNi,True
Mo25Cu17W23Cr18Co21,179.46866,CoCrCuMoW,True
Fe19Cr14Ni8Mn6Mo5,179.4769,CrFeMnMoNi,True
Mn14Mo10Cr22Ni19Co15,179.48355,CoCrMnMoNi,True
W9Mo14Co10Cr23Cu14,179.48976,CoCrCuMoW,True
Mn10Mo5Cr18Cu23W12,179.49155,CrCuMnMoW,True
Mo12Cr13Cu9Co18Fe17,179.50233,CoCrCuFeMo,True
Mo15Mn16Cr16Co17W12,179.52051,CoCrMnMoW,True
Fe19Mo6Ni25Co10Cr18,179.5304,CoCrFeMoNi,True
W18Cu20Mn8Cr12Co23Fe5,179.53137,CoCrCuFeMnW,True
Mn25Fe15Co18Mo25Cr8,179.54703,CoCrFeMnMo,True
Mo11Ni10Fe8Cu8Cr8,179.55423,CrCuFeMoNi,True
Cu25W11Fe8Co11Cr9,179.57115,CoCrCuFeW,True
Ni24Fe6Cu23Mn7Co18,179.60226,CoCuFeMnNi,True
Co12Cu18Fe25Ni21Mo9,179.60373,CoCuFeMoNi,True
Mn22Ni10Cu15Co25Fe7,179.62146,CoCuFeMnNi,True
Cr13Mo14W7Mn22Co12,179.63391,CoCrMnMoW,True
W8Cu17Ni18Co19Fe9,179.634,CoCuFeNiW,True
Cr10Fe19Co11Mo17Cu17,179.63858,CoCrCuFeMo,True
Cr6Fe23Mo13Mn25Cu6,179.6448,CrCuFeMnMo,True
Mn20Cu11Mo22Fe18Co22W8,179.6508,CoCuFeMnMoW,True
Fe7Mo20Mn19Cr20Co18,179.68452,CoCrFeMnMo,True
Mo19Co5W14Cr5Fe19,179.68695,CoCrFeMoW,True
Co21Mo18Ni7Cr6Fe17,179.68977,CoCrFeMoNi,True
Cr5Ni13Mn24Mo15Fe24,179.69373,CrFeMnMoNi,True
Mo17Mn24Fe16Co25Ni9,179.69885,CoFeMnMoNi,True
Mo6Cr17Cu7Mn19Co15,179.70898,CoCrCuMnMo,True
Mo23W19Co6Cr23Fe20,179.70923,CoCrFeMoW,True
Cr18Mo5Fe20Ni10Cu22,179.70969,CrCuFeMoNi,True
Cr24Mo9Mn5Fe11Ni9,179.72327,CrFeMnMoNi,True
Fe8Mo17Cr20Co22Mn20,179.72375,CoCrFeMnMo,True
Cr6Fe10W8Mn14Ni14,179.7416,CrFeMnNiW,True
Mn10Fe5Cr11Cu17Co24,179.74261,CoCrCuFeMn,True
Mo9Cr23Co21Fe25Cu24,179.74783,CoCrCuFeMo,True
Co10W22Cu19Cr11Mo14Mn14,179.76215,CoCrCuMnMoW,True
Cu18Cr12Ni7Mo9Co13,179.77081,CoCrCuMoNi,True
Co13Cu21Mn19Mo5Fe24,179.80206,CoCuFeMnMo,True
Co6Cr5Fe20Mn13Mo18,179.80399,CoCrFeMnMo,True
Mo18Fe9Mn24Co20Cr10,179.82515,CoCrFeMnMo,True
Fe19Ni21W14Cr21Mn17,179.83875,CrFeMnNiW,True
Co14Mn25Cr23Mo22Ni10,179.84088,CoCrMnMoNi,True
Fe23Ni10Mo16Mn19Cr6,179.84366,CrFeMnMoNi,True
Co25Cr18Mo9Ni12Cu20,179.85828,CoCrCuMoNi,True
Cr17Ni18Co5Mn10Mo7,179.8627,CoCrMnMoNi,True
Ni5W15Cr22Co5Mo23Cu24,179.86902,CoCrCuMoNiW,True
Fe18Co13Mn17Mo10Cu7,179.87729,CoCuFeMnMo,True
Mo20Cr17Mn10Fe25Ni7,179.88727,CrFeMnMoNi,True
Co25Cu9Mo12Fe14Cr17,179.8913,CoCrCuFeMo,True
Co5Ni22Cr5Fe14W15,179.89871,CoCrFeNiW,True
Co15Mo7Cr19Mn17Ni24,179.89891,CoCrMnMoNi,True
Cr12Mn24Ni24Mo10Fe12,179.90533,CrFeMnMoNi,True
Fe12Cr11Mn14Ni12Mo17,179.92393,CrFeMnMoNi,True
Cr11Co6Fe25W21Mo17,179.92944,CoCrFeMoW,True
Mo11Mn23Cu21Ni14Fe23,179.93024,CuFeMnMoNi,True
Fe17Mo18W18Ni6Cu17,179.943,CuFeMoNiW,True
Cr19Cu16Co12Fe5W17Mn22,179.94754,CoCrCuFeMnW,True
Mn21Mo16Cr23Co10Ni23,179.9506,CoCrMnMoNi,True
Mn14Fe14Ni19Cr24Mo18,179.9545,CrFeMnMoNi,True
Cr15Mo12Fe21Ni6Co20,179.96288,CoCrFeMoNi,True
Fe25Mo16Cr10Co12Mn15,179.98262,CoCrFeMnMo,True
W13Cr23Ni8Mo8Cu22,179.9867,CrCuMoNiW,True
Cr14Mo25Fe7Mn21Co17,179.99681,CoCrFeMnMo,True
Cr6W21Mo14Fe22Co8,179.9969,CoCrFeMoW,True
Cr18Mo15Ni20W21Cu14,180.01216,CrCuMoNiW,True
Ni7Mo19W20Fe18Cu17,180.01654,CuFeMoNiW,True
Cu12Co15Cr23Mo7Mn18,180.03754,CoCrCuMnMo,True
Cr20Fe11Mo8Mn12W14,180.04634,CrFeMnMoW,True
Co13Mo7W14Cr23Mn23,180.05704,CoCrMnMoW,True
Mo12Cu9Fe22Mn21Ni17,180.07782,CuFeMnMoNi,True
Cr12Fe5Mo16Co21Cu8,180.08978,CoCrCuFeMo,True
Cr17Fe10W23Cu20Co15,180.09094,CoCrCuFeW,True
W5Mn23Co12Fe22Mo11,180.10379,CoFeMnMoW,True
Mo22Cu12W18Ni22Cr10,180.10915,CrCuMoNiW,True
Fe23Mo9Cr15Mn19Ni24,180.11288,CrFeMnMoNi,True
Mo15Co18Fe16Cr22Mn10,180.12073,CoCrFeMnMo,True
W15Mn19Cr25Fe13Co24,180.1258,CoCrFeMnW,True
Ni15Co19Cr22Fe5Mo5,180.1397,CoCrFeMoNi,True
Mo12Cr25Fe17Mn11Ni22,180.15167,CrFeMnMoNi,True
Cr9Fe9Cu21W23Mo19,180.16208,CrCuFeMoW,True
Mn9Cr10Mo7Fe17Ni11,180.16846,CrFeMnMoNi,True
Cr14Cu6W7Mo19Ni22,180.18724,CrCuMoNiW,True
Cr24Ni23Mn14Mo13Fe13,180.19164,CrFeMnMoNi,True
Mn20Cr25Mo10Fe17Cu21,180.21753,CrCuFeMnMo,True
Fe21Mn15Co25Mo12Cr21,180.21808,CoCrFeMnMo,True
W9Fe22Mo17Co20Mn21,180.24634,CoFeMnMoW,True
Mo12Fe12Mn22Cr25W18,180.25587,CrFeMnMoW,True
Mn24W25Fe24Co18Ni14Mo17,180.25807,CoFeMnMoNiW,True
Co5Fe16Mn23Ni8Cu18,180.26324,CoCuFeMnNi,True
Fe13Cr15Mn16W16Mo9,180.26572,CrFeMnMoW,True
Cu9Mo8Co22W5Fe5,180.28615,CoCuFeMoW,True
W17Mn16Cr10Mo20Ni16Cu14,180.29205,CrCuMnMoNiW,True
Mn6Cr15Fe5Co25Cu16,180.29337,CoCrCuFeMn,True
W5Cu21Fe24Mn14Mo12,180.32468,CuFeMnMoW,True
Cr8Mo15Fe8Co5Cu19,180.3269,CoCrCuFeMo,True
Ni25Cr19Cu23Co9W9,180.33597,CoCrCuNiW,True
Cu25W10Co20Ni20Mn11Cr19,180.33658,CoCrCuMnNiW,True
Mn10W22Cr16Cu15Co19Fe13,180.34195,CoCrCuFeMnW,True
Fe24Ni9Cr7Mo7Co6,180.36812,CoCrFeMoNi,True
Ni7Mn16Co14Mo15Cr20,180.36914,CoCrMnMoNi,True
Cu15Ni13Co8Mo13Fe25,180.38312,CoCuFeMoNi,True
Mn12Fe7Ni8Cr23Mo15,180.38351,CrFeMnMoNi,True
Ni21Mn24Mo7Cr24Cu16,180.38855,CrCuMnMoNi,True
W13Mo23Co13Ni5Fe23,180.39046,CoFeMoNiW,True
Ni21Cu18Cr24W17Fe5Mn24,180.39316,CrCuFeMnNiW,True
Mo15Ni7Mn18Fe24Cr7,180.39618,CrFeMnMoNi,True
Mn23Ni6Fe16Mo17Cu12,180.39996,CuFeMnMoNi,True
Mn13Co18Cr13Fe16Mo10,180.40567,CoCrFeMnMo,True
Cu17Co6Cr23Fe18W15,180.40955,CoCrCuFeW,True
Co20Mo16Cr21Fe19Mn12,180.41556,CoCrFeMnMo,True
Mn10Co14Mo9Cr25Ni8,180.41669,CoCrMnMoNi,True
Cu15Fe21Cr13Mo23Co22,180.41934,CoCrCuFeMo,True
Co7Cr13Ni15Mo7Fe19,180.42186,CoCrFeMoNi,True
Cr18Ni13Mo9Fe20Cu21,180.42612,CrCuFeMoNi,True
Fe21Mn11Cr15Mo5Ni19,180.43594,CrFeMnMoNi,True
Mo14Cr6Ni11Fe20Co7,180.4632,CoCrFeMoNi,True
Mn23Co17Cr11W10Mo13,180.4635,CoCrMnMoW,True
Mn14Co15Cr13Mo6Ni12,180.51663,CoCrMnMoNi,True
Fe12Co12Mo21Mn10Cr17,180.53076,CoCrFeMnMo,True
Mn18Mo10Co20Cr24Ni22,180.53201,CoCrMnMoNi,True
Mo21Mn14Fe14Cr7Ni5,180.54582,CrFeMnMoNi,True
W20Fe17Mo22Ni8Cr18,180.57846,CrFeMoNiW,True
Cu19Ni18Cr8Fe8Mn6,180.58575,CrCuFeMnNi,True
Ni8Cu15Mo7Cr13W15,180.59186,CrCuMoNiW,True
Ni15Mn17Fe16Mo12Co15,180.59598,CoFeMnMoNi,True
Co22Cr15Fe19Cu6Mo13,180.60669,CoCrCuFeMo,True
Cr10Cu7Mo14Co18Fe5,180.61165,CoCrCuFeMo,True
Cu24Cr25Mo7Fe25Ni24,180.61502,CrCuFeMoNi,True
Cr21Mo22Co22Cu20Fe17,180.61517,CoCrCuFeMo,True
Cr16Fe15Mo11Ni21Mn15,180.61707,CrFeMnMoNi,True
Cu25Mo11Ni6Fe17Mn24W12,180.64096,CuFeMnMoNiW,True
Mn16Mo15Cr24Co14Ni8,180.64275,CoCrMnMoNi,True
Ni23Cr14Mo9Cu6Co13,180.66028,CoCrCuMoNi,True
W25Ni13Co9Mo7Fe25,180.68451,CoFeMoNiW,True
Mo22Mn25Cr11Fe5Co18,180.69357,CoCrFeMnMo,True
Cu12Cr14Fe25W11Ni9,180.71637,CrCuFeNiW,True
Cr19Cu15Mo5Mn15Co11,180.71655,CoCrCuMnMo,True
Fe23Ni22Mo19Cr22Mn17,180.71735,CrFeMnMoNi,True
Ni12Co19Cr9Mo23Fe24,180.72049,CoCrFeMoNi,True
Co8Fe19Cr8Mn13Mo19,180.72354,CoCrFeMnMo,True
Ni23Mn25W16Co9Fe15Mo24,180.73596,CoFeMnMoNiW,True
Mo9Ni10Fe9Cr19Cu19,180.74915,CrCuFeMoNi,True
Cu9Fe18Ni22Mo23Cr9,180.76076,CrCuFeMoNi,True
Fe17Cu7Ni6Co12Mo15,180.78046,CoCuFeMoNi,True
Mo14Fe14Mn23Ni9Co24,180.78073,CoFeMnMoNi,True
W20Cu10Co14Fe19Cr19,180.78136,CoCrCuFeW,True
Ni24Fe15Mn7W21Cu20Cr19,180.78238,CrCuFeMnNiW,True
Mn22Mo16Cr7Fe11Co16,180.80049,CoCrFeMnMo,True
Co12Cu25Cr18Mo14Ni21,180.81038,CoCrCuMoNi,True
Mo5Co16Fe11Cr13Cu7,180.81458,CoCrCuFeMo,True
Cr11Ni18W8Cu25Co13Mn5,180.81906,CoCrCuMnNiW,True
Cr8Fe25Mo22Ni7W19,180.83434,CrFeMoNiW,True
Mn18Cr11Mo7W10Fe9,180.8353,CrFeMnMoW,True
Mn9Cr18Ni5Fe10Mo24,180.85104,CrFeMnMoNi,True
Mo7Fe14Co14Cr23Mn6,180.86198,CoCrFeMnMo,True
Fe22Mo5Mn11Cr20Co23,180.86716,CoCrFeMnMo,True
Cr18Fe8W19Ni13Mo16,180.86908,CrFeMoNiW,True
Mn14W8Cu23Co5Mo18Fe19,180.874,CoCuFeMnMoW,True
Ni9Cu13Cr13Co19Mo5,180.89764,CoCrCuMoNi,True
Ni11Cu5Co14Fe17Mo15,180.89847,CoCuFeMoNi,True
Cr25Co7W12Ni22Mo20,180.92325,CoCrMoNiW,True
Mo22Co11Fe5Cr13Mn8,180.96945,CoCrFeMnMo,True
Mn18Cu17Fe22Co5Mo10,180.97708,CoCuFeMnMo,True
Co14Fe8Cu11Cr15Mo13,180.99548,CoCrCuFeMo,True
Mn21W11Ni15Fe17Cr24,180.99812,CrFeMnNiW,True
Mn21Cr8Co13Cu24Fe8,181.00565,CoCrCuFeMn,True
Cu16W17Fe9Mn18Ni16Cr17,181.00618,CrCuFeMnNiW,True
Fe18Mo12Ni15Mn9W5Cu5,181.02565,CuFeMnMoNiW,True
Cu21Mn11W11Mo7Cr16,181.03775,CrCuMnMoW,True
Mn13W13Cr21Ni19Fe22,181.04619,CrFeMnNiW,True
Fe5Mn17Cu6Cr5Mo10,181.04953,CrCuFeMnMo,True
Co13Fe24Cr21Mo11Ni24,181.06534,CoCrFeMoNi,True
Ni20Cr22Mo8Cu6Mn22,181.06622,CrCuMnMoNi,True
Cu19W6Cr16Co22Ni7,181.08038,CoCrCuNiW,True
Mn7Cr7Cu20Fe11Ni17,181.10138,CrCuFeMnNi,True
Co18Ni11Mo10Cu10W16,181.12778,CoCuMoNiW,True
Ni12Cr10W21Co20Mo25,181.13821,CoCrMoNiW,True
Cu8Mo20Cr22Mn25Fe22,181.14487,CrCuFeMnMo,True
W18Cr8Ni20Cu15Co17,181.14575,CoCrCuNiW,True
Co10Mo22Mn8Cr20Fe22,181.14873,CoCrFeMnMo,True
Cr17Mn11Mo9Fe22Co17,181.15094,CoCrFeMnMo,True
Fe14Ni23Co12Mn23Mo11,181.15726,CoFeMnMoNi,True
Co9Mo18Cr25Mn18Ni9,181.15857,CoCrMnMoNi,True
Mo24Cu17Co20Fe8Cr22,181.16727,CoCrCuFeMo,True
Cu9Mo8Mn24Fe23Cr12,181.17474,CrCuFeMnMo,True
Fe9Cu17Cr8W22Co16,181.18195,CoCrCuFeW,True
Cu25Fe16W23Ni16Mn21Cr9,181.20114,CrCuFeMnNiW,True
Ni7Co14Fe8Mo6Cr13,181.23495,CoCrFeMoNi,True
Mo15Cr7Fe15Co12W25,181.23625,CoCrFeMoW,True
Fe9Mn6Co7Cr21Mo18,181.24886,CoCrFeMnMo,True
Cr18Mn21W18Fe7Co25Cu10,181.26218,CoCrCuFeMnW,True
Mn16Mo11Fe14Co15Ni12,181.26663,CoFeMnMoNi,True
Ni8Mo22Fe10W20Co12,181.27405,CoFeMoNiW,True
Cr10Ni9Cu22W25Mo12Mn25,181.2785,CrCuMnMoNiW,True
Co5Mn25Mo10W24Cr7Ni18,181.29959,CoCrMnMoNiW,True
Ni16Co21Fe17Mn21Mo7,181.33688,CoFeMnMoNi,True
Mo5Cr13Cu9Mn22Ni15,181.34854,CrCuMnMoNi,True
Fe17Ni14Co11Mn13Mo15,181.35101,CoFeMnMoNi,True
Mo15Mn21Cu11Co7Fe14,181.35214,CoCuFeMnMo,True
Mn25Ni17Cr22Mo19Fe8,181.35287,CrFeMnMoNi,True
Mo12Fe15Co5Ni8Mn8,181.35724,CoFeMnMoNi,True
Co20Fe19Mo14Ni17Cr21,181.3656,CoCrFeMoNi,True
Cr13Ni5Fe14Mo12Mn6,181.37138,CrFeMnMoNi,True
Ni14Cr24Mn21W11Mo15,181.37177,CrMnMoNiW,True
Fe10Cu16Mn14Mo5Cr19,181.3721,CrCuFeMnMo,True
Cu12Cr13Co5Mn20Fe15W17,181.381,CoCrCuFeMnW,True
Cu14Cr12Fe11Mo19Ni13,181.38503,CrCuFeMoNi,True
Mn6Ni21Cr15W25Mo10Cu16,181.4063,CrCuMnMoNiW,True
Cr7Co23Cu16Fe8Mn21,181.41992,CoCrCuFeMn,True
Ni9Fe5Mn24Cr11Cu22Co11,181.43246,CoCrCuFeMnNi,True
Cr23Mn13Co7Ni9Mo13,181.45331,CoCrMnMoNi,True
Co22Cu14Cr16W13Ni21,181.45892,CoCrCuNiW,True
Co8Mn16Cr6Cu8Ni23,181.46826,CoCrCuMnNi,True
Cu12Ni12W16Fe11Cr17,181.4765,CrCuFeNiW,True
Mo12Ni21Cu12Fe17Cr18,181.51965,CrCuFeMoNi,True
Cu15Co16Cr13W18Mo24,181.53323,CoCrCuMoW,True
Ni14Fe15Mo12Mn21Cr7,181.53883,CrFeMnMoNi,True
Fe16Mn24Ni14Cr6Mo15,181.54544,CrFeMnMoNi,True
Mo14Co15W22Ni14Cr5,181.55255,CoCrMoNiW,True
Mo24Cr24Co11Fe8Mn14,181.55698,CoCrFeMnMo,True
Co22Mn11Mo8Cr25Fe21,181.55994,CoCrFeMnMo,True
Mo5Fe22Co16Mn9Cr17,181.56287,CoCrFeMnMo,True
Mn24Mo5Co23Fe22Cr7,181.56845,CoCrFeMnMo,True
W17Cr18Mo6Ni22Mn22,181.58388,CrMnMoNiW,True
Mo23Fe8Cr13Ni21W24,181.5853,CrFeMoNiW,True
Co6Fe7Ni19W13Mo24,181.59094,CoFeMoNiW,True
Co24Fe18Mn24W7Mo19,181.63083,CoFeMnMoW,True
Cu8Mo9Mn17Co6Cr13,181.63815,CoCrCuMnMo,True
Ni8Cr11Mo11Mn8Fe12,181.64569,CrFeMnMoNi,True
Ni24Cu16Co12Mo17Cr14,181.6492,CoCrCuMoNi,True
Cr14Mo7Mn14Ni20Fe16,181.64929,CrFeMnMoNi,True
Cu5Mo20Fe8W13Mn7Cr17,181.67711,CrCuFeMnMoW,True
Cr18Co24Ni12Mn18Mo5,181.67853,CoCrMnMoNi,True
Ni13Co25Cu20Fe6Mn8,181.70148,CoCuFeMnNi,True
Co9W21Ni11Mo15Fe25,181.703,CoFeMoNiW,True
Mo18Ni20Cr12Co10Fe10,181.71506,CoCrFeMoNi,True
Cu18Ni11Fe17Mo6Cr16,181.74289,CrCuFeMoNi,True
Ni5Cr5Co10Mn21Mo14,181.74927,CoCrMnMoNi,True
Cr9Co17Ni10Mo23W17,181.76215,CoCrMoNiW,True
Fe9Mo13Co18Ni16Cr24,181.78389,CoCrFeMoNi,True
Ni17Mn15Mo20Fe17Cr22,181.80269,CrFeMnMoNi,True
Mo18Fe16Cr24Ni19Mn15,181.82,CrFeMnMoNi,True
Cr12W25Co9Fe21Cu24Mn21,181.82388,CoCrCuFeMnW,True
Cr21Mn14Mo6Cu5Ni5W9,181.82497,CrCuMnMoNiW,True
Cr20Co15Mo5W23Fe7,181.82625,CoCrFeMoW,True
Ni15Mo7Cr15Cu13Fe15,181.84106,CrCuFeMoNi,True
Cu20Mo10Mn24Co15Ni9,181.84198,CoCuMnMoNi,True
Co25Cu6Cr16Mo13Fe17,181.85315,CoCrCuFeMo,True
Fe17Mo5Co5Cr16Ni24,181.86339,CoCrFeMoNi,True
Cu25Fe6Ni5Co16Mn15,181.87122,CoCuFeMnNi,True
Co5Mo10Mn11Cr20Ni14,181.87425,CoCrMnMoNi,True
W21Mo13Mn25Cr12Co11Cu11,181.87978,CoCrCuMnMoW,True
Cr11Co11W9Cu13Mn22Ni20,181.89987,CoCrCuMnNiW,True
Cu14Cr9Mo22W19Ni19,181.94385,CrCuMoNiW,True
Fe10Mo25Co16Mn20Cr16,181.96466,CoCrFeMnMo,True
Mo8Mn8Cr21Fe20Co14,181.98247,CoCrFeMnMo,True
Ni20Cr15Co6W20Fe6Mn6,181.99158,CoCrFeMnNiW,True
Co10Mo9Cu17Cr17Fe9,181.99753,CoCrCuFeMo,True
Mn17Cu20Fe7Cr7Co8,182.02075,CoCrCuFeMn,True
Ni11W15Cr5Cu17Fe8Mn20,182.02289,CrCuFeMnNiW,True
Fe16Mn6W11Ni23Cr20,182.03554,CrFeMnNiW,True
Ni19Fe22Mo7Cr11Mn19,182.05075,CrFeMnMoNi,True
Cu25Mo15Ni23Cr19Co14,182.0623,CoCrCuMoNi,True
Cr13Fe17Ni25Mo22Co11,182.06844,CoCrFeMoNi,True
Fe12Cr7Cu13Co7Mo13,182.07133,CoCrCuFeMo,True
Co23Fe20Mo11Mn21Cr14,182.07385,CoCrFeMnMo,True
Mo13Fe22Ni25Cu17Cr23,182.07663,CrCuFeMoNi,True
Cr23Mo20Cu7Co21W6,182.08046,CoCrCuMoW,True
Mn25Fe5Cu25Cr19Co10,182.08112,CoCrCuFeMn,True
Fe17Co13Cu20W7Ni23,182.08255,CoCuFeNiW,True
Ni16Cr14Mo9Co8Mn17,182.0849,CoCrMnMoNi,True
Fe16Ni17Cr6Mo22Co11,182.0928,CoCrFeMoNi,True
Cu13Fe15Mn19Mo6Co15,182.09549,CoCuFeMnMo,True
Fe8Co23Mn11Cr6Ni18,182.10062,CoCrFeMnNi,True
Fe14Cu8Co11Mo6Mn13,182.10165,CoCuFeMnMo,True
Cr14Fe15Mn14Mo22Ni7,182.10222,CrFeMnMoNi,True
Cr24Mo14Cu24W25Ni15,182.10416,CrCuMoNiW,True
Fe11Cu11Mo7Cr18Mn21,182.1128,CrCuFeMnMo,True
Ni24W16Cr14Cu11Mo21,182.13458,CrCuMoNiW,True
Mn8Cr22Ni5W19Fe5Co23,182.1636,CoCrFeMnNiW,True
Cr20Fe22Ni13Mo13Cu23,182.17415,CrCuFeMoNi,True
Co6Mn14Ni14Mo13Cr22,182.19392,CoCrMnMoNi,True
Mo23Ni11Cr20W21Co25,182.19879,CoCrMoNiW,True
Ni15Mo14Co5Mn24Cr10,182.20142,CoCrMnMoNi,True
Mo13Ni20Fe20Co14Mn18,182.20717,CoFeMnMoNi,True
W7Co25Cr20Mn16Fe5,182.20923,CoCrFeMnW,True
W16Mn6Fe25Cr19Mo16,182.22238,CrFeMnMoW,True
Cr18Ni15Cu12Mo19Fe5,182.22528,CrCuFeMoNi,True
W17Cr14Ni10Co16Mo17,182.23296,CoCrMoNiW,True
Co25Cr23Ni12Mo15Fe6,182.23584,CoCrFeMoNi,True
Fe18Cr16Mn23Ni24Mo11,182.24884,CrFeMnMoNi,True
W7Cr6Mo9Ni6Cu7,182.27457,CrCuMoNiW,True
Fe17Cr9Mn12Mo17Co8,182.2907,CoCrFeMnMo,True
Mo19Fe16Cr14Co7Mn7,182.29533,CoCrFeMnMo,True
Mo12Cu13Cr6Mn16W22Fe9,182.29935,CrCuFeMnMoW,True
Cr15Mn14Fe14Mo23Co13,182.29938,CoCrFeMnMo,True
Mn20Cr12Ni5Mo5Co21,182.31383,CoCrMnMoNi,True
Cr20W25Mo7Fe23Cu9,182.32117,CrCuFeMoW,True
Cr21Cu18Co23Mo19Fe19,182.32503,CoCrCuFeMo,True
Mn25Mo15Fe12Co19Cr10,182.32608,CoCrFeMnMo,True
Mn5Ni20Cu8Fe16Cr6,182.3323,CrCuFeMnNi,True
Fe5Mo8Cr12Mn19Cu8,182.34259,CrCuFeMnMo,True
Mn9Cr6Co5Fe22Ni24,182.34528,CoCrFeMnNi,True
Cr14Mo21Fe10Mn24Ni14,182.36249,CrFeMnMoNi,True
Mo25Mn25Fe24Co15Cr9,182.36829,CoCrFeMnMo,True
Mo14Co12Fe6Mn15Cr11,182.37524,CoCrFeMnMo,True
Mo15Mn20Co9Cr18Ni11,182.39127,CoCrMnMoNi,True
Cr9Ni16Mo16Mn23W5,182.41751,CrMnMoNiW,True
Mo5Co11Mn18Ni18Cr13,182.42154,CoCrMnMoNi,True
Co6Mn25Mo14Cr8Ni14,182.42729,CoCrMnMoNi,True
Cu7Cr10W18Co23Fe20,182.45013,CoCrCuFeW,True
Fe8Mn18Co6Cr7Cu5,182.45102,CoCrCuFeMn,True
Mn15Cr17Ni20Mo10Fe13,182.45111,CrFeMnMoNi,True
Cr19Fe19Mn14Ni13Mo20,182.45712,CrFeMnMoNi,True
Co5Ni12Mo16Mn17Cr24,182.4636,CoCrMnMoNi,True
Co13Fe16Cr6Mn5Cu18,182.47713,CoCrCuFeMn,True
Mn22Co5Mo14Ni19Fe6,182.48816,CoFeMnMoNi,True
Fe17Co18Cr16Mn16Mo20,182.49043,CoCrFeMnMo,True
Mn14Mo8Co9Cr11Ni5W19,182.4927,CoCrMnMoNiW,True
Ni8W10Fe10Co6Mo18Cu21,182.49327,CoCuFeMoNiW,True
Mn24Cr21Fe12Mo15W15,182.49988,CrFeMnMoW,True
Fe6Mo20Mn14Co10Cr11,182.53745,CoCrFeMnMo,True
Co24Mo19Fe5Cr25W22,182.5789,CoCrFeMoW,True
Mo24Ni9Co20Fe5W13,182.57996,CoFeMoNiW,True
Mo9Co9Fe14Cr12Mn7,182.59164,CoCrFeMnMo,True
Co21Mo19W5Ni6Fe8Mn23,182.59625,CoFeMnMoNiW,True
Cr18Cu13Mo9Mn24Fe18,182.62473,CrCuFeMnMo,True
Mn22Fe24Mo10Cr15Ni22,182.62949,CrFeMnMoNi,True
Fe10Cu6Ni17Co11Mn22,182.64005,CoCuFeMnNi,True
Cr16W17Fe17Mo24Co6,182.64655,CoCrFeMoW,True
Cu15Co5W15Ni9Mo23Fe13,182.64761,CoCuFeMoNiW,True
Mo20Fe5Co5Cu7Cr24W12,182.66608,CoCrCuFeMoW,True
Co21W20Cr6Fe7Mo19,182.68338,CoCrFeMoW,True
Mo25Mn25Fe12Ni18Cr24,182.68788,CrFeMnMoNi,True
Cr18Fe17Ni10Mo19Mn12,182.69919,CrFeMnMoNi,True
Cr10Mo16Ni16Mn25Fe19,182.71182,CrFeMnMoNi,True
Ni23Cu23Mn8Co5Cr9,182.71298,CoCrCuMnNi,True
Ni12W21Cr16Co14Mo8,182.74216,CoCrMoNiW,True
Cr25Mn21Cu14Co17Mo6,182.74329,CoCrCuMnMo,True
Mo10Cr17Cu22W23Fe6,182.759,CrCuFeMoW,True
Ni7Fe16Mo15W18Cr20,182.7605,CrFeMoNiW,True
Mo13Ni5Fe10Cr24Mn7,182.78696,CrFeMnMoNi,True
Cr18Ni24Mn23Cu18Fe12W22,182.80746,CrCuFeMnNiW,True
Mn21Ni19Co17Fe20Mo15,182.80869,CoFeMnMoNi,True
Co22Fe18Mn22Mo22W5,182.81683,CoFeMnMoW,True
Mn8Fe11Cr17Mo20Co8,182.83255,CoCrFeMnMo,True
Cr13Mo13Co11Cu15Fe23,182.8945,CoCrCuFeMo,True
Co15W10Mo22Mn24Cu19Fe16,182.91553,CoCuFeMnMoW,True
Fe25Co12Mn16Mo8Ni21,182.93723,CoFeMnMoNi,True
Mn21Cr9Fe16Co17Mo13,182.96408,CoCrFeMnMo,True
Ni23Co8Cu14Cr12Mo18,182.97491,CoCrCuMoNi,True
W24Cu21Mo24Co18Cr19,182.97629,CoCrCuMoW,True
Cu8Fe16Cr24Mo16W14,182.99855,CrCuFeMoW,True
Mn25Fe25Mo10Ni20Cr11,183.02724,CrFeMnMoNi,True
Fe8Co21Mo14Mn25Cr12,183.03136,CoCrFeMnMo,True
W8Mo6Cu8Cr8Co23,183.04242,CoCrCuMoW,True
Co20Mn24Mo21Cr18W12,183.04617,CoCrMnMoW,True
W12Ni7Fe12Co10Mo24,183.0534,CoFeMoNiW,True
Co21Cu14Ni7Fe6Mn18,183.06366,CoCuFeMnNi,True
Cr11Mo23Ni12Fe23Cu19,183.07515,CrCuFeMoNi,True
Co9Mn9Fe18Mo10Cr11,183.1014,CoCrFeMnMo,True
Mn24Cr7Mo10Ni15Fe25,183.10385,CrFeMnMoNi,True
W7Co23Mn9Mo7Cr9,183.10995,CoCrMnMoW,True
Cr21Mo10Fe19Ni12Co22,183.12794,CoCrFeMoNi,True
Fe21Cu8Cr10Mo23Ni22,183.13168,CrCuFeMoNi,True
Co5Fe14Cr14Mn21W6,183.13739,CoCrFeMnW,True
Co14Cr11Ni16W24Mo11,183.14328,CoCrMoNiW,True
Cr13Ni10Mn11Mo12Fe16,183.17697,CrFeMnMoNi,True
Cu18W19Co23Cr13Ni19,183.17722,CoCrCuNiW,True
Co12Cr11Fe18Ni21Mo23,183.19647,CoCrFeMoNi,True
Cr18Co9Mo12Mn16Ni13,183.22842,CoCrMnMoNi,True
Ni19Mo8Cr15Cu5Fe16,183.232,CrCuFeMoNi,True
Fe25Ni20Co11Mo19W23Cu6,183.23724,CoCuFeMoNiW,True
Fe17Ni22Cr21Mn17W13,183.26074,CrFeMnNiW,True
Mo5W19Fe21Ni13Mn13Co8,183.26506,CoFeMnMoNiW,True
W14Mn13Ni17Fe8Co13Mo14,183.26534,CoFeMnMoNiW,True
Mn6Fe8Ni6W22Cr24Mo22,183.26678,CrFeMnMoNiW,True
Mo19Cr12Fe15Mn13Co11,183.28006,CoCrFeMnMo,True
Ni13Co21Fe17Cr22Mo8,183.28683,CoCrFeMoNi,True
Fe22Co20Mo12Cr21Ni15,183.2902,CoCrFeMoNi,True
Ni21Fe25W14Mn22Cr9,183.31187,CrFeMnNiW,True
Mn15Fe8Mo11Cr19Ni14,183.31198,CrFeMnMoNi,True
Cr14Mn11Fe14Mo21Co9,183.31253,CoCrFeMnMo,True
Fe10Mn24Cu10Co19Mo6,183.31274,CoCuFeMnMo,True
Co22Cr23Fe18Mn19W17,183.32458,CoCrFeMnW,True
Ni8Fe9Mn11Mo13Cr21,183.32462,CrFeMnMoNi,True
Mo23Mn17Ni15Fe17Cr22,183.33646,CrFeMnMoNi,True
Cr15W10Mo13Mn10Ni20,183.34378,CrMnMoNiW,True
Mo7Cu13Cr21Ni10Mn18,183.3476,CrCuMnMoNi,True
Ni13Cr25Cu19Co23W7,183.35498,CoCrCuNiW,True
Cr15W12Mn16Ni21Mo14,183.36621,CrMnMoNiW,True
Fe22Co12W24Cr23Mn22Cu15,183.36844,CoCrCuFeMnW,True
Cr17Mo11Fe22Cu22Co5,183.385,CoCrCuFeMo,True
Mn6Cu9Cr5Fe19Co17,183.39655,CoCrCuFeMn,True
Co23Fe5Cu5Mo25Cr7,183.41055,CoCrCuFeMo,True
W20Cu12Mo15Fe25Ni6Co14,183.41518,CoCuFeMoNiW,True
Ni12Mo19Mn14Cr22Fe25,183.41757,CrFeMnMoNi,True
Cu18Ni21Fe5W22Co8Mo14,183.43073,CoCuFeMoNiW,True
Cr8Fe11Ni22Mn11W6,183.43365,CrFeMnNiW,True
W11Cr15Fe22Mn15Co8,183.43617,CoCrFeMnW,True
Co25Mo10Fe12Mn19Cr19,183.44412,CoCrFeMnMo,True
Mo5Mn20Fe18Cr19Cu18,183.4714,CrCuFeMnMo,True
Fe18W15Ni25Cr21Mn22,183.50706,CrFeMnNiW,True
Ni6Cr6Mo12Co12Cu9,183.52873,CoCrCuMoNi,True
Ni23Fe12Cr13Mn14W10,183.52896,CrFeMnNiW,True
Fe23Mn17Cr14Mo21Ni7,183.54248,CrFeMnMoNi,True
Cr21Fe24Co19Mo8Ni14,183.55872,CoCrFeMoNi,True
Fe5Ni15Cu16Mn21Co20,183.56946,CoCuFeMnNi,True
Ni13Mo8Fe9Cr17Cu12,183.5953,CrCuFeMoNi,True
Mo19Cr18Mn20Fe14Co21,183.60423,CoCrFeMnMo,True
Cu22Cr6Co15Mn22Ni9,183.61902,CoCrCuMnNi,True
Mn13Fe10Ni13Cr5Mo22W23,183.64499,CrFeMnMoNiW,True
Mo22Cr23Fe11Co16Ni21,183.65369,CoCrFeMoNi,True
Cu23Cr24Co20Fe24Mo12,183.66095,CoCrCuFeMo,True
Ni6Fe13Mo24Mn14Cr22,183.66405,CrFeMnMoNi,True
Cr6Co23Ni6Mo21Fe21,183.66571,CoCrFeMoNi,True
Cr17Mo19Mn19Fe17Co20,183.67773,CoCrFeMnMo,True
Fe6Mn12Co10Cr14Mo13,183.68294,CoCrFeMnMo,True
Cr15W16Mo15Ni23Co7,183.68431,CoCrMoNiW,True
Mn6Fe11Cr22Mo18Co6,183.68977,CoCrFeMnMo,True
Fe18Mn10Mo5W15Cr12,183.70177,CrFeMnMoW,True
Fe7Mn20Co20Cr20Mo12,183.70319,CoCrFeMnMo,True
Mo15Co14Cu21W14Fe15Mn10,183.71304,CoCuFeMnMoW,True
Cu25W20Mn19Fe10Cr16Co10,183.71509,CoCrCuFeMnW,True
Ni22W17Mo6Co7Cr14,183.72935,CoCrMoNiW,True
Cr9Mn25Fe22Mo10Ni17,183.73369,CrFeMnMoNi,True
Cr16Mo17Cu19Ni24Co12,183.76431,CoCrCuMoNi,True
Cu13Fe9Co9Mn22Ni13,183.7813,CoCuFeMnNi,True
W10Ni11Fe19Cu8Mo25,183.80545,CuFeMoNiW,True
Cr8Ni22W21Fe10Cu16,183.81337,CrCuFeNiW,True
Fe20Cr13Co17Mn18Mo13,183.82637,CoCrFeMnMo,True
Cu5Mn18Co24Fe5Cr12,183.83691,CoCrCuFeMn,True
Co11Ni14Fe20Mo8Mn12,183.85571,CoFeMnMoNi,True
Co8Mn11Cr11Fe11Mo18,183.87408,CoCrFeMnMo,True
Cr11Mn18Mo19Co10Cu12W15,183.9081,CoCrCuMnMoW,True
W18Fe8Ni6Mo11Co13,183.91623,CoFeMoNiW,True
Ni15Mn24Mo19Co21Fe20,183.91925,CoFeMnMoNi,True
Co19Cr24Mn14Mo9Ni8,183.92001,CoCrMnMoNi,True
Fe6Co15Cu22Mn14Cr7,183.93103,CoCrCuFeMn,True
Mn16Fe19Mo12Cu8W9Ni16,183.9325,CuFeMnMoNiW,True
Mn22Mo16Co10W9Fe5Ni20,183.94925,CoFeMnMoNiW,True
Fe11Mo11Mn15Ni16Cr17,183.95166,CrFeMnMoNi,True
W14Fe23Mn24Cu12Mo12Ni16,183.96811,CuFeMnMoNiW,True
Cr15Fe19Mo24Mn18W15,183.9851,CrFeMnMoW,True
Cr7Mo6W22Cu15Co17Mn9,183.98834,CoCrCuMnMoW,True
W21Co10Mo7Fe9Cr15,183.98836,CoCrFeMoW,True
Cr25Fe12Mn18Ni25W16Cu9,183.99875,CrCuFeMnNiW,True
Mo19Ni15W14Cr21Co11,184.00325,CoCrMoNiW,True
Cr10Fe9W5Ni10Mn18,184.00677,CrFeMnNiW,True
Mn23Ni21Fe23Co24Mo5,184.00885,CoFeMnMoNi,True
Mn7Mo14Cr23Ni23W22Cu10,184.02322,CrCuMnMoNiW,True
Mn19Cr23Mo10Fe9Ni22,184.0297,CrFeMnMoNi,True
Co17Cr9Cu18Mo16W24,184.0415,CoCrCuMoW,True
Cr25Fe23W12Ni22Mn6,184.04486,CrFeMnNiW,True
Co11Mn21Mo23Fe12Cr8,184.05444,CoCrFeMnMo,True
Co7Cr18Mo5Cu22Fe17,184.08466,CoCrCuFeMo,True
W16Co13Fe19Cu24Mn21Mo16,184.0938,CoCuFeMnMoW,True
Cu23W22Mo11Ni12Cr14,184.10912,CrCuMoNiW,True
Mo17Ni11Cr12Mn17Fe13,184.12039,CrFeMnMoNi,True
Ni13Cu14Fe23Mo17Mn25,184.12042,CuFeMnMoNi,True
W13Mn15Fe19Mo25Cr13,184.12816,CrFeMnMoW,True
Co17Cu9Mo12W15Cr8,184.12943,CoCrCuMoW,True
Mo7Ni25Cr19Fe11Cu9,184.13309,CrCuFeMoNi,True
Mn25Fe19Mo17Cr18Co25,184.13708,CoCrFeMnMo,True
Ni24Mo14Fe24Cu18Cr24,184.17148,CrCuFeMoNi,True
Cu16Cr24Fe20Mo5Ni24,184.17831,CrCuFeMoNi,True
Cr21Mn16Mo11Cu6Fe19,184.18182,CrCuFeMnMo,True
Mo11Fe25Mn25Cr5Co14,184.18312,CoCrFeMnMo,True
Fe9W24Cu12Ni22Mo12,184.1865,CuFeMoNiW,True
Mn15Mo13Ni12Cr25W7,184.20618,CrMnMoNiW,True
Ni10Mo24Cr8Co15W14,184.22311,CoCrMoNiW,True
Ni25Cr17Mn19Mo6Fe17,184.22623,CrFeMnMoNi,True
Ni16Mo19Mn23Cr14Fe18,184.2302,CrFeMnMoNi,True
Mo19Cr8Mn14Fe17W11,184.2438,CrFeMnMoW,True
Fe18Co21Cr10Mo17Cu6,184.24637,CoCrCuFeMo,True
Ni23Fe5Cr13Co11Mo23,184.24832,CoCrFeMoNi,True
Co14Mo10Ni12Fe12Cr17,184.25142,CoCrFeMoNi,True
Co6Cu12Mo19W9Ni14,184.26297,CoCuMoNiW,True
Mo17Mn10W21Ni17Co6Cr13,184.27258,CoCrMnMoNiW,True
Mn12Cr21Fe23Mo11Ni14,184.27461,CrFeMnMoNi,True
Cr20Mo15Ni14Fe6Mn24,184.27577,CrFeMnMoNi,True
Co21W24Fe6Cu21Cr5Ni10,184.28162,CoCrCuFeNiW,True
Mo25Cr20Mn17Co12Fe11,184.3147,CoCrFeMnMo,True
Fe12Cr24Mn9Co8Mo22,184.31735,CoCrFeMnMo,True
Co17Cu25Mo21Ni8W8,184.32007,CoCuMoNiW,True
Mn9Mo15Cr24Co11Fe25,184.34132,CoCrFeMnMo,True
Fe5Mo15Mn19Ni9Cr25,184.3418,CrFeMnMoNi,True
Cr16Cu24W22Fe5Mn21Co21,184.3515,CoCrCuFeMnW,True
Co5Mo19Fe13Cr23W10,184.36215,CoCrFeMoW,True
Mo14Fe16Cr22Ni20Cu16,184.37735,CrCuFeMoNi,True
Mo6Ni25Cr18Mn23Co13,184.38272,CoCrMnMoNi,True
W18Ni22Co6Cr14Cu6Mo22,184.38748,CoCrCuMoNiW,True
Cu13Ni11Mo22Fe20Co9,184.40771,CoCuFeMoNi,True
Co22Cu8Cr12Mo18Fe18,184.40778,CoCrCuFeMo,True
Fe22Cr10Co15Mn22Mo18,184.41754,CoCrFeMnMo,True
Cu10Fe16Mo7Ni14Co16,184.41855,CoCuFeMoNi,True
Cr21Mo9Fe15Mn19Cu11,184.42232,CrCuFeMnMo,True
Cu25Fe20Mo21Cr21Co16,184.43814,CoCrCuFeMo,True
Fe14Co19Mo6Cr19Mn12,184.45273,CoCrFeMnMo,True
Ni12Mo5Co5Fe22Cr11,184.45706,CoCrFeMoNi,True
Ni13Mo20Mn12Cr23Cu7W10,184.46477,CrCuMnMoNiW,True
Mo13Co14Fe15Mn15Cr11,184.47205,CoCrFeMnMo,True
Co10Mo19W8Fe11Ni12Mn23,184.51129,CoFeMnMoNiW,True
Co12Cr10Mo13Mn14Fe16,184.51405,CoCrFeMnMo,True
Mo16Mn15Ni5Fe7Cr25,184.51813,CrFeMnMoNi,True
Mn23Ni21Co7Cr7Fe10,184.53668,CoCrFeMnNi,True
Fe24Cr6Ni20Mn17W12,184.54413,CrFeMnNiW,True
Cr10Ni22Co16Fe5Mn24,184.54791,CoCrFeMnNi,True
Mn10Cr7Cu23Fe24Co7,184.56314,CoCrCuFeMn,True
Cr22Fe21Ni15Mo5Mn8,184.58923,CrFeMnMoNi,True
Cr22Mo13Mn24Ni19Fe8,184.61841,CrFeMnMoNi,True
Fe20Mo22W21Cr5Co10,184.61894,CoCrFeMoW,True
Fe17Cr16Mo21Ni10Mn17,184.62265,CrFeMnMoNi,True
Mo13Cr5Fe23Cu18Mn5Ni25,184.64601,CrCuFeMnMoNi,True
Mn24Co17Fe10Cu12Ni9,184.64716,CoCuFeMnNi,True
Ni15Mo10Cr15Mn15Fe12,184.69136,CrFeMnMoNi,True
Mo5Fe22Cr24Mn11Cu7,184.69916,CrCuFeMnMo,True
Mo15W25Cr10Co21Mn7Ni10,184.70097,CoCrMnMoNiW,True
Fe8Mo9Ni14Mn17Cr13,184.7103,CrFeMnMoNi,True
Fe23Ni18Mo16Cr18Mn21,184.72488,CrFeMnMoNi,True
Cu9Fe21Ni17Co18Mo24,184.78693,CoCuFeMoNi,True
Co22Mo21Fe24Cr8Cu5,184.81583,CoCrCuFeMo,True
Cu11Fe21Ni18Mo12Mn25,184.83806,CuFeMnMoNi,True
Cr18Ni9W19Mo21Fe15,184.85068,CrFeMoNiW,True
Mn7Fe12Cu20Cr6Co6,184.8616,CoCrCuFeMn,True
Mo25W12Mn5Ni5Cr20Co10,184.87585,CoCrMnMoNiW,True
Mn21Mo24Fe20Cr23Ni17,184.87589,CrFeMnMoNi,True
Mo7Cu13Cr22Ni11Mn20,184.8765,CrCuMnMoNi,True
Ni17Mo13Fe10Co17Cr25,184.87906,CoCrFeMoNi,True
Mo20Ni15Cu14W16Cr5,184.88593,CrCuMoNiW,True
Cu9Cr19Mo5Ni21Fe6,184.8925,CrCuFeMoNi,True
Fe18Cu18Ni21Co18Mo22,184.93239,CoCuFeMoNi,True
Mn17Ni12Mo11Fe8Cr13,184.93683,CrFeMnMoNi,True
Cr15Ni24Fe20Mn22Mo6,184.94662,CrFeMnMoNi,True
Mn17Mo23Ni22Cr21Cu9W17,184.95004,CrCuMnMoNiW,True
Ni10Fe18Mo17Mn17Cr13,184.95752,CrFeMnMoNi,True
Mo12Mn22Co16Ni8Cr17,184.97131,CoCrMnMoNi,True
Cr14Fe18Ni22Mn22Mo7,184.97887,CrFeMnMoNi,True
Mo11Co20Fe8W22Mn16Ni23,184.98236,CoFeMnMoNiW,True
Ni12Cr19W16Fe5Cu7Co25,184.99658,CoCrCuFeNiW,True
Fe16Mo6W16Mn14Co10Cu23,184.9974,CoCuFeMnMoW,True
Cr23Mo8Cu20Ni21Fe25,185.0055,CrCuFeMoNi,True
Ni17Mo23Co8Mn19Fe22,185.00677,CoFeMnMoNi,True
Mn18Fe17Mo24Co13Cr16,185.00714,CoCrFeMnMo,True
Mo7Cr20Ni24Cu19Co18,185.01497,CoCrCuMoNi,True
Fe9Ni22Cr19Cu21Mn9W17,185.02246,CrCuFeMnNiW,True
W8Mn17Mo5Co10Cr25,185.02849,CoCrMnMoW,True
Mn21Mo23Fe24Cr20Ni14,185.03502,CrFeMnMoNi,True
Co16Cu18Mo25W20Ni13,185.03836,CoCuMoNiW,True
Fe13Mn21Mo18Cr8Co11,185.04472,CoCrFeMnMo,True
Cr10Ni19Fe8W23Co10,185.05434,CoCrFeNiW,True
Co13Mn11Cr19Mo17Fe17,185.0729,CoCrFeMnMo,True
Ni7Fe16Mo12W12Mn10Co11,185.08923,CoFeMnMoNiW,True
Fe24Mn21Ni22Mo10W11,185.08943,FeMnMoNiW,True
Mo11Ni9Co12Cu16Fe23,185.11569,CoCuFeMoNi,True
Cr12Co8Fe23Mo12Ni13,185.14066,CoCrFeMoNi,True
Ni10Mn13Mo9Fe19Co15,185.15594,CoFeMnMoNi,True
Mo15Co5Fe6Mn9Cr12,185.16272,CoCrFeMnMo,True
Mo11Cu16Mn22Co16Fe24,185.1719,CoCuFeMnMo,True
Co25Mn22Fe25Mo6Cr17,185.17807,CoCrFeMnMo,True
Mo22W19Cu19Fe8Ni11,185.18188,CuFeMoNiW,True
Cu11Ni16Cr9Co7Mo14,185.18907,CoCrCuMoNi,True
Ni18Mo25Mn24Cr23Fe20,185.19601,CrFeMnMoNi,True
Co6Cr21Mn21Mo14Cu5,185.22922,CoCrCuMnMo,True
Fe21Co16Mn19Mo19W5,185.23593,CoFeMnMoW,True
Co20Cu20Fe17Cr23Mo21,185.2501,CoCrCuFeMo,True
Mo15Fe23Mn20Ni13Co21,185.26892,CoFeMnMoNi,True
Fe10Cr7Ni12Co10Mo17,185.27075,CoCrFeMoNi,True
Cr6Co17Ni13W18Mo25,185.27345,CoCrMoNiW,True
Mo5W23Co15Mn25Cr15Cu7,185.28506,CoCrCuMnMoW,True
Mn18Cr13Co19Mo6Fe19,185.30316,CoCrFeMnMo,True
Mo24Fe14Co10W20Cr20,185.31238,CoCrFeMoW,True
Mn5Co25W10Mo13Cr20,185.31354,CoCrMnMoW,True
Mn20Cr17Mo10Ni8Co17,185.32095,CoCrMnMoNi,True
Mn25Mo13Cr10Ni14Fe16,185.34366,CrFeMnMoNi,True
Co23Cr23Fe5Cu15W12,185.34525,CoCrCuFeW,True
Cr21Co8W21Ni9Fe5Mo23,185.40121,CoCrFeMoNiW,True
Ni6Co12Mo10Mn19Cr12,185.40862,CoCrMnMoNi,True
Mo14Fe24Ni21Cu25Co25,185.41052,CoCuFeMoNi,True
Mo7Cr18Co17Fe9Ni9,185.41354,CoCrFeMoNi,True
Ni12Cu23Mo17Fe25Co13,185.4316,CoCuFeMoNi,True
W17Co9Cr9Ni23Mo13,185.44952,CoCrMoNiW,True
Cr20Fe17Cu12Mo7Mn18,185.45724,CrCuFeMnMo,True
W19Ni21Mn7Cu17Cr10Fe17,185.45789,CrCuFeMnNiW,True
Mn11Co18Mo23Ni8Cr21W24,185.45847,CoCrMnMoNiW,True
Ni23Mo11W10Cr16Co5,185.46686,CoCrMoNiW,True
W14Mo12Ni18Cu6Fe9,185.46713,CuFeMoNiW,True
Mn24Cr10Co12Mo22Fe21,185.48126,CoCrFeMnMo,True
Co11Mn20Cu15Fe20Mo11,185.50395,CoCuFeMnMo,True
Co18Cr19Ni17Mo8Mn22,185.51056,CoCrMnMoNi,True
Cr5Mo25Ni16Fe12Co15,185.53479,CoCrFeMoNi,True
Fe20Mn17Cr24Ni22Mo11,185.53717,CrFeMnMoNi,True
Cr20Co8Mo10Mn8Fe25,185.54361,CoCrFeMnMo,True
Cr20Mo7Ni24Co15Mn25,185.54959,CoCrMnMoNi,True
Mo9W17Fe14Cr17Mn16,185.55138,CrFeMnMoW,True
W18Fe25Cu12Mn13Co11Cr10,185.57124,CoCrCuFeMnW,True
Cr16Fe11Cu7Co23W12,185.5824,CoCrCuFeW,True
Mn23Cr5Ni13Co8Fe25,185.59177,CoCrFeMnNi,True
Cr20Ni7Mn13Cu16W20Mo6,185.60129,CrCuMnMoNiW,True
Cu22W6Mn19Ni20Co17Mo12,185.60358,CoCuMnMoNiW,True
Co9Fe24Mo15Ni17Cu15,185.6059,CoCuFeMoNi,True
Mo15Co17Mn10W8Cr12,185.61148,CoCrMnMoW,True
Cu23Ni6Cr16Fe22Mo18,185.61497,CrCuFeMoNi,True
Cr17Mn24Fe10Ni12Mo20,185.63351,CrFeMnMoNi,True
W14Cu22Mo7Co9Ni13,185.65427,CoCuMoNiW,True
Cr14Fe18Ni18Cu5W12,185.65631,CrCuFeNiW,True
Co12Cr6Mn23Ni25Fe13,185.66911,CoCrFeMnNi,True
Ni5Fe19Cu21W13Cr12,185.6901,CrCuFeNiW,True
Cr14Co15Cu17Ni7W5,185.75266,CoCrCuNiW,True
Co8W5Cu10Fe7Mo22,185.77087,CoCuFeMoW,True
Fe21Co12Cr17Mo5Mn9,185.78645,CoCrFeMnMo,True
Ni16Cr19Mo9Cu19W25,185.78662,CrCuMoNiW,True
Mn11Cr19Cu16Mo24Co17W21,185.78693,CoCrCuMnMoW,True
Cr21Fe11Mn8Ni5Mo11,185.79465,CrFeMnMoNi,True
Mo10Cr11Mn23Co13Ni8,185.8291,CoCrMnMoNi,True
W16Fe19Cu15Mo7Mn23Ni13,185.8393,CuFeMnMoNiW,True
Ni11Cu19Mo13Fe21Co16,185.85043,CoCuFeMoNi,True
Cu19Ni22Mo9Fe22Co17,185.85736,CoCuFeMoNi,True
Fe25Mn21Mo6Ni20Cu16,185.87149,CuFeMnMoNi,True
Fe24Co20Mo5Cu10Cr20,185.89258,CoCrCuFeMo,True
Cu11W21Cr18Co8Mn19Mo8,185.91216,CoCrCuMnMoW,True
W8Fe21Cr24Co6Ni7,185.92297,CoCrFeNiW,True
Co17Cr25Mo16Ni8Mn24,185.92459,CoCrMnMoNi,True
Cu24W14Ni6Fe15Cr20,185.92969,CrCuFeNiW,True
Cr14Mo8W6Co12Cu5,185.94138,CoCrCuMoW,True
Ni14Mn13Cr21Fe18Mo12,185.95114,CrFeMnMoNi,True
Ni24Cu22Co25Cr8Mn10,185.9611,CoCrCuMnNi,True
Co11Mo10Cu16Fe16Ni15,185.96695,CoCuFeMoNi,True
Fe9Mn9Mo9Ni8Cr19,185.97275,CrFeMnMoNi,True
Mn6Cu6Co17Fe6Ni23,185.97801,CoCuFeMnNi,True
W5Mn24Ni21Co21Cr19,185.98022,CoCrMnNiW,True
Mo9Cr22Fe12Mn5Co5,185.98413,CoCrFeMnMo,True
Ni12W23Co21Mo5Cr8,185.99007,CoCrMoNiW,True
Ni9Mn19Cr21Co23Mo8,185.99246,CoCrMnMoNi,True
Cr21Fe11Co16Mo24Ni19,185.9971,CoCrFeMoNi,True
Ni9Mn19Cr5Cu10Co15,185.99893,CoCrCuMnNi,True
Ni5Cr25Mn18Cu8Mo11,186.01836,CrCuMnMoNi,True
Ni10Cr9Mo13Co8Fe20,186.02551,CoCrFeMoNi,True
Mo6Mn18W20Ni16Co14Fe7,186.03159,CoFeMnMoNiW,True
Cr16Fe8W14Cu9Mo5,186.05331,CrCuFeMoW,True
Mo11Ni12Mn24Cr8Co8,186.0568,CoCrMnMoNi,True
Cr24W19Co14Mn13Cu10Mo16,186.08804,CoCrCuMnMoW,True
Mo16Ni7Fe18Co8Cu12,186.09146,CoCuFeMoNi,True
W20Mo20Fe6Co15Cu13,186.10876,CoCuFeMoW,True
Cu8Cr18Mo11W5Fe6,186.12593,CrCuFeMoW,True
Mo18W19Co9Fe13Cr11,186.1267,CoCrFeMoW,True
W16Ni25Co16Cr16Cu21,186.13528,CoCrCuNiW,True
Cr23Co20Mo24Ni21Fe22,186.16011,CoCrFeMoNi,True
Fe24Cr22W13Ni11Cu11,186.16135,CrCuFeNiW,True
Fe6Cu9Cr11Co16Mo17,186.19872,CoCrCuFeMo,True
Mo5Mn22Co16Cr7Fe21,186.2081,CoCrFeMnMo,True
Cr25W11Mo19Mn18Ni18,186.24323,CrMnMoNiW,True
Mn25Cu19Ni20W24Cr22Fe20,186.27435,CrCuFeMnNiW,True
Ni15Cu13Mo17Cr20Fe8,186.27657,CrCuFeMoNi,True
Fe15Ni16Co25Mn11Cr6,186.28354,CoCrFeMnNi,True
Cu24Mn12Fe21Co20Cr7,186.28677,CoCrCuFeMn,True
Cr5Cu6Fe7Mn16Ni14,186.31158,CrCuFeMnNi,True
Cu10Cr13W20Fe22Mo25,186.32635,CrCuFeMoW,True
Mn12Cr5Co12Fe21Ni23,186.33228,CoCrFeMnNi,True
Mn25Mo7Fe24Ni22Co23,186.33546,CoFeMnMoNi,True
Fe11Cr19Co5W13Ni11,186.36884,CoCrFeNiW,True
Fe10W10Mo22Co5Cu23,186.37265,CoCuFeMoW,True
Co8Cu9Fe6Mn16Mo6,186.37509,CoCuFeMnMo,True
Co17Cr9Mn22Fe13Mo7,186.39026,CoCrFeMnMo,True
Cr16Cu14W17Co17Mo21,186.39731,CoCrCuMoW,True
Cu14Mo12Cr14Fe12Ni10,186.40161,CrCuFeMoNi,True
Cr14Co23Fe19Mo8Mn24,186.40161,CoCrFeMnMo,True
Fe17Mo15Cr21Mn20Ni18,186.41068,CrFeMnMoNi,True
Mn18Cu10Ni5Fe13Co6,186.42783,CoCuFeMnNi,True
Co23W5Ni17Cr20Mn20,186.4396,CoCrMnNiW,True
Cr18Mo12Ni6Co20W12,186.481,CoCrMoNiW,True
Ni23Cu14Fe19Mo15Co17,186.48239,CoCuFeMoNi,True
Co18Fe5Ni8Mo5W14,186.50644,CoFeMoNiW,True
W16Ni15Mo10Cr19Fe5,186.50972,CrFeMoNiW,True
Co18Mn21Mo12Cr16Fe24,186.52295,CoCrFeMnMo,True
Fe14Mo25Cr23Ni15Cu24,186.52527,CrCuFeMoNi,True
Mo5Mn17W25Cr15Ni10Cu21,186.529,CrCuMnMoNiW,True
Mo6Mn9Cr19Fe17Ni13,186.53085,CrFeMnMoNi,True
Mo8Cr24Ni24Fe6Mn21,186.53204,CrFeMnMoNi,True
Cu10Mo8Cr16Fe16Ni16,186.53207,CrCuFeMoNi,True
Fe19Co19Ni8W13Mo24Mn14,186.53539,CoFeMnMoNiW,True
Cr9Co7Ni15Fe17Mo17,186.5356,CoCrFeMoNi,True
Ni22Mo15Fe21Mn23Cr24,186.54337,CrFeMnMoNi,True
W6Mn19Fe16Ni17Mo11,186.5495,FeMnMoNiW,True
Cr8Mo7Fe16W13Mn19,186.55443,CrFeMnMoW,True
Co23Mo16Fe16Cr19Cu11,186.57208,CoCrCuFeMo,True
Mo5Cu20Co9Mn20Ni10,186.59557,CoCuMnMoNi,True
Co8Cr17Mo25Ni11W22Cu14,186.61807,CoCrCuMoNiW,True
Cr20Mo16Fe12Mn25Co21,186.62024,CoCrFeMnMo,True
Mn24Cu12Ni17Mo6Cr25,186.63391,CrCuMnMoNi,True
Co9Fe20Cu7Mo7Mn7W7,186.64166,CoCuFeMnMoW,True
Fe23Co10Mn18Mo23Ni13,186.7076,CoFeMnMoNi,True
W17Mo22Cr12Cu8Fe22,186.71465,CrCuFeMoW,True
Mo10Ni15Cu20Co13Fe20,186.72932,CoCuFeMoNi,True
W21Cr19Co23Mo21Fe6,186.74268,CoCrFeMoW,True
Ni17Fe5Cr11Co5Mo9,186.76514,CoCrFeMoNi,True
Ni17W17Co12Cr7Mo25,186.76799,CoCrMoNiW,True
Cr11Mn23Ni21W14Fe25,186.77594,CrFeMnNiW,True
Cr24Mo5Ni18Fe6Mn12,186.78433,CrFeMnMoNi,True
Cr22Mo8Mn19Fe11Co24,186.79266,CoCrFeMnMo,True
Ni24Mn22Cr15Cu6Fe5,186.79276,CrCuFeMnNi,True
Ni20Mo19Fe17Cu15Co19,186.79517,CoCuFeMoNi,True
Ni12Cr6Mo6Mn6Cu21Fe12,186.84587,CrCuFeMnMoNi,True
Cu17Co12Fe19Mn6Cr6,186.86603,CoCrCuFeMn,True
Fe12Mo20Cu14W18Cr24,186.88907,CrCuFeMoW,True
Mn19Co7Mo23Cr6Fe15,186.909,CoCrFeMnMo,True
W14Mo9Cr21Ni21Mn11,186.9379,CrMnMoNiW,True
Co5Mo13Fe11W13Cu9,186.94235,CoCuFeMoW,True
Mo7Cr12Cu20Ni6W8,186.95258,CrCuMoNiW,True
Mo11Fe8Cr23Cu11Co23,186.95323,CoCrCuFeMo,True
Mn10Cu25Cr7Ni12Co11,186.95926,CoCrCuMnNi,True
Mn14Mo14Co9Cr10Fe16,186.9638,CoCrFeMnMo,True
W10Ni17Co24Cu18Fe21,186.98566,CoCuFeNiW,True
Cu11Cr21Co13W20Fe19Mn19,186.98633,CoCrCuFeMnW,True
W7Cr8Co16Mn18Cu20Ni11,187.00113,CoCrCuMnNiW,True
Cr16Fe19Co19Mn12W14,187.01526,CoCrFeMnW,True
Mn17Mo9Cu6Ni6W11Cr13,187.0242,CrCuMnMoNiW,True
Co9Mo16Mn22Fe23Cr9,187.02808,CoCrFeMnMo,True
Mn17Co7Fe22Cr11W9,187.04639,CoCrFeMnW,True
Cu13Mn11Ni22Fe22Cr5,187.05852,CrCuFeMnNi,True
Cr13Mo14Cu10Co19W16,187.06276,CoCrCuMoW,True
W5Fe24Mo12Mn12Cu24,187.06483,CuFeMnMoW,True
W13Mn20Cr17Co25Mo22,187.0682,CoCrMnMoW,True
Ni6Fe19Mo11Mn9Cr16,187.08884,CrFeMnMoNi,True
Fe17Mo21Ni5Cu13W11,187.09882,CuFeMoNiW,True
Co19Fe16Mo5Mn14Cr18,187.10516,CoCrFeMnMo,True
Ni17Co13W12Cu7Mo18,187.10732,CoCuMoNiW,True
Cu17Mo18Cr20Fe15Ni16,187.1164,CrCuFeMoNi,True
Fe5Mn19Mo21Cr6Ni7,187.11671,CrFeMnMoNi,True
Fe13Cr15W24Ni8Co9Mn12,187.11975,CoCrFeMnNiW,True
Cr20Mo19Fe14Ni12Co22,187.18378,CoCrFeMoNi,True
Cr23Mn25Ni23Mo13Fe20,187.19003,CrFeMnMoNi,True
Mo20Cu16Ni11Co9Fe25,187.20197,CoCuFeMoNi,True
Cr19Ni19Mo8Fe17Cu11,187.21405,CrCuFeMoNi,True
Cr24Mn19Mo10Fe5Co15,187.2203,CoCrFeMnMo,True
Mo21W16Cr6Ni6Cu16Co5,187.22481,CoCrCuMoNiW,True
Mo12Co15Ni13W17Cr24,187.22784,CoCrMoNiW,True
Cr17Ni22Cu6Co19Mo14,187.23466,CoCrCuMoNi,True
Co22Fe7W19Ni25Cu5Cr6,187.23734,CoCrCuFeNiW,True
Fe16Co11W19Mo24Cu11,187.2507,CoCuFeMoW,True
Mo15Cr6Cu13W12Ni13Mn5,187.26584,CrCuMnMoNiW,True
W16Ni23Mn25Fe10Cu24Mo10,187.28574,CuFeMnMoNiW,True
Cr20Fe13Ni12Mo22Mn23,187.29349,CrFeMnMoNi,True
Ni20Co25Fe14Cu17W8,187.30835,CoCuFeNiW,True
Cr20Cu13Mo6Co6Mn18,187.32178,CoCrCuMnMo,True
Mo23Cr10Co9Ni24Fe8,187.32184,CoCrFeMoNi,True
Mn16Mo5Cr21Cu9Fe12,187.34302,CrCuFeMnMo,True
Ni9Fe22W24Co11Cr14,187.35184,CoCrFeNiW,True
Cr24Ni13Fe18Mn20Mo23,187.36115,CrFeMnMoNi,True
Fe19Mo16Cr14Ni17Cu9,187.36522,CrCuFeMoNi,True
Ni6Cr21W12Mn8Cu21Fe12,187.36934,CrCuFeMnNiW,True
Co10Ni14Cu19Mo9W19,187.37544,CoCuMoNiW,True
Mo16Fe13W20Co10Cr10,187.38058,CoCrFeMoW,True
Cr7Fe9Mo25W9Ni9,187.38263,CrFeMoNiW,True
Cu11Fe14Mo25W9Ni8,187.39641,CuFeMoNiW,True
Mo6Cr22Co8Mn21Cu15,187.39641,CoCrCuMnMo,True
Mo17Co20W21Cr6Fe9,187.41101,CoCrFeMoW,True
Co8W14Mo11Cr14Cu25,187.41216,CoCrCuMoW,True
Mn10Cr17Mo12W8Cu25,187.42712,CrCuMnMoW,True
Mn15Mo6Cr16Ni14Co11,187.42789,CoCrMnMoNi,True
W17Mo18Mn17Ni17Co12Fe17,187.43854,CoFeMnMoNiW,True
Cr7Fe16Co5Mo13Ni11,187.43912,CoCrFeMoNi,True
Mn8Cu21Fe23Ni7Cr7,187.45032,CrCuFeMnNi,True
W7Mo25Cu19Ni7Cr9,187.45726,CrCuMoNiW,True
Cu22Ni22Cr5W9Co9,187.46033,CoCrCuNiW,True
Cu10Fe18Ni8Mn25Cr7,187.48059,CrCuFeMnNi,True
Cu6Co10W20Ni15Cr24Mo13,187.50134,CoCrCuMoNiW,True
Co7Mn10Cr21Fe14Mo19,187.50508,CoCrFeMnMo,True
Mo25Fe18Cu24Ni18Cr25,187.50563,CrCuFeMoNi,True
Ni25Mo5W8Cu9Cr10,187.51714,CrCuMoNiW,True
Mn12Cr12Co20Cu16W18Fe7,187.54318,CoCrCuFeMnW,True
Cr21W15Mn12Mo11Co22,187.58173,CoCrMnMoW,True
Cu19W13Fe25Mn7Ni10Cr5,187.58743,CrCuFeMnNiW,True
Fe24Cr23Ni19Mo12Mn19,187.58899,CrFeMnMoNi,True
Mo12Cr8Co14Fe5Mn22,187.5925,CoCrFeMnMo,True
Ni12W23Mo17Cu12Co25Fe7,187.60147,CoCuFeMoNiW,True
Cr16Mo20Co19Fe24Ni10,187.60297,CoCrFeMoNi,True
Mo13Cr18Cu6Co24Fe16,187.61685,CoCrCuFeMo,True
W11Mo19Cr19Co18Mn22,187.63829,CoCrMnMoW,True
Cr24W13Mn10Fe21Ni25,187.70247,CrFeMnNiW,True
Fe17Mo16Cr24Ni20Mn25,187.70831,CrFeMnMoNi,True
Mn5Cr7Ni10W18Co18Fe5,187.73615,CoCrFeMnNiW,True
Mo21Cu22Co15Ni20Cr16,187.7813,CoCrCuMoNi,True
Mn20Cr18Ni21Co19W5,187.78775,CoCrMnNiW,True
Co7W17Mn6Cr16Ni6Mo5,187.80447,CoCrMnMoNiW,True
Mo11Fe14Ni7Cu20Cr17,187.81071,CrCuFeMoNi,True
Mn25Co15Fe5Cr22Mo16,187.81844,CoCrFeMnMo,True
Mn22Cr6Cu6Co25Fe25,187.82239,CoCrCuFeMn,True
Fe25Co5Cr14W15Mo24,187.83112,CoCrFeMoW,True
Ni20Mo20Fe13Co7Cr7,187.84575,CoCrFeMoNi,True
Co7Mn8Mo8Cr16Fe20,187.85356,CoCrFeMnMo,True
Mn25Mo14Cr15Co16Fe8,187.86093,CoCrFeMnMo,True
Ni13Fe25W12Cr23Mn20,187.8637,CrFeMnNiW,True
Mo15Co11Cr8Cu10Ni11,187.88892,CoCrCuMoNi,True
Mo21Fe20Cr19Mn19Ni9,187.92766,CrFeMnMoNi,True
W22Fe15Cr14Ni12Mo25,187.9389,CrFeMoNiW,True
Mo12Co15Mn13Fe17Cr22,187.96475,CoCrFeMnMo,True
Mo12Cu9Cr13Co14Fe24,187.97012,CoCrCuFeMo,True
Fe18Co19Ni11Mo22Cu14,187.97237,CoCuFeMoNi,True
Cr6Ni10W19Fe17Mo20,187.99101,CrFeMoNiW,True
W11Cr15Mo5Cu20Mn22,187.99466,CrCuMnMoW,True
W12Ni20Cr9Mn5Cu7Fe18,187.99648,CrCuFeMnNiW,True
Fe8Cu9Cr8W14Co17,187.99896,CoCrCuFeW,True
W15Ni16Mo25Co14Cr22,188.02716,CoCrMoNiW,True
Ni12Fe17W7Cr20Mn6,188.0318,CrFeMnNiW,True
Co8Ni18Cr22Mo11Mn19,188.04187,CoCrMnMoNi,True
Mo19Mn23Co7Fe23Cr9,188.05432,CoCrFeMnMo,True
Cu25Mn23Cr6Co18Fe20,188.10677,CoCrCuFeMn,True
Mn17Fe23Co19W17Cr23,188.11273,CoCrFeMnW,True
Fe7Mo10Co15Cr17Mn20,188.1216,CoCrFeMnMo,True
Cr19Fe5Co13Ni11Mo12,188.13065,CoCrFeMoNi,True
Fe18Co21W8Mn11Mo9,188.13791,CoFeMnMoW,True
Co10Mn10Mo11Fe12Cr15,188.18034,CoCrFeMnMo,True
Co15Cr8Cu25W25Mo12,188.18634,CoCrCuMoW,True
W14Cr24Mo8Cu18Fe5,188.2016,CrCuFeMoW,True
Ni9Mn24Mo13Cu12Fe10,188.20349,CuFeMnMoNi,True
Fe25Cr5Co6Mn15Ni23,188.21396,CoCrFeMnNi,True
Fe13Mn8Mo8Ni6Cr24,188.23973,CrFeMnMoNi,True
Co5Mn10Mo14Ni6Fe17,188.24088,CoFeMnMoNi,True
Cu21Mn20Fe9W11Co22Mo16,188.24104,CoCuFeMnMoW,True
Mo10W22Cr5Co15Fe11,188.25705,CoCrFeMoW,True
Ni14Fe13Co15Cr21W24Cu6,188.26419,CoCrCuFeNiW,True
Cr23Mo14Co10Fe15W23,188.28058,CoCrFeMoW,True
Cu15Cr18Ni22Co17Mo8,188.29196,CoCrCuMoNi,True
Ni7Mo8Mn9Fe9Cr18,188.32542,CrFeMnMoNi,True
Mo11Ni22Co7Cr22Mn23,188.33235,CoCrMnMoNi,True
W17Co18Mn9Fe11Cr9Cu12,188.34338,CoCrCuFeMnW,True
Fe18Mn15Mo7Co18Ni5,188.35321,CoFeMnMoNi,True
Cr16Co16Cu21W24Mo18,188.3568,CoCrCuMoW,True
Mo22Fe10Co6W8Cr22,188.36035,CoCrFeMoW,True
Fe7Cu17W14Co18Cr24,188.36252,CoCrCuFeW,True
Co6Ni20Cu24Cr17Mo22,188.36646,CoCrCuMoNi,True
Fe16Mo12Ni22Cr22Co12,188.36987,CoCrFeMoNi,True
Cr14Ni15Fe17Mo8Cu6,188.38464,CrCuFeMoNi,True
Co18Ni13Fe8W25Cr17,188.38586,CoCrFeNiW,True
Mo15Ni5Mn14Cr24Fe11,188.38872,CrFeMnMoNi,True
W25Mo22Cr9Fe20Cu11Mn19,188.39534,CrCuFeMnMoW,True
Mo23Co14W21Cr8Ni18,188.4376,CoCrMoNiW,True
Cr23Ni19Co14Mo7Fe17,188.44586,CoCrFeMoNi,True
Fe21Ni9Mn15Mo5Cu15,188.46867,CuFeMnMoNi,True
Ni8Mo24W14Cr15Fe12,188.46988,CrFeMoNiW,True
Mn9Fe13Ni5Mo10Cr24,188.52258,CrFeMnMoNi,True
Fe18Cu7Mo22Ni18W19,188.5372,CuFeMoNiW,True
Mo22Cu10Cr17Ni24Fe17,188.53824,CrCuFeMoNi,True
Fe17Cr12Cu10Co16Mo17,188.54144,CoCrCuFeMo,True
Fe14Mn22Mo8Cu6Cr25,188.55765,CrCuFeMnMo,True
Mo11Co10Ni14Cr9Cu5,188.57378,CoCrCuMoNi,True
Co15W21Ni5Mo10Mn10Cr16,188.58746,CoCrMnMoNiW,True
Fe15Mn14Mo23Ni5Cr14W25,188.6004,CrFeMnMoNiW,True
Co20Fe18Mn13Cu23Cr7,188.60385,CoCrCuFeMn,True
Co11W18Fe5Ni20Mo23,188.61269,CoFeMoNiW,True
Cr23Co10Mo15Ni8Mn21,188.62071,CoCrMnMoNi,True
Mo18Ni10Mn8Co13W23Cr20,188.62329,CoCrMnMoNiW,True
Ni14Cu20Cr23W9Co25,188.62813,CoCrCuNiW,True
Ni15W16Fe19Cu6Mo8,188.63171,CuFeMoNiW,True
Fe25Cr17Cu16Ni12Mo9,188.63483,CrCuFeMoNi,True
Mn25Co22Fe16Mo13Ni13,188.65099,CoFeMnMoNi,True
Ni9Cu6Mo14W13Co7Cr15,188.65817,CoCrCuMoNiW,True
Cr17W20Fe5Co8Mn7Ni17,188.66531,CoCrFeMnNiW,True
Mn23Mo16Cr11Ni8Fe16,188.67468,CrFeMnMoNi,True
Mo22Fe25Cu23Ni17Cr22,188.69109,CrCuFeMoNi,True
Cu21Co18Mo19Cr17Ni20,188.71814,CoCrCuMoNi,True
Cu14Mo15Co14W11Ni6,188.7351,CoCuMoNiW,True
Fe19Mn14Cu15Cr12Co19W24,188.73656,CoCrCuFeMnW,True
Mo24Co23Cr15Cu12Fe9,188.75354,CoCrCuFeMo,True
Ni15Mn25Co10Cu18Cr7,188.76868,CoCrCuMnNi,True
W10Mn21Fe24Mo13Cu14Co8,188.7695,CoCuFeMnMoW,True
Mn8Fe24Cr9Ni24W10,188.77025,CrFeMnNiW,True
Co20Cr16Mo17Fe7Ni9,188.77454,CoCrFeMoNi,True
W18Cr20Fe11Mn25Cu21Co5,188.77617,CoCrCuFeMnW,True
Cu5Cr5Co17Ni9Mo18W22,188.7914,CoCrCuMoNiW,True
Fe12Cr15Mn24Ni14Mo12,188.79276,CrFeMnMoNi,True
Cu19Mn9Mo9Fe15Ni8W10,188.80348,CuFeMnMoNiW,True
Mn5Mo6Cr18Co15Cu6W16,188.8345,CoCrCuMnMoW,True
Mn14Cr25Mo15Ni5Fe12,188.83955,CrFeMnMoNi,True
Fe14W9Mo25Cr24Co5,188.8455,CoCrFeMoW,True
W18Cr13Cu24Mn6Ni9Mo14,188.86188,CrCuMnMoNiW,True
Ni23Co8Mo13Cr5W7,188.8637,CoCrMoNiW,True
Cr18Cu17Mn13Fe21Ni20W21,188.87769,CrCuFeMnNiW,True
W11Fe14Mo25Mn18Cr16,188.88937,CrFeMnMoW,True
Cu24Ni17Fe25Co20Mo12,188.90665,CoCuFeMoNi,True
Co25Mo20Cr25W18Cu13,188.9533,CoCrCuMoW,True
Ni7Cr18Mn21Mo16Fe5,188.95766,CrFeMnMoNi,True
Fe7Co25W19Mo5Cr10,188.97194,CoCrFeMoW,True
Mn20W18Cu10Cr9Mo21Fe9,188.97429,CrCuFeMnMoW,True
Cu19W20Cr23Ni11Fe20,188.98029,CrCuFeNiW,True
Fe6Cr8Mn20Co9Ni20,188.99911,CoCrFeMnNi,True
Cu10Mn6Fe20W5Mo9Co5,189.00264,CoCuFeMnMoW,True
Fe8Co18Mo22Ni5W5,189.00586,CoFeMoNiW,True
Mo16Cr19Fe16Co18Ni11,189.00616,CoCrFeMoNi,True
Ni19Co16W23Mo22Cr16,189.01036,CoCrMoNiW,True
Cr15Mo5Mn12Fe25Co8,189.02753,CoCrFeMnMo,True
Cr15Mo18Fe10Mn20Co11,189.0378,CoCrFeMnMo,True
Fe10Mn22Mo14Co6Ni16W9,189.03947,CoFeMnMoNiW,True
Mo14Ni22Cu13Cr22Fe20,189.06784,CrCuFeMoNi,True
Fe24Co6Mo6Cu13Mn17W10,189.06833,CoCuFeMnMoW,True
Cu5Co11Mn21Cr7Fe15,189.06909,CoCrCuFeMn,True
W12Fe7Ni24Cu10Mo25,189.09213,CuFeMoNiW,True
Cu10Mn24Ni14Fe18Mo13,189.09528,CuFeMnMoNi,True
Mn25Ni20W6Fe21Mo15,189.09885,FeMnMoNiW,True
Cu11Ni15Co18Mo14W20,189.11818,CoCuMoNiW,True
Fe11Mn20Ni5Cr14Mo25,189.12018,CrFeMnMoNi,True
Mo21Fe9Cr18Co9W13,189.13199,CoCrFeMoW,True
Fe13Cu21Cr19Ni14W21,189.13849,CrCuFeNiW,True
Ni9Mo15Cr23Mn14Fe18,189.14946,CrFeMnMoNi,True
Cr23Fe16Mo20Mn24Ni14,189.16501,CrFeMnMoNi,True
Cr21W12Mo7Co7Ni17,189.19461,CoCrMoNiW,True
W13Mn10Co11Fe8Mo13Ni23,189.22803,CoFeMnMoNiW,True
Fe12Mo15Cu23Ni20W12Mn19,189.2282,CuFeMnMoNiW,True
Mn20Cr5Mo12Fe24W12,189.2411,CrFeMnMoW,True
Mn5Cr14Mo11Fe7Ni24Cu22,189.2417,CrCuFeMnMoNi,True
Cr15Mo11Cu8Co21W13,189.25584,CoCrCuMoW,True
W18Mo17Fe24Cr9Mn6Cu5,189.25833,CrCuFeMnMoW,True
Mo12Co14W20Mn5Ni8Cr12,189.26562,CoCrMnMoNiW,True
Mn14Cr23Mo7Co11Ni14,189.29016,CoCrMnMoNi,True
Mo20W7Ni14Co6Cu17,189.3,CoCuMoNiW,True
Ni9Cr17Mo5Fe15Mn8,189.30115,CrFeMnMoNi,True
Cu9Mo8Co22Cr21W16,189.30339,CoCrCuMoW,True
Ni10W11Cr16Co14Mo21,189.31015,CoCrMoNiW,True
Mo13Ni23Cr18Cu7Co19,189.34781,CoCrCuMoNi,True
Ni7Mo21Co18Mn24Fe15,189.35654,CoFeMnMoNi,True
Fe24Mo7Co12W6Mn19,189.35727,CoFeMnMoW,True
Co14Cr13Fe23Mn23Mo12,189.36823,CoCrFeMnMo,True
W22Cu24Cr21Mn16Co6Fe21,189.37994,CoCrCuFeMnW,True
Cu15Cr16Ni15Mo16Co24,189.39159,CoCrCuMoNi,True
Ni24Cu7Cr21Fe14Co11W25,189.39384,CoCrCuFeNiW,True
Fe13Cu12Ni12Mo17Co16,189.39662,CoCuFeMoNi,True
Co22W17Cr12Fe5Mo13,189.40196,CoCrFeMoW,True
Cr8Mo15W15Co16Ni9,189.40642,CoCrMoNiW,True
Ni10Cu17Mn20Mo5Cr25,189.40764,CrCuMnMoNi,True
Cr11Fe7Cu25Mo8W17,189.42023,CrCuFeMoW,True
Cu10Cr19Co7Ni15Mo18W21,189.42714,CoCrCuMoNiW,True
Cu19Ni16Mo20Fe15Cr23,189.44148,CrCuFeMoNi,True
Cu21Fe12W11Cr16Ni6,189.44241,CrCuFeNiW,True
Ni13W20Fe8Co10Cr6Mn6,189.44284,CoCrFeMnNiW,True
Cu14Mn5Co12Ni17Cr6,189.47736,CoCrCuMnNi,True
W17Mo24Ni10Fe14Cr20,189.50241,CrFeMoNiW,True
Fe13Mo21Mn10Cr22Co5,189.50577,CoCrFeMnMo,True
Cu15Mo21W18Cr24Co5Ni14,189.51877,CoCrCuMoNiW,True
Cr7Fe12Ni11Cu23W15,189.52026,CrCuFeNiW,True
Cr21Co21W10Mn5Mo7,189.54181,CoCrMnMoW,True
Mn21Mo24Cr21Ni23W10,189.543,CrMnMoNiW,True
Co16Cr25Fe10Mo6Ni17,189.55052,CoCrFeMoNi,True
Mo16Mn15Co11Cr23Fe14,189.55905,CoCrFeMnMo,True
Ni9Co10Fe16Mo9Mn11,189.57388,CoFeMnMoNi,True
Mn14Cr25Fe18Co17Mo9,189.57594,CoCrFeMnMo,True
Cu19Mn23Fe6Mo7W14Co25,189.58066,CoCuFeMnMoW,True
Cu5Co25Cr14Fe14W7,189.59767,CoCrCuFeW,True
Cr18Mo16Co5Mn9Fe15,189.62119,CoCrFeMnMo,True
Fe18Co14Mo14Cr19Ni14,189.63303,CoCrFeMoNi,True
Co6Mo15Cr21Fe17W16,189.64238,CoCrFeMoW,True
W16Cr20Ni22Mo24Fe5,189.65381,CrFeMoNiW,True
Mo12Mn21Fe24Cu16Ni8,189.65771,CuFeMnMoNi,True
Fe6W21Ni12Mo21Co16,189.659,CoFeMoNiW,True
Ni25Cr25Mo7Co9W20,189.6665,CoCrMoNiW,True
Co7Cu17Mo23Ni23Cr14,189.66676,CoCrCuMoNi,True
Cr9Mo22Co18Fe12Cu11,189.67117,CoCrCuFeMo,True
Ni20W18Cu6Co15Fe6Mo9,189.67868,CoCuFeMoNiW,True
Ni12Fe5Mo20Co17Cr22,189.68431,CoCrFeMoNi,True
Fe8Mn23Ni12Cr14Mo11,189.69312,CrFeMnMoNi,True
W21Cr18Mn10Fe21Cu20Co9,189.69467,CoCrCuFeMnW,True
Mo14Ni21Fe24Co13Mn21,189.70491,CoFeMnMoNi,True
W20Cu12Cr17Ni21Mo9,189.74162,CrCuMoNiW,True
Cr5Ni23Cu12Fe25Mn15,189.7759,CrCuFeMnNi,True
Cu12Mo15Co18W18Cr10,189.7771,CoCrCuMoW,True
Cr25Co24W18Ni10Mo15,189.78273,CoCrMoNiW,True
Ni10Cr16Mn14Fe20W9,189.78912,CrFeMnNiW,True
Fe17Cu20Co18Mn15Mo24W9,189.7936,CoCuFeMnMoW,True
Mn20Mo22Fe13Cr24Ni5,189.80647,CrFeMnMoNi,True
Cr18Mo8Co9Fe23Ni15,189.81418,CoCrFeMoNi,True
Mo13Co13Ni19Cu24W25,189.8182,CoCuMoNiW,True
Mo12Co18Fe17Cr18Ni7,189.81924,CoCrFeMoNi,True
Cr5Co9Mo14Mn19Fe8,189.8269,CoCrFeMnMo,True
Ni5W21Co18Mo22Mn20Cr17,189.84259,CoCrMnMoNiW,True
Cu12Cr22Fe24Mn12W19Co13,189.85104,CoCrCuFeMnW,True
Mo17W11Cr11Fe24Mn8,189.86377,CrFeMnMoW,True
Cr12Fe15Mn24Ni18W10,189.87042,CrFeMnNiW,True
Mo6Co10Fe19Cr12Cu9,189.8873,CoCrCuFeMo,True
Ni13Cr22Fe13Mo13Mn20,189.88815,CrFeMnMoNi,True
Co9W11Cr9Ni13Mo21,189.91125,CoCrMoNiW,True
W13Co22Cr25Mn8Fe18,189.93716,CoCrFeMnW,True
W20Mn10Fe5Mo23Co9Cr16,189.9376,CoCrFeMnMoW,True
Cr21Fe10Mn23Ni10Mo14,189.93774,CrFeMnMoNi,True
W13Cu25Mo13Ni7Co7Fe16,189.98782,CoCuFeMoNiW,True
Cu11W15Ni24Co15Mo23,189.99504,CoCuMoNiW,True
Mn18Co12Cu14Cr7Mo14W18,190.00702,CoCrCuMnMoW,True
Mn25Fe23Cu21Mo6Co15,190.03876,CoCuFeMnMo,True
Ni9Cu7Fe19Mo6Mn13,190.03903,CuFeMnMoNi,True
Cu6Fe9Mo11W11Co6,190.03973,CoCuFeMoW,True
Co9Fe15Cu13W5Mo18Mn6,190.04941,CoCuFeMnMoW,True
Ni7Cr17Co20Mn13W25Mo16,190.09494,CoCrMnMoNiW,True
Co9Mo14W13Ni9Cu5Cr16,190.09732,CoCrCuMoNiW,True
Mo21Cu7Co18Fe15Cr5,190.11102,CoCrCuFeMo,True
Ni13Cu9Co19Cr14Mo9,190.11243,CoCrCuMoNi,True
Cr22Mn20Fe24Cu11Mo5,190.1235,CrCuFeMnMo,True
W6Mo5Mn20Fe13Ni24,190.12445,FeMnMoNiW,True
Cr24Mo7Mn23Ni25Fe13,190.14197,CrFeMnMoNi,True
Fe20Ni10Cu10Cr16W13,190.14874,CrCuFeNiW,True
Co15Cu16W16Fe6Cr15,190.16812,CoCrCuFeW,True
Mn9W24Ni13Co23Fe17Mo9,190.17686,CoFeMnMoNiW,True
Mn12Cr5Fe24Ni21Cu7,190.18488,CrCuFeMnNi,True
Co14Fe7Mo20Cr23W13,190.25928,CoCrFeMoW,True
Mo25Cr22Fe9Ni15Cu17,190.28009,CrCuFeMoNi,True
Mo6Ni12Co25Fe21Mn24,190.28058,CoFeMnMoNi,True
Ni22Co8Cr10W25Mn21Mo20,190.28188,CoCrMnMoNiW,True
Fe20W5Mo24Co10Mn22Cu25,190.30188,CoCuFeMnMoW,True
Cu10Fe12Cr6Mo22Ni12,190.30899,CrCuFeMoNi,True
W15Co25Mn15Cr12Mo21Cu8,190.3197,CoCrCuMnMoW,True
Fe11W15Cr15Mo19Cu11,190.3253,CrCuFeMoW,True
W9Co23Mn25Ni15Cu17Cr12,190.32993,CoCrCuMnNiW,True
Mo20Mn24Cr22Ni7Fe10,190.33441,CrFeMnMoNi,True
Fe17Mn9Ni23Cr24W11,190.33517,CrFeMnNiW,True
W6Co22Mn17Mo5Cu24,190.33598,CoCuMnMoW,True
W6Fe9Mo5Cu5Cr17,190.36984,CrCuFeMoW,True
Mo19Fe25Mn20Cr13W18,190.38562,CrFeMnMoW,True
Ni20W23Mo7Co12Cr23,190.39299,CoCrMoNiW,True
Mn15W15Co22Mo10Cr18,190.41472,CoCrMnMoW,True
Cu14Cr20Co17Mo9Fe18,190.42218,CoCrCuFeMo,True
Mo22Cu10Co20W14Cr9,190.42502,CoCrCuMoW,True
Co14Ni14Cr14Mo22Fe14,190.42947,CoCrFeMoNi,True
Mn10Co5Cr22Fe20Mo18,190.42992,CoCrFeMnMo,True
Cu7Fe12Ni18Mo21Cr8,190.43268,CrCuFeMoNi,True
Ni7Fe22W7Cr17Mn23,190.43427,CrFeMnNiW,True
Ni13Mo18Cu23Cr22Fe25,190.43982,CrCuFeMoNi,True
Mo14Fe21Cr17W19Co6,190.44084,CoCrFeMoW,True
Cr11W25Fe9Co21Mo12,190.44499,CoCrFeMoW,True
W16Ni10Co12Mo24Fe25,190.44833,CoFeMoNiW,True
Co5Ni6Fe5W12Cr19Mo15,190.4522,CoCrFeMoNiW,True
Mn13Mo17W22Co7Cr20Cu25,190.47151,CoCrCuMnMoW,True
Fe15Co8Mo18Mn23Cr8,190.47452,CoCrFeMnMo,True
Cu13Mn21W16Cr23Ni8Mo16,190.48709,CrCuMnMoNiW,True
W16Ni14Mo10Cu12Cr5,190.52393,CrCuMoNiW,True
Ni5Cr17Fe18Mn14Mo14,190.5272,CrFeMnMoNi,True
Cr9Mo13W17Ni7Fe20,190.53021,CrFeMoNiW,True
Mn24Mo10Co11Cr10Fe25,190.56625,CoCrFeMnMo,True
Ni20Mo8Cr13Mn6W7,190.57933,CrMnMoNiW,True
Mo7Ni7Fe23Mn23Cr6,190.5893,CrFeMnMoNi,True
W25Mo11Cr20Fe9Cu20,190.59686,CrCuFeMoW,True
Fe20Co10Ni18Mo21Cu14,190.60806,CoCuFeMoNi,True
Ni25Co8Cr20Mo7Cu21,190.62459,CoCrCuMoNi,True
Cr6Cu9Ni22Fe7Mn13,190.63293,CrCuFeMnNi,True
Co6Cr16Mn12Mo16Fe13,190.63712,CoCrFeMnMo,True
Fe8Mo12W23Ni10Co21,190.65695,CoFeMoNiW,True
Mo22Mn16W22Cr16Co15Ni10,190.65848,CoCrMnMoNiW,True
Cu14Cr7Co23Mn22Ni8,190.66994,CoCrCuMnNi,True
Cr7Fe7Mn16Ni12Cu15W13,190.68164,CrCuFeMnNiW,True
Fe17Ni10Mo18Mn24Cr18,190.68716,CrFeMnMoNi,True
Cu5Cr7Mo17Fe21Co13,190.71237,CoCrCuFeMo,True
Mn19W17Fe21Cr18Co22,190.71257,CoCrFeMnW,True
Co18Cr10Mn18Cu19Fe5,190.71304,CoCrCuFeMn,True
Mn15Fe16Cu22Ni8W16Cr15,190.72302,CrCuFeMnNiW,True
Cu20Mo13Cr19Mn25W8,190.73018,CrCuMnMoW,True
Ni9Co18Cu5Fe17W19Mo14,190.73615,CoCuFeMoNiW,True
Mn6W18Mo25Cu20Co24Cr8,190.74225,CoCrCuMnMoW,True
Mo5Co7Fe18Mn7Cr19,190.75143,CoCrFeMnMo,True
W12Cr7Mn21Fe19Mo12,190.7515,CrFeMnMoW,True
Cr15Ni13Fe17Mn25Mo12,190.75928,CrFeMnMoNi,True
Co13Mn12Fe11Cr10W10,190.77081,CoCrFeMnW,True
Co11Mo14W7Mn21Cr18,190.79007,CoCrMnMoW,True
Co14Cu17Cr17Ni15W9,190.79475,CoCrCuNiW,True
Mn6Fe22Mo13Cr22W16,190.80403,CrFeMnMoW,True
Cr24Fe18Co7Mo8W20,190.80563,CoCrFeMoW,True
W20Fe16Ni13Cr19Cu16,190.81235,CrCuFeNiW,True
Cu18Cr12W24Fe24Co13Mn24,190.8346,CoCrCuFeMnW,True
Cr9Co5Fe13Mo19Mn18,190.83517,CoCrFeMnMo,True
Cr17Ni9Fe11Mn22Mo14,190.85304,CrFeMnMoNi,True
Mn24Mo7Co19Fe20Cr14,190.85367,CoCrFeMnMo,True
Fe17Ni16Cu21Cr22Mo24,190.86234,CrCuFeMoNi,True
Ni11Co12Mo14W21Cu7Cr19,190.88516,CoCrCuMoNiW,True
W24Co8Mo12Fe21Cr24,190.91298,CoCrFeMoW,True
Cr25Co11Ni13Fe8Mn20W25,190.91426,CoCrFeMnNiW,True
W23Mn20Mo14Cr23Fe24,190.9252,CrFeMnMoW,True
Cu21Fe20W19Mn24Ni25Mo12,190.9266,CuFeMnMoNiW,True
W25Cr22Fe24Ni20Cu21Mn23,190.94731,CrCuFeMnNiW,True
Co9Mn15Mo5Ni20Cr22,190.95468,CoCrMnMoNi,True
Co20Mn17W10Cr8Mo7,190.95615,CoCrMnMoW,True
Ni10W16Co9Mn20Fe14Mo5,190.96323,CoFeMnMoNiW,True
Cr14Mn16Co5Fe19Mo18,190.96613,CoCrFeMnMo,True
W15Ni9Fe11Cu15Mn24Cr10,190.96703,CrCuFeMnNiW,True
W11Cr9Fe5Cu16Mn19Ni9,190.9672,CrCuFeMnNiW,True
Mo19Cu25Cr6Mn10W20Ni19,190.97116,CrCuMnMoNiW,True
Cr13Fe14Mo24W14Cu5Mn8,190.98058,CrCuFeMnMoW,True
Fe13Cr12Mo16Ni5Co24,190.98254,CoCrFeMoNi,True
W11Mo16Co14Cu22Mn23Fe12,190.99994,CoCuFeMnMoW,True
Fe24Ni23Cr23Cu15W25,191.00456,CrCuFeNiW,True
Co22Mo19Cr9W20Fe8,191.02455,CoCrFeMoW,True
Co18Cr19Cu23Ni14Mo9,191.02625,CoCrCuMoNi,True
Mo5Mn17Co19Ni9Fe25,191.0314,CoFeMnMoNi,True
Ni12Co8Cr14Mo11Fe24,191.03629,CoCrFeMoNi,True
Fe12Co15Cr19Mo11Ni10,191.04883,CoCrFeMoNi,True
Mo22Cu7Cr5Fe25W8,191.05588,CrCuFeMoW,True
Ni18Cr18Co23Cu16W11,191.06418,CoCrCuNiW,True
Ni7Mn15Cr20Mo10Fe9,191.08005,CrFeMnMoNi,True
Mo19Cu19Fe5Cr17W14,191.0877,CrCuFeMoW,True
Cu24Mo10Cr23Co17Ni25,191.09645,CoCrCuMoNi,True
W21Cu25Mo24Cr7Fe9Mn17,191.10245,CrCuFeMnMoW,True
Mo17Ni11Co12Fe11Mn22,191.10336,CoFeMnMoNi,True
Cr21Ni19Cu13Fe23Mo9,191.10568,CrCuFeMoNi,True
Mn16W24Fe14Mo25Cu25Cr5,191.10715,CrCuFeMnMoW,True
W24Mo10Ni19Cr23Fe8,191.12863,CrFeMoNiW,True
Mo20Mn13Ni6Cu20Cr19W13,191.14377,CrCuMnMoNiW,True
Fe23Co18Cr23Mn17W16,191.1495,CoCrFeMnW,True
Mo8Mn18Fe11W15Cr23,191.15393,CrFeMnMoW,True
Ni20Co16Mo10Cu8Cr16,191.16415,CoCrCuMoNi,True
W10Co25Cu19Ni7Mo13,191.1751,CoCuMoNiW,True
Mn5Ni12Cr24Fe24W6,191.1759,CrFeMnNiW,True
Ni5Co11Cr10Cu12Mo6,191.21501,CoCrCuMoNi,True
Co14Mn19Mo7Ni25W7Cu21,191.21977,CoCuMnMoNiW,True
Mo15Mn6Cr24Fe15W10,191.22318,CrFeMnMoW,True
Co5Ni5Mn18Cr12Mo14,191.22766,CoCrMnMoNi,True
Co16Mo13Mn23Fe13Cr24,191.25275,CoCrFeMnMo,True
Co10Ni17Fe21Mo11Cr20,191.2855,CoCrFeMoNi,True
Fe6Ni19Cu15Mo19W22,191.28893,CuFeMoNiW,True
Mn25Cr16Ni11Mo9Co13,191.29294,CoCrMnMoNi,True
Ni24Co18Cr13W17Cu18,191.31747,CoCrCuNiW,True
W20Mn16Fe16Ni10Co24Mo11,191.31917,CoFeMnMoNiW,True
Cr15W21Ni14Fe12Cu21,191.34583,CrCuFeNiW,True
Ni8Mo5Fe6Co14W18Cu22,191.35132,CoCuFeMoNiW,True
Cu20Cr10Co23Ni19Mn5,191.3783,CoCrCuMnNi,True
Fe22Mo19Mn21Cr21Co13,191.43011,CoCrFeMnMo,True
Mn9Cu8Co9Fe5Ni22,191.43019,CoCuFeMnNi,True
Cr18Mn23Mo17Co14Fe22,191.4509,CoCrFeMnMo,True
Co20Fe22Mo5W11Mn14,191.46005,CoFeMnMoW,True
Ni6Mo25Co6Mn19Fe21,191.47948,CoFeMnMoNi,True
Cr9Ni6W14Fe20Co9,191.49481,CoCrFeNiW,True
Fe6Mo17W12Co6Cu6Cr19,191.49783,CoCrCuFeMoW,True
Co12W6Cr24Mo11Cu12,191.50166,CoCrCuMoW,True
Cu24Fe15W13Cr20Ni6,191.5041,CrCuFeNiW,True
Mn24Cr9Co23Fe7Ni22,191.50629,CoCrFeMnNi,True
W6Mo21Fe9Co5Cr10,191.50743,CoCrFeMoW,True
W16Fe15Mo15Mn25Cr20,191.51459,CrFeMnMoW,True
Mo7Cr5Ni17Mn18Cu15W21,191.5227,CrCuMnMoNiW,True
Mo21Ni12W17Co11Fe6,191.52817,CoFeMoNiW,True
Ni25Co13W23Fe9Cu10Mo18,191.53769,CoCuFeMoNiW,True
Fe16Mn16Cr7Ni20W10,191.5497,CrFeMnNiW,True
Cu8W16Cr21Ni17Mo18Mn21,191.57571,CrCuMnMoNiW,True
Ni6Mo19Mn25Fe22Cr17,191.60022,CrFeMnMoNi,True
Mn12Fe17Co6Mo16Cr20,191.60263,CoCrFeMnMo,True
Co10Cr12Ni5Mn20Mo11,191.60304,CoCrMnMoNi,True
Co15W20Mo25Ni11Fe9,191.61069,CoFeMoNiW,True
Mn21Fe17Co9Cr14Mo18,191.6423,CoCrFeMnMo,True
Fe11Cr7Mn9Ni11Co24,191.64513,CoCrFeMnNi,True
Ni7Mo18Cr20Fe22Mn21,191.64609,CrFeMnMoNi,True
Mo14Ni5Fe17Mn15Cr17,191.65012,CrFeMnMoNi,True
W24Fe8Mo21Co19Cu15,191.669,CoCuFeMoW,True
Cu16Fe25Mo25W8Mn20Co19,191.68108,CoCuFeMnMoW,True
Co17Mn20Mo6Cr25Ni17,191.6839,CoCrMnMoNi,True
Co10Cu5Cr18Mn24Mo11,191.68681,CoCrCuMnMo,True
Mo21Co16Fe23Cr15Cu15,191.68948,CoCrCuFeMo,True
W19Fe14Ni10Co7Cr13,191.70468,CoCrFeNiW,True
Co20Fe24Mo8Cu8Cr21,191.7115,CoCrCuFeMo,True
Ni18Mo14W11Mn22Cr20,191.76436,CrMnMoNiW,True
Mo15W23Fe19Ni20Co6,191.76576,CoFeMoNiW,True
Ni11Mo8Cr18Mn14Fe19,191.7735,CrFeMnMoNi,True
Co20Cr7Ni10Mo22W15,191.80902,CoCrMoNiW,True
Ni8Co20W9Fe7Mo24,191.8248,CoFeMoNiW,True
Cr10Cu9Mn5Fe25Ni22,191.83273,CrCuFeMnNi,True
Co12Fe9Cu8Cr20W6,191.85184,CoCrCuFeW,True
W21Mo7Ni14Cr9Fe9,191.85371,CrFeMoNiW,True
Fe12Mo7Mn16Cr16Co15,191.87622,CoCrFeMnMo,True
Fe21Ni16W6Cu17Co23,191.89308,CoCuFeNiW,True
Co14Ni8W20Mo19Fe13,191.89908,CoFeMoNiW,True
W11Co12Mo22Fe6Cr15,191.9191,CoCrFeMoW,True
Mo22Cu20Fe18Cr20Ni14,191.9295,CrCuFeMoNi,True
W7Fe25Cu6Ni22Mn13Mo11,191.93301,CuFeMnMoNiW,True
Mo24Ni9Cu19Fe14Cr10,191.96136,CrCuFeMoNi,True
Ni8Mo16Cr18Fe17Mn19,191.98697,CrFeMnMoNi,True
Mo11Mn24Cr13Ni9Fe23,192.00607,CrFeMnMoNi,True
Mo14Fe18Co13W19Ni7,192.00647,CoFeMoNiW,True
Fe8Mn14Cr6Cu20Ni7,192.02452,CrCuFeMnNi,True
Cu17Cr21W6Ni25Co13,192.0339,CoCrCuNiW,True
Fe22Cr13Mn16Ni22W12,192.03699,CrFeMnNiW,True
W15Mo23Fe14Cr8Co9,192.04645,CoCrFeMoW,True
Fe20Mo13Mn9Ni15W22Co16,192.06079,CoFeMnMoNiW,True
Cu23Co19Ni24Cr19Mo25,192.07361,CoCrCuMoNi,True
Ni7W9Fe7Mo15Cr5,192.07816,CrFeMoNiW,True
Ni8Co14Mo9Mn20Cr20,192.08441,CoCrMnMoNi,True
Ni11Cr11Mo19W18Co12Mn11,192.08853,CoCrMnMoNiW,True
Mn17Cr9Ni16W6Mo13,192.09807,CrMnMoNiW,True
Mn25Ni14Fe21Mo14Cu11,192.11429,CuFeMnMoNi,True
Co17Mo16Cr24Cu21Fe22,192.11707,CoCrCuFeMo,True
Mo8Fe21Cr15Ni8Co11,192.1238,CoCrFeMoNi,True
Mo23Co10Fe12Cr9Cu17,192.12595,CoCrCuFeMo,True
W17Ni23Cr22Co7Fe8,192.1274,CoCrFeNiW,True
Ni14Mo18Fe24Cr25Co20,192.12846,CoCrFeMoNi,True
Cr5W25Cu22Mo21Fe14,192.14552,CrCuFeMoW,True
W23Co9Ni24Fe13Cu8Cr11,192.15454,CoCrCuFeNiW,True
Co5Cr20Mo19Mn25Cu25W22,192.17433,CoCrCuMnMoW,True
W9Cu12Mo8Mn15Fe17Ni8,192.19315,CuFeMnMoNiW,True
Mn7Fe19Cu23W22Co11Cr25,192.20615,CoCrCuFeMnW,True
Co13Mn13Cr21Fe22Mo6,192.21977,CoCrFeMnMo,True
Fe11Co7Ni8W17Cr5,192.22038,CoCrFeNiW,True
Mo5Cu14Cr6W23Fe24,192.23712,CrCuFeMoW,True
Cr15Cu19Fe13Ni7Mo16,192.23769,CrCuFeMoNi,True
Mo14Fe10Mn18Co8Cr19,192.24002,CoCrFeMnMo,True
Cr5Fe5Ni5Mo22Cu21W22,192.24875,CrCuFeMoNiW,True
Fe9Mo23Co15Cr25Ni17,192.25336,CoCrFeMoNi,True
Fe21Co18Ni8Mn10Cr5,192.28134,CoCrFeMnNi,True
Cr18Fe21Mo6Co12Ni10,192.31357,CoCrFeMoNi,True
Ni8Mo10Cr11Mn19Fe5,192.31813,CrFeMnMoNi,True
W23Mo8Cr14Cu17Ni16,192.31859,CrCuMoNiW,True
Co7Mn15Mo17Fe14Cr17,192.35034,CoCrFeMnMo,True
Mn11Cr15Co8Mo7Fe19,192.35144,CoCrFeMnMo,True
Fe10Co17W19Ni5Mo21Cu17,192.35847,CoCuFeMoNiW,True
Mo8Cr17Fe5Cu11Co10,192.39464,CoCrCuFeMo,True
W5Cr14Mo15Cu18Mn22,192.41226,CrCuMnMoW,True
Fe10Mo11Ni18W25Cr14,192.42168,CrFeMoNiW,True
Fe24Ni18Mn9Cr7Co18,192.43521,CoCrFeMnNi,True
Fe11Cu8W9Cr24Co25,192.43802,CoCrCuFeW,True
Fe13Ni7Cr22Mn23Mo18,192.48499,CrFeMnMoNi,True
Ni7Cu10W8Mo18Co8Cr22,192.55963,CoCrCuMoNiW,True
Fe19Mo9Ni9Cu12Co8W21,192.55984,CoCuFeMoNiW,True
Mo17Cr21Mn21Fe23Co12,192.56146,CoCrFeMnMo,True
Fe17Ni25Cu7W15Mn22Cr17,192.56299,CrCuFeMnNiW,True
Co24Ni6Mo14W19Fe16,192.56544,CoFeMoNiW,True
Cr5Mn7Co5Fe23W25Mo5,192.57059,CoCrFeMnMoW,True
Co22Cu17Fe13Mn23Cr7,192.58615,CoCrCuFeMn,True
Co20Mo10W6Cu11Ni8,192.59216,CoCuMoNiW,True
W17Mo11Cr25Co14Ni15,192.60088,CoCrMoNiW,True
Mn16Cr24W8Fe13Co14,192.61,CoCrFeMnW,True
Mn20Fe6Ni6Cr13Co11W20,192.66776,CoCrFeMnNiW,True
W16Mn12Fe21Ni22Cr15Cu10,192.67413,CrCuFeMnNiW,True
Fe21Mo21W24Cr19Co11,192.68372,CoCrFeMoW,True
Co15Cr20W23Ni7Mn25Mo22,192.7095,CoCrMnMoNiW,True
Mo14Cr10W18Ni5Co20Mn11,192.71796,CoCrMnMoNiW,True
Cr8Co8Mo11Ni6Mn21,192.72076,CoCrMnMoNi,True
Co19Mn23Cr6Ni16Fe12,192.74213,CoCrFeMnNi,True
Co5W19Mo20Ni20Fe22,192.75989,CoFeMoNiW,True
Mo24Cr16Fe24W16Mn19,192.77734,CrFeMnMoW,True
Co16Mo10Fe23Cr21Ni10,192.80824,CoCrFeMoNi,True
Cu16Mn8W6Mo5Co9Ni17,192.81111,CoCuMnMoNiW,True
Mo20Cu16Fe12Ni12Cr17,192.82248,CrCuFeMoNi,True
Mo24Fe12Co5Ni13W6,192.83435,CoFeMoNiW,True
Fe20Ni25Mn6Cr6Cu22W19,192.83586,CrCuFeMnNiW,True
Cu21Cr24W21Ni21Fe12,192.84766,CrCuFeNiW,True
Ni21W14Co25Fe16Cu23,192.85416,CoCuFeNiW,True
Cr17W17Mn12Co21Mo21Cu10,192.87271,CoCrCuMnMoW,True
Fe25Co11Cr23Mo18Mn21,192.89386,CoCrFeMnMo,True
Mo7Fe18Cr15Mn23Ni16,192.89839,CrFeMnMoNi,True
Mo11Ni12Co19Fe14Mn23,192.90125,CoFeMnMoNi,True
Mo13Cu17Cr12Ni7Co13,192.90775,CoCrCuMoNi,True
Mo25Ni9W20Fe18Co15,192.91403,CoFeMoNiW,True
W16Ni25Mo13Cu11Cr9Mn7,192.93007,CrCuMnMoNiW,True
W17Cr14Co19Cu7Fe22Mn13,192.93271,CoCrCuFeMnW,True
Ni15Fe19Mo25Co5W11,192.94243,CoFeMoNiW,True
Ni16Mo23Fe16W17Co6,192.94266,CoFeMoNiW,True
Cr21Ni22Fe22Mo21Co9,192.9725,CoCrFeMoNi,True
Ni5Cu17Mo24Mn25Cr18W12,192.97491,CrCuMnMoNiW,True
Cr21Co18Ni12Fe20Mo19,192.98093,CoCrFeMoNi,True
Ni7Fe17Cu23Cr17Mo20,193.01599,CrCuFeMoNi,True
Cu9Co7Ni14Cr10Mo7,193.03503,CoCrCuMoNi,True
Cu7Cr5W5Fe24Mo13,193.0498,CrCuFeMoW,True
W16Cu23Fe5Co10Ni11Cr5,193.0503,CoCrCuFeNiW,True
Cr23Mn16Fe5W24Co14Ni14,193.0657,CoCrFeMnNiW,True
Cr23W24Cu10Ni25Mo18Co7,193.0795,CoCrCuMoNiW,True
Mo11Ni24Mn25Cu20Co23W7,193.0922,CoCuMnMoNiW,True
Mn24Co13Ni6Fe19Mo25,193.09851,CoFeMnMoNi,True
Fe12Cu20Ni16Mn24Cr7,193.10516,CrCuFeMnNi,True
Mo22Fe14Mn21Cr21Co8,193.13113,CoCrFeMnMo,True
Cu16Ni21Cr9W19Fe18Mn16,193.13263,CrCuFeMnNiW,True
Ni20Mo6Co21Mn21W21Fe5,193.13287,CoFeMnMoNiW,True
Cu20Mo17Fe12Ni5Cr13,193.13467,CrCuFeMoNi,True
W17Fe11Ni11Mo17Cr12,193.13953,CrFeMoNiW,True
Ni9Mn15Cr13Fe6Mo5,193.1406,CrFeMnMoNi,True
Mo22Co16Cu12Cr25W14Ni6,193.16318,CoCrCuMoNiW,True
Mo9W15Mn23Cr24Fe11,193.17174,CrFeMnMoW,True
Fe21Cu5W9Cr13Ni16,193.18018,CrCuFeNiW,True
Cu5Fe13Ni16Co14Cr23W21,193.21246,CoCrCuFeNiW,True
Fe5Mo8Cr11Ni9Mn19,193.21738,CrFeMnMoNi,True
Mn22Fe25Co16W14Cr10,193.22308,CoCrFeMnW,True
Fe18Cr24Mn21Ni6Mo19,193.2329,CrFeMnMoNi,True
Cr24Co21Fe18Mo9Ni9,193.23422,CoCrFeMoNi,True
Ni16Fe25Mn11Mo5W5,193.24814,FeMnMoNiW,True
Ni10Mn18Cr20Mo9Fe11,193.24864,CrFeMnMoNi,True
Fe9Cu12W23Cr21Mn8Mo12,193.26212,CrCuFeMnMoW,True
W11Mo19Cu11Fe9Cr19,193.29068,CrCuFeMoW,True
Mo12Fe25Ni8Cr20W24,193.29877,CrFeMoNiW,True
Mn19Cr19Fe16Ni7Mo16,193.31503,CrFeMnMoNi,True
Mo16Co7W5Cu22Cr5,193.32016,CoCrCuMoW,True
W18Co5Mn22Cr10Fe11Ni5,193.32184,CoCrFeMnNiW,True
Mo15Cr15W25Ni13Fe17,193.32748,CrFeMoNiW,True
Cu16Mo6Co14Mn14W25Cr14,193.33643,CoCrCuMnMoW,True
Cu19Fe20Mo11Cr21Ni12,193.34152,CrCuFeMoNi,True
W13Mo17Co25Mn11Cr25,193.37045,CoCrMnMoW,True
Fe21Ni12Co10Cu15Mo10,193.37427,CoCuFeMoNi,True
Fe25Mo24Cu9W21Ni10Co18,193.37735,CoCuFeMoNiW,True
Ni18Fe21Mn19Co5Mo14,193.38776,CoFeMnMoNi,True
Cu11Mo13Cr25Fe7Ni22,193.39133,CrCuFeMoNi,True
W19Co8Cu13Mn25Fe21Cr15,193.39404,CoCrCuFeMnW,True
Fe22Mn16Ni21Cr25Cu11W16,193.4231,CrCuFeMnNiW,True
Mn23Cr23W11Mo10Co13,193.43387,CoCrMnMoW,True
Ni22Cr6W21Cu25Co21,193.45447,CoCrCuNiW,True
Cu8Cr15Mo16Fe22W17,193.45883,CrCuFeMoW,True
Mo16Cr18Cu18Ni8Fe9,193.45901,CrCuFeMoNi,True
Ni17W21Mo12Co6Fe21,193.46143,CoFeMoNiW,True
Ni11Mo14Cu21W10Fe5Co8,193.49625,CoCuFeMoNiW,True
Ni24Fe19Cr6W7Mn12,193.51425,CrFeMnNiW,True
Co25Cu23Cr8Ni10Mn12,193.51688,CoCrCuMnNi,True
Fe13Ni15Mo17Mn20Co6,193.53467,CoFeMnMoNi,True
Cu6Co10Fe14W20Cr7Ni9,193.53697,CoCrCuFeNiW,True
W13Cu23Ni17Mn5Fe8Cr20,193.5406,CrCuFeMnNiW,True
W10Mo23Co23Cu10Ni15,193.54507,CoCuMoNiW,True
Cu7Mo18W9Mn11Cr25Co10,193.54523,CoCrCuMnMoW,True
Ni14Mo12Cu13Mn22Co11,193.60944,CoCuMnMoNi,True
Cr12W14Ni10Mo7Cu12,193.61581,CrCuMoNiW,True
Cr19Fe6Mo20W21Co7Mn15,193.62935,CoCrFeMnMoW,True
Co24Cr11Mn10Fe6Cu16,193.63043,CoCrCuFeMn,True
Co8Fe13Cr21Mo14Mn17,193.64235,CoCrFeMnMo,True
Ni22Cr8Co18W20Cu21,193.65607,CoCrCuNiW,True
Cr19Mo9Cu11Ni17Fe25,193.65622,CrCuFeMoNi,True
W14Cr23Mo18Fe11Co10,193.65933,CoCrFeMoW,True
W9Fe10Cu7Cr13Mo19,193.65973,CrCuFeMoW,True
Mn14Cr15Ni12Mo5Fe14,193.67172,CrFeMnMoNi,True
Mn19Mo8W7Ni21Fe15,193.6742,FeMnMoNiW,True
Fe25Mn10Ni19Cu24Mo17W17,193.68375,CuFeMnMoNiW,True
W5Cr20Mo23Mn21Co12,193.69133,CoCrMnMoW,True
Cr18Ni20Mo22Fe18Co10,193.6978,CoCrFeMoNi,True
Cr11W15Ni11Mo20Cu20,193.70901,CrCuMoNiW,True
Cr25Cu22Mo8Ni10W24Mn10,193.74599,CrCuMnMoNiW,True
Ni18Co11Cr6Mn19Fe8,193.7492,CoCrFeMnNi,True
Cu17Co21Mo23Fe24Mn24W11,193.75877,CoCuFeMnMoW,True
Mo9Co18Ni9Fe18Mn19,193.75958,CoFeMnMoNi,True
W21Mo9Fe12Ni7Co17,193.78189,CoFeMoNiW,True
W19Cu22Mo7Mn14Cr7Ni11,193.81337,CrCuMnMoNiW,True
Mn19Cr6Fe9W14Ni25Cu16,193.83354,CrCuFeMnNiW,True
W8Cu21Mn20Cr13Co25Ni24,193.84656,CoCrCuMnNiW,True
Mn15Ni10Cr12Fe16Mo5,193.8502,CrFeMnMoNi,True
Co19Mo10W20Cu11Cr5Mn25,193.85086,CoCrCuMnMoW,True
Mo18Cu15W19Cr17Mn14Ni16,193.8651,CrCuMnMoNiW,True
Mn21Mo14Cr20Ni17W10,193.88174,CrMnMoNiW,True
Fe18Mo16Ni12Mn17Co9,193.89948,CoFeMnMoNi,True
W22Fe17Cu20Ni8Mo8,193.91232,CuFeMoNiW,True
Mn5W7Co23Cr15Mo9,193.91464,CoCrMnMoW,True
Co16Mo17W18Mn18Ni16Fe17,193.94275,CoFeMnMoNiW,True
W6Co25Cu18Mo21Ni8,193.94888,CoCuMoNiW,True
Fe20Mo24Co18Cr14Cu13,193.95505,CoCrCuFeMo,True
Mn16Mo17Cr24Fe17W16,193.98505,CrFeMnMoW,True
Mo7Fe20Cu9Co17Cr19,193.99216,CoCrCuFeMo,True
Cr23Mn23W5Mo12Cu15,194.0204,CrCuMnMoW,True
Cu7W6Ni23Mo16Cr16,194.02919,CrCuMoNiW,True
Fe12Ni17Cr8Mn6Co18,194.03526,CoCrFeMnNi,True
Co16Mo10W14Fe5Cr22,194.04303,CoCrFeMoW,True
Cr23Co10W14Fe9Mo6,194.05455,CoCrFeMoW,True
Mo9Co7Fe25Cu9Cr9,194.07382,CoCrCuFeMo,True
Mn13Ni23Co8Cu9Cr6,194.08008,CoCrCuMnNi,True
Co22Ni20Mn22Fe23Cr5,194.08177,CoCrFeMnNi,True
W16Mo22Co18Fe7Cr20,194.10056,CoCrFeMoW,True
Cr23W23Mo20Fe13Ni7Co8,194.10583,CoCrFeMoNiW,True
Co24Fe8Mn23Cr8Ni16,194.1195,CoCrFeMnNi,True
Cu16Ni8Co19Cr16Mo8,194.12015,CoCrCuMoNi,True
Cr13Co8Cu17Mo16W12,194.12701,CoCrCuMoW,True
Fe22Cr9Ni6Co10W13,194.13617,CoCrFeNiW,True
Co15Mn18Mo16Fe25Ni8,194.181,CoFeMnMoNi,True
Mo19Cu22Cr5Mn25Fe5W19,194.1919,CrCuFeMnMoW,True
Fe11Co9Mn20Mo13Cr24,194.19809,CoCrFeMnMo,True
W25Cr18Mo16Co22Fe9,194.20718,CoCrFeMoW,True
Mn25Cr17W14Mo15Co24,194.21228,CoCrMnMoW,True
Fe6Cu20Mn21Ni12Co19,194.21625,CoCuFeMnNi,True
Ni11Mn24Fe12Mo7Cr11,194.21689,CrFeMnMoNi,True
Mn19Fe18Ni23W12Cr15,194.2189,CrFeMnNiW,True
Mo5Co18Ni11W20Cr8,194.23456,CoCrMoNiW,True
Mo10Fe10W12Co8Cu25,194.25389,CoCuFeMoW,True
Fe24Cu10W19Mn6Cr16Co23,194.25504,CoCrCuFeMnW,True
Co11Mn21Mo10Fe20Ni20,194.26659,CoFeMnMoNi,True
Cu20Cr13Mn23Co16Fe6,194.27075,CoCrCuFeMn,True
W16Fe7Cr15Ni18Mo23,194.28934,CrFeMoNiW,True
Co16Mn24Ni9Mo24Fe24,194.30598,CoFeMnMoNi,True
Cr17Mo6Co9Ni11Fe25,194.34338,CoCrFeMoNi,True
Mo15Ni13Co16Cr25Fe9,194.3519,CoCrFeMoNi,True
Fe18Ni20Cr9Mn11W9,194.3521,CrFeMnNiW,True
Mn24Mo12Cr24W6Fe6,194.36082,CrFeMnMoW,True
Mn21Cr21W24Co6Ni22Fe7,194.36555,CoCrFeMnNiW,True
Cu10W16Cr15Co23Mo12,194.37604,CoCrCuMoW,True
Cu14Fe17Cr21Mn21W18Co10,194.37912,CoCrCuFeMnW,True
Cr24Co6Ni19W25Mn18Mo18,194.40245,CoCrMnMoNiW,True
Fe20Mn14W7Mo14Co5Cu19,194.40735,CoCuFeMnMoW,True
Mn5Fe16Ni17Cu20Cr11,194.42795,CrCuFeMnNi,True
W17Cr25Cu17Co6Fe12Ni10,194.43149,CoCrCuFeNiW,True
W13Mo21Cr15Fe17Mn25,194.43715,CrFeMnMoW,True
Mn18Fe5Ni11Mo6Co12,194.4466,CoFeMnMoNi,True
Cr25Cu23Mo12W24Fe8,194.45126,CrCuFeMoW,True
W7Cr25Fe12Cu13Ni12,194.45633,CrCuFeNiW,True
Cr23Ni15Mo24W21Co24,194.46252,CoCrMoNiW,True
Mo9Ni8Fe16Mn25Cr7,194.48601,CrFeMnMoNi,True
Cr25Co25Ni7Cu9W19Mo21,194.49432,CoCrCuMoNiW,True
Fe25Ni8Cr18W22Mo14,194.49687,CrFeMoNiW,True
Co15W16Fe7Mo8Ni18Mn10,194.50864,CoFeMnMoNiW,True
Cr24Mn12Co12Mo5Fe18,194.51062,CoCrFeMnMo,True
W14Co22Cr16Cu9Fe10,194.51068,CoCrCuFeW,True
Mo21W21Co21Cr19Cu17,194.5229,CoCrCuMoW,True
Fe18Co20Cr5Mn13Cu13,194.52661,CoCrCuFeMn,True
Ni5Co14Cr14Mo5Fe8,194.52673,CoCrFeMoNi,True
W15Cu7Cr20Mn15Co22Mo21,194.53601,CoCrCuMnMoW,True
Co6Fe17Cr18Mo6Cu19,194.5408,CoCrCuFeMo,True
Cu24Cr20Ni7Fe10W5,194.54596,CrCuFeNiW,True
W23Ni14Mn7Mo12Co8Cr22,194.55896,CoCrMnMoNiW,True
Cr21Mn16Ni21W10Fe15,194.58688,CrFeMnNiW,True
Cr22Mn12Cu5Fe23Co20W15,194.60477,CoCrCuFeMnW,True
Cr24Ni9Co15Mo5Mn16,194.61313,CoCrMnMoNi,True
Mn17Co24Cu15Cr6Fe24,194.62814,CoCrCuFeMn,True
Mo9Co12Cr10Ni21W22,194.63187,CoCrMoNiW,True
Mo17Cr22Mn17W6Co10,194.65012,CoCrMnMoW,True
Co17Fe9W9Mn12Cr12,194.65564,CoCrFeMnW,True
Mo25W12Cu7Fe24Cr13,194.6607,CrCuFeMoW,True
Mo9Co5Mn16Fe10Cr5,194.67038,CoCrFeMnMo,True
Ni20Fe24W13Cr24Mn21,194.69073,CrFeMnNiW,True
Ni13Cr6W24Fe20Mo11,194.69882,CrFeMoNiW,True
Mo9Fe17Mn20Ni6Cu15,194.69957,CuFeMnMoNi,True
Cr25W11Fe20Co10Mn22,194.73221,CoCrFeMnW,True
Cu9Co8Fe10W12Cr6Mn11,194.73534,CoCrCuFeMnW,True
Mn21Co24Cr7Cu9Ni14,194.7409,CoCrCuMnNi,True
Cr11Ni11Mn6Cu24Co21,194.75615,CoCrCuMnNi,True
Cr21Mo6Co23Cu21Ni9,194.78568,CoCrCuMoNi,True
Cr14W20Fe12Mo12Cu13,194.78796,CrCuFeMoW,True
Cr15Cu13Mo24Fe24Co18,194.79263,CoCrCuFeMo,True
Mo6W11Ni18Co5Fe8,194.79562,CoFeMoNiW,True
Fe20Mo11Ni16Co12Cr22,194.80023,CoCrFeMoNi,True
Mo21Cu8Fe23W25Cr14Mn17,194.81076,CrCuFeMnMoW,True
Mn10Fe22Co11Cr19W10,194.81297,CoCrFeMnW,True
Cr13Ni8W21Fe25Mo10,194.85092,CrFeMoNiW,True
Mo18Mn12Cr23W9Co18,194.85587,CoCrMnMoW,True
Cu22Mo11Co17Ni6Cr18,194.85947,CoCrCuMoNi,True
Ni16Mo17Cr21Co19W22,194.86884,CoCrMoNiW,True
Cu23Fe18Cr24Mo18Ni12,194.87317,CrCuFeMoNi,True
Cr13Mo9Fe10Cu18W24,194.87619,CrCuFeMoW,True
Cr11Mn6Mo5Fe23Cu22Ni17,194.88939,CrCuFeMnMoNi,True
Mo18W13Fe20Ni6Cr18,194.92517,CrFeMoNiW,True
Cr22Co9Ni22Mo12Fe8,194.9288,CoCrFeMoNi,True
Cr17Co15Ni12Mo24W11,194.92966,CoCrMoNiW,True
Co16Mn7W10Cr17Fe17,194.93765,CoCrFeMnW,True
Cr7Fe19Mn5Mo14Cu24Ni13,194.95229,CrCuFeMnMoNi,True
Cu13Co15Ni22Cr18Mo7,194.98221,CoCrCuMoNi,True
Mn6Fe20Cr20Co8Ni12W25,194.99371,CoCrFeMnNiW,True
Fe11W15Co9Mo15Cr17,195.00287,CoCrFeMoW,True
Ni22Cu7W9Mo24Fe9,195.03001,CuFeMoNiW,True
Co14Cr24Mo10Ni16Fe18,195.03226,CoCrFeMoNi,True
Ni8Co16Fe14Mo14Cr19,195.03824,CoCrFeMoNi,True
Fe9Co19Ni5Cr10Mn24,195.04495,CoCrFeMnNi,True
Mo24Co25W11Cr7Ni9,195.06244,CoCrMoNiW,True
Co12Mo10Fe19Cu8Ni8,195.08414,CoCuFeMoNi,True
Cr12Ni5Co6Fe23Mo20W24,195.09392,CoCrFeMoNiW,True
Cu11Co21Ni25Mn24Cr7,195.1019,CoCrCuMnNi,True
W18Cr18Mo21Fe12Cu15,195.10202,CrCuFeMoW,True
Co19Fe8Mn11Ni9Cr5,195.10431,CoCrFeMnNi,True
Cr25Co5Cu10Mn25Mo12,195.11682,CoCrCuMnMo,True
Mn6Ni24Fe16Co17Cr11,195.1229,CoCrFeMnNi,True
Co5Fe20Ni18Mo19Cr13,195.12299,CoCrFeMoNi,True
Mo18Fe6Ni10Cu19W11Co8,195.13799,CoCuFeMoNiW,True
Ni17Fe25Mo19Co5W13,195.15543,CoFeMoNiW,True
Fe8Cu9Ni11W10Cr9Mn12,195.16467,CrCuFeMnNiW,True
Mn11Cu15Ni22Fe20Cr6,195.16544,CrCuFeMnNi,True
Fe12Co5Ni25W5Mo17,195.17241,CoFeMoNiW,True
Mn10Co14Ni6Fe23Cr5,195.17587,CoCrFeMnNi,True
Co8Mn24Cr13Mo17Fe13,195.17894,CoCrFeMnMo,True
Cu15Cr12Co11W22Fe21,195.18214,CoCrCuFeW,True
Mo12Cu9W24Co24Ni21Fe7,195.19843,CoCuFeMoNiW,True
Cr6Fe17Co9Mn24Ni7Cu18,195.20392,CoCrCuFeMnNi,True
Mn24Co8Cr18Ni5Mo17,195.21677,CoCrMnMoNi,True
Co7Fe11Ni21Mo16Cr17,195.2294,CoCrFeMoNi,True
Ni11Mo8W12Co19Cu9,195.25098,CoCuMoNiW,True
Co20W19Fe9Cr18Cu15,195.27014,CoCrCuFeW,True
Ni7Cr8Cu20W7Mo11,195.27084,CrCuMoNiW,True
W18Cr24Mo15Mn13Fe21,195.27333,CrFeMnMoW,True
Mn6Mo5Ni15Cr9Cu25Co13,195.27379,CoCrCuMnMoNi,True
Ni13Cr24Mo8Cu20Fe16,195.2876,CrCuFeMoNi,True
Cr11Cu25Co11W18Mo10,195.30853,CoCrCuMoW,True
Co14Mn25Fe6Cu14W5Mo7,195.31409,CoCuFeMnMoW,True
W12Cu10Mo17Cr17Co11Mn9,195.32191,CoCrCuMnMoW,True
Ni19Cu25Cr8Co19W19,195.34265,CoCrCuNiW,True
Mn14Cr24Co23W11Mo20,195.34949,CoCrMnMoW,True
W22Cr14Mo6Ni11Co21,195.3508,CoCrMoNiW,True
Mn5Cr7Ni14Fe8Co16,195.3538,CoCrFeMnNi,True
Co7Cu15Mn11Ni18Cr5,195.3966,CoCrCuMnNi,True
W13Cr23Fe15Mo24Co8,195.39676,CoCrFeMoW,True
Co15Mo5Cr12Fe11Mn23,195.40381,CoCrFeMnMo,True
Co5Ni25Fe24Mo18Cr24,195.41609,CoCrFeMoNi,True
Ni18Mo24Cr24Fe11W19,195.42615,CrFeMoNiW,True
Co14Fe6Cr20Mn17W9Cu6,195.42694,CoCrCuFeMnW,True
Mo7Ni22W13Cu8Co15,195.42737,CoCuMoNiW,True
Mo25Fe16Ni9Cu16Co9W19,195.43835,CoCuFeMoNiW,True
Cr12Mn22Fe24Co9Mo8,195.45813,CoCrFeMnMo,True
Ni24Co23Cr7Fe23Mn16,195.4592,CoCrFeMnNi,True
Fe7Co14Cr15Mn5Cu24,195.46469,CoCrCuFeMn,True
Cu21Mo22Fe5W13Cr12,195.4707,CrCuFeMoW,True
Cr15Cu8Mo18Ni18Fe11,195.49191,CrCuFeMoNi,True
Cu11Co13W9Cr9Mo22,195.49393,CoCrCuMoW,True
Co21W20Ni13Mo19Fe6,195.5043,CoFeMoNiW,True
Ni23Cu11Mo5Fe5Cr25,195.5256,CrCuFeMoNi,True
Co25W7Mn11Fe10Mo15Ni6,195.53653,CoFeMnMoNiW,True
Fe7Co11Ni7W22Cr17Mo17,195.53911,CoCrFeMoNiW,True
Fe24Cu24Cr11Ni19Mn7,195.56493,CrCuFeMnNi,True
Co19Cu14Mo10Fe19Mn11W15,195.5654,CoCuFeMnMoW,True
Mn21Cu17Fe15W17Cr8Ni13,195.56682,CrCuFeMnNiW,True
Co11Ni6Mn6Mo17Cr21W14,195.57376,CoCrMnMoNiW,True
Cr9W5Mn20Fe24Co6,195.58426,CoCrFeMnW,True
Cr20Co22Ni15Mo20Cu24,195.62405,CoCrCuMoNi,True
Mo24Cu14Co19Cr18Fe18,195.6358,CoCrCuFeMo,True
Fe16Mo16Ni7Co5W23Cr16,195.64606,CoCrFeMoNiW,True
Co19Mo6Cr13Mn25W11,195.66426,CoCrMnMoW,True
Mn23Mo5Fe20Ni20Cr23,195.67801,CrFeMnMoNi,True
Mn23Fe9Mo5Co16Cr16,195.6997,CoCrFeMnMo,True
Fe7Cr6Mo23Co9Ni18,195.70638,CoCrFeMoNi,True
Mo23Ni16Cr15W13Co12,195.7099,CoCrMoNiW,True
Co6Cr5Ni9Mn16Fe9,195.71173,CoCrFeMnNi,True
Ni15Mn23Cu17Co19Cr6,195.71605,CoCrCuMnNi,True
W14Ni18Cu13Cr25Mn8Mo24,195.71992,CrCuMnMoNiW,True
Ni7Mo5W24Fe23Co20,195.7211,CoFeMoNiW,True
Mo13Co8Fe9Mn21Cr5,195.7317,CoCrFeMnMo,True
Cu18Cr23Mo5Fe10Co12,195.74094,CoCrCuFeMo,True
Cu20Mn19Ni10Fe21Cr5,195.7562,CrCuFeMnNi,True
Co10Cr21Ni20Mo21Fe11,195.76292,CoCrFeMoNi,True
Mn25Co18Cu15Cr19Fe5,195.7643,CoCrCuFeMn,True
Mn18Cr17W11Ni5Fe11Cu17,195.77011,CrCuFeMnNiW,True
W12Cr23Co15Mn11Fe20,195.77063,CoCrFeMnW,True
W10Cr19Co15Cu20Ni21,195.77603,CoCrCuNiW,True
W15Ni18Cu9Mo20Co15,195.77975,CoCuMoNiW,True
Ni9W8Fe8Cr5Cu20Mn10,195.78627,CrCuFeMnNiW,True
Co6Fe20Mn7Cr11W11Cu11,195.805,CoCrCuFeMnW,True
Cr7Mo15Mn7Cu24Fe13Co20,195.81061,CoCrCuFeMnMo,True
Cu11W15Mn19Fe18Cr7Ni16,195.82083,CrCuFeMnNiW,True
Ni15Co21Cu14Mo23Cr13,195.83218,CoCrCuMoNi,True
Cr6Ni17Fe11Mn12Co20,195.83347,CoCrFeMnNi,True
W5Ni19Cr10Mo13Co5,195.84344,CoCrMoNiW,True
Mn20Cr22W18Mo21Cu18Co9,195.85042,CoCrCuMnMoW,True
Mo16Ni13Mn24Co18Fe23,195.85518,CoFeMnMoNi,True
Fe8Mn15Mo21W23Cu17Cr22,195.85739,CrCuFeMnMoW,True
Fe25Co11W18Cr6Mo17,195.8634,CoCrFeMoW,True
Ni7Mn12Mo11Co8Fe16,195.86559,CoFeMnMoNi,True
Mn24Ni18W12Cu5Cr6Fe23,195.86699,CrCuFeMnNiW,True
Co18W14Cr12Mn11Ni5Mo20,195.89848,CoCrMnMoNiW,True
Ni19Mo15Fe21Co12W21Mn25,195.90997,CoFeMnMoNiW,True
Cr14Cu21Fe10Mo25Co9,195.92323,CoCrCuFeMo,True
W18Co8Ni8Cr19Mn21Mo16,195.9314,CoCrMnMoNiW,True
Cu7W14Fe12Mo7Cr14,195.93323,CrCuFeMoW,True
Cr11W19Mn21Cu16Mo19Ni19,195.93875,CrCuMnMoNiW,True
Mn20Fe14Co9Mo13Cr24,195.93893,CoCrFeMnMo,True
W17Cr13Fe15Mo14Ni9,195.96048,CrFeMoNiW,True
Mo17W23Cu16Ni23Co14,195.9953,CoCuMoNiW,True
Co8Mn10Fe8W25Cr11Mo5,196.01093,CoCrFeMnMoW,True
Co17Fe10Mo25Ni14Cr24,196.03226,CoCrFeMoNi,True
Cu11Co21Mo13Cr23Fe15,196.03381,CoCrCuFeMo,True
Mo11Ni18Cu11W25Fe24,196.03587,CuFeMoNiW,True
Ni13Fe20Co15Cr14Mo25,196.03867,CoCrFeMoNi,True
Cr7W25Fe15Cu17Co17,196.0437,CoCrCuFeW,True
Ni19Mo22Fe25W5Cu13Mn10,196.04657,CuFeMnMoNiW,True
Co22Mo6Fe15Mn24W7,196.06918,CoFeMnMoW,True
Ni18Co17Mo25Fe19Cu17,196.08466,CoCuFeMoNi,True
Co9Mn13Fe12Mo7Ni9,196.11328,CoFeMnMoNi,True
Ni6Mo6Cr10Mn24Fe24,196.1284,CrFeMnMoNi,True
W18Mo12Ni10Cr13Co24,196.13087,CoCrMoNiW,True
Cu21Fe15Cr22Mo14Ni10,196.14954,CrCuFeMoNi,True
Co5Cr16Cu23Fe5Mo21,196.1537,CoCrCuFeMo,True
Fe17Co10Cr22Mo21W18,196.1753,CoCrFeMoW,True
Mn20Cu9Co8Mo7Ni18,196.18561,CoCuMnMoNi,True
Cr9Mn16W23Ni17Mo24Co19,196.19122,CoCrMnMoNiW,True
Cu20Cr21Mo15Co16Ni25,196.19803,CoCrCuMoNi,True
Cr25Fe10Co16Mn25Mo7,196.20729,CoCrFeMnMo,True
Ni17Cr20Mn9Cu10W8Fe5,196.20969,CrCuFeMnNiW,True
W20Mo22Fe10Co25Ni11,196.2116,CoFeMoNiW,True
W16Ni20Fe8Cu17Cr18,196.21445,CrCuFeNiW,True
W7Fe8Cr9Co11Mn9,196.21634,CoCrFeMnW,True
Mn15Fe8Cr10Cu24Ni22,196.22836,CrCuFeMnNi,True
Ni18Mo8Fe9W23Cr24,196.30289,CrFeMoNiW,True
W23Cu25Fe6Mn11Mo12Cr11,196.30331,CrCuFeMnMoW,True
W22Mn12Cr12Mo19Fe10Cu17,196.30434,CrCuFeMnMoW,True
Cr12Mn24Fe7Co11Ni13,196.31425,CoCrFeMnNi,True
Cr25Cu22Fe6Mo22W14,196.33508,CrCuFeMoW,True
Cr11Mo21Ni9W22Mn20Fe9,196.33936,CrFeMnMoNiW,True
W17Mo22Cr15Fe13Ni12,196.34442,CrFeMoNiW,True
W10Mn12Fe10Cu14Ni8Cr18,196.36813,CrCuFeMnNiW,True
Mn24Ni7Cr20Co6Mo17,196.36954,CoCrMnMoNi,True
Ni22Mo22Co9Fe7Cr20,196.37292,CoCrFeMoNi,True
Ni13Co14Mn7Cu23Fe6,196.37376,CoCuFeMnNi,True
Ni13Cu11Mo18Fe24W17,196.38306,CuFeMoNiW,True
Fe25Mn15Co17Cr7Ni25,196.41653,CoCrFeMnNi,True
Cr20W11Ni13Mo22Co15,196.4191,CoCrMoNiW,True
Ni7Cr13Cu20Mo13W16Mn15,196.4236,CrCuMnMoNiW,True
Fe13Ni10Co12W22Cr18,196.43079,CoCrFeNiW,True
Ni10Fe17Cr25Mo6Cu24,196.43369,CrCuFeMoNi,True
Ni20Cu15W8Mn8Co19Mo7,196.44144,CoCuMnMoNiW,True
Mn13Mo23W25Cu14Fe25Cr8,196.44318,CrCuFeMnMoW,True
Ni13Mn10Cr12Mo12W5,196.46161,CrMnMoNiW,True
Cr5Fe9Cu23Ni9W6,196.46866,CrCuFeNiW,True
Fe18Co18Mo17Cu6Cr14,196.4913,CoCrCuFeMo,True
Cu11Mo20Cr13Ni14W9,196.5216,CrCuMoNiW,True
Co14Cu15Cr19Mo14Fe20,196.52637,CoCrCuFeMo,True
Cr8Mo19Mn23Fe10Ni5,196.53381,CrFeMnMoNi,True
Cu5W15Mo8Mn5Ni24Cr25,196.53407,CrCuMnMoNiW,True
Mo17Cr7Co5Cu16Ni6,196.5523,CoCrCuMoNi,True
W15Mo25Co18Mn17Cu22Cr5,196.56003,CoCrCuMnMoW,True
W7Cr6Co16Ni8Mo23,196.568,CoCrMoNiW,True
Cu16Fe22Cr17Ni9Mo14,196.57925,CrCuFeMoNi,True
Cr12W25Co22Fe17Mn6Ni6,196.60843,CoCrFeMnNiW,True
W17Mo21Co13Cr21Fe7Cu5,196.63588,CoCrCuFeMoW,True
Cu25Co14Cr20W19Mo25,196.65051,CoCrCuMoW,True
Cr10Co17W10Ni12Cu13,196.65521,CoCrCuNiW,True
Fe20Cr6Ni20W7Cu5,196.66168,CrCuFeNiW,True
Mo10Cu10Cr18Ni18Co20,196.66687,CoCrCuMoNi,True
Co17Fe25Cu7Mo8Mn23,196.67328,CoCuFeMnMo,True
Mo17Cu24W8Co8Cr8,196.6976,CoCrCuMoW,True
Ni10Cr25Cu19W23Mn18Mo10,196.69873,CrCuMnMoNiW,True
Ni24Mn13Fe13Co23W23Mo16,196.69916,CoFeMnMoNiW,True
Mn18W15Co22Cr17Fe19,196.71552,CoCrFeMnW,True
Fe8Cr22Ni9W6Cu13Mn7,196.73383,CrCuFeMnNiW,True
Mn10Ni8Cr16Mo8Co16W24,196.73843,CoCrMnMoNiW,True
Fe19Ni18Co19Mo13Cu14,196.74388,CoCuFeMoNi,True
Mo23Ni9Cr10Co8W12Cu7,196.75012,CoCrCuMoNiW,True
Co16Cr23Ni14W18Mo12,196.76468,CoCrMoNiW,True
Fe16Co7W18Ni9Cu19Mo18,196.818,CoCuFeMoNiW,True
Fe10Cr21Co8Mo19Cu23,196.8253,CoCrCuFeMo,True
W16Cu18Co14Mo21Cr16,196.85727,CoCrCuMoW,True
Ni24Fe5W9Cu12Mo12,196.86636,CuFeMoNiW,True
Cr8W9Co13Cu10Ni14,196.86835,CoCrCuNiW,True
Cu25W5Fe11Mo18Ni17Mn12,196.8764,CuFeMnMoNiW,True
Cr22W20Co17Fe15Cu13,196.88693,CoCrCuFeW,True
Ni20Cr10Co19Mn5Mo10Cu22,196.90083,CoCrCuMnMoNi,True
Co5Fe18Mn25Cr10Cu24,196.90674,CoCrCuFeMn,True
Fe5Mo20W9Co12Ni9,196.91763,CoFeMoNiW,True
Mo11Co15Cr9Fe13W24,196.92094,CoCrFeMoW,True
W13Co15Mo20Cu18Mn9Cr6,196.928,CoCrCuMnMoW,True
Ni10Fe17Mn25Co19Cr7,196.93,CoCrFeMnNi,True
Mn12W6Cr15Co21Fe7,196.93335,CoCrFeMnW,True
Ni5Cr18Co9Mo11Mn20,196.93497,CoCrMnMoNi,True
Mo12W19Cr24Cu9Fe22,196.95209,CrCuFeMoW,True
Mo16Co11Cr20Cu19Fe23,196.95575,CoCrCuFeMo,True
Cr9Ni5Mo5Mn24Fe24,196.97662,CrFeMnMoNi,True
Ni8Fe15Mo15Mn17Co10,196.9808,CoFeMnMoNi,True
W6Mo16Cr11Mn17Ni18,196.98473,CrMnMoNiW,True
W21Cu14Mo8Fe12Cr22,196.99178,CrCuFeMoW,True
W23Ni14Cu18Mo17Mn22Cr24,196.99338,CrCuMnMoNiW,True
Ni9W20Mn7Mo19Co17Cr18,197.0238,CoCrMnMoNiW,True
Cr7Co7W10Mo13Ni15,197.04602,CoCrMoNiW,True
Mn21Mo21Co6Fe8Cr12,197.04991,CoCrFeMnMo,True
Ni25Co7W11Mo24Cu23,197.05011,CoCuMoNiW,True
Ni7Cr18W17Mn25Cu23Fe23,197.05045,CrCuFeMnNiW,True
Cr14Fe21W10Mn13Ni21,197.0582,CrFeMnNiW,True
Cu24Co7Mn5Cr12Fe21W15,197.05878,CoCrCuFeMnW,True
W21Mo12Ni13Cu20Co15,197.06511,CoCuMoNiW,True
Cu8Mo7W10Co15Fe16Mn11,197.06668,CoCuFeMnMoW,True
Fe23Ni7Mn5Co5W16Cr23,197.08485,CoCrFeMnNiW,True
Fe23Ni5Mn18Co13Mo17,197.08928,CoFeMnMoNi,True
Fe6Mn13Cu7Co18Ni5,197.10066,CoCuFeMnNi,True
Cu25Co10W24Mo22Ni10Cr25,197.1287,CoCrCuMoNiW,True
W8Fe19Mn6Ni17Cr19,197.13567,CrFeMnNiW,True
Mn23Co17Mo7Fe25Cu10,197.14493,CoCuFeMnMo,True
Cr10Cu19Mn24Co7Ni7,197.14755,CoCrCuMnNi,True
W16Cr9Mn14Mo13Cu22Co7,197.18436,CoCrCuMnMoW,True
Mn15W12Co17Fe21Cu10Mo9,197.19751,CoCuFeMnMoW,True
Cr10Ni18Mn24W14Fe6Cu23,197.20618,CrCuFeMnNiW,True
W24Ni18Fe24Cu16Cr19,197.21332,CrCuFeNiW,True
Fe25Cr10Ni9Co7W8,197.21864,CoCrFeNiW,True
Cu25W21Mo12Cr25Co6Ni9,197.23141,CoCrCuMoNiW,True
Cr8Mn10Ni8Co25Fe20,197.24042,CoCrFeMnNi,True
Mo14Co6Cr18Cu21Fe9,197.24402,CoCrCuFeMo,True
Ni19Cr22Co22Mo19Cu24,197.24881,CoCrCuMoNi,True
Cu21Cr6Co16Mn25Ni14Fe10,197.25476,CoCrCuFeMnNi,True
Mn8Cr25Fe20Co14W9,197.25833,CoCrFeMnW,True
Cr19Fe17Cu8Mo21Ni22,197.26291,CrCuFeMoNi,True
W21Mo24Co7Fe17Cu8Cr24,197.27199,CoCrCuFeMoW,True
Cr10Ni16Fe19Mn7Cu23,197.28201,CrCuFeMnNi,True
Co22Cu19Fe5Cr7Ni20Mn24,197.32788,CoCrCuFeMnNi,True
Cr11W18Cu20Fe7Co17,197.33261,CoCrCuFeW,True
Ni11Cu13W18Mo9Fe25,197.34503,CuFeMoNiW,True
W13Cr10Mo14Co11Fe7,197.3631,CoCrFeMoW,True
Mn17W6Cr14Fe18Ni7,197.36829,CrFeMnNiW,True
Mo8Cu25Fe13Co8Cr23,197.37318,CoCrCuFeMo,True
Mn5Fe13Co14W17Cu16Cr14,197.37906,CoCrCuFeMnW,True
Fe5Mn23Co10Cr20Ni11,197.38396,CoCrFeMnNi,True
Cr22Fe7Cu14Ni20W9,197.3985,CrCuFeNiW,True
Cu17W18Mo12Cr14Co12,197.4128,CoCrCuMoW,True
Co14W8Fe19Mn7Cr25,197.41449,CoCrFeMnW,True
Cr9Fe19Mo17Ni11W19,197.41792,CrFeMoNiW,True
Mn21W25Co17Cr25Mo21Ni9,197.43216,CoCrMnMoNiW,True
Mo10Cu7Fe9Cr17W8,197.43555,CrCuFeMoW,True
Cr18W11Ni25Fe18Mn12,197.45447,CrFeMnNiW,True
Ni15Mn13Fe23Cu6W9Cr24,197.46136,CrCuFeMnNiW,True
Cu14Fe14Co13Cr14Mo23,197.46893,CoCrCuFeMo,True
Cu21Fe18Mo13Co13Cr24,197.47151,CoCrCuFeMo,True
Cr15Mo6Mn23Ni5Cu14,197.47534,CrCuMnMoNi,True
Ni14Mn25Mo22Fe24Co14,197.50851,CoFeMnMoNi,True
Mn12Mo11Ni22Co6Fe12W12,197.51036,CoFeMnMoNiW,True
W24Cr11Mn18Co6Mo24Fe15,197.54407,CoCrFeMnMoW,True
Ni5W24Cr10Cu9Fe16Mo23,197.54997,CrCuFeMoNiW,True
Cr16W10Fe24Cu16Ni6,197.5536,CrCuFeNiW,True
W11Mo10Mn11Cu25Ni22Fe8,197.55469,CuFeMnMoNiW,True
W18Co11Mo8Cu16Cr14,197.56754,CoCrCuMoW,True
W23Mn15Co20Mo10Ni21Fe12,197.58896,CoFeMnMoNiW,True
W6Fe12Cu14Co23Mn13Mo17,197.60788,CoCuFeMnMoW,True
Mo6Ni9Fe8Co19W21,197.61066,CoFeMoNiW,True
Mo18Ni14W15Fe9Cr5,197.61368,CrFeMoNiW,True
Co19Ni25Fe6Cr7W24Mn11,197.61505,CoCrFeMnNiW,True
Mo24Mn21Cr14Fe7Co5,197.61584,CoCrFeMnMo,True
Cu12Mn5Mo25Cr11W12Co25,197.61969,CoCrCuMnMoW,True
Cr12W12Ni20Cu6Mn16Fe25,197.62263,CrCuFeMnNiW,True
Cr24Cu13Ni20W14Mn6Mo24,197.64264,CrCuMnMoNiW,True
Mo17Co14Cr12Cu17Ni7,197.65503,CoCrCuMoNi,True
Mo9Ni19Cr20Co5W6,197.65594,CoCrMoNiW,True
Mo12Fe21Cu15Ni16Co11,197.65714,CoCuFeMoNi,True
Co11Ni8Cr12Fe15Mo16,197.66136,CoCrFeMoNi,True
Cu13Mn8Cr6Ni7W7Fe23,197.6776,CrCuFeMnNiW,True
Mn19Cu24Ni13Fe23Mo17W11,197.6795,CuFeMnMoNiW,True
Cu21Fe17Ni12Cr13W25Co7,197.69745,CoCrCuFeNiW,True
Mo17Cr9W17Ni12Co23,197.70273,CoCrMoNiW,True
Co18Cr16Fe20Cu8Mo18,197.7087,CoCrCuFeMo,True
W22Cu11Mo16Co22Cr19Mn17,197.71274,CoCrCuMnMoW,True
Mn20Fe20Mo14Co5Cr20,197.71967,CoCrFeMnMo,True
Mn20Cr9Fe17W9Mo23,197.72437,CrFeMnMoW,True
Cr10Mn11Co12Ni21Mo14W25,197.73146,CoCrMnMoNiW,True
Co23Mo19Cr22W19Fe7,197.74008,CoCrFeMoW,True
Cr6W17Cu22Mo7Co8Mn15,197.7428,CoCrCuMnMoW,True
Cr12Cu10Mn6Mo9Ni10W13,197.76036,CrCuMnMoNiW,True
Mn8Mo22Ni21Cu25Cr21W25,197.78316,CrCuMnMoNiW,True
Mo8W14Mn15Cr20Ni5Cu13,197.8139,CrCuMnMoNiW,True
Ni9Fe15Cr13Mn8Mo19W25,197.82939,CrFeMnMoNiW,True
Fe17Mo19Cr22W12Cu8,197.8659,CrCuFeMoW,True
Fe10Mn18W5Cr12Mo22,197.86987,CrFeMnMoW,True
Co9Cr9Mo22Cu12W5,197.88943,CoCrCuMoW,True
Ni21Mo24W19Co10Mn23Cr6,197.89026,CoCrMnMoNiW,True
Fe25Ni7Mn12Co18Cr6,197.89062,CoCrFeMnNi,True
Cu9Fe5Mo13Co20W7,197.9074,CoCuFeMoW,True
Co7Mo11Cr17Mn19Fe11,197.9107,CoCrFeMnMo,True
Fe24Co19Cr6Mn22W12,197.94637,CoCrFeMnW,True
Cr23Mo23Mn16W6Co15,197.94992,CoCrMnMoW,True
Cr22Ni20Co9Mo8Fe6,197.95172,CoCrFeMoNi,True
Co22Fe21Cu14Mo24Ni16,197.95306,CoCuFeMoNi,True
Mo23Co17Ni19Fe7Mn15W5,197.98581,CoFeMnMoNiW,True
W10Cu11Co6Fe18Mo18,197.98999,CoCuFeMoW,True
Co7Mo7Ni12W19Fe11,198.00468,CoFeMoNiW,True
Fe24Co11Cr21Cu24Mo24,198.00516,CoCrCuFeMo,True
Cu6W14Co18Fe16Cr12,198.01297,CoCrCuFeW,True
Ni15Fe21Cr9Mo20W24,198.0167,CrFeMoNiW,True
Co22Fe9W25Mo9Cr13,198.02544,CoCrFeMoW,True
Cr18Ni7Fe20Co8W15,198.03192,CoCrFeNiW,True
Cr10Cu7Mo23Ni20W5,198.03601,CrCuMoNiW,True
Mn19W16Mo12Fe24Cr11,198.05331,CrFeMnMoW,True
Fe19Cr24Ni10W23Mo7,198.05853,CrFeMoNiW,True
Mn23Ni23Cu13Cr9W5Co17,198.07605,CoCrCuMnNiW,True
Fe6W14Mo10Cr9Ni14,198.07779,CrFeMoNiW,True
Co25W16Mn25Cu24Fe14Mo14,198.07826,CoCuFeMnMoW,True
Ni24Mn17Cr9Fe10Cu23,198.09123,CrCuFeMnNi,True
Fe24Mn21Co13Cr19W14,198.0917,CoCrFeMnW,True
Mo16Mn16Cr7Co16W25Ni19,198.0994,CoCrMnMoNiW,True
Cr17Co16W19Fe8Mo13,198.11797,CoCrFeMoW,True
W23Co10Cr21Fe16Cu5Mo18,198.13583,CoCrCuFeMoW,True
Fe22Cu12Co11W18Mo19,198.14302,CoCuFeMoW,True
Co14W13Mo22Cr22Ni17,198.14325,CoCrMoNiW,True
Ni17Mn23Cu14Fe10Mo5W11,198.14716,CuFeMnMoNiW,True
W14Ni24Mn14Cr24Cu8Mo22,198.14876,CrCuMnMoNiW,True
Fe21Mo12Cr25Mn21Co11,198.1701,CoCrFeMnMo,True
Cr17Mo5Ni12Mn22Fe25,198.18822,CrFeMnMoNi,True
Cr6Mn20Fe25Cu23Ni10,198.19827,CrCuFeMnNi,True
Fe17Mo15Ni5W14Co25,198.20792,CoFeMoNiW,True
Mo18W16Fe16Ni22Cu6,198.21307,CuFeMoNiW,True
Cr21Co17Cu15Mo10W20,198.21803,CoCrCuMoW,True
Mn17W6Cr14Fe14Ni9,198.23474,CrFeMnNiW,True
Mo7Mn11Cr20Co5Fe19,198.24207,CoCrFeMnMo,True
Fe23Mo7Co14Mn23Cr18,198.2489,CoCrFeMnMo,True
Cr10Mo24Co7Cu17Fe6,198.25513,CoCrCuFeMo,True
Cr8Cu10Mn9Fe21Co24,198.25607,CoCrCuFeMn,True
Mo8Mn24Co8Ni13Cr18,198.26782,CoCrMnMoNi,True
Mo20Fe16Ni16Cu14Cr21,198.27225,CrCuFeMoNi,True
Cu6Co14Mo14Ni16Cr13,198.27945,CoCrCuMoNi,True
Mo23Co10Fe18Cr10W17,198.28322,CoCrFeMoW,True
Cr16W12Co19Fe5Mo24,198.29114,CoCrFeMoW,True
Mo13Cr16Cu16Ni6Fe15,198.30154,CrCuFeMoNi,True
Cu17W11Co16Ni18Cr15,198.30774,CoCrCuNiW,True
W21Ni25Co14Mo23Mn10Fe24,198.30936,CoFeMnMoNiW,True
Cr21Fe11Ni9W17Co12,198.31583,CoCrFeNiW,True
Fe21Ni8W12Cr8Cu14,198.32779,CrCuFeNiW,True
Fe7Mo8Co10W21Ni19,198.33835,CoFeMoNiW,True
Mn18Co6Mo9Fe11Cr11,198.34631,CoCrFeMnMo,True
Ni18Mn11Cr12W18Cu24Mo24,198.38019,CrCuMnMoNiW,True
Cr22Mn7Fe19Co14W9,198.38187,CoCrFeMnW,True
Cr11Ni21Fe23Cu12W22,198.38242,CrCuFeNiW,True
W10Mo25Cu9Co15Fe9,198.3958,CoCuFeMoW,True
Cu11Co19Ni12Cr12Mo17,198.3965,CoCrCuMoNi,True
Fe13Cu25W12Ni8Cr17Mn14,198.40097,CrCuFeMnNiW,True
Co18W24Fe14Mo22Cr15,198.41351,CoCrFeMoW,True
Ni15Cu25Mn13Fe14Cr13W16,198.4458,CrCuFeMnNiW,True
W9Cu20Ni9Co20Cr7,198.44656,CoCrCuNiW,True
Co14Cr18Ni23Cu17Mo18,198.4491,CoCrCuMoNi,True
Mo23Co6Cr18Ni18Cu25,198.45058,CoCrCuMoNi,True
Fe9W12Mo16Co25Mn24Ni10,198.45355,CoFeMnMoNiW,True
Ni17Cr16Mn10W6Fe9,198.46008,CrFeMnNiW,True
Mo21Co20Ni17Fe22Cu22,198.50276,CoCuFeMoNi,True
Co17Fe21Mn20Cr14W14,198.50713,CoCrFeMnW,True
Co10Cu23Cr19Fe24Mo24,198.50842,CoCrCuFeMo,True
Cu6Mo12Ni7W10Fe7,198.50995,CuFeMoNiW,True
Fe11Mo12Cu24W10Ni7,198.53493,CuFeMoNiW,True
Mo22Cr22W25Fe16Co17,198.57817,CoCrFeMoW,True
Fe11Cu12Co6Cr5Mn9W11,198.57986,CoCrCuFeMnW,True
Mo23Co19Mn23Cr20W8,198.58627,CoCrMnMoW,True
Cu16Ni25Fe23Cr14Mn5,198.5987,CrCuFeMnNi,True
Ni21Cu5Cr10Mo22Fe8,198.60654,CrCuFeMoNi,True
Mo20W18Cr25Mn22Cu19Ni10,198.61044,CrCuMnMoNiW,True
Mo23W11Fe15Cr5Co9,198.61868,CoCrFeMoW,True
W22Cr22Mn25Mo9Fe22,198.62744,CrFeMnMoW,True
Co11Cu16Fe18Cr20W20,198.64511,CoCrCuFeW,True
Mn9Cr7Cu19Co10Ni19,198.65157,CoCrCuMnNi,True
Mo15Cu20Co17Fe14Mn6W12,198.65588,CoCuFeMnMoW,True
Cr22Fe10Co7Mo12Mn21,198.66327,CoCrFeMnMo,True
Fe24Co21Mn19Cr13W15,198.69315,CoCrFeMnW,True
W11Co12Cu8Fe13Ni5Mo20,198.695,CoCuFeMoNiW,True
Fe17W12Co18Mn14Cr20,198.71329,CoCrFeMnW,True
Co11W19Ni6Cu10Fe14Mo5,198.71782,CoCuFeMoNiW,True
Cu13Cr17Ni11Mo12Fe22,198.73106,CrCuFeMoNi,True
Mo16Fe17Cr14W14Co7,198.73746,CoCrFeMoW,True
W7Cr22Co23Cu15Ni24,198.74701,CoCrCuNiW,True
Cr7Co12W8Ni8Mo18,198.75131,CoCrMoNiW,True
Cr17W9Mo10Fe12Cu6,198.75594,CrCuFeMoW,True
Co6Mn21Fe11Cr20Mo14,198.7569,CoCrFeMnMo,True
Fe24Cu8W19Mo20Ni20,198.78723,CuFeMoNiW,True
Co16Mo24W6Cu10Cr17,198.80621,CoCrCuMoW,True
Fe8Ni10Cu18Cr24Mo18,198.80988,CrCuFeMoNi,True
Fe19Mn9W6Ni9Cr15,198.81078,CrFeMnNiW,True
Cr8Cu19Co24Mn10Ni14,198.8153,CoCrCuMnNi,True
Co15Mo20Cr13Cu10Fe15,198.84192,CoCrCuFeMo,True
Mn18Cr5Ni17Fe15Co18,198.84653,CoCrFeMnNi,True
Cu19Fe15Co8Mo12Cr19,198.86534,CoCrCuFeMo,True
Co17Cr25Mo7Ni12Fe13,198.86969,CoCrFeMoNi,True
Cr15Mo14Mn16Cu6Fe21W23,198.94125,CrCuFeMnMoW,True
W17Ni16Mo18Cr22Cu20,198.94205,CrCuMoNiW,True
Co18Mn8Cr7Cu16Fe16,198.945,CoCrCuFeMn,True
Ni7Fe6Co15W5Mo19,198.95697,CoFeMoNiW,True
Mn18Co12Ni5Fe9Cu23,198.96092,CoCuFeMnNi,True
Ni24Cr23Mo17Cu24Co15,198.97855,CoCrCuMoNi,True
Fe13Ni14Co9Mo12W22,198.97864,CoFeMoNiW,True
Cu21Mn24Cr14W20Fe8Co23,198.98541,CoCrCuFeMnW,True
Cr5Ni10Mo9Mn5Co25Fe10,198.98569,CoCrFeMnMoNi,True
W21Ni10Cr25Cu10Mo24Co25,198.99152,CoCrCuMoNiW,True
Fe12Cr14Mn15Co8Mo7,199.00418,CoCrFeMnMo,True
Mo23Fe14W17Co7Cu23,199.01007,CoCuFeMoW,True
Mo15Cr24Fe9Co9Ni22,199.0163,CoCrFeMoNi,True
Ni14W17Cr13Fe9Mo13,199.02792,CrFeMoNiW,True
W24Mn23Ni8Co21Cr20Mo23,199.03671,CoCrMnMoNiW,True
Ni9Cr8Fe22Co7Mn23,199.04248,CoCrFeMnNi,True
W8Cr14Ni23Fe16Mn8,199.04759,CrFeMnNiW,True
Ni18Cu17W15Mo25Cr19Mn10,199.05824,CrCuMnMoNiW,True
Ni13Mn6Fe8Cr9Co21,199.06427,CoCrFeMnNi,True
Fe20Cu22W10Co19Ni19,199.06773,CoCuFeNiW,True
Cr14Mo6Mn15Fe6Co6,199.08728,CoCrFeMnMo,True
Fe20Co12Mo17Cr15Cu13,199.10641,CoCrCuFeMo,True
Fe8W17Cu8Cr18Mo16Mn18,199.11472,CrCuFeMnMoW,True
W16Cr8Co9Cu15Mo7Mn8,199.1294,CoCrCuMnMoW,True
Cr10Mo17Co14W6Ni6,199.15308,CoCrMoNiW,True
Cu14Mo17Fe20Cr23Ni17,199.16916,CrCuFeMoNi,True
Ni20Mo24Cu24W21Cr23,199.17523,CrCuMoNiW,True
Fe25Cu5Mo5Co22Cr25,199.17941,CoCrCuFeMo,True
W12Co12Fe20Cr16Mn17,199.17957,CoCrFeMnW,True
W5Co5Fe22Mo16Ni13,199.20027,CoFeMoNiW,True
Mo21Mn24W15Co7Cu20Cr10,199.22638,CoCrCuMnMoW,True
Mn23Co7Ni12Cu14Fe13,199.24718,CoCuFeMnNi,True
Cr5W14Cu20Mn20Mo23Fe6,199.26941,CrCuFeMnMoW,True
Fe24Ni16Cu20Co22Mo24,199.27237,CoCuFeMoNi,True
Fe12Mo22Cu10Co22Cr19,199.28656,CoCrCuFeMo,True
Ni16Fe8Co17Mn5Cr9,199.28699,CoCrFeMnNi,True
Cr21Cu18W18Fe9Co16,199.30084,CoCrCuFeW,True
Co7Mo18Ni13W6Cr13,199.30295,CoCrMoNiW,True
Cr12W22Cu16Mo7Co15,199.30312,CoCrCuMoW,True
Co24Mo5Cu24Fe20Cr14Mn9,199.30472,CoCrCuFeMnMo,True
Mn9Mo6W7Cu12Co5Fe17,199.31262,CoCuFeMnMoW,True
Cu14W25Mo23Fe25Ni17,199.3141,CuFeMoNiW,True
Co17Cu23Ni25Cr9Mn12,199.32437,CoCrCuMnNi,True
Ni11Cr19Cu21Co20W6,199.34058,CoCrCuNiW,True
Fe19Cr24Co25Cu11Mo23,199.35074,CoCrCuFeMo,True
Fe24Cr10Ni10Cu12Co6W18,199.37433,CoCrCuFeNiW,True
Cr7Fe14Ni6Cu8W8,199.37543,CrCuFeNiW,True
Mo19Cu18Cr17W16Co14,199.38504,CoCrCuMoW,True
Fe25Mn24Co15Mo8Ni19,199.39186,CoFeMnMoNi,True
Cr23Mo22Cu9Ni22Fe6,199.39691,CrCuFeMoNi,True
Co11Mo21Fe15Cr16Cu16,199.39807,CoCrCuFeMo,True
Fe5Co21Mn15Ni17Cu8,199.40215,CoCuFeMnNi,True
Co5W22Cu14Ni24Mo20Cr21,199.42722,CoCrCuMoNiW,True
W17Co14Ni11Fe22Mo25,199.43018,CoFeMoNiW,True
Mo5Mn24Cr17Ni14Cu6,199.44446,CrCuMnMoNi,True
Co10W22Cu24Cr10Fe22,199.45734,CoCrCuFeW,True
Ni17Cu12Fe8W21Mo11,199.49081,CuFeMoNiW,True
Mn22Mo6Cu14Co24Fe22W19,199.50064,CoCuFeMnMoW,True
Mo5Fe5W15Co20Cr11,199.50584,CoCrFeMoW,True
Mo10Fe7Co16Cu25Mn9Cr9,199.51395,CoCrCuFeMnMo,True
Co5Ni22Cr12Mo21Fe13,199.51604,CoCrFeMoNi,True
Fe25Cr9Mo18Cu22Ni25Mn6,199.51932,CrCuFeMnMoNi,True
Co11Fe15Mo10Ni13Mn19,199.52673,CoFeMnMoNi,True
Cr21Ni20Mn25Fe24Cu19W21,199.531,CrCuFeMnNiW,True
Co15W11Cu10Ni13Mo22,199.5327,CoCuMoNiW,True
Mo21Fe25Ni18Co8Cr21,199.5452,CoCrFeMoNi,True
Cr24Fe17Ni12Co15Mo15,199.55652,CoCrFeMoNi,True
Cr20Co11Fe17Mo6Mn16,199.55804,CoCrFeMnMo,True
Cu13Co22Ni23Mn24Cr7,199.56381,CoCrCuMnNi,True
Cu13W23Co18Ni24Mo10,199.5723,CoCuMoNiW,True
Ni22Cr12Co22Mn15Fe5,199.57779,CoCrFeMnNi,True
Fe20Cu9Co13Cr13Mo17,199.6039,CoCrCuFeMo,True
Mo18Cu25Fe19Cr24Co9,199.60811,CoCrCuFeMo,True
Co21Ni21Mo10Mn9Fe8Cr8,199.61029,CoCrFeMnMoNi,True
Cr13Fe22Mo13Ni5Co11,199.61034,CoCrFeMoNi,True
Cu12Fe5Co25Mn16Cr13,199.6182,CoCrCuFeMn,True
Co6Cr11W14Mo18Cu7Ni15,199.62242,CoCrCuMoNiW,True
Cr11Cu25Mo25Ni6Co7,199.63379,CoCrCuMoNi,True
W22Cr13Mo17Cu20Fe11,199.63638,CrCuFeMoW,True
Cr6W22Mn16Mo21Co10Fe13,199.63782,CoCrFeMnMoW,True
Cr25W12Fe23Mo22Ni7,199.64352,CrFeMoNiW,True
W6Co5Cr11Mn11Fe14,199.67168,CoCrFeMnW,True
Co9Mo22Fe17W8Ni9,199.68352,CoFeMoNiW,True
Fe8Mn14Cr13W6Ni19,199.6949,CrFeMnNiW,True
Cr24Fe6W18Mo13Co21,199.6987,CoCrFeMoW,True
Cr10Ni11Cu11W15Fe20,199.71121,CrCuFeNiW,True
Cr13Ni20Co12W21Mo10,199.71141,CoCrMoNiW,True
Cr11W20Ni13Mo25Fe21,199.71216,CrFeMoNiW,True
Co16Mn12W13Cr18Cu6Fe18,199.7129,CoCrCuFeMnW,True
W19Fe24Mo21Cr15Co10,199.71423,CoCrFeMoW,True
Co11Ni14Fe19Cu16Mo17,199.72876,CoCuFeMoNi,True
Fe6Mo14Mn24Cr18Ni5,199.73706,CrFeMnMoNi,True
Cu25Cr20Fe21W18Ni9,199.75983,CrCuFeNiW,True
Ni10Cr12W21Fe23Co10,199.78006,CoCrFeNiW,True
Cu22Co10Ni21Mn25Cr8,199.80405,CoCrCuMnNi,True
Cu15Fe21Cr9W24Mo15,199.81845,CrCuFeMoW,True
Cr7Co17Cu21W21Mo14Mn17,199.82605,CoCrCuMnMoW,True
Co10Fe9Mn22Cr23Mo7,199.83044,CoCrFeMnMo,True
Fe7W17Cr8Co21Cu17,199.83118,CoCrCuFeW,True
Mo16Cu23Cr25W21Fe8,199.83359,CrCuFeMoW,True
Cu15Cr9W21Mo11Ni25,199.85391,CrCuMoNiW,True
Ni11Co20Mn25Cr10Fe9,199.85826,CoCrFeMnNi,True
W8Fe6Co18Mo24Cr5,199.86322,CoCrFeMoW,True
W25Co8Ni24Mo5Fe16,199.86388,CoFeMoNiW,True
Cr19Mo14W22Cu10Ni21Co7,199.87329,CoCrCuMoNiW,True
Ni7Fe11Co16Mo17Cr16,199.8964,CoCrFeMoNi,True
Cr5Fe17W23Co16Cu25,199.89894,CoCrCuFeW,True
Ni19Fe12Co8Mo16Cr22,199.91327,CoCrFeMoNi,True
Cr17Fe19Ni18W10Mn18,199.9173,CrFeMnNiW,True
Mo6Cr22Cu24Co5Fe16,199.92133,CoCrCuFeMo,True
Co19Mo12Cr13W8Ni6,199.92538,CoCrMoNiW,True
Fe16Co6Ni15W20Cr7,199.92706,CoCrFeNiW,True
W9Mo14Cr20Mn16Ni18,199.93253,CrMnMoNiW,True
Cu19Ni20Fe16Cr9W25,199.93997,CrCuFeNiW,True
Cr22Cu21W17Co11Mo13,199.94904,CoCrCuMoW,True
Cu18Ni6Mo13Fe17Cr19,199.95746,CrCuFeMoNi,True
Cr7Mo6Ni13Mn6Co8W17,199.98041,CoCrMnMoNiW,True
Cu10Mo14Co23Cr16Ni13,199.982,CoCrCuMoNi,True
W5Mo12Ni18Cr11Cu6,199.99493,CrCuMoNiW,True
Mo5Ni9Cr16Mn20Fe22,200.00165,CrFeMnMoNi,True
Mn22Cr22Mo9Fe8Ni6,200.00224,CrFeMnMoNi,True
Cr16Co23W19Mo24Cu16,200.00949,CoCrCuMoW,True
W16Ni7Co21Mo25Fe23,200.0096,CoFeMoNiW,True
Ni12Mo22Co21W21Fe10,200.01816,CoFeMoNiW,True
Fe12Mn16Mo20W15Cr12Cu7,200.04681,CrCuFeMnMoW,True
Mn23Mo13Ni19Fe19Co9,200.05576,CoFeMnMoNi,True
Cu10Cr18Co13Mo12Fe11,200.06345,CoCrCuFeMo,True
Cu22W24Mo25Fe14Cr16,200.0806,CrCuFeMoW,True
Cu11Co15Mo23Cr13Fe9,200.08563,CoCrCuFeMo,True
Cu16Cr6W18Fe11Mo17,200.0859,CrCuFeMoW,True
Co20Mo24Ni7W25Cr15Cu14,200.10004,CoCrCuMoNiW,True
Mn13Ni8Mo13Fe12W25Cr13,200.1156,CrFeMnMoNiW,True
Ni6Cu25Fe17Cr18W11,200.11572,CrCuFeNiW,True
Co7Fe7Cu22W19Ni23Mo17,200.11919,CoCuFeMoNiW,True
Mn12Co21Cu5Fe25W13Cr14,200.11998,CoCrCuFeMnW,True
W11Cu11Ni17Mn22Cr9Mo22,200.13794,CrCuMnMoNiW,True
Cu9Co11Mo23Cr17W14Ni13,200.14578,CoCrCuMoNiW,True
Mo14Mn24Cr24Fe8Co7,200.14975,CoCrFeMnMo,True
Mn22Fe21Co15Cr16W20Cu13,200.16031,CoCrCuFeMnW,True
W7Mn19Cr24Fe8Mo16,200.16534,CrFeMnMoW,True
Cu17Mo10W14Fe19Ni5,200.16666,CuFeMoNiW,True
Mo12W22Ni12Cr12Fe17,200.18297,CrFeMoNiW,True
Cu11Co12Fe22Mo8Ni10,200.18515,CoCuFeMoNi,True
Fe11Ni25Cr9W22Cu20,200.20888,CrCuFeNiW,True
Mo24Mn17W5Co15Fe24Ni7,200.21591,CoFeMnMoNiW,True
Mn19W17Mo9Cu25Ni18Fe19,200.22092,CuFeMnMoNiW,True
Ni23Cr21Co5Mn24Fe8W24,200.22656,CoCrFeMnNiW,True
Cr6Co5Fe23Mn18Ni11,200.24951,CoCrFeMnNi,True
Ni11Mo14Cr22Cu18Fe19,200.27106,CrCuFeMoNi,True
Cr7Mo23W11Ni15Cu14,200.29002,CrCuMoNiW,True
Ni9W12Cu17Mo19Mn7Cr24,200.29816,CrCuMnMoNiW,True
Cr24Mo10Mn24Fe21Co13,200.3072,CoCrFeMnMo,True
W24Mn14Mo6Fe18Ni22Co13,200.31421,CoFeMnMoNiW,True
Cr19Cu23Ni7Mo24Fe24,200.31732,CrCuFeMoNi,True
Ni9Mo15Co5W14Cu22Cr7,200.31976,CoCrCuMoNiW,True
Co23Cr13W8Mo22Mn21,200.32265,CoCrMnMoW,True
W18Cu15Fe11Mo7Cr25,200.34663,CrCuFeMoW,True
W7Mn12Cr17Co25Fe10,200.35,CoCrFeMnW,True
Mn10Fe19Cr23Ni10W5,200.35278,CrFeMnNiW,True
Co24W23Cu18Mo11Fe5,200.35876,CoCuFeMoW,True
Mn23Fe21Cr6Co20Ni13,200.3645,CoCrFeMnNi,True
Cu12Ni13Cr19Mo13Fe17,200.38214,CrCuFeMoNi,True
Fe22Ni20Co22Cu21Mo17,200.38428,CoCuFeMoNi,True
W7Ni12Cr14Fe16Mn12,200.38953,CrFeMnNiW,True
Cu18Cr15W8Ni17Co12,200.3981,CoCrCuNiW,True
Mo17W24Co22Mn19Cr7Cu25,200.40793,CoCrCuMnMoW,True
W7Ni24Co10Cr5Mo17,200.41513,CoCrMoNiW,True
Cr23W16Mn20Co24Fe22,200.4367,CoCrFeMnW,True
Cr7Cu20Mn17Co14Ni25,200.43918,CoCrCuMnNi,True
Cr15Mn25Mo21W6Ni22,200.43948,CrMnMoNiW,True
Ni12Fe25Mn18Co12Mo6,200.44324,CoFeMnMoNi,True
Co15Ni5W11Cr16Mo25Fe5,200.45369,CoCrFeMoNiW,True
Cu8Co24Fe6Cr21Mn25,200.45981,CoCrCuFeMn,True
Cu24Co11Mo6Mn7Cr10Fe11,200.46677,CoCrCuFeMnMo,True
Cr9W25Mo5Co15Ni25,200.46756,CoCrMoNiW,True
Mo8Cr19Ni7W15Fe6Co5,200.47687,CoCrFeMoNiW,True
W20Ni6Mo12Cr17Cu5Fe18,200.52,CrCuFeMoNiW,True
Cr10Fe8W19Ni20Mo10,200.53152,CrFeMoNiW,True
W5Mo10Ni6Cu13Cr15,200.53545,CrCuMoNiW,True
W8Cr5Cu15Co13Mo25,200.54309,CoCrCuMoW,True
Ni20Fe8Mn14W18Co6Cr8,200.54913,CoCrFeMnNiW,True
Cu17Cr6Mo25W12Co14,200.57368,CoCrCuMoW,True
Co20W23Cr6Mo20Ni21,200.58032,CoCrMoNiW,True
Co21Mo8W10Mn24Fe25,200.58975,CoFeMnMoW,True
Ni20Mn9Co20Cr9Cu21,200.59145,CoCrCuMnNi,True
Mo25Fe16Mn20W5Cr7,200.60478,CrFeMnMoW,True
Co11Mo8Cu20W19Cr20,200.60995,CoCrCuMoW,True
Cr8Mo16Cu10Fe22Co6,200.61093,CoCrCuFeMo,True
Co9W18Fe9Mn9Mo19Cr9,200.62006,CoCrFeMnMoW,True
Ni17Mo18Fe21Co14Cu19,200.6207,CoCuFeMoNi,True
Fe12Cr8Cu16Ni18Mn24,200.67084,CrCuFeMnNi,True
Co10Mo23W14Cr24Fe16,200.67258,CoCrFeMoW,True
Fe5Mn5Cu9Ni6Co19,200.67633,CoCuFeMnNi,True
Cu10Mo16Cr19W10Co17,200.69167,CoCrCuMoW,True
Fe25Mo25Cr13W18Ni11,200.69489,CrFeMoNiW,True
Ni13W15Fe7Mo10Co24Mn21,200.70804,CoFeMnMoNiW,True
Mn16W14Co20Cr19Fe24,200.716,CoCrFeMnW,True
W12Cr8Mo6Co12Ni7,200.72311,CoCrMoNiW,True
W19Cu10Co12Fe11Mo14,200.724,CoCuFeMoW,True
Co15W25Fe14Mo13Cr24,200.7269,CoCrFeMoW,True
Co17W17Cu24Mn13Cr11Fe10,200.7284,CoCrCuFeMnW,True
W19Fe7Mo20Mn22Co7Cr12,200.7341,CoCrFeMnMoW,True
Ni6Mo24W12Fe16Co19,200.73465,CoFeMoNiW,True
Fe24W18Co18Ni6Mo9,200.73853,CoFeMoNiW,True
Mo7Fe15Co11Cr20Mn19,200.74637,CoCrFeMnMo,True
Mn20W22Ni18Cr12Cu22Mo17,200.74866,CrCuMnMoNiW,True
Cr7Co9Mo5Mn23Fe13,200.76341,CoCrFeMnMo,True
Fe14Mo19Cu16Cr22Co13,200.78027,CoCrCuFeMo,True
W11Mn14Cr20Fe15Co20,200.79013,CoCrFeMnW,True
Co14Fe20Mo24Cr19Cu17,200.79123,CoCrCuFeMo,True
Fe18Co14Cu14Mn18Cr5,200.80685,CoCrCuFeMn,True
Fe20Ni15Cr5W20Mo23,200.82312,CrFeMoNiW,True
Co8W10Cr19Mo14Fe10,200.83447,CoCrFeMoW,True
Mo19Fe21Ni11Cu22Cr25,200.84253,CrCuFeMoNi,True
Mo19Mn9Fe19Cu14W25Cr13,200.84705,CrCuFeMnMoW,True
Co25Ni20Mn21Cr7Fe22,200.8654,CoCrFeMnNi,True
Mo11Cu11Fe20W18Cr6,200.87476,CrCuFeMoW,True
Mn24Cu23Ni10Fe16W13Mo6,200.87589,CuFeMnMoNiW,True
Co12Cr23W6Ni16Mo24,200.87926,CoCrMoNiW,True
Cr13Cu7Mo12Fe14Ni11,200.8797,CrCuFeMoNi,True
Mo21Cu17Cr23Co16Fe20,200.89258,CoCrCuFeMo,True
Mo9Ni19Cr14Cu12Co5,200.89905,CoCrCuMoNi,True
Cu19Mo21Fe10W9Co5,200.96997,CoCuFeMoW,True
Cr24Cu14Fe19Co17Mo11,200.98715,CoCrCuFeMo,True
Mo11Fe17Mn14Ni6Co9,201.00262,CoFeMnMoNi,True
Fe12Mo10Co20Ni5Mn21,201.01422,CoFeMnMoNi,True
Ni18Cu5Cr16W9Fe21,201.01476,CrCuFeNiW,True
Fe22Ni9Co13Cr22W22,201.01508,CoCrFeNiW,True
Cu16Mn7Co20Cr9Ni21,201.03654,CoCrCuMnNi,True
W12Cr8Mo19Ni14Cu13,201.0653,CrCuMoNiW,True
Co7Cr9Mo16Cu23W5,201.07542,CoCrCuMoW,True
Ni24Co6W13Fe15Mo24,201.09381,CoFeMoNiW,True
W7Cu7Co16Fe25Mo25,201.12552,CoCuFeMoW,True
Cr21W7Ni8Mo6Fe8,201.12668,CrFeMoNiW,True
Cr22Fe8Mn24Co9Cu7,201.15489,CoCrCuFeMn,True
W9Mo18Co5Ni9Cu9Cr11,201.1633,CoCrCuMoNiW,True
W17Co16Cu24Mo11Mn11Fe21,201.19907,CoCuFeMnMoW,True
Fe7W8Ni6Cr6Cu13,201.19986,CrCuFeNiW,True
Cr16Co5Fe24W12Cu17,201.21458,CoCrCuFeW,True
Cr18Cu8Mo10Co13Fe8,201.22632,CoCrCuFeMo,True
Co5Fe13Cu21W10Cr21,201.23334,CoCrCuFeW,True
Cr23Mn22Fe8Co8Mo9,201.24387,CoCrFeMnMo,True
Fe11Cu23W22Cr13Mo20,201.24393,CrCuFeMoW,True
W5Ni12Fe15Cr10Mn24,201.24579,CrFeMnNiW,True
W19Ni7Cr25Cu13Mo21Co23,201.26054,CoCrCuMoNiW,True
Mn21Fe11Ni21Cr9Cu24,201.26767,CrCuFeMnNi,True
Mo20Fe9Co14Ni22W24,201.27328,CoFeMoNiW,True
Cr11Co8Mn24Ni5Cu15,201.27773,CoCrCuMnNi,True
Fe16W10Ni8Mn6Cr14Cu15,201.29427,CrCuFeMnNiW,True
Ni20Cr18Cu15Mo16Co16,201.30087,CoCrCuMoNi,True
Ni8Cr8Cu12Fe23Mo24,201.3113,CrCuFeMoNi,True
W15Co12Cr5Cu12Mo8,201.3378,CoCrCuMoW,True
Co23Fe8Ni16W22Cr5,201.33893,CoCrFeNiW,True
Mn5Ni13Cr12Co22Fe13,201.3443,CoCrFeMnNi,True
Cu6Fe10Mo15Ni9Cr21W16,201.34727,CrCuFeMoNiW,True
Mo11Ni18Co11Cr14W18,201.35066,CoCrMoNiW,True
Co17W12Mo16Mn20Fe10Ni13,201.38232,CoFeMnMoNiW,True
Co5Fe12Ni21Mo21W9,201.40585,CoFeMoNiW,True
Ni8Cr13Mo15Cu25W21Co9,201.40598,CoCrCuMoNiW,True
Cu13Mo25Ni10W7Fe9,201.40657,CuFeMoNiW,True
Cr5Ni8Co18Fe19Mn16,201.41235,CoCrFeMnNi,True
Cu13Mo16W9Ni16Cr23,201.41988,CrCuMoNiW,True
Cr15Co9Fe14Mo12W17,201.45227,CoCrFeMoW,True
Fe20Mn15Co9W9Cr20,201.45305,CoCrFeMnW,True
W24Cr21Co18Fe19Cu15,201.47578,CoCrCuFeW,True
Ni7Mn25Mo17W24Co23Cr12,201.48633,CoCrMnMoNiW,True
Cu11Cr22Co25Fe15Mo25,201.48676,CoCrCuFeMo,True
Mo24Co21Fe22W13Ni6,201.48804,CoFeMoNiW,True
Mn24W12Ni14Cr17Cu11Mo23,201.49164,CrCuMnMoNiW,True
Co12Mo23W19Cu8Ni25Fe15,201.51752,CoCuFeMoNiW,True
W8Cu25Mo25Ni9Cr16,201.5259,CrCuMoNiW,True
Fe17Ni8Cr15Mo9W18,201.5357,CrFeMoNiW,True
Ni10W5Cu6Mn20Fe13Cr24,201.538,CrCuFeMnNiW,True
Mn23Cu25Fe5W12Co15Cr6,201.55609,CoCrCuFeMnW,True
W14Ni12Mo8Cr7Fe7,201.55826,CrFeMoNiW,True
Cu13Cr17Co25Fe5W5,201.57214,CoCrCuFeW,True
Co9Cr21Ni10Mn25Mo10,201.57648,CoCrMnMoNi,True
Fe12Ni9W20Mn5Mo6Cr6,201.5794,CrFeMnMoNiW,True
Co17Mo23Cu25W21Cr23,201.58136,CoCrCuMoW,True
Fe6Mn13Cr12Ni25Co19,201.5855,CoCrFeMnNi,True
Cr5Fe5Cu11Co14Mo5Ni24,201.59637,CoCrCuFeMoNi,True
Ni23Cr23Fe25W20Cu13,201.60464,CrCuFeNiW,True
Co13Cu23W25Mo17Fe11,201.62039,CoCuFeMoW,True
Ni14Co9Cr12Mo22Fe8,201.62177,CoCrFeMoNi,True
Mo15Cr5Cu18W21Ni23,201.62228,CrCuMoNiW,True
Mn16Ni17Mo21W15Fe19Co15,201.62448,CoFeMnMoNiW,True
W11Co23Mo18Fe11Ni7,201.63086,CoFeMoNiW,True
Ni25W19Mo11Cu13Cr14,201.63739,CrCuMoNiW,True
Co16W22Mo14Ni20Cr9,201.64523,CoCrMoNiW,True
Mn15Co12W8Cr19Mo11,201.65405,CoCrMnMoW,True
Mn25Mo19Fe24Cr8W11,201.65768,CrFeMnMoW,True
Mo18Mn5W23Cu25Cr11Fe12,201.66351,CrCuFeMnMoW,True
Co19Ni13Mo20Cr6W15,201.66837,CoCrMoNiW,True
Cr18W10Mo18Mn11Fe16,201.66998,CrFeMnMoW,True
Mo19Cu11Fe20Cr15Ni13,201.68979,CrCuFeMoNi,True
Cu13Ni13Co17Cr5Mn17,201.69536,CoCrCuMnNi,True
W6Co8Ni22Cr22Mo20,201.70265,CoCrMoNiW,True
Mo7Cr5Mn5Co7Cu19Fe7,201.70428,CoCrCuFeMnMo,True
Cu16Cr16Fe14Ni6Mo15,201.71448,CrCuFeMoNi,True
Ni11Mn7Cu12Cr5Fe18,201.7151,CrCuFeMnNi,True
Fe5Cr23Cu6Mo8Co25,201.74948,CoCrCuFeMo,True
Ni22Co5Cr12Mo20Fe11,201.7514,CoCrFeMoNi,True
Cr16Co20Mo21W13Fe6,201.7597,CoCrFeMoW,True
Cu20Mo16Co9Cr8W12,201.7616,CoCrCuMoW,True
Ni21Mo13Cr23Co24Cu15,201.7896,CoCrCuMoNi,True
W18Fe16Mn24Cr10Cu18Ni25,201.81319,CrCuFeMnNiW,True
Cu21W6Mn13Mo5Fe20,201.8164,CuFeMnMoW,True
Mn14W21Mo14Cr17Ni10Co13,201.82333,CoCrMnMoNiW,True
Co8Mo20W7Cu14Ni20,201.85236,CoCuMoNiW,True
W13Co15Mo14Fe18Ni5,201.86682,CoFeMoNiW,True
Ni15Cr14Mo19Cu9W6,201.89746,CrCuMoNiW,True
Fe10Cr9Mo6W22Co25,201.93231,CoCrFeMoW,True
Fe8Mo12Co10Cr12Ni5,201.93372,CoCrFeMoNi,True
Cu15Mo9Cr24Fe9W15,201.9346,CrCuFeMoW,True
Fe11W7Ni25Cr22Mn18,201.94241,CrFeMnNiW,True
Cr20Cu7Mn25W14Mo25Co24,201.95932,CoCrCuMnMoW,True
Fe25Ni12Co11Mo13Cr22,202.00119,CoCrFeMoNi,True
Mo5Co6W6Cr20Cu23,202.00482,CoCrCuMoW,True
Cu21Co9Fe21Mo15W25,202.01831,CoCuFeMoW,True
Cr12W15Fe15Cu11Mo19,202.02872,CrCuFeMoW,True
Cr12Fe10Ni22Mn7Co21,202.03314,CoCrFeMnNi,True
Fe6Cr10Mn14Co8Cu23,202.05461,CoCrCuFeMn,True
Mn17W11Mo9Ni18Cr19,202.11185,CrMnMoNiW,True
Cu5Co10Cr16W11Mo15Ni12,202.1135,CoCrCuMoNiW,True
W5Cr24Ni16Mo25Fe6,202.1271,CrFeMoNiW,True
Mo9Fe7Cu11Ni5Cr13,202.15646,CrCuFeMoNi,True
Cu15Co23Cr6W13Ni19,202.1593,CoCrCuNiW,True
Mn5Fe21Cr7Co9Ni13,202.17691,CoCrFeMnNi,True
W8Cu21Cr11Mo6Mn21,202.17722,CrCuMnMoW,True
Cr10Mn19Fe6Ni23Co16,202.21057,CoCrFeMnNi,True
Co25Mo15Mn18Fe21Ni15W23,202.2128,CoFeMnMoNiW,True
Cu12W13Cr21Fe25Ni13,202.21881,CrCuFeNiW,True
Fe5Cr9Co18Cu6Mn14,202.22452,CoCrCuFeMn,True
Mo25Cr11W7Co12Cu14,202.22702,CoCrCuMoW,True
Ni14Cr15Mo20W9Cu13,202.23291,CrCuMoNiW,True
Ni10Mo11Cu10Cr8W10,202.24977,CrCuMoNiW,True
Mo10W13Fe25Cu12Ni10Co7,202.27263,CoCuFeMoNiW,True
Fe20Ni5W10Cr17Cu25,202.28777,CrCuFeNiW,True
Fe20Ni8Mn24Cr8Cu23,202.2942,CrCuFeMnNi,True
Ni25Fe13W14Mo25Cu8,202.29684,CuFeMoNiW,True
Cu14W14Mo24Fe12Cr10,202.29987,CrCuFeMoW,True
Cr21Mo12Co22Fe5W16,202.30017,CoCrFeMoW,True
Cr7Fe23Mn24Ni23Cu12,202.30615,CrCuFeMnNi,True
Fe9Cr15W21Co25Ni11,202.31908,CoCrFeNiW,True
Cr24Cu22Mo19Co9Fe12,202.3335,CoCrCuFeMo,True
W8Co12Mo13Cr5Ni7,202.34103,CoCrMoNiW,True
Cr22Mo19Fe21Co14W25,202.36441,CoCrFeMoW,True
Co15W21Cr18Fe16Cu14,202.37608,CoCrCuFeW,True
Cu16Fe22Mo25Ni21Co16,202.37679,CoCuFeMoNi,True
Cr8Cu11Fe9Mn13Ni24,202.38643,CrCuFeMnNi,True
Cu16Co16Cr5Mn14Ni14,202.39096,CoCrCuMnNi,True
W20Cu23Cr5Co23Ni24,202.39455,CoCrCuNiW,True
Cu8Co6Fe10W9Cr19Mn22,202.39479,CoCrCuFeMnW,True
Cu20Ni17Cr7Mn22Co25,202.40123,CoCrCuMnNi,True
W13Mn11Mo20Cr9Cu14Ni25,202.40479,CrCuMnMoNiW,True
Mn22Fe7W15Mo8Ni24Co12,202.41052,CoFeMnMoNiW,True
Fe12W14Ni10Mo12Cr5,202.43198,CrFeMoNiW,True
Mo19Co10Fe19W23Cu17,202.43439,CoCuFeMoW,True
W16Co5Ni17Fe11Cr10,202.46999,CoCrFeNiW,True
Cu20W12Mn7Ni14Fe13Cr8,202.47118,CrCuFeMnNiW,True
Mo24Cu7Cr8Co8Ni17W17,202.47922,CoCrCuMoNiW,True
Mo22Ni8Cr8Co11Fe20,202.49097,CoCrFeMoNi,True
Cr25Cu17W12Ni13Fe13,202.49773,CrCuFeNiW,True
Cr17Fe22Co9Mo7W24,202.54681,CoCrFeMoW,True
Mo7Fe17Mn17Co7Cr20,202.5569,CoCrFeMnMo,True
Mo16Ni5W10Fe25Cr21,202.57101,CrFeMoNiW,True
Mo7Co10W18Cr23Ni22,202.57596,CoCrMoNiW,True
Mo20Cr21Ni15Co23W19,202.57748,CoCrMoNiW,True
Co8Cr13Cu18Fe6Ni13Mn23,202.61052,CoCrCuFeMnNi,True
Cr18Mo19Mn22Ni10W10Cu9,202.63522,CrCuMnMoNiW,True
W16Cu16Fe9Mo15Cr21,202.63528,CrCuFeMoW,True
Mn6Cr14Co15Cu25Ni21,202.64075,CoCrCuMnNi,True
Ni12Mn19Cu20W16Fe22Cr19,202.64246,CrCuFeMnNiW,True
Cr24Co8Mo12Cu22Fe22,202.6688,CoCrCuFeMo,True
Co17Cu10W14Cr23Fe15,202.66974,CoCrCuFeW,True
Ni18W15Fe5Mo9Cr16,202.67499,CrFeMoNiW,True
Fe24Mo16Co15Ni18Cu11,202.68376,CoCuFeMoNi,True
Fe13Cr9W5Ni19Mn7,202.70459,CrFeMnNiW,True
Fe21Cr24Ni22Cu5Mo9,202.7138,CrCuFeMoNi,True
Cu7Fe10Co5Ni10Mo10W14,202.71962,CoCuFeMoNiW,True
Mn15W17Cr20Mo14Cu17Ni10,202.72429,CrCuMnMoNiW,True
Cu24Ni5Mo11Cr22Fe10,202.72588,CrCuFeMoNi,True
Ni12Mo19Fe10Cr22W10,202.73145,CrFeMoNiW,True
Cu22Co16Cr19Mo16W22,202.7569,CoCrCuMoW,True
Mn13Mo10Ni10Cr5W9Cu8,202.77661,CrCuMnMoNiW,True
Co9W6Cr23Mn10Fe19,202.78613,CoCrFeMnW,True
Cr17Ni9Fe17W6Mn15,202.7909,CrFeMnNiW,True
W23Mo5Cr16Co24Cu14,202.79346,CoCrCuMoW,True
Mn12W7Co5Cu7Cr16Fe25,202.79755,CoCrCuFeMnW,True
W13Mo25Co14Ni17Cr7,202.80536,CoCrMoNiW,True
Cr22Fe21Mo15Cu14Co15,202.8408,CoCrCuFeMo,True
Cu12Fe19Cr10Co6Mn24,202.853,CoCrCuFeMn,True
Cu16Mn24W16Cr11Co19Mo24,202.85733,CoCrCuMnMoW,True
Co18Fe8Cr18Cu6Mo11,202.90778,CoCrCuFeMo,True
Cu8W19Mn22Cr19Mo6Fe5,202.94888,CrCuFeMnMoW,True
Co6Cr17Fe6Mo14Cu15,202.95471,CoCrCuFeMo,True
Cr8Fe7W11Ni23Mo17,202.95496,CrFeMoNiW,True
Ni8Fe21Mn22Cr21W5,202.98792,CrFeMnNiW,True
W10Ni15Mn21Mo5Cr24,202.99426,CrMnMoNiW,True
W12Mn11Ni6Cr11Mo14Cu24,203.00008,CrCuMnMoNiW,True
Cr13Mo21Ni20Fe8W15,203.01443,CrFeMoNiW,True
Cu13Mo24Fe7Ni23W16,203.0251,CuFeMoNiW,True
W5Ni22Mo14Co6Cr20,203.03372,CoCrMoNiW,True
Cr22Cu16Co9Mo15Fe7,203.05937,CoCrCuFeMo,True
Mo10Mn7Co11Cu17W12Fe22,203.07153,CoCuFeMnMoW,True
Co8Mo18Cr5W11Mn6Ni22,203.07455,CoCrMnMoNiW,True
Co10Mo23W9Ni11Fe21,203.07465,CoFeMoNiW,True
W9Mo24Ni21Cu10Cr9,203.07819,CrCuMoNiW,True
Mn22Fe7Co7Cr18Ni6,203.08331,CoCrFeMnNi,True
Mo11Cu11W8Co7Cr10,203.08667,CoCrCuMoW,True
W20Fe18Cu24Mo14Ni8,203.09549,CuFeMoNiW,True
Co10Fe19Mn19Mo5Cr19,203.10341,CoCrFeMnMo,True
Mn13Ni14Cu15Cr5Fe15,203.10931,CrCuFeMnNi,True
Co21Fe17Cr7Ni21Mn23,203.11345,CoCrFeMnNi,True
Cr6Cu6Fe23Mn16Co16,203.12859,CoCrCuFeMn,True
Fe10Mo13Ni16Cr17Cu6,203.14212,CrCuFeMoNi,True
Mo19Cr18Ni16Cu9Fe21,203.15244,CrCuFeMoNi,True
Cr7Co16Cu7Mo18Ni8,203.16023,CoCrCuMoNi,True
Cu10Co20Cr12Mo25W9,203.16649,CoCrCuMoW,True
Ni6Cu5W9Mo21Cr6Co15,203.17331,CoCrCuMoNiW,True
W17Fe19Cu20Cr6Mn7Co15,203.19962,CoCrCuFeMnW,True
Cr8Fe19Ni22Mn22Co25,203.20389,CoCrFeMnNi,True
Ni12Cu11Fe25Mn21Mo7,203.2091,CuFeMnMoNi,True
Fe16Ni17Cu24Mn11Cr10,203.21677,CrCuFeMnNi,True
Cr15Fe6Cu18Mn8Ni21,203.21748,CrCuFeMnNi,True
Fe5Cr24Mo15Ni25Co7,203.22302,CoCrFeMoNi,True
Fe18Mo10Co7Mn24W11Ni12,203.23166,CoFeMnMoNiW,True
Fe19W20Ni11Cu16Mo24,203.2354,CuFeMoNiW,True
Mo14Ni14Co12Cr6W14,203.23953,CoCrMoNiW,True
Fe9W21Mo8Cr11Cu18,203.2466,CrCuFeMoW,True
Mn12Cr17Fe25Mo25W11,203.28008,CrFeMnMoW,True
Cu7Co24Fe17Mo5W16,203.2854,CoCuFeMoW,True
Mn20Fe24W20Cr22Mo11,203.2878,CrFeMnMoW,True
W10Cu6Mo25Ni25Cr5Co10,203.30276,CoCrCuMoNiW,True
W5Co10Mo25Fe8Cr14,203.30316,CoCrFeMoW,True
Mn7Fe9Co17W9Ni22Mo22,203.30731,CoFeMnMoNiW,True
Ni20Mo23Fe25Cu23Co24,203.32486,CoCuFeMoNi,True
Cu23Cr11Fe13Mn9Ni17,203.32944,CrCuFeMnNi,True
Cr21Ni17Co9Fe5W9,203.35193,CoCrFeNiW,True
Cu12Mo10Co20W11Fe15Mn9,203.36212,CoCuFeMnMoW,True
Ni9Mn20Co5Fe23Mo21,203.36682,CoFeMnMoNi,True
Co15Mn14Fe11Cr7Cu19,203.37433,CoCrCuFeMn,True
W5Ni15Cr8Cu25Co12,203.38226,CoCrCuNiW,True
Mn25Cu10Cr23Mo5Ni10,203.40019,CrCuMnMoNi,True
Cr11Cu24Ni22Mo22Mn5Fe15,203.40381,CrCuFeMnMoNi,True
W9Fe20Cu9Cr6Co10,203.41162,CoCrCuFeW,True
Ni18W5Mo17Cr10Co6,203.41196,CoCrMoNiW,True
Fe24Cr7Cu24W6Co5,203.43411,CoCrCuFeW,True
W10Mo18Ni9Cr5Fe11,203.45096,CrFeMoNiW,True
W15Co17Ni5Fe10Cr10,203.46194,CoCrFeNiW,True
Ni10Fe24Cu22W24Mo17,203.46725,CuFeMoNiW,True
Mo20Cr17Cu9Co8Fe12W20,203.48793,CoCrCuFeMoW,True
W18Fe10Ni15Cr22Mo12,203.49602,CrFeMoNiW,True
Cr24Mn22Fe21W6Ni10,203.50023,CrFeMnNiW,True
W20Mo19Ni15Cr18Mn16Cu21,203.50783,CrCuMnMoNiW,True
Fe7Cr5Mo19W24Cu23Co8,203.54338,CoCrCuFeMoW,True
W17Cr12Cu17Mo25Fe5Co7,203.57523,CoCrCuFeMoW,True
Cu18Fe24Mo24Co14Cr21,203.59045,CoCrCuFeMo,True
W24Mo11Ni12Cu16Fe24,203.59814,CuFeMoNiW,True
Co11W16Fe17Cr8Mo19,203.60765,CoCrFeMoW,True
Cu13W20Co9Mo25Ni8Cr5,203.61127,CoCrCuMoNiW,True
Fe11Cr6Mo6W17Ni25,203.61694,CrFeMoNiW,True
Cr25Mn18W16Fe18Mo14,203.62106,CrFeMnMoW,True
Co8Mn19Cr7Mo6Fe5W18,203.62386,CoCrFeMnMoW,True
W11Fe17Mn15Cu18Cr9Ni6,203.625,CrCuFeMnNiW,True
Cr13Fe19Cu17W24Mo18,203.63301,CrCuFeMoW,True
W6Co15Fe12Mn23Cr22,203.63705,CoCrFeMnW,True
Ni15Cu8W22Cr5Mo22Co9,203.65155,CoCrCuMoNiW,True
Ni15Fe20Cu8W11Cr17,203.66772,CrCuFeNiW,True
W25Cu17Fe22Co15Cr8,203.684,CoCrCuFeW,True
Co11Cu23Cr25W25Ni9Fe20,203.7057,CoCrCuFeNiW,True
Fe11Cr15Ni9Co22Mo25,203.7117,CoCrFeMoNi,True
Mo5Fe19Co10Cr18Mn25,203.7141,CoCrFeMnMo,True
Ni14Mo9Cu24Cr11Mn25W25,203.72256,CrCuMnMoNiW,True
Mo19Co18Cu18W13Fe9Ni5,203.73103,CoCuFeMoNiW,True
Cr9Mo20Fe8W22Cu5Co15,203.73602,CoCrCuFeMoW,True
W5Mn7Cu20Cr22Mo10,203.73898,CrCuMnMoW,True
Mn14Fe20Cr5Mo18W6,203.75314,CrFeMnMoW,True
Ni17Fe10Co21Mo19Cu7W21,203.77054,CoCuFeMoNiW,True
Fe13Mn15Co19Cr6Cu7,203.82925,CoCrCuFeMn,True
Fe16Cr24Cu20W9Co5,203.83603,CoCrCuFeW,True
Fe14Mo24Ni17Cr22W18,203.85904,CrFeMoNiW,True
Mn9Cr15W11Mo15Fe23,203.86707,CrFeMnMoW,True
W13Fe5Co19Mo22Cu13,203.8732,CoCuFeMoW,True
W22Mo13Mn25Cr7Cu24Ni16,203.87788,CrCuMnMoNiW,True
Ni21W12Cr12Cu7Fe23,203.89423,CrCuFeNiW,True
Fe25Mo9Cu9Ni12W9,203.90553,CuFeMoNiW,True
Cr6Mo15Cu24Ni17Mn10W16,203.92677,CrCuMnMoNiW,True
Mo11W13Fe10Ni8Co24,203.927,CoFeMoNiW,True
W10Co24Cr25Ni23Cu22,203.9382,CoCrCuNiW,True
Mo7Ni23Cr8Co22Mn10Cu16,203.94818,CoCrCuMnMoNi,True
Cu20Fe14Mn5Ni18Cr16,203.9491,CrCuFeMnNi,True
Mn16W18Cu13Fe17Cr18Co20,203.95532,CoCrCuFeMnW,True
Fe14Co9W10Mo23Cr24,203.9809,CoCrFeMoW,True
Cu18W18Cr18Mo25Ni24,203.9878,CrCuMoNiW,True
Co20Ni7Fe10W10Mo18,203.99254,CoFeMoNiW,True
W21Co25Mo19Cu17Cr10,204.0069,CoCrCuMoW,True
Fe25Mo16Cr8Co8Ni5,204.0208,CoCrFeMoNi,True
W17Cu17Fe20Mn8Co13Cr24,204.02763,CoCrCuFeMnW,True
Ni20Cr9Mn23Fe10Cu16,204.02977,CrCuFeMnNi,True
Fe14Cu23Co13W17Ni8Mo20,204.04305,CoCuFeMoNiW,True
Mo7Fe21Cr18Co13Cu8,204.06711,CoCrCuFeMo,True
Cu24Cr15Mn19Mo19W5,204.0706,CrCuMnMoW,True
W7Mo8Cr13Co12Mn14,204.11707,CoCrMnMoW,True
Mo25Co5Fe7Cr9Mn7,204.13731,CoCrFeMnMo,True
Co24Fe5Mo19Mn7Cr12Cu22,204.13776,CoCrCuFeMnMo,True
Cu15Ni24Fe22Mo9W14Mn5,204.15477,CuFeMnMoNiW,True
Ni7Mo15Fe7W11Co14,204.16086,CoFeMoNiW,True
Ni23Mn8Fe16Cu12Cr9,204.16089,CrCuFeMnNi,True
W6Mo24Ni9Cr18Cu25,204.1806,CrCuMoNiW,True
W16Mo24Co16Fe11Cr12,204.1862,CoCrFeMoW,True
Co12Cu10Cr21Mo9W21Ni10,204.18979,CoCrCuMoNiW,True
Co8Mo15Cu24Cr21Ni18,204.19113,CoCrCuMoNi,True
Mo22Co23Cu11W7Cr25,204.19582,CoCrCuMoW,True
Co10W7Cu16Cr11Ni15,204.22157,CoCrCuNiW,True
Co22Mo20Ni18Cu17Cr20,204.2219,CoCrCuMoNi,True
W19Cu17Cr22Mo22Co24,204.2292,CoCrCuMoW,True
Mo8Co6W5Cr10Cu20,204.23566,CoCrCuMoW,True
Mn16Cu12Fe5Cr10Ni25Co5,204.24063,CoCrCuFeMnNi,True
W14Fe10Cr15Co13Cu10,204.24155,CoCrCuFeW,True
Cu21Cr12Mo10Ni21Mn8Fe16,204.24716,CrCuFeMnMoNi,True
Cu16Fe5Cr14Mn6Co18,204.2496,CoCrCuFeMn,True
Mo19W5Mn24Fe9Cr23,204.28369,CrFeMnMoW,True
Mo14Cu10Ni5Fe16W6,204.2945,CuFeMoNiW,True
Cr21Co14W23Mo24Fe25,204.30176,CoCrFeMoW,True
Fe23Cu15Cr12Mo14W25,204.31442,CrCuFeMoW,True
Mo20Cr18Cu20Co7Fe14,204.32735,CoCrCuFeMo,True
Co24Fe11Mo14Ni18W17Mn10,204.33148,CoFeMnMoNiW,True
W19Mn21Cr19Mo7Fe22,204.33678,CrFeMnMoW,True
Co7Cr22Mo18Cu23Ni21,204.3427,CoCrCuMoNi,True
W18Mn10Cr8Cu21Co25Fe14,204.34853,CoCrCuFeMnW,True
W8Cr7Ni21Fe23Mn15,204.35617,CrFeMnNiW,True
Mo19Co9Cr13Cu8Ni25,204.36578,CoCrCuMoNi,True
Ni23Fe11Cr19Co8W20,204.38611,CoCrFeNiW,True
Fe20Mn7Ni9W21Cr7Co13,204.39229,CoCrFeMnNiW,True
W20Fe20Mo8Ni8Co14,204.39923,CoFeMoNiW,True
Mo16W16Cu14Cr7Ni18,204.42166,CrCuMoNiW,True
W12Ni9Cu13Fe22Mo19,204.4379,CuFeMoNiW,True
Ni20Fe8Mo6W18Cr9,204.44754,CrFeMoNiW,True
Fe16Mo19Co14Cr22Ni9,204.45828,CoCrFeMoNi,True
Co6Fe19W25Cr9Ni10Mo19,204.45969,CoCrFeMoNiW,True
Cr12Mn6Ni21Fe23Cu15,204.46172,CrCuFeMnNi,True
Cu6Fe5Ni15W18Mo14Cr16,204.47229,CrCuFeMoNiW,True
Cr11Ni24W9Mn17Fe18,204.48094,CrFeMnNiW,True
W7Co18Mn20Mo11Fe25,204.50076,CoFeMnMoW,True
Fe7Mn6Co17Ni24Cr14Mo11,204.52237,CoCrFeMnMoNi,True
W21Co5Mo7Cr18Mn9Ni20,204.53784,CoCrMnMoNiW,True
Cr20Cu10Mo14W12Co22,204.53946,CoCrCuMoW,True
Co22Ni20Cr22Cu9Mo9,204.54047,CoCrCuMoNi,True
Co8Cr13W9Cu20Mo20,204.54233,CoCrCuMoW,True
Cu25Ni17Mn24Cr25Fe15W16,204.54568,CrCuFeMnNiW,True
Mo5Fe17Mn18Co7Cr24,204.55797,CoCrFeMnMo,True
Mn5Cu14Mo5Cr15W19Fe7,204.55853,CrCuFeMnMoW,True
Mo12Co8W19Fe25Cr15,204.56891,CoCrFeMoW,True
Ni25W14Cr18Co9Fe7,204.57117,CoCrFeNiW,True
Mo9W6Cr21Mn8Ni16,204.57208,CrMnMoNiW,True
Co15Ni23W25Mo5Cr10,204.57275,CoCrMoNiW,True
Ni9Co15Mn22Fe8Mo11,204.59274,CoFeMnMoNi,True
Mo16Cu6Ni10Co23Fe14W6,204.59528,CoCuFeMoNiW,True
Cr15Mn25Fe24Co23W15,204.6036,CoCrFeMnW,True
W9Cu9Fe23Ni19Mn15Mo7,204.61694,CuFeMnMoNiW,True
Mo21W21Co15Fe8Ni25,204.62558,CoFeMoNiW,True
Mn19W13Mo22Fe9Cu10Cr11,204.6305,CrCuFeMnMoW,True
Cr15Co14Fe6Cu21Mn6,204.64531,CoCrCuFeMn,True
Mo23Cu6W21Co18Fe15Ni16,204.64975,CoCuFeMoNiW,True
Co20Fe18Mo18Cr8W25,204.6532,CoCrFeMoW,True
W16Mo6Co8Fe17Cr24,204.65372,CoCrFeMoW,True
Ni20W19Co11Mo8Cr13,204.65935,CoCrMoNiW,True
Co21Fe21Mo23Cr23Ni5,204.669,CoCrFeMoNi,True
Fe15W5Mo10Mn19Co18,204.67628,CoFeMnMoW,True
Co22Fe12Ni11Cr7W23,204.68195,CoCrFeNiW,True
Cu9Fe21Mn6W15Cr21Co21,204.68903,CoCrCuFeMnW,True
Ni20Mn14Cr6Fe14Cu9,204.68912,CrCuFeMnNi,True
Cu25Cr22Fe5Mn7Ni11,204.69598,CrCuFeMnNi,True
Co6Mo5Mn24Ni24Fe21,204.70978,CoFeMnMoNi,True
Co6W8Cr21Cu12Mn8Mo17,204.71909,CoCrCuMnMoW,True
Fe22Cu18Mo18Ni5Cr19,204.7283,CrCuFeMoNi,True
Ni8Fe10Co24Mn5Cr14,204.73346,CoCrFeMnNi,True
Cr17Mn21Mo12W12Fe14,204.74767,CrFeMnMoW,True
W10Fe13Cr24Mn20Co24,204.74847,CoCrFeMnW,True
Ni24Co7Fe14Mo20W14,204.75424,CoFeMoNiW,True
Ni14Mo15Cr22Fe21W25,204.75677,CrFeMoNiW,True
Cr5W23Ni18Co17Fe7Mn20,204.75986,CoCrFeMnNiW,True
Mo14Cr17Cu8Co17W11Ni5,204.76099,CoCrCuMoNiW,True
Ni13Co19Cu15Fe24Mo19,204.77554,CoCuFeMoNi,True
Cr21Cu24Fe17Co23Mo8Mn5,204.79178,CoCrCuFeMnMo,True
Cu5Ni25W10Cr14Fe22Mn17,204.81427,CrCuFeMnNiW,True
Mn7Fe15Cr13Ni25Cu15,204.82599,CrCuFeMnNi,True
Mo18Ni8Fe17W16Co15,204.82755,CoFeMoNiW,True
Cr20Ni21Cu7Fe23Mo25,204.83614,CrCuFeMoNi,True
Cr9Cu14Co9Mn24Fe12Ni9,204.84052,CoCrCuFeMnNi,True
Fe23Mn19Co14Cr7Cu6,204.85706,CoCrCuFeMn,True
Co7Mo19Fe20W19Ni25,204.8699,CoFeMoNiW,True
Cu21Cr16Mn14Ni20Fe5,204.87256,CrCuFeMnNi,True
Fe18W19Cr23Mn25Mo6,204.8757,CrFeMnMoW,True
Cr15Fe17Co5Mo19W8,204.88277,CoCrFeMoW,True
Cu20Mn20Fe25Co16Cr7,204.90862,CoCrCuFeMn,True
Fe14Mo10Cr24W12Mn13,204.91237,CrFeMnMoW,True
Ni25W11Mo9Cu10Cr24,204.9342,CrCuMoNiW,True
Fe12W16Cr24Ni15Co7Mo23,204.94644,CoCrFeMoNiW,True
Cu19Fe8Cr16Co9Ni15W23,204.96439,CoCrCuFeNiW,True
Mn18Mo15Cu9Fe10Cr7W15,204.96582,CrCuFeMnMoW,True
Co6W8Fe10Cr15Mo12,204.98077,CoCrFeMoW,True
Cu14Cr12Mo21Ni5Co21,205.00734,CoCrCuMoNi,True
Cu11Mn18Ni15Cr23W8Mo25,205.02625,CrCuMnMoNiW,True
Cu20W8Ni6Cr7Co6Mo12,205.03568,CoCrCuMoNiW,True
Cu16Co12Mo9Cr16Ni13,205.0365,CoCrCuMoNi,True
W8Cr14Co16Mo22Cu11,205.03821,CoCrCuMoW,True
Co14Cu8Mo5Mn20Fe9,205.05765,CoCuFeMnMo,True
Cr10Fe5W23Co14Cu15Ni15,205.07677,CoCrCuFeNiW,True
Mn7Cu12Ni17Fe12Cr7,205.10248,CrCuFeMnNi,True
Mo12Ni5W18Cr12Fe19Co6,205.10776,CoCrFeMoNiW,True
Co8Fe16Ni8W5Mo14Cu23,205.1502,CoCuFeMoNiW,True
Mn12Cu20Fe25Ni24Cr10,205.17319,CrCuFeMnNi,True
Ni22Cr14Mn7Fe24Co18,205.195,CoCrFeMnNi,True
Ni19Mo20Fe13Cr23Co7,205.20859,CoCrFeMoNi,True
Fe6Ni6Mn20Cu19Cr15,205.21771,CrCuFeMnNi,True
Ni9Co23Cr25W6Fe5,205.21988,CoCrFeNiW,True
W18Cr14Mo20Cu8Fe22Mn7,205.22836,CrCuFeMnMoW,True
Ni5Fe19Co16Mo19Cr20,205.2381,CoCrFeMoNi,True
Fe12Cr8Cu21W21Mo16Mn12,205.25278,CrCuFeMnMoW,True
Mn10Fe18W9Cr6Cu20Ni7,205.26312,CrCuFeMnNiW,True
Cu25Mo10Cr22Ni6Mn17W18,205.2642,CrCuMnMoNiW,True
W8Co8Cu18Cr16Mo18,205.2822,CoCrCuMoW,True
Co20Cu14W24Mo15Ni22,205.29407,CoCuMoNiW,True
Cr20Mo10Co14Ni7Fe6,205.31538,CoCrFeMoNi,True
Fe19Cu7Cr17W6Ni10,205.32819,CrCuFeNiW,True
Cr10Ni23W11Cu19Co13,205.32924,CoCrCuNiW,True
Cr10W10Ni9Cu20Mo17,205.36996,CrCuMoNiW,True
Co25W14Mo9Fe19Ni5,205.37273,CoFeMoNiW,True
Ni16Mo17Cu17Cr11W17,205.39203,CrCuMoNiW,True
Cr12Ni18Co20Mn7Fe19,205.42226,CoCrFeMnNi,True
Co15Mo22Ni22Fe8W21,205.4369,CoFeMoNiW,True
Mn25W12Cr18Co14Fe22,205.43977,CoCrFeMnW,True
Cu13Ni14Co8Cr12Mo25W18,205.44481,CoCrCuMoNiW,True
Mn15Fe19Cu8Co23W15Cr16,205.44586,CoCrCuFeMnW,True
Ni14Mo17Co18Cu15W20,205.45618,CoCuMoNiW,True
Mo22W23Ni19Cr21Mn21Co11,205.48123,CoCrMnMoNiW,True
Cr15Cu17Mn24W9Ni6Fe9,205.48366,CrCuFeMnNiW,True
Mn13W6Cu25Mo11Cr14,205.48439,CrCuMnMoW,True
Mo6Co19W21Cr25Ni15,205.53357,CoCrMoNiW,True
Cr8Ni9Mn17Cu18W12Mo15,205.54428,CrCuMnMoNiW,True
Co17Cr11Cu20Ni21Mn7,205.55688,CoCrCuMnNi,True
Ni13Fe8W19Cr6Co11,205.56927,CoCrFeNiW,True
Cr23Cu24Mn7Mo12W24Co13,205.58276,CoCrCuMnMoW,True
Mo5Co15W25Cu14Fe11,205.61539,CoCuFeMoW,True
Fe6Ni8Mo10Mn25Cr7,205.62308,CrFeMnMoNi,True
Mn15Cr23Mo20Fe15W10,205.63849,CrFeMnMoW,True
Cr19Mo23W23Cu22Co16Ni8,205.65591,CoCrCuMoNiW,True
Ni16Mn6Cr11Co19Fe12,205.65967,CoCrFeMnNi,True
Fe23Mn20Ni13W8Cr20,205.66069,CrFeMnNiW,True
Cr15W7Fe13Mn12Ni21,205.66443,CrFeMnNiW,True
Fe14W25Cr24Co12Ni20,205.68304,CoCrFeNiW,True
Fe5Co20Cr12Mn11Ni18,205.69196,CoCrFeMnNi,True
W11Mo17Co15Ni6Fe12,205.71661,CoFeMoNiW,True
W16Ni18Cu25Co21Cr9,205.717,CoCrCuNiW,True
Mo20Fe10W15Cr5Cu22,205.71861,CrCuFeMoW,True
Cr23Cu21Ni20Mn15W16Fe20,205.72475,CrCuFeMnNiW,True
W14Fe16Cr22Cu10Mo16,205.72621,CrCuFeMoW,True
Ni20Mn7Fe23Co16Cr12,205.72998,CoCrFeMnNi,True
W16Cr9Ni16Mn12Cu23Fe24,205.74681,CrCuFeMnNiW,True
Mo23Cr20W11Cu19Mn21Co6,205.75183,CoCrCuMnMoW,True
Ni21Cr12Mn15Cu21W16Fe16,205.76016,CrCuFeMnNiW,True
Co21Cr19Fe12Cu10Mo25,205.77983,CoCrCuFeMo,True
W11Cu9Cr6Co24Fe16,205.79175,CoCrCuFeW,True
Cr8Fe10W16Mo17Ni20,205.7933,CrFeMoNiW,True
Ni5Cu23Cr19Mo21Fe10,205.7973,CrCuFeMoNi,True
Mo15Cr15W8Ni6Fe14,205.80786,CrFeMoNiW,True
W7Cu11Mo21Cr20Mn19Co7,205.81952,CoCrCuMnMoW,True
Ni19Cr21Mo19Co24Cu6,205.82669,CoCrCuMoNi,True
W23Fe7Cr9Mn11Ni25Mo15,205.82861,CrFeMnMoNiW,True
Mo6Fe23Cr11Mn8Ni25Cu11,205.84377,CrCuFeMnMoNi,True
Cr8W6Ni16Mn9Fe17,205.8984,CrFeMnNiW,True
Ni15Mn5W5Cr12Fe12,205.89926,CrFeMnNiW,True
Mn25Ni20Co17W25Fe19Mo9,205.92175,CoFeMnMoNiW,True
Co10Mo16W18Ni12Fe14,205.92693,CoFeMoNiW,True
Cr19Co12Ni8Cu24W24Fe19,205.92834,CoCrCuFeNiW,True
Cr6Ni8Cu7Co16Mn16,205.93195,CoCrCuMnNi,True
Mn23Cr21Co15Fe5Cu13,205.94675,CoCrCuFeMn,True
Co25Cr24W5Fe8Mn14,205.95795,CoCrFeMnW,True
Ni11Cr15Fe22Mo15Cu9,205.96109,CrCuFeMoNi,True
Fe7Co10Ni14Mo10W18,205.96155,CoFeMoNiW,True
Cr24Co7Fe21Cu21Mo7,205.96695,CoCrCuFeMo,True
W11Co5Cr11Ni18Mo23Mn16,206.01825,CoCrMnMoNiW,True
Cu22Mo16Co10W11Cr22Ni5,206.02136,CoCrCuMoNiW,True
Fe10Cr24Co12Mo14Cu14,206.02249,CoCrCuFeMo,True
Ni8W5Mn21Fe22Cr11,206.02875,CrFeMnNiW,True
Cu12Mn12W21Ni23Mo10Cr22,206.03748,CrCuMnMoNiW,True
Fe15Co18Mn8Ni24Cr12,206.05356,CoCrFeMnNi,True
Cr20Mo7Cu12Mn19W23Ni23,206.05835,CrCuMnMoNiW,True
Mn9Cr16Ni13Fe25W11Cu14,206.08003,CrCuFeMnNiW,True
Cr25Mo23Cu17Fe17Co14,206.08047,CoCrCuFeMo,True
W21Mo20Fe13Co20Cu11,206.0903,CoCuFeMoW,True
Co21W8Cu14Cr25Fe8,206.09814,CoCrCuFeW,True
Ni24W25Fe8Cr17Mo21Cu7,206.1026,CrCuFeMoNiW,True
Cr9Mo11W7Ni10Mn7Cu7,206.12204,CrCuMnMoNiW,True
Co21Fe14Cr22Mo20Ni5,206.13373,CoCrFeMoNi,True
Fe18Mo16Cu25Co5Ni25W24,206.1349,CoCuFeMoNiW,True
Cr20W17Mn20Cu14Ni8Mo9,206.15205,CrCuMnMoNiW,True
Fe20W9Cu8Ni13Mo21,206.1575,CuFeMoNiW,True
Ni8Fe8W15Cu10Mo14Co19,206.17215,CoCuFeMoNiW,True
W15Co20Cu18Ni21Cr10,206.17453,CoCrCuNiW,True
W14Mo17Ni16Cr8Cu14,206.1966,CrCuMoNiW,True
Fe25Co10Mo25Cr12Cu13,206.19824,CoCrCuFeMo,True
Cu9Cr25Fe13Co25Mo24,206.2021,CoCrCuFeMo,True
Mo16W22Co22Ni17Cr21,206.20276,CoCrMoNiW,True
W10Co24Mo15Fe5Mn5Ni20,206.23611,CoFeMnMoNiW,True
Fe17Co24Cr8Ni17Mn18,206.24097,CoCrFeMnNi,True
Cr25Mo9Cu5Fe12Mn24W22,206.24164,CrCuFeMnMoW,True
Fe5Cu22Mn22Ni21Cr19,206.24298,CrCuFeMnNi,True
Cu19Co5Cr19Mo7Fe12,206.2433,CoCrCuFeMo,True
Co21Fe8Cr15Mo16W16,206.24512,CoCrFeMoW,True
Cu19Cr13Fe23Mn6Co19,206.28317,CoCrCuFeMn,True
Ni10Cr14Fe13Mo18Cu10,206.28467,CrCuFeMoNi,True
Ni22Co8Fe24Cr7Mn16,206.28857,CoCrFeMnNi,True
Mo19Ni24Fe13Cu25W6Mn13,206.28986,CuFeMnMoNiW,True
Cu6Co24Fe21Mo10W17,206.29099,CoCuFeMoW,True
Mo22Mn15W17Ni21Co15Fe23,206.29584,CoFeMnMoNiW,True
Cr9Ni23Mn15Cu21Fe25,206.30562,CrCuFeMnNi,True
Cu20Fe9W6Mo8Co8Mn16,206.31187,CoCuFeMnMoW,True
Mn5Fe6W6Co23Mo12Cu18,206.32257,CoCuFeMnMoW,True
Fe12W21Cr8Co9Ni16,206.32898,CoCrFeNiW,True
Mn8W10Ni23Cr22Mo8,206.33107,CrMnMoNiW,True
Fe12W10Ni6Cu14Mo20,206.3375,CuFeMoNiW,True
Cu24Cr20Mn23W15Ni9Fe25,206.35675,CrCuFeMnNiW,True
Cu20W19Co18Fe10Cr20,206.36375,CoCrCuFeW,True
Fe19Cr10Ni12Mo25W15,206.36711,CrFeMoNiW,True
Fe5W20Mo15Co10Cr6Cu25,206.36755,CoCrCuFeMoW,True
Fe23Cu16Ni12Mn8Cr6Mo5,206.36816,CrCuFeMnMoNi,True
Mo13Cr21Co16W9Mn17,206.36879,CoCrMnMoW,True
Cu7Ni17Cr13Mn5Co24,206.37242,CoCrCuMnNi,True
Fe17W10Cr7Mn22Co21,206.38641,CoCrFeMnW,True
W6Cr16Ni13Co13Cu18,206.39035,CoCrCuNiW,True
Fe6W5Co12Mo24Ni19,206.39993,CoFeMoNiW,True
Ni10Mn24Fe15Cu20W13Cr20,206.40532,CrCuFeMnNiW,True
W9Mn23Cr17Ni22Fe19,206.42447,CrFeMnNiW,True
Fe7Mo8Co10Cu8W12Ni23,206.42546,CoCuFeMoNiW,True
Co9Cr5Ni19Mn9Mo11Cu23,206.4489,CoCrCuMnMoNi,True
Cr22Ni8Mo25W5Fe13,206.4654,CrFeMoNiW,True
Cr22Ni18Mo22Co22Cu21,206.48218,CoCrCuMoNi,True
Mn22W21Mo12Co19Ni20Fe15,206.49799,CoFeMnMoNiW,True
Cu21W5Cr5Ni23Co9,206.51465,CoCrCuNiW,True
Mo8W21Mn22Ni12Cr12Cu17,206.51704,CrCuMnMoNiW,True
Cr10W25Fe16Co17Mo11,206.518,CoCrFeMoW,True
Cr23Mo18Ni22Cu20Co19,206.53183,CoCrCuMoNi,True
Cu13W24Fe9Cr20Ni10Co21,206.55359,CoCrCuFeNiW,True
Cu9Mo5Cr25Mn14W25Fe13,206.55902,CrCuFeMnMoW,True
Fe14Co24Cu25Cr8W21Mn25,206.56041,CoCrCuFeMnW,True
Cr6W20Cu18Ni12Fe20,206.56265,CrCuFeNiW,True
Cr24Mo16Fe10Ni15Co9,206.56488,CoCrFeMoNi,True
W13Co8Fe6Cr12Ni10,206.56522,CoCrFeNiW,True
Cr24Fe24Co10Mo7Cu18,206.57117,CoCrCuFeMo,True
Co20Mn20Fe21Cu15Cr7,206.57977,CoCrCuFeMn,True
Mo20Fe20W6Co13Mn18Ni8,206.59021,CoFeMnMoNiW,True
Cr7Co24Cu17W16Fe9,206.595,CoCrCuFeW,True
Cu18W10Fe8Mo24Cr22,206.5999,CrCuFeMoW,True
Cu22Ni14Fe7Mn14Cr10,206.60962,CrCuFeMnNi,True
Cu14Mo25Co15Cr7W8,206.61295,CoCrCuMoW,True
Co16Mo24Cu8Fe14W13,206.62428,CoCuFeMoW,True
Cr15Fe19Mn11Mo15W10,206.62729,CrFeMnMoW,True
Cu17Fe20Ni19Mo19Co18,206.639,CoCuFeMoNi,True
Fe20Co25W23Mo9Ni8,206.65474,CoFeMoNiW,True
Ni17W22Co14Mo17Fe9,206.65634,CoFeMoNiW,True
Mn18Ni13Fe21Cr7Co22,206.6614,CoCrFeMnNi,True
Cr10W12Co16Cu19Fe5,206.67422,CoCrCuFeW,True
Ni10Mo20Cr11W5Co11,206.69147,CoCrMoNiW,True
Cu15W9Mn6Fe13Ni9Cr14,206.70172,CrCuFeMnNiW,True
Ni10Fe18Mo19Cr8W13,206.72174,CrFeMoNiW,True
Fe21Cu5Mo12Ni14Co23W21,206.73021,CoCuFeMoNiW,True
Fe6Co7Cr19Mo16Cu14,206.76764,CoCrCuFeMo,True
Co13Cu21W8Mo15Ni9,206.7715,CoCuMoNiW,True
Cr7Mo17Ni13W10Cu12,206.77626,CrCuMoNiW,True
Cr13Mo25Co9Ni18W5,206.79074,CoCrMoNiW,True
Mn7Co19Cr8Cu25Fe23W20,206.79431,CoCrCuFeMnW,True
Cr6Co18Mn9Mo22W17Ni22,206.80066,CoCrMnMoNiW,True
Cu24Fe12Cr9Co11Mn17,206.8117,CoCrCuFeMn,True
Cu25Mn11Cr5Co16Mo16W15,206.81992,CoCrCuMnMoW,True
Co13W12Ni5Cr13Fe25,206.83276,CoCrFeNiW,True
Ni11Cu24Cr14Fe10W9,206.84462,CrCuFeNiW,True
Fe13Cr17Mn20Ni16W5,206.84882,CrFeMnNiW,True
Co14Fe9W20Mo22Cu20,206.87413,CoCuFeMoW,True
Mn21Mo24Fe5Co10W15Cr13,206.88419,CoCrFeMnMoW,True
Mn6Co25Fe24Cr17Cu19,206.89551,CoCrCuFeMn,True
Cr19Co17Cu24W11Fe5,206.91571,CoCrCuFeW,True
Fe21W7Ni13Mn20Cr22,206.92334,CrFeMnNiW,True
Fe24Mo17Co12Cr13W20,206.92786,CoCrFeMoW,True
Mo24Fe8Cr7Cu8W7Mn25,206.93219,CrCuFeMnMoW,True
Ni11Mo7Fe16Cr21W21,206.94534,CrFeMoNiW,True
Ni22Mn15Cr11Co21Fe7,206.94612,CoCrFeMnNi,True
Mo15Cr24Co7Fe7Ni20,206.96115,CoCrFeMoNi,True
Cu19W17Mo7Fe19Mn9Co19,206.97482,CoCuFeMnMoW,True
Fe22Co14Mn22Mo15Ni7,206.98164,CoFeMnMoNi,True
Cr16W18Co17Cu16Mo14,206.99065,CoCrCuMoW,True
Mo17Ni25W13Cr19Cu12,207.00371,CrCuMoNiW,True
Cr5Fe11Ni16W12Mo24,207.01353,CrFeMoNiW,True
Cu11Mo18W14Fe16Cr18,207.01355,CrCuFeMoW,True
Cr19Co22Mn13W11Mo19Cu7,207.01373,CoCrCuMnMoW,True
Mn21Co15Cr7Ni18Cu11,207.02597,CoCrCuMnNi,True
Ni9Cu17Co9Mo14W5,207.0293,CoCuMoNiW,True
Cu18Co20Ni5W23Mo19Cr16,207.06567,CoCrCuMoNiW,True
Mo12Ni21W8Mn14Cr15,207.08215,CrMnMoNiW,True
Cr14Mn12Mo17W15Cu12Ni23,207.10278,CrCuMnMoNiW,True
Mo20Ni5Cr7Co24Mn21W13,207.1152,CoCrMnMoNiW,True
Co13W19Cr25Fe16Ni6Mn6,207.12738,CoCrFeMnNiW,True
W19Mn24Cu15Cr24Mo20Co15,207.14778,CoCrCuMnMoW,True
Cr24Mn23W10Ni22Cu7Fe19,207.15906,CrCuFeMnNiW,True
Fe22Ni17Mo25W21Cr9,207.15926,CrFeMoNiW,True
Fe20Co19Cu11Cr19W19,207.16211,CoCrCuFeW,True
Cr6Fe16Cu9Mo12W24Co6,207.16959,CoCrCuFeMoW,True
Cu23W18Ni14Mo16Cr15,207.17322,CrCuMoNiW,True
Fe7Cu10Cr8Ni10W11,207.1813,CrCuFeNiW,True
W12Fe8Co18Cu11Cr18,207.18178,CoCrCuFeW,True
Mn14Fe11Cr12Ni25Cu23,207.1915,CrCuFeMnNi,True
W18Cr20Co7Mn23Cu12Mo5,207.19983,CoCrCuMnMoW,True
Mo21Fe23Cr21Co13Ni9,207.24562,CoCrFeMoNi,True
Cr11W12Ni18Mn15Fe23Cu10,207.24564,CrCuFeMnNiW,True
Ni8Fe8Co13Cr22W18Mn15,207.29123,CoCrFeMnNiW,True
Fe16W19Cu8Mo5Co14,207.30273,CoCuFeMoW,True
Ni15Cr11Cu21Fe23W25,207.30276,CrCuFeNiW,True
Fe17Co11Mo18Cu13Ni12,207.31863,CoCuFeMoNi,True
W17Cu13Cr12Mo14Ni15Mn25,207.33655,CrCuMnMoNiW,True
Mo8Ni22Cr25Fe17Cu7,207.35162,CrCuFeMoNi,True
Cu19Ni18Mo16Cr6W19,207.37415,CrCuMoNiW,True
Fe15Mo13Ni7W16Co20,207.3818,CoFeMoNiW,True
Cr16Mo24Co13W9Cu17,207.38673,CoCrCuMoW,True
Cr13W18Mo23Co11Fe18Ni6,207.41296,CoCrFeMoNiW,True
Fe18Cr9Mn11Cu23Co13,207.43335,CoCrCuFeMn,True
Fe11Co17W19Cu16Cr21Ni5,207.44247,CoCrCuFeNiW,True
Mn22Cr10Ni6Co8Cu16,207.44516,CoCrCuMnNi,True
Cu5Mo25Ni21W5Fe23,207.44844,CuFeMoNiW,True
W14Ni16Cr25Mo21Fe13,207.45212,CrFeMoNiW,True
Fe5W24Co25Cr23Ni24,207.48062,CoCrFeNiW,True
Cr10Co18W19Cu12Mn16Mo7,207.4818,CoCrCuMnMoW,True
Cu24Mn5Co21Fe8W13Cr14,207.48695,CoCrCuFeMnW,True
Fe25Cu20Cr8Co19Mn24,207.4906,CoCrCuFeMn,True
Mn22Cr25Mo15Cu23W22Ni12,207.49112,CrCuMnMoNiW,True
Cr5Mo10W21Ni15Fe22,207.49582,CrFeMoNiW,True
Cr9Fe17Mo6W12Ni6,207.4995,CrFeMoNiW,True
Fe10Ni5Cu23Mn6Cr12,207.49966,CrCuFeMnNi,True
Fe21Mo21Ni22W24Cr6,207.5148,CrFeMoNiW,True
Co12Mo22Mn8Ni22W20Cr17,207.51602,CoCrMnMoNiW,True
Fe10W6Mn14Cr17Mo17,207.51675,CrFeMnMoW,True
Ni7W14Co19Cu5Fe16Cr6,207.53705,CoCrCuFeNiW,True
W11Ni19Cr18Co11Mo17,207.54852,CoCrMoNiW,True
Ni10W25Mo6Fe13Co18Cu12,207.55353,CoCuFeMoNiW,True
Mn15Fe25Co22Cr9Ni21,207.55833,CoCrFeMnNi,True
Mo23Co15W17Cu24Fe7,207.56119,CoCuFeMoW,True
Cu19Fe16Ni16Mn8Mo6Cr11,207.56827,CrCuFeMnMoNi,True
Fe20Ni19Mn7Mo5Cu21W17,207.57059,CuFeMnMoNiW,True
Fe14Mo14Co6Mn12Cr20W25,207.57188,CoCrFeMnMoW,True
Cr9Co20Ni14W16Mo16,207.57224,CoCrMoNiW,True
Fe12Mo13Mn23W7Ni18Cu22,207.57397,CuFeMnMoNiW,True
Mo14Cr18W5Mn20Cu19,207.60956,CrCuMnMoW,True
Fe16Mn24Cr18Ni25W8,207.62106,CrFeMnNiW,True
Ni17Mo13Co5Mn21Fe12,207.62476,CoFeMnMoNi,True
Mo23Fe14Cr18W7Cu8,207.62758,CrCuFeMoW,True
W23Cu20Fe16Cr13Ni17,207.62982,CrCuFeNiW,True
Cu25W13Mn19Co13Cr5Mo19,207.67426,CoCrCuMnMoW,True
Ni19Mn24Fe17W7Cr11,207.68468,CrFeMnNiW,True
Ni6Cu24Fe7W5Mn20Cr25,207.69778,CrCuFeMnNiW,True
Fe15Mn7Ni7Cr20Co23W24,207.7026,CoCrFeMnNiW,True
Cr5W23Ni17Fe8Mn23Co15,207.7046,CoCrFeMnNiW,True
W20Mo19Ni25Fe8Co6Cr20,207.7055,CoCrFeMoNiW,True
Cr11Mn23Co9Mo5Fe8,207.71225,CoCrFeMnMo,True
W8Cr19Fe14Cu6Mn16Ni24,207.7149,CrCuFeMnNiW,True
Mn14Mo20W8Cr15Fe16,207.71552,CrFeMnMoW,True
Cr18Ni24Co13W21Fe8,207.71913,CoCrFeNiW,True
Cu16Fe20Mo7Mn24Co10,207.72705,CoCuFeMnMo,True
W6Mo21Cr7Fe15Cu7,207.73163,CrCuFeMoW,True
Fe13Co8Ni17Cr22W18,207.75455,CoCrFeNiW,True
Cu25Co10W17Fe22Mn12Cr12,207.76096,CoCrCuFeMnW,True
Ni9Fe25Cr21Mn17W5,207.76727,CrFeMnNiW,True
Ni22Mn13Fe21Co19Cr9,207.78181,CoCrFeMnNi,True
Mo8Co16Mn14W22Ni7Cr22,207.7864,CoCrMnMoNiW,True
Mo21Co13Cu16Cr15W14Ni7,207.78662,CoCrCuMoNiW,True
Cr17Cu10W25Mo20Mn24Fe20,207.7911,CrCuFeMnMoW,True
Mn10Cr14Fe6Cu17W9Co9,207.79126,CoCrCuFeMnW,True
Mo16Ni9W22Cr7Mn23Fe14,207.80183,CrFeMnMoNiW,True
Fe18Mn12Cr5Co18W8,207.80338,CoCrFeMnW,True
Mo11W24Cr14Cu19Co9Ni10,207.80933,CoCrCuMoNiW,True
W6Cu13Mo20Fe8Co7,207.82144,CoCuFeMoW,True
W12Cr13Mo20Ni10Fe14,207.84035,CrFeMoNiW,True
Cr15Mo21Cu20W22Ni24,207.85852,CrCuMoNiW,True
Fe19Mn10W12Ni15Co7Mo11,207.88168,CoFeMnMoNiW,True
W6Cr19Mo7Cu24Ni7,207.89749,CrCuMoNiW,True
Fe5Co17Ni14Mn9Cu19,207.91283,CoCuFeMnNi,True
Mo20Cr12Ni9Co8Fe15W20,207.92795,CoCrFeMoNiW,True
Cr14W24Cu16Ni16Co9Fe9,207.935,CoCrCuFeNiW,True
Mo19Fe11W13Ni8Co17,207.93709,CoFeMoNiW,True
W8Fe5Co22Mo14Cr12,207.93759,CoCrFeMoW,True
Cr22Ni5Mn19Co11W19Fe14,207.93976,CoCrFeMnNiW,True
Mo9Cr14Fe18Mn5Cu16Ni20,207.94339,CrCuFeMnMoNi,True
Mn16Mo5W23Ni5Fe13Cr11,207.94365,CrFeMnMoNiW,True
W9Co14Ni20Mo18Cu9,207.9538,CoCuMoNiW,True
Co15Fe6W10Cu9Cr8,207.96112,CoCrCuFeW,True
Ni16Cu21Cr5Mo22W15,207.9667,CrCuMoNiW,True
Ni16Cr25Mo18Cu11Fe11,207.97601,CrCuFeMoNi,True
Cr16W19Fe21Mn7Cu16Co23,207.99594,CoCrCuFeMnW,True
Mn24Co15Ni19Cr9Cu7,207.99603,CoCrCuMnNi,True
Cu11Ni20Mo25W12Co24,208.00272,CoCuMoNiW,True
Cu12Fe23Mo23W20Cr14Mn8,208.00487,CrCuFeMnMoW,True
Cr5Mo18W9Co13Fe7,208.00789,CoCrFeMoW,True
W10Mn11Fe25Mo20Cr16,208.00946,CrFeMnMoW,True
Cr10W12Cu12Ni17Mo17,208.02539,CrCuMoNiW,True
Fe25Mo12Ni12Mn24Cu7,208.0289,CuFeMnMoNi,True
Cu24Co16W18Mo22Cr20,208.03036,CoCrCuMoW,True
Mo21W19Co12Fe17Ni14,208.03687,CoFeMoNiW,True
Co23W6Mo24Cr15Mn20,208.03932,CoCrMnMoW,True
Co14Cu15Mo6W17Cr20,208.04697,CoCrCuMoW,True
Ni22Cu22Mo14Fe23W14Mn23,208.04834,CuFeMnMoNiW,True
W16Ni7Mo22Cu13Co25Cr19,208.05646,CoCrCuMoNiW,True
Mo21Co17Cr25Fe19W23,208.05658,CoCrFeMoW,True
W8Mo8Co6Ni10Cu15,208.07037,CoCuMoNiW,True
Fe22Mo17Cr18Ni10Co8,208.08466,CoCrFeMoNi,True
Mo24Ni7Co25W9Cr20Fe5,208.08684,CoCrFeMoNiW,True
Co9Fe7W9Cu22Mo8,208.09592,CoCuFeMoW,True
Mn13W15Ni21Cu13Mo14Cr11,208.10748,CrCuMnMoNiW,True
Ni9W25Fe20Cr6Co24Mn16,208.11288,CoCrFeMnNiW,True
Cu12Co12Mo15Fe5W14,208.12961,CoCuFeMoW,True
Cr11Ni15Mo10W5Cu6,208.13016,CrCuMoNiW,True
Fe23Cu6W15Co24Mo19,208.1347,CoCuFeMoW,True
Cr7Ni13Co22Cu24W11,208.15118,CoCrCuNiW,True
Cr19W18Fe7Co16Mo5,208.15143,CoCrFeMoW,True
Cu8W13Ni14Fe16Cr5,208.15381,CrCuFeNiW,True
Ni7Mo23Cr16Co19Fe12,208.18169,CoCrFeMoNi,True
Mo22Co24Ni24Mn18Cr5W23,208.1849,CoCrMnMoNiW,True
W23Ni17Mo12Mn15Fe11Cr6,208.20789,CrFeMnMoNiW,True
W19Mn7Ni25Fe7Co12Cr11,208.20801,CoCrFeMnNiW,True
Ni5W24Co16Fe25Cr21Mo25,208.2095,CoCrFeMoNiW,True
Cu19Fe5W7Ni23Cr24,208.21092,CrCuFeNiW,True
Mo23Co10Ni15Cr11W6,208.22714,CoCrMoNiW,True
W14Mo10Cu15Cr21Ni15,208.2562,CrCuMoNiW,True
W20Co19Cu14Mo7Cr14,208.26202,CoCrCuMoW,True
Co25Cr22Mn19Mo19Ni8W23,208.28262,CoCrMnMoNiW,True
Mo15Co7Ni10Cr14Cu20,208.2922,CoCrCuMoNi,True
Co18Cr19Fe13Mn5Ni25,208.29303,CoCrFeMnNi,True
Cu12Fe25Cr19Mo11Co9,208.31284,CoCrCuFeMo,True
Ni20Co9W6Cu16Cr10,208.32367,CoCrCuNiW,True
Cu18Fe8Mo16W25Ni25,208.32773,CuFeMoNiW,True
Fe19Mn12Mo22Cr18W21Cu11,208.33112,CrCuFeMnMoW,True
Fe24Cu11Ni22Cr19W16,208.33636,CrCuFeNiW,True
Cr25W9Cu21Mo7Mn16,208.34381,CrCuMnMoW,True
Cu7Fe9W13Ni7Cr25Co19,208.35863,CoCrCuFeNiW,True
Mo18W16Ni14Co9Cr12Mn25,208.36548,CoCrMnMoNiW,True
Cr22Co20Mo18Cu22W22,208.37158,CoCrCuMoW,True
Mn14Ni19Co23Cr13Fe6,208.37485,CoCrFeMnNi,True
Cu23Cr9Co12W23Fe22,208.40701,CoCrCuFeW,True
Cu25Fe21Co22Mn15Cr11,208.41327,CoCrCuFeMn,True
W19Co16Cu10Mo13Ni10Cr20,208.41779,CoCrCuMoNiW,True
Fe25Co23Cr14W13Mn19,208.42108,CoCrFeMnW,True
W24Mo14Cu10Fe16Ni6Cr7,208.42546,CrCuFeMoNiW,True
Mo23Fe13Co11Cu18Cr25,208.43433,CoCrCuFeMo,True
Mn18Fe13Co25W24Ni20Mo5,208.43506,CoFeMnMoNiW,True
W13Fe24Mo5Co9Cr8,208.43811,CoCrFeMoW,True
Cu25Ni6Cr17Mn9W9Mo19,208.43985,CrCuMnMoNiW,True
Ni21Mo22Co5W24Cr12Fe13,208.44644,CoCrFeMoNiW,True
Cu11Mn21Ni24W22Cr22Mo8,208.44827,CrCuMnMoNiW,True
Fe17W16Cr21Mo17Ni12,208.44907,CrFeMoNiW,True
Ni6Fe14Mn13Cu9Cr13W7,208.46034,CrCuFeMnNiW,True
Mn20Cr5Ni5Co20W9Mo22,208.47482,CoCrMnMoNiW,True
Mo5Mn16Co6Fe16Ni13,208.49887,CoFeMnMoNi,True
Ni9Cu7Fe8Mo9Mn19,208.50061,CuFeMnMoNi,True
Cr10Fe18Ni12Mo25Co9,208.51416,CoCrFeMoNi,True
Cr23Fe14Cu17Co12Mo25,208.52515,CoCrCuFeMo,True
Fe21Co9Cu24Mo17Mn25W6,208.52632,CoCuFeMnMoW,True
Fe6Cr18W12Ni10Co12,208.52827,CoCrFeNiW,True
Ni20Co18Mn15Fe10Cr8,208.5362,CoCrFeMnNi,True
Cr14Co10Fe16W24Ni19,208.53665,CoCrFeNiW,True
Cu23Mn8Cr13Co24Ni17,208.5397,CoCrCuMnNi,True
W6Fe17Mn25Ni18Cr19,208.56651,CrFeMnNiW,True
Cr22Co12Fe16Ni9Mo20,208.56677,CoCrFeMoNi,True
Co17Cr9W15Mo20Ni16,208.59067,CoCrMoNiW,True
Co7Mo10W12Cr10Fe22,208.60654,CoCrFeMoW,True
Fe11W13Co7Cu21Mo13,208.60838,CoCuFeMoW,True
Fe25Cr23Mn18Co21Cu25W25,208.615,CoCrCuFeMnW,True
Mn9Cr17Fe5Cu23Ni11,208.62187,CrCuFeMnNi,True
Ni24Mo19Co8Cu21W13,208.62833,CoCuMoNiW,True
Cr15W16Cu5Mn21Ni22Mo5,208.62912,CrCuMnMoNiW,True
W23Mn25Co11Fe9Ni21Cr7,208.63124,CoCrFeMnNiW,True
Mn10Ni10Cu16Mo10Cr15W15,208.63954,CrCuMnMoNiW,True
Ni22Co7Mn10Cr7W17Mo5,208.66026,CoCrMnMoNiW,True
Mo20Fe9Cr19W17Cu23,208.66283,CrCuFeMoW,True
Co21Mo9W18Fe7Cu12,208.6649,CoCuFeMoW,True
W14Fe19Mo12Co9Cu6Ni14,208.66669,CoCuFeMoNiW,True
Fe17Co8Cr20Cu25W16,208.70834,CoCrCuFeW,True
W17Fe23Co19Mo7Mn20Ni7,208.71112,CoFeMnMoNiW,True
Cu15Mn8W17Mo20Cr22Co21,208.74542,CoCrCuMnMoW,True
Mo19Cu9Fe22Cr17Ni13,208.75684,CrCuFeMoNi,True
Fe24W17Cr21Co7Mo11,208.76965,CoCrFeMoW,True
Ni16Fe19Co13Mo14Cu15,208.7698,CoCuFeMoNi,True
Cr6Ni11W11Cu16Fe25,208.77905,CrCuFeNiW,True
W14Ni13Mo18Fe13Cr17,208.78703,CrFeMoNiW,True
W8Mo19Cr13Mn15Fe16,208.78726,CrFeMnMoW,True
Mn9Fe15W7Cr25Co20,208.79477,CoCrFeMnW,True
Cr10Fe16Co15Cu6Mo21,208.80415,CoCrCuFeMo,True
Ni5Mo11Co15Cu14Mn23,208.80789,CoCuMnMoNi,True
Co21W8Cu21Ni25Fe19,208.81772,CoCuFeNiW,True
Fe8Mo12Cr25Ni13Co7W17,208.83212,CoCrFeMoNiW,True
W17Cr20Co10Ni21Mo6,208.83482,CoCrMoNiW,True
Co5Cu17Mn24Cr19Fe9,208.8457,CoCrCuFeMn,True
Co18W6Cu25Cr12Ni12,208.85376,CoCrCuNiW,True
Ni10W23Fe13Cr18Co22,208.87518,CoCrFeNiW,True
Fe12Cu15Cr8Mn6Mo16Co25,208.88135,CoCrCuFeMnMo,True
W10Cu22Co17Ni17Cr15,208.88701,CoCrCuNiW,True
Cr19W22Fe6Mo22Ni22Mn15,208.88792,CrFeMnMoNiW,True
Co17Cu8W19Fe18Ni8Cr22,208.90494,CoCrCuFeNiW,True
Mo21Co21Cu12Fe6W14Ni12,208.90596,CoCuFeMoNiW,True
Cu20Mo24Fe20W23Cr20,208.91382,CrCuFeMoW,True
Mo21Cr9W21Fe24Cu6Co11,208.93622,CoCrCuFeMoW,True
Cr6W10Mo14Fe15Ni8,208.93895,CrFeMoNiW,True
Fe19Cr18Mo11Ni9Cu11,208.95854,CrCuFeMoNi,True
Cr7Mn21Co8Mo14Fe11W20,208.9612,CoCrFeMnMoW,True
Co7Mo24W12Cu21Fe13,208.9617,CoCuFeMoW,True
Fe17Co14Cr7W7Mn23,208.96451,CoCrFeMnW,True
W25Mo25Fe19Co21Ni14,208.96457,CoFeMoNiW,True
Fe11Cu5Mn7Cr12Mo11W12,208.97249,CrCuFeMnMoW,True
Co18Cr17Fe12Ni7W22Mo23,208.974,CoCrFeMoNiW,True
Cr14Mn7Cu7Co25Fe7,208.97543,CoCrCuFeMn,True
Co7Mo13W18Fe17Cu24,208.97934,CoCuFeMoW,True
W18Cu8Mo24Ni24Cr24Co17,208.98814,CoCrCuMoNiW,True
W14Cr7Fe15Co20Ni5,208.99481,CoCrFeNiW,True
Mo16Cu9Fe6W12Ni15,208.9988,CuFeMoNiW,True
W7Cu14Fe24Cr15Co6,209.02197,CoCrCuFeW,True
Cu8Mo23Cr22W9Fe25,209.02335,CrCuFeMoW,True
Mo16Cr20Co12Cu19W13,209.03174,CoCrCuMoW,True
Co8Cu12Mn11Ni21Cr7,209.0372,CoCrCuMnNi,True
Cr18Fe6Cu17Ni9Mn22,209.04398,CrCuFeMnNi,True
Cr7Cu21Ni19Co11W9,209.04854,CoCrCuNiW,True
Fe12W22Mo9Cr21Co15,209.05563,CoCrFeMoW,True
Co7Fe12Mo15Cr23W10Cu6,209.06381,CoCrCuFeMoW,True
W21Cu25Mo24Ni22Mn20Cr17,209.0908,CrCuMnMoNiW,True
Fe12Mo15Co5Cr5W20Ni22,209.10262,CoCrFeMoNiW,True
Mo14Mn23W13Cr17Fe18,209.10329,CrFeMnMoW,True
Cu5Mo5Cr13Mn18Co6,209.11827,CoCrCuMnMo,True
Mn16Co19W5Cr23Mo23,209.13705,CoCrMnMoW,True
Cu12Mo13W20Fe17Ni12,209.13855,CuFeMoNiW,True
Cr10Mo17Fe12W16Ni15,209.17368,CrFeMoNiW,True
Cr17Mn8Fe14Cu24Co23,209.18645,CoCrCuFeMn,True
Fe18Cu7Co20Cr25Mo7,209.19125,CoCrCuFeMo,True
Cu18Mn16Cr9W23Fe19Mo20,209.19351,CrCuFeMnMoW,True
Cr15Ni13Mo25Cu16Co19,209.19795,CoCrCuMoNi,True
Cr14Ni15W5Co10Mo22,209.20203,CoCrMoNiW,True
W15Mo7Ni18Mn22Fe19Cu20,209.224,CuFeMnMoNiW,True
Mn24Fe17Ni22Cr9Cu18,209.24046,CrCuFeMnNi,True
Ni18W22Mo16Co20Cu14,209.24924,CoCuMoNiW,True
Co8W23Fe16Cr7Mn12Mo9,209.25693,CoCrFeMnMoW,True
Co6Fe17Ni11Mn15Mo6,209.28322,CoFeMnMoNi,True
Cu15Co10W22Mo5Fe13,209.30344,CoCuFeMoW,True
Cr13Co25W16Ni11Mo6,209.30875,CoCrMoNiW,True
Co11Fe23Cr20Mo13W22,209.31735,CoCrFeMoW,True
Cr22Co12Mo17W13Fe6Ni13,209.31834,CoCrFeMoNiW,True
Ni14W20Cr13Fe24Co8,209.32367,CoCrFeNiW,True
Cr9Co5Fe11Cu15W24Mo13,209.32619,CoCrCuFeMoW,True
Mo24Cu14Ni15Co8W11Cr16,209.34311,CoCrCuMoNiW,True
Fe17W23Cu13Mo21Ni18,209.34424,CuFeMoNiW,True
Fe20Cr16Ni22W25Co7Mn6,209.35397,CoCrFeMnNiW,True
Cr16Ni24W23Fe20Cu16,209.3703,CrCuFeNiW,True
Mn23W18Cu11Co24Fe19Cr15,209.38574,CoCrCuFeMnW,True
Cr7Fe22Co13Mn13Cu17,209.40906,CoCrCuFeMn,True
Cr22Ni16Fe13W24Mo25Mn7,209.42671,CrFeMnMoNiW,True
Ni14Fe17Mn9Cr13Cu24,209.43817,CrCuFeMnNi,True
Fe16Mn9Cr15W8Co17,209.43903,CoCrFeMnW,True
W6Fe9Ni18Mo18Cu6,209.44054,CuFeMoNiW,True
Co16Mo17Ni18Cr19Cu16,209.45737,CoCrCuMoNi,True
Fe7Ni22Mn19Cr12Co5,209.46796,CoCrFeMnNi,True
W7Cr12Fe24Mn9Ni22,209.483,CrFeMnNiW,True
Cr17W8Ni23Cu21Mn8Fe5,209.49335,CrCuFeMnNiW,True
Ni10Mo12Mn23Cu9Fe20,209.49371,CuFeMnMoNi,True
Cr19W23Ni15Co22Mo9,209.49384,CoCrMoNiW,True
Cr20Cu12Co14W9Fe7Mn13,209.50183,CoCrCuFeMnW,True
Cr14Fe23Mo5Co9W21,209.50507,CoCrFeMoW,True
Co20W25Cu20Cr12Mo11,209.50659,CoCrCuMoW,True
W20Ni8Co20Fe20Mo12Cu10,209.51236,CoCuFeMoNiW,True
Mo17W5Fe7Ni15Cu6,209.51631,CuFeMoNiW,True
Fe15Ni12Mo25Cr21Co13W21,209.56018,CoCrFeMoNiW,True
Fe14Ni9Cr9Co7Mo19,209.56535,CoCrFeMoNi,True
Fe13Ni6Co11Cr19Mo10,209.56703,CoCrFeMoNi,True
Cr5W19Mn25Co20Mo19Ni14,209.62576,CoCrMnMoNiW,True
Fe25W16Mo5Ni7Co20Mn11,209.6294,CoFeMnMoNiW,True
Fe10Cu17Cr13Mo17Co6W23,209.65839,CoCrCuFeMoW,True
Mo11Co15W7Mn13Cr23,209.6589,CoCrMnMoW,True
Mo11Ni10Mn20Fe23Co11,209.66138,CoFeMnMoNi,True
Fe7Cu19Co6Mn17Ni15,209.6626,CoCuFeMnNi,True
Cr17Ni5Fe20Cu17W25Co22,209.68637,CoCrCuFeNiW,True
Cr14Ni17W12Mo16Co12,209.70093,CoCrMoNiW,True
W17Co9Mo5Cr15Fe12,209.70676,CoCrFeMoW,True
Fe17Mn5W5Ni20Cr22,209.71555,CrFeMnNiW,True
Co11Ni25Cr11Cu23Mo10Mn7,209.71854,CoCrCuMnMoNi,True
W10Cu8Co13Fe24Mo10,209.75723,CoCuFeMoW,True
Cu13W9Fe10Mo22Cr7,209.75922,CrCuFeMoW,True
Mn8Co16Cr9Ni12Fe22,209.78506,CoCrFeMnNi,True
W18Fe11Mo9Ni17Mn21Co18,209.80287,CoFeMnMoNiW,True
Mo12Cu9Co18W9Cr19,209.80476,CoCrCuMoW,True
Mn25Fe19Ni12Mo22Co8,209.81459,CoFeMnMoNi,True
Mo19Cu12Ni9Cr13Co21,209.81613,CoCrCuMoNi,True
Cr20Ni7Mn13Fe8W12Co5,209.81981,CoCrFeMnNiW,True
Co21Mn10Fe20Cr15Cu23W21,209.83139,CoCrCuFeMnW,True
W14Cr14Mo17Co11Fe14,209.83386,CoCrFeMoW,True
W13Cu14Fe22Ni21Mo5Mn9,209.8378,CuFeMnMoNiW,True
Cr20Ni19Mo18W8Co11,209.85486,CoCrMoNiW,True
Ni6Co24Cr21Mn21Fe12W24,209.86737,CoCrFeMnNiW,True
Fe14Mo9Co6Cu15Ni10W17,209.88086,CoCuFeMoNiW,True
Cu8Fe20Cr6Mo22Ni7,209.88464,CrCuFeMoNi,True
Mo14Mn11Cu22Fe6Cr13Co22,209.89581,CoCrCuFeMnMo,True
Cu19W12Mo24Fe6Cr17Co6,209.89594,CoCrCuFeMoW,True
Mn23Co14Cu13W19Cr19Mo14,209.91559,CoCrCuMnMoW,True
Co6Fe25Mo15Cr14Cu12,209.9157,CoCrCuFeMo,True
Cr18Fe14W13Mo23Co12,209.92023,CoCrFeMoW,True
Cu6Co7Mo6Ni20Cr13,209.92404,CoCrCuMoNi,True
Mo5Cr5Fe15W5Mn20,209.92538,CrFeMnMoW,True
Cr7Co9Fe24Cu17Mn16,209.93501,CoCrCuFeMn,True
Ni14Mo22Cr18Fe14Co6,209.9359,CoCrFeMoNi,True
Fe24Ni10Mo19Cr5W24Mn23,209.95717,CrFeMnMoNiW,True
Co16Ni20Cr11Mn9Fe23,209.96799,CoCrFeMnNi,True
W8Co6Fe20Cr11Mo20,209.9939,CoCrFeMoW,True
Co11Cu9Cr17Ni21Mo10,210.0133,CoCrCuMoNi,True
Cr17Ni16Mn8W16Mo9Co5,210.01788,CoCrMnMoNiW,True
Mo12Mn24Cu10Ni9Fe9,210.02588,CuFeMnMoNi,True
Co23Ni8Cu5Mo10W8Cr11,210.05536,CoCrCuMoNiW,True
Cr5Ni13Co13Mn22Fe17Cu25,210.06718,CoCrCuFeMnNi,True
Co12Ni11Mo9Cu10Fe18,210.07883,CoCuFeMoNi,True
Fe19Cu24Co14Mn7Cr14,210.08562,CoCrCuFeMn,True
Mo22Co15W18Cr8Fe21,210.08876,CoCrFeMoW,True
Fe9Cr8Ni9Co17Mn6,210.09427,CoCrFeMnNi,True
Cr18Co18Fe11Cu6W8,210.12009,CoCrCuFeW,True
Mo17Co18Ni9Cu24W9,210.13162,CoCuMoNiW,True
Cr7W13Mo24Ni24Fe10,210.13266,CrFeMoNiW,True
W10Fe9Mn16Cr24Ni17Cu25,210.13423,CrCuFeMnNiW,True
Cr18Co16W25Fe18Ni7Mo21,210.18034,CoCrFeMoNiW,True
Mo9Fe23W12Cu8Ni14,210.18262,CuFeMoNiW,True
Fe19W9Cr13Mn14Mo17,210.1866,CrFeMnMoW,True
W9Fe11Cu5Mo16Ni16,210.19443,CuFeMoNiW,True
Cu6Ni13Mo11Co11Cr6W20,210.20325,CoCrCuMoNiW,True
W7Mo17Ni21Fe6Cr8,210.22546,CrFeMoNiW,True
Co24Cu23Ni15Cr12Mn9,210.23524,CoCrCuMnNi,True
Mo10Cr19Co15Ni17Cu14,210.24106,CoCrCuMoNi,True
Fe16Mo15Cu6Ni24W10,210.24579,CuFeMoNiW,True
W24Mo24Cu21Ni25Fe7,210.25732,CuFeMoNiW,True
Ni15Co24Fe6W20Mo6,210.25903,CoFeMoNiW,True
Ni24Cu11Mo8Cr11Mn8Fe17,210.26245,CrCuFeMnMoNi,True
Cr11W11Mo22Co21Cu12,210.26328,CoCrCuMoW,True
Ni18W10Cu9Mo25Fe25,210.28253,CuFeMoNiW,True
Mn23Ni9W17Mo13Co10Cr17,210.28711,CoCrMnMoNiW,True
Ni9Cr6Fe19Cu10Mn17,210.30156,CrCuFeMnNi,True
Fe18Ni18Mo16Mn7Co18Cr5,210.31378,CoCrFeMnMoNi,True
Cu14Mn24Co23W15Cr20Fe10,210.31577,CoCrCuFeMnW,True
Co8Mo17W16Fe16Ni16,210.31961,CoFeMoNiW,True
Mo17Cr19Fe21Ni9W13,210.32504,CrFeMoNiW,True
Mo22W12Cr9Ni17Cu22Mn14,210.3324,CrCuMnMoNiW,True
Cu21Ni15W19Mo8Cr6,210.3398,CrCuMoNiW,True
Mo22Co25Fe19Cu6W11,210.34879,CoCuFeMoW,True
Ni15Fe11Mn21Mo11W6Cu22,210.34995,CuFeMnMoNiW,True
Ni21Co21Fe6Mn5Cr13Mo19,210.353,CoCrFeMnMoNi,True
Fe9Ni14Co21W16Mo24,210.35582,CoFeMoNiW,True
Mo18Cu20Cr16Mn24Ni24W22,210.36664,CrCuMnMoNiW,True
Cu25Mn15Mo5W6Fe23,210.36778,CuFeMnMoW,True
Fe23Cu16Mn20Cr21Ni5W8,210.37057,CrCuFeMnNiW,True
Fe18Mo17Co6Cr24Ni16,210.38132,CoCrFeMoNi,True
Cu9Mo19W20Co22Fe23,210.38145,CoCuFeMoW,True
Co17Cr19Fe12Mo25W11Ni5,210.38339,CoCrFeMoNiW,True
Cr13W14Mn25Ni19Mo18Cu10,210.39407,CrCuMnMoNiW,True
Co21Mo20W20Cu10Ni10Cr7,210.3997,CoCrCuMoNiW,True
Co22W19Ni18Mo25Fe14Cu7,210.43442,CoCuFeMoNiW,True
Cr7Mn24Mo7W12Co11Ni6,210.44037,CoCrMnMoNiW,True
Cu23Co22Mn11Cr10Ni9,210.44289,CoCrCuMnNi,True
W25Mn10Cr9Mo10Co22Ni18,210.45633,CoCrMnMoNiW,True
Fe5W21Co21Mo14Cu20,210.46225,CoCuFeMoW,True
Cr22Mo5Fe17W24Ni13,210.47473,CrFeMoNiW,True
Mn23Cu24Cr12W14Fe10Co12,210.47868,CoCrCuFeMnW,True
Fe15Mo23Ni15W25Co20,210.49646,CoFeMoNiW,True
Ni16Cu22Mo12Cr8Mn11Co25,210.50644,CoCrCuMnMoNi,True
Cu10Ni13W16Cr21Co18Fe5,210.5079,CoCrCuFeNiW,True
Co11Cr24Mo25Fe15W10,210.50916,CoCrFeMoW,True
Co25W21Mo14Cu15Fe8,210.51573,CoCuFeMoW,True
Cr13Mo12Cu21Ni21Mn22W23,210.54752,CrCuMnMoNiW,True
Fe12Cu25Cr12Mn20Co9W13,210.56036,CoCrCuFeMnW,True
Mo6W7Cr17Co15Mn25,210.56085,CoCrMnMoW,True
Ni15Co5Mn23Cr8Fe9W18,210.57898,CoCrFeMnNiW,True
Ni20W9Cu9Mo12Cr11,210.58871,CrCuMoNiW,True
Ni12Fe14Co21Cr5W23Mn15,210.58896,CoCrFeMnNiW,True
Mn6Ni9Cu12Fe8Cr6,210.59357,CrCuFeMnNi,True
W21Fe15Ni16Co8Mo5,210.59666,CoFeMoNiW,True
Mn6Ni10W18Cr7Co17Fe10,210.6081,CoCrFeMnNiW,True
Fe10W20Cu25Ni23Cr10,210.62543,CrCuFeNiW,True
Cu13Ni9W18Mo24Fe17Co24,210.63315,CoCuFeMoNiW,True
Co10Ni18Mo17Cr18W7,210.6496,CoCrMoNiW,True
Ni10W19Cr15Co16Cu12Mo19,210.65259,CoCrCuMoNiW,True
Cr8Fe14W7Co14Mn20,210.65549,CoCrFeMnW,True
Mo24Mn10Ni13W16Co19Cr17,210.6604,CoCrMnMoNiW,True
Ni16Cr19Cu19W16Fe12,210.66422,CrCuFeNiW,True
Mo23Cr7Ni5Cu16Co8,210.68689,CoCrCuMoNi,True
W15Fe12Ni25Mo24Cu16Co9,210.69443,CoCuFeMoNiW,True
Fe11Mn21Co8Cu14Ni10,210.69833,CoCuFeMnNi,True
Fe7Cu6Ni17Mn18Co21,210.70145,CoCuFeMnNi,True
Co12Mo24W13Fe17Cr8,210.7128,CoCrFeMoW,True
Cr25Ni11W11Fe12Mo8,210.7128,CrFeMoNiW,True
W9Mo6Co5Cr18Cu7Ni24,210.71756,CoCrCuMoNiW,True
Mo9Cu15Fe8Cr16W16,210.72527,CrCuFeMoW,True
Ni7Mo10Co16W7Cr9,210.73166,CoCrMoNiW,True
Co9Fe18W23Cr15Ni20,210.7433,CoCrFeNiW,True
W8Mn19Mo5Cr10Co25,210.75046,CoCrMnMoW,True
Cu25Fe9Mn7Co22Cr23,210.76846,CoCrCuFeMn,True
Ni9Cu19Cr15W10Mo13,210.7703,CrCuMoNiW,True
Ni21Co7Mo24Cr11Fe12W24,210.77078,CoCrFeMoNiW,True
Mo24Cr20W11Mn23Fe19,210.77814,CrFeMnMoW,True
Fe6Cu23Mo9W25Ni23,210.7799,CuFeMoNiW,True
Cr17Ni5Mn12Co19Mo22W10,210.78625,CoCrMnMoNiW,True
Cr10Cu7W7Ni18Fe10,210.79327,CrCuFeNiW,True
Cr8Fe19W15Co8Cu15,210.79549,CoCrCuFeW,True
Fe6W25Cu9Mo8Cr22Ni21,210.79875,CrCuFeMoNiW,True
Fe10Co15W24Mo15Ni21,210.80235,CoFeMoNiW,True
W16Mn12Co10Ni7Cr16Fe9,210.8058,CoCrFeMnNiW,True
Mo15Cr15Co19W14Fe8,210.80667,CoCrFeMoW,True
Fe7Co17Cr14Cu22Mn13,210.82106,CoCrCuFeMn,True
Mo8W13Cr23Fe5Co22,210.83093,CoCrFeMoW,True
Mn5Ni14Co24Cr14Cu12,210.832,CoCrCuMnNi,True
Cr19Mo5W9Ni19Mn9,210.8389,CrMnMoNiW,True
Fe8Mn19Mo7W22Cr15Cu13,210.8462,CrCuFeMnMoW,True
Ni20Mn15Mo11Fe25W5,210.86423,FeMnMoNiW,True
Ni23Cr13Cu21Mn8Co19,210.8844,CoCrCuMnNi,True
Co23W11Ni13Cr14Mo24,210.90189,CoCrMoNiW,True
W24Cr15Ni9Fe18Co23,210.90701,CoCrFeNiW,True
Ni20Fe5Mo8Co22Mn16Cr7,210.92055,CoCrFeMnMoNi,True
Mo17Cu6Cr17Fe6Ni12,210.92094,CrCuFeMoNi,True
Cu14Fe5Mn14Ni21Co15,210.93185,CoCuFeMnNi,True
Ni19Cu12Mo16Cr8W9Mn8,210.93727,CrCuMnMoNiW,True
Ni15Cr7W5Mo21Cu10,210.93845,CrCuMoNiW,True
Co13Mn17Fe9Cu10Ni5,210.9446,CoCuFeMnNi,True
Fe20Cu7Co20Mo10W19Ni10,210.94595,CoCuFeMoNiW,True
Cr18Cu22Ni23Mn8Fe16,210.95154,CrCuFeMnNi,True
Ni11Cr7Mn23W12Mo19Cu23,210.95648,CrCuMnMoNiW,True
Mo23Cr17Fe25Ni8Cu15,210.96107,CrCuFeMoNi,True
Mo12Co21W23Cr22Cu19,211.0039,CoCrCuMoW,True
Mo11W7Cr14Mn18Cu22,211.00682,CrCuMnMoW,True
Cr5Mo10Co25Fe5Cu15Mn13,211.01218,CoCrCuFeMnMo,True
Mn10W21Cr11Mo8Ni22Fe5,211.01967,CrFeMnMoNiW,True
Mo7Cr18Ni9W12Cu6Co10,211.02374,CoCrCuMoNiW,True
Cu10Fe18W20Mo22Ni21,211.03008,CuFeMoNiW,True
Mo11Cu16W5Ni15Mn21Fe11,211.03325,CuFeMnMoNiW,True
Mo14Fe20Co7W12Cr20,211.04861,CoCrFeMoW,True
Cr13W18Co17Ni17Cu6Mo23,211.06554,CoCrCuMoNiW,True
Fe8W7Cr8Ni22Mn5Cu15,211.06879,CrCuFeMnNiW,True
W16Co23Mo6Cu8Ni7Cr13,211.07962,CoCrCuMoNiW,True
Fe7Cu21Mn24Co20Ni23,211.08127,CoCuFeMnNi,True
Ni18Fe15Cu8Mo18Cr24,211.097,CrCuFeMoNi,True
Mo14Ni6Fe9Cr25Cu22,211.09836,CrCuFeMoNi,True
W13Fe24Mn22Mo15Ni24Cu22,211.10556,CuFeMnMoNiW,True
Fe8Co20Cr14W17Cu24,211.10799,CoCrCuFeW,True
Cu19Cr10Fe7Mo10W14,211.10803,CrCuFeMoW,True
W22Ni15Fe12Mo17Co14,211.10837,CoFeMoNiW,True
Fe10Co5Cu15Cr6Mn7,211.11407,CoCrCuFeMn,True
Cu15Mn25Cr10Co11W14Fe12,211.15915,CoCrCuFeMnW,True
W16Fe10Mn10Mo21Ni18Cr7,211.17218,CrFeMnMoNiW,True
W25Ni15Co21Cr11Mn25Mo17,211.1749,CoCrMnMoNiW,True
W16Fe12Mo24Co19Cr10,211.18188,CoCrFeMoW,True
Fe11Cr25Cu24Mo20Co6,211.19522,CoCrCuFeMo,True
W21Mn13Cr6Co24Mo12Ni15,211.20158,CoCrMnMoNiW,True
Fe25Cr17Ni10Cu25W17,211.21259,CrCuFeNiW,True
Fe21Co25W9Mn18Cr5,211.25403,CoCrFeMnW,True
Fe14Cr18Mo25Ni23W19,211.25554,CrFeMoNiW,True
Mo23Fe18Cu19W24Co13,211.25603,CoCuFeMoW,True
W19Mo8Fe7Cu24Cr24,211.26201,CrCuFeMoW,True
Fe12Co16W19Cr20Mo13,211.28265,CoCrFeMoW,True
Ni5Mo8Cr23Fe24W15Cu5,211.28394,CrCuFeMoNiW,True
Ni18Fe8Cr11Cu17Mn9,211.28955,CrCuFeMnNi,True
Cr19Ni21Co18Mn5Fe17,211.31128,CoCrFeMnNi,True
Fe20W13Cr25Ni12Co8,211.31941,CoCrFeNiW,True
Co16W17Mo11Ni8Fe13,211.32051,CoFeMoNiW,True
Co19Cu21Fe13W9Mo13Mn20,211.34036,CoCuFeMnMoW,True
Fe10W16Mo25Cu25Cr17,211.34972,CrCuFeMoW,True
Cr16Co15Fe7Mn16Cu25,211.37,CoCrCuFeMn,True
Cr17Co14Fe10W25Mo6Ni7,211.37903,CoCrFeMoNiW,True
Cr19W23Fe12Cu19Mo20Co6,211.39111,CoCrCuFeMoW,True
W13Fe15Ni23Cu15Cr10Mn19,211.40408,CrCuFeMnNiW,True
Co5Mo5Cu16Fe17W15,211.41658,CoCuFeMoW,True
Cr10Cu19Mo24Co16W13,211.42677,CoCrCuMoW,True
Co11Fe24Mo5W25Cr17,211.43454,CoCrFeMoW,True
Fe23Cu23Mn20Co6Cr9,211.46085,CoCrCuFeMn,True
Mo7Cu22Fe9Mn19Cr10W24,211.46127,CrCuFeMnMoW,True
Mo18Cr11Co18Fe15Ni23Mn5,211.4738,CoCrFeMnMoNi,True
Ni20Cr13W6Fe14Mn14,211.47644,CrFeMnNiW,True
Cr15Ni24Mn6Co21Cu15,211.48212,CoCrCuMnNi,True
Co23Fe7Cr10W21Ni17,211.48756,CoCrFeNiW,True
Ni10Mn19Fe25Mo15Co5,211.50789,CoFeMnMoNi,True
Co10Fe21W8Mn17Cr18,211.50975,CoCrFeMnW,True
Cr13W22Co15Fe23Cu15,211.51726,CoCrCuFeW,True
Mo24W24Cu17Fe16Co16,211.5419,CoCuFeMoW,True
Cu9Ni19Cr24Fe21W10,211.54248,CrCuFeNiW,True
Cr11Cu8Ni21Mn8Co24,211.54913,CoCrCuMnNi,True
Ni25W12Cr21Mn19Cu14Fe16,211.5514,CrCuFeMnNiW,True
Cu10Fe24Mo16W18Co17,211.56798,CoCuFeMoW,True
Cr24W19Mo8Cu20Fe9,211.59326,CrCuFeMoW,True
Cu11Mn24Cr16Ni18Fe8,211.5976,CrCuFeMnNi,True
Cu6Ni15Cr7Mn15Co21,211.60043,CoCrCuMnNi,True
Co24Cu19W23Ni14Mo6,211.60944,CoCuMoNiW,True
Mn7W15Cu6Fe24Mo23Cr22,211.60945,CrCuFeMnMoW,True
Mn19Mo22Co21Fe25W5Ni6,211.6165,CoFeMnMoNiW,True
Fe5Ni21W18Co19Mo20,211.64023,CoFeMoNiW,True
Mo19Cr24Fe7Cu19W17Ni9,211.65094,CrCuFeMoNiW,True
Co8Mo16Fe11W9Cr13,211.66855,CoCrFeMoW,True
Cr25Cu11Co19Mo6Ni25,211.67065,CoCrCuMoNi,True
Co17Cr8W15Ni25Cu21,211.67325,CoCrCuNiW,True
Co14Cr7Ni14Mn20Cu19Fe6,211.67807,CoCrCuFeMnNi,True
Cu14Mn11Ni19Fe5Cr13,211.68073,CrCuFeMnNi,True
W15Mn5Co11Ni22Mo16Cr10,211.68494,CoCrMnMoNiW,True
Cr9Fe9Ni20W16Co9,211.68652,CoCrFeNiW,True
W11Mn9Cr18Fe17Mo9,211.69403,CrFeMnMoW,True
Fe10W22Mo25Ni18Co22,211.70456,CoFeMoNiW,True
Fe14Co14W24Mo19Cu18,211.70517,CoCuFeMoW,True
Mn24Fe14Co5Cu18Ni25,211.71262,CoCuFeMnNi,True
Cr5Cu21Co8Mo15Mn10W7,211.71268,CoCrCuMnMoW,True
W8Fe5Mo24Ni11Co21Cr22,211.72276,CoCrFeMoNiW,True
Cu20Cr22Mo14W12Ni12,211.73062,CrCuMoNiW,True
W25Co23Ni14Mn22Cr11Mo15,211.74774,CoCrMnMoNiW,True
Fe22Cu16Mo8W24Cr8,211.75195,CrCuFeMoW,True
Mo15Co8Cu22W8Cr14,211.7604,CoCrCuMoW,True
W12Mn9Cr9Ni17Cu16Fe20,211.76364,CrCuFeMnNiW,True
Mo24Co16Cu17Fe20W25,211.77365,CoCuFeMoW,True
Mn20Fe15Mo6Cr6Co8W25,211.7797,CoCrFeMnMoW,True
W7Mo17Fe5Cr22Ni23,211.78262,CrFeMoNiW,True
Mn13Fe25Cr7Co13Ni5,211.7894,CoCrFeMnNi,True
Mn24Fe18W20Cr8Mo17Co5,211.79375,CoCrFeMnMoW,True
Mo24Co12Ni21Fe9W12,211.79666,CoFeMoNiW,True
Cr13Co16W16Cu22Fe11Mn24,211.80542,CoCrCuFeMnW,True
Co7Mo13Cr15W14Mn5Ni17,211.81392,CoCrMnMoNiW,True
Cu16Cr14Mo10Ni8Co9,211.81532,CoCrCuMoNi,True
Ni14Mo19W17Fe23Cr10,211.81732,CrFeMoNiW,True
W15Cr24Fe7Mn11Mo10Ni5,211.81812,CrFeMnMoNiW,True
Ni14W20Fe23Mo18Cr25,211.83353,CrFeMoNiW,True
Cr6W16Co23Cu17Mo19,211.83353,CoCrCuMoW,True
Fe6Mn21Cu19Ni19Cr17,211.83858,CrCuFeMnNi,True
Mn25Cr20W22Mo19Fe6Cu24,211.85736,CrCuFeMnMoW,True
Mo13Co19Fe9W6Mn24Cu24,211.87427,CoCuFeMnMoW,True
Co20Fe21Cu14W20Cr25,211.88278,CoCrCuFeW,True
Fe8Ni13W7Mo15Cu5,211.90125,CuFeMoNiW,True
Mo11Ni12Cr19Fe10Co6,211.91113,CoCrFeMoNi,True
Co9Cu16Mo6W20Fe12,211.91515,CoCuFeMoW,True
Fe14Mo15Cu13W13Cr25,211.91754,CrCuFeMoW,True
Co15W20Cr25Mo7Ni20,211.92148,CoCrMoNiW,True
Fe19Mn5W19Mo19Ni20Co23,211.94334,CoFeMnMoNiW,True
Co24Cr10Ni20Mn22Fe12,211.94754,CoCrFeMnNi,True
Co15Ni18Fe10W20Mo22,211.95244,CoFeMoNiW,True
Fe24Cr23Mo22Co6W7,211.9582,CoCrFeMoW,True
Fe14Cu10Ni13Mo15Cr22,211.9722,CrCuFeMoNi,True
Co6Cu12W8Fe6Cr8,211.9737,CoCrCuFeW,True
Ni9Fe20Cr12Co15W22,211.99475,CoCrFeNiW,True
Fe14Mn11Ni23Co13Cr9,212.01996,CoCrFeMnNi,True
W6Fe19Cr13Cu5Mo12,212.02222,CrCuFeMoW,True
Cu23Cr15Ni22Mn7Mo13Co25,212.028,CoCrCuMnMoNi,True
Co9W9Ni11Mn10Mo24Cr18,212.02997,CoCrMnMoNiW,True
Ni11Cr8Cu19Mn21Fe25,212.03561,CrCuFeMnNi,True
W25Mo14Fe24Co12Cu18,212.05707,CoCuFeMoW,True
Mn12Cr6W13Fe15Cu15Mo23,212.06949,CrCuFeMnMoW,True
Fe13Ni18Cu7Co7Mn21,212.0705,CoCuFeMnNi,True
W19Fe22Ni20Cr14Cu13,212.07816,CrCuFeNiW,True
Cu22Cr5Mo23W12Co14,212.08632,CoCrCuMoW,True
Cr5Fe11Mo13Ni5W8Co25,212.09317,CoCrFeMoNiW,True
W5Cr11Cu8Mo17Co20,212.10126,CoCrCuMoW,True
Co17Ni5W22Fe15Cr10Mo23,212.10678,CoCrFeMoNiW,True
Ni6W5Mo14Cr18Fe13,212.10803,CrFeMoNiW,True
Mo23Mn24Ni23Cu20Cr21W20,212.11615,CrCuMnMoNiW,True
Ni13Cu13Fe16Mo9W6Mn23,212.12402,CuFeMnMoNiW,True
Mo21Ni22Fe20Co5W5,212.12463,CoFeMoNiW,True
Mn12Ni16Cr16Mo19Cu22W16,212.15308,CrCuMnMoNiW,True
Mn14Ni25W15Cu8Mo9Cr17,212.15689,CrCuMnMoNiW,True
Fe17Cu21Mo20Co5Cr23,212.16324,CoCrCuFeMo,True
Fe17Mo22Cu8Ni8Cr7,212.16437,CrCuFeMoNi,True
Mn15Cr6Co8Fe8Ni11,212.16855,CoCrFeMnNi,True
Fe5W14Cr19Co25Cu22Ni7,212.19727,CoCrCuFeNiW,True
Fe14Mn12Ni6Cr8W8Cu16,212.19785,CrCuFeMnNiW,True
Mo19Fe19Ni14Cr18W17,212.20581,CrFeMoNiW,True
Co6Cr15Fe10Cu14W23Mo10,212.21286,CoCrCuFeMoW,True
Co15Ni11Cr16Mn13W20Mo12,212.21835,CoCrMnMoNiW,True
Co6Cr10Mn6Cu23Mo8Fe18,212.21973,CoCrCuFeMnMo,True
Cr11Fe6W21Mo8Ni16Cu7,212.22025,CrCuFeMoNiW,True
Mn10Cu18Fe8Cr11Ni16,212.23682,CrCuFeMnNi,True
Co12Fe14Cu7Cr25W25Mo6,212.26385,CoCrCuFeMoW,True
Cr11Ni24Mn22Cu23Fe16,212.2898,CrCuFeMnNi,True
Ni19Mo20Cr6Fe25W20,212.29605,CrFeMoNiW,True
Ni15Co23Cr14Cu21Mn7,212.29846,CoCrCuMnNi,True
W7Mn24Mo9Ni5Fe21Co13,212.3023,CoFeMnMoNiW,True
Fe17Co6Cu21Mn22Cr10,212.31198,CoCrCuFeMn,True
W19Cu14Fe7Mn18Mo11Cr17,212.31253,CrCuFeMnMoW,True
Cr24Cu19Mn10W5Mo6,212.3148,CrCuMnMoW,True
W12Fe17Mo16Ni24Co5Cu15,212.32234,CoCuFeMoNiW,True
Ni25Mo17Cr24Co13Cu19,212.32828,CoCrCuMoNi,True
Co19Mn10Ni22W22Cr10Mo17,212.33134,CoCrMnMoNiW,True
Fe20W18Mn20Mo7Cr23,212.3359,CrFeMnMoW,True
Fe16Cr22Ni13W16Co9,212.33698,CoCrFeNiW,True
Fe21Mn20Mo22Co23W5Cu20,212.35431,CoCuFeMnMoW,True
Co12Mo12W19Cr23Fe17,212.35748,CoCrFeMoW,True
Mo21Mn6Ni25Cr8Co19Cu14,212.3722,CoCrCuMnMoNi,True
Cr12Fe8W17Ni6Mo7Mn11,212.37503,CrFeMnMoNiW,True
Mo6Fe20Mn23Cu15Co9,212.37863,CoCuFeMnMo,True
Ni10Cr23Co25W6Mo17,212.37958,CoCrMoNiW,True
W6Ni23Cr14Cu5Fe24,212.38171,CrCuFeNiW,True
Co18Fe12Ni12Mo20W19,212.38411,CoFeMoNiW,True
Co9W22Cr11Mn13Ni25Mo7,212.38718,CoCrMnMoNiW,True
Fe18Cu13Mn9W10Cr20Ni20,212.39404,CrCuFeMnNiW,True
W11Mo13Fe14Ni16Co5,212.42117,CoFeMoNiW,True
Mo12Co25Ni10Cr15Cu9W19,212.43452,CoCrCuMoNiW,True
Mn14W11Mo6Cr24Co19,212.4411,CoCrMnMoW,True
Cr11Cu13Mn19Co8Fe8,212.44534,CoCrCuFeMn,True
W23Ni14Fe24Co12Cr19,212.45477,CoCrFeNiW,True
Co18Mn11Cr11Cu20Ni25,212.45993,CoCrCuMnNi,True
Co21Cr16Fe11Mo21Cu5,212.47223,CoCrCuFeMo,True
Co5Cu15Cr10Fe20W8,212.48062,CoCrCuFeW,True
Mo13Fe16W6Mn5Cr14,212.48315,CrFeMnMoW,True
Mo15W10Cu19Cr23Co11,212.49985,CoCrCuMoW,True
Mo23Cr13W15Fe17Ni14,212.50917,CrFeMoNiW,True
Mo5Co11Cr25Fe14Cu17,212.52002,CoCrCuFeMo,True
Mo13Co22W15Cr21Mn5Cu11,212.5217,CoCrCuMnMoW,True
Mn23Co8Cr15Cu12Fe10,212.53638,CoCrCuFeMn,True
Mo11W14Cu14Ni17Cr20,212.54172,CrCuMoNiW,True
Fe14Cu21Ni11W24Co13Mo8,212.55457,CoCuFeMoNiW,True
W10Mo23Cr20Cu16Co19,212.55524,CoCrCuMoW,True
Cu19Fe23W17Co14Mn17Cr23,212.56299,CoCrCuFeMnW,True
Ni6Cr14Cu22Mn24Co6,212.56479,CoCrCuMnNi,True
Mo25Mn10Cr15Fe14Ni8W16,212.57263,CrFeMnMoNiW,True
Ni25W7Mo14Co6Fe16,212.58087,CoFeMoNiW,True
Co19Mn15Cr15W10Mo7,212.58737,CoCrMnMoW,True
Mn23Cr11Fe10Cu17Co18,212.60156,CoCrCuFeMn,True
Fe8Mo12W18Ni24Cr23,212.61125,CrFeMoNiW,True
W8Cu5Mn6Cr19Fe14Co19,212.63205,CoCrCuFeMnW,True
W6Cr16Ni25Mo19Mn23,212.6355,CrMnMoNiW,True
Fe19Ni21W7Cr18Mn21,212.6362,CrFeMnNiW,True
Mo12Co22Cu15W18Cr24,212.65024,CoCrCuMoW,True
Fe25W12Mo6Ni13Co8,212.65245,CoFeMoNiW,True
Mo12Cr6Co23Fe18Mn8Ni9,212.65259,CoCrFeMnMoNi,True
Cr16Mo13Co11Ni8Cu19,212.69904,CoCrCuMoNi,True
Cr15Cu10Mo14W7Fe8,212.70139,CrCuFeMoW,True
Cr15W5Mn18Fe9Co24,212.70457,CoCrFeMnW,True
Cr18Co9W13Fe15Ni8,212.70566,CoCrFeNiW,True
Fe14Cu12Mo25Co19W18,212.71365,CoCuFeMoW,True
Cu11W13Cr25Co25Fe14,212.71658,CoCrCuFeW,True
Cr15Cu14Fe13W22Mo9Mn8,212.71872,CrCuFeMnMoW,True
Ni5W8Fe18Cr14Cu19,212.73917,CrCuFeNiW,True
Mo9Mn9Co18Cu17Cr17W21,212.74323,CoCrCuMnMoW,True
Ni13W8Fe24Cr20Cu10,212.7571,CrCuFeNiW,True
Mn7Fe8Cr19Co25Ni16,212.78404,CoCrFeMnNi,True
Mo11W14Fe7Cu14Ni9,212.78589,CuFeMoNiW,True
Fe12Mn6Ni5Co23Cr7W12,212.82544,CoCrFeMnNiW,True
Mn20Mo21Cr12W13Cu17Co16,212.83139,CoCrCuMnMoW,True
Mn7Cr10Cu11Fe15Ni20,212.83482,CrCuFeMnNi,True
Mo12Fe11Cu14Co7Cr19,212.84178,CoCrCuFeMo,True
Cu13Mo9Fe23W23Cr17,212.84474,CrCuFeMoW,True
Mn12Cr7Co24W20Mo21Ni23,212.85327,CoCrMnMoNiW,True
W7Mo6Ni6Cu17Cr15,212.85837,CrCuMoNiW,True
Ni20Fe11Cr10Cu19Mn15,212.86087,CrCuFeMnNi,True
Cr12Mo18W16Fe11Co20,212.87439,CoCrFeMoW,True
Co24Fe22Mn24Mo10Cu23W18,212.88809,CoCuFeMnMoW,True
W11Mn16Mo8Cr23Co18,212.88818,CoCrMnMoW,True
Co15Cr22Fe7W22Mn20Ni17,212.89944,CoCrFeMnNiW,True
Fe6Ni17Cu23W21Mo11,212.9014,CuFeMoNiW,True
Co18Cu11Fe19W23Mo13,212.90317,CoCuFeMoW,True
Ni14Cu23W20Mo23Co25,212.91563,CoCuMoNiW,True
Co10Cr16W13Mo14Cu23,212.93137,CoCrCuMoW,True
W13Ni24Co16Fe6Cr5,212.93164,CoCrFeNiW,True
Mn20W23Ni6Mo12Cr25Co24,212.96161,CoCrMnMoNiW,True
Cu14Fe23W18Ni25Cr21,212.96265,CrCuFeNiW,True
Fe5Mo20Cu6Cr23Ni16,212.97035,CrCuFeMoNi,True
Mo11Mn21Co15Cr14W5,212.97568,CoCrMnMoW,True
Mo5Ni19Fe7Cr22W15,212.98639,CrFeMoNiW,True
Co7Cu16Fe20Mn23Ni7,212.98996,CoCuFeMnNi,True
Co20Mn10Cr17W15Fe15Cu19,213.00336,CoCrCuFeMnW,True
Mo11W10Cr25Ni23Mn13,213.02515,CrMnMoNiW,True
Fe8Co17Cr22W9Mo18,213.0314,CoCrFeMoW,True
Cr10Fe9Ni24W18Co6Cu18,213.04103,CoCrCuFeNiW,True
Mn12Cr9Ni17Mo10Cu22Co25,213.04109,CoCrCuMnMoNi,True
Cr10Ni11Fe14Mn22W24Mo15,213.08594,CrFeMnMoNiW,True
Cr12Cu22Ni22W24Mo15,213.08826,CrCuMoNiW,True
W19Mo25Fe18Cu20Ni11,213.09476,CuFeMoNiW,True
Co14Cu19Mo8Cr23W17Ni5,213.11046,CoCrCuMoNiW,True
Mo12Cr11Co16Fe5W8,213.11368,CoCrFeMoW,True
Mn7W23Cr15Fe12Co8Mo9,213.11899,CoCrFeMnMoW,True
Ni8W11Co9Cr14Mo24Fe16,213.12473,CoCrFeMoNiW,True
Mn20Cr12Co16Fe23W25Ni8,213.14188,CoCrFeMnNiW,True
Ni8Mo18W15Cr5Mn19Fe14,213.1542,CrFeMnMoNiW,True
Mo5Ni7Cr9Mn18Co16W19,213.15953,CoCrMnMoNiW,True
Ni11Mo8Cu12Fe10Cr22,213.16104,CrCuFeMoNi,True
Cr16Fe15W21Cu8Mn15Mo7,213.18118,CrCuFeMnMoW,True
W7Mn24Cr13Ni20Fe21,213.18626,CrFeMnNiW,True
W16Cu25Cr8Ni23Fe23Mn15,213.19675,CrCuFeMnNiW,True
Cu11Ni6W6Mo9Cr7,213.19878,CrCuMoNiW,True
Mn8Fe9Mo14Cr14W12Cu9,213.22696,CrCuFeMnMoW,True
Co17Cr24Mo5Cu19W21,213.23906,CoCrCuMoW,True
Cr11Cu18Ni23Co15W10,213.24637,CoCrCuNiW,True
Co16Fe6Mo23Ni24W8,213.2465,CoFeMoNiW,True
Co16Mn10Cu11Cr8Fe23,213.2587,CoCrCuFeMn,True
Cu22Fe10Mn11W17Mo11Cr6,213.26251,CrCuFeMnMoW,True
Fe18Cr14Mo17W7Cu7,213.27019,CrCuFeMoW,True
Fe5Cr18Co5Ni12Mo23,213.2973,CoCrFeMoNi,True
W5Fe15Ni16Cr20Cu6,213.29932,CrCuFeNiW,True
Co12W7Mo24Ni14Fe24,213.30536,CoFeMoNiW,True
Co20W17Mo22Fe6Cu17,213.3125,CoCuFeMoW,True
Cr17Ni11W7Mo21Cu22,213.33185,CrCuMoNiW,True
Cu7Fe6Co8Cr10Mn15,213.34442,CoCrCuFeMn,True
W10Cr24Fe18Mn16Cu6Co20,213.34616,CoCrCuFeMnW,True
Cr24Co25Mn23Cu16Fe5,213.34937,CoCrCuFeMn,True
Co8W10Cr13Mn23Mo24Cu22,213.355,CoCrCuMnMoW,True
Fe11Mo14Co7Cu21Cr25,213.35797,CoCrCuFeMo,True
Fe7W5Cu7Cr5Mo13,213.36105,CrCuFeMoW,True
Mn19Cu25Co6Ni19Fe17Cr5,213.37332,CoCrCuFeMnNi,True
W12Ni23Cu5Mo17Fe6Cr19,213.37968,CrCuFeMoNiW,True
Ni16Fe20Mn6Cu15Cr12,213.39214,CrCuFeMnNi,True
Fe18Mo24Cu5Cr22Ni20,213.39426,CrCuFeMoNi,True
Cu13Fe24Cr9Ni24Mn18,213.39662,CrCuFeMnNi,True
Cu25Mo22W15Co13Fe9,213.40033,CoCuFeMoW,True
Fe19Cr14Cu5W5Mo13,213.40535,CrCuFeMoW,True
Mn13Co11Cr11Ni23Cu25,213.42604,CoCrCuMnNi,True
W20Mn10Cr21Co19Cu21Fe25,213.42819,CoCrCuFeMnW,True
Fe22W7Mn18Ni21Cr24,213.44232,CrFeMnNiW,True
W18Mo16Cr9Fe24Cu14,213.44955,CrCuFeMoW,True
Cu18Co19Fe10W14Cr6Mn25,213.45393,CoCrCuFeMnW,True
W22Fe17Cr5Ni23Mo8,213.47174,CrFeMoNiW,True
Fe18W15Cu12Mo15Cr11,213.47256,CrCuFeMoW,True
Co21Mo14W12Ni10Cr17Cu6,213.47365,CoCrCuMoNiW,True
Ni22Cr8Co13Cu13Mn19,213.48425,CoCrCuMnNi,True
Ni17Cr8Co24Mo6Cu13Mn10,213.5085,CoCrCuMnMoNi,True
Cu10Cr10Co14Mo17Ni10W20,213.54907,CoCrCuMoNiW,True
Fe12Mo14Cr20W13Ni8Co10,213.54927,CoCrFeMoNiW,True
Ni10Cu13Co19W14Mo9,213.55118,CoCuMoNiW,True
Mo15Ni5Cr15Co5Cu25,213.55765,CoCrCuMoNi,True
Fe19W21Cu21Co7Mo17Ni16,213.57068,CoCuFeMoNiW,True
Fe21Cr7Cu17Mo6W24,213.57309,CrCuFeMoW,True
W20Mn18Mo25Cr19Co20Fe6,213.57324,CoCrFeMnMoW,True
Fe14W5Cr10Co20Cu5,213.57591,CoCrCuFeW,True
Cr8Co21Ni9Fe10Mn15,213.59373,CoCrFeMnNi,True
W20Fe17Ni18Cu25Cr24,213.59753,CrCuFeNiW,True
Cr25Fe5W14Mn13Co11Mo24,213.6098,CoCrFeMnMoW,True
Co20Mo11Cu17W20Ni7Fe12,213.63092,CoCuFeMoNiW,True
W11Ni24Cu25Cr12Co16,213.65665,CoCrCuNiW,True
W19Mo17Fe24Cr22Ni13,213.66843,CrFeMoNiW,True
Ni14Cu21Mo24Mn8Co25Cr5,213.6745,CoCrCuMnMoNi,True
Co7Mn15Cr19Fe5Cu25,213.67816,CoCrCuFeMn,True
Fe9Cr16Ni19Cu21W14,213.68785,CrCuFeNiW,True
Fe6W7Mo16Ni17Cr18,213.72299,CrFeMoNiW,True
W22Cr25Mo19Ni10Fe23Co12,213.7312,CoCrFeMoNiW,True
Ni15Cr12Mn24Fe10Cu13,213.74869,CrCuFeMnNi,True
Fe18W14Mo21Cu21Co7,213.75545,CoCuFeMoW,True
Fe23Mo9W6Cr12Ni6,213.76877,CrFeMoNiW,True
Co15Fe24Cu9Cr21W11,213.7761,CoCrCuFeW,True
Mn17Ni13W5Fe15Mo12Cu16,213.78128,CuFeMnMoNiW,True
Mn10Mo13W6Co18Cr18,213.79091,CoCrMnMoW,True
Mn8W9Cu24Ni15Fe13Cr16,213.80768,CrCuFeMnNiW,True
Mo24Cr13Cu16Fe9W8,213.81845,CrCuFeMoW,True
Cr25W7Ni13Mo22Fe22Co5,213.83228,CoCrFeMoNiW,True
Co21W22Cr5Mo13Cu25Ni6,213.83308,CoCrCuMoNiW,True
Ni16Cr7Fe22Cu11Mn19,213.837,CrCuFeMnNi,True
Fe9Co15Ni9W18Mo6,213.84991,CoFeMoNiW,True
Mo24W10Cr22Cu25Fe7,213.86778,CrCuFeMoW,True
Cu15Mn10Cr10Mo9Co23Ni23,213.87161,CoCrCuMnMoNi,True
Co9W12Fe6Ni8Mo9,213.8746,CoFeMoNiW,True
W11Ni22Co13Mo16Fe6,213.8783,CoFeMoNiW,True
Ni15W22Cr5Mn8Fe15Co25,213.8797,CoCrFeMnNiW,True
Cr13Fe20W13Co8Mn25Cu13,213.88535,CoCrCuFeMnW,True
Mn21W23Fe9Cr6Mo12Ni21,213.88779,CrFeMnMoNiW,True
Cu6W9Fe7Cr5Ni23Mo8,213.8938,CrCuFeMoNiW,True
Co19Fe25Cu16Mo15Ni17,213.89589,CoCuFeMoNi,True
Ni12Co15W24Fe24Cr18,213.9039,CoCrFeNiW,True
Cu12Cr17Mo25Co25W6,213.91327,CoCrCuMoW,True
Cr10W9Cu18Co13Ni19,213.91486,CoCrCuNiW,True
W5Co13Fe20Ni7Cu16Mo24,213.91672,CoCuFeMoNiW,True
W19Ni19Cr5Cu20Mo14,213.9224,CrCuMoNiW,True
Cu18Ni16W10Mo19Cr22,213.94476,CrCuMoNiW,True
Cr22W13Ni23Cu11Fe24,213.95709,CrCuFeNiW,True
Mo24Cu6Cr15Fe17Co19,213.9621,CoCrCuFeMo,True
Cu13W11Mo19Co19Cr7,213.96222,CoCrCuMoW,True
W20Co13Fe22Cr21Ni7Mo18,213.96307,CoCrFeMoNiW,True
Cr21W21Fe11Co18Ni14,213.97867,CoCrFeNiW,True
Mo19Ni10Co12W7Fe7,213.98795,CoFeMoNiW,True
Fe23Cu9Cr8Mn14Co19,213.98856,CoCrCuFeMn,True
Co16Cr17Ni13Cu19Mo25,213.98859,CoCrCuMoNi,True
Cu21Fe5Mn22Ni10Cr23,213.9968,CrCuFeMnNi,True
Ni6Fe14Mn25Cr10W6Cu9,213.99796,CrCuFeMnNiW,True
W7Co20Cu7Mo9Ni5Cr14,214.00366,CoCrCuMoNiW,True
Ni17Fe8Cr22Mn25Cu6,214.01225,CrCuFeMnNi,True
Ni22Mo23W17Co20Cr17,214.02232,CoCrMoNiW,True
Fe9Mn18Ni21W6Cr22Cu8,214.03539,CrCuFeMnNiW,True
W23Mo15Fe20Cr8Mn8Ni15,214.04906,CrFeMnMoNiW,True
Cr15Fe14Mo20W15Ni16,214.06906,CrFeMoNiW,True
Co13Cu17Cr17Ni17Mo25,214.06918,CoCrCuMoNi,True
Cu20Mn6Co19Cr18Mo10W21,214.0726,CoCrCuMnMoW,True
Mn7Cu20Mo5Fe17Cr11Ni6,214.0892,CrCuFeMnMoNi,True
Mn12Cu24Ni23Cr12Co20,214.11777,CoCrCuMnNi,True
Cu20Mo8Mn11Co13Cr21W22,214.12811,CoCrCuMnMoW,True
Co21Mo11Cu9W9Mn25Fe23,214.13611,CoCuFeMnMoW,True
Fe19Cu13Mn12Ni19Cr8,214.13898,CrCuFeMnNi,True
Cr10Ni12Fe17Mn18Cu24,214.14127,CrCuFeMnNi,True
Mo22W10Co15Ni21Cr21,214.14404,CoCrMoNiW,True
Co18Mn13Cu8Cr8Fe24,214.14484,CoCrCuFeMn,True
Mo15Cr22W22Ni23Co19,214.1536,CoCrMoNiW,True
Cr21Fe11Mo12Cu11Co11W23,214.16208,CoCrCuFeMoW,True
Cr13W14Co12Fe7Mo6,214.16837,CoCrFeMoW,True
Fe25Co7Mn8Cr12Mo13W25,214.20004,CoCrFeMnMoW,True
Ni15Mn25Fe18Cr10Co23,214.20569,CoCrFeMnNi,True
Cr14Fe15Cu19Co8W14,214.22314,CoCrCuFeW,True
Cu10Ni16Cr8Fe6Mn8,214.23526,CrCuFeMnNi,True
Co24Cr6W22Cu16Fe18,214.23729,CoCrCuFeW,True
Mo22Cr20Cu20W9Fe7Ni6,214.24896,CrCuFeMoNiW,True
Co5Mo14Cr8Fe7Mn25,214.26361,CoCrFeMnMo,True
Cr15W7Cu12Ni7Mn14Fe15,214.26758,CrCuFeMnNiW,True
Mn20Ni12Cu9Fe9Cr13W7,214.26895,CrCuFeMnNiW,True
Ni5Cr9Co24Fe9Mo11W9,214.26935,CoCrFeMoNiW,True
Ni17Mo17Mn18W15Cr25Co6,214.2771,CoCrMnMoNiW,True
W17Co12Ni22Mo21Cu25,214.27783,CoCuMoNiW,True
Mo20Fe19W19Co16Cr14,214.29556,CoCrFeMoW,True
Cu18Cr21W5Ni21Co25,214.32149,CoCrCuNiW,True
Mn7Ni19Fe10Cr18Co23,214.33423,CoCrFeMnNi,True
Mo9Fe21W13Ni12Cr5,214.33844,CrFeMoNiW,True
Mo18Fe22Ni10Cr15Cu8,214.34883,CrCuFeMoNi,True
Co7Cu25Mn10Cr23Fe5,214.36478,CoCrCuFeMn,True
Cu6Fe21Mo6W18Ni12Co23,214.373,CoCuFeMoNiW,True
Cu24Co20Cr10Mn13Ni10,214.37791,CoCrCuMnNi,True
Fe16Cr19Cu21Mo25W18,214.39087,CrCuFeMoW,True
Cr20Co20W18Cu18Mo16,214.39885,CoCrCuMoW,True
Co19W15Ni16Cu10Mo23Cr19,214.42612,CoCrCuMoNiW,True
Fe22Ni5Cu15Cr21Mo16,214.42921,CrCuFeMoNi,True
Cr20Ni25Fe25Mn8Co21,214.44287,CoCrFeMnNi,True
Fe20W15Ni15Co7Mo10,214.44624,CoFeMoNiW,True
Mn6Fe6Co22Cu10Cr21,214.45636,CoCrCuFeMn,True
Mo6Co5Cu7Cr19Mn22,214.45766,CoCrCuMnMo,True
Cr14W25Cu6Fe13Mo17Ni25,214.4671,CrCuFeMoNiW,True
W15Ni11Cu21Cr11Fe14,214.47182,CrCuFeNiW,True
Cu13Mo25Fe6W15Ni23Co23,214.51694,CoCuFeMoNiW,True
Co15Mo14Cr8W10Ni9Mn7,214.52257,CoCrMnMoNiW,True
Mo20Ni25Cu12Cr17Co8,214.52377,CoCrCuMoNi,True
Co5Cr16Ni17W12Fe9Mo16,214.52515,CoCrFeMoNiW,True
Co22W8Mo15Cu10Cr9,214.52643,CoCrCuMoW,True
Fe11Cu9Mo15Co8Cr16,214.5291,CoCrCuFeMo,True
Fe15Mo8W24Cu17Cr19,214.54527,CrCuFeMoW,True
Mo24Fe17Ni20Cr5W17,214.54907,CrFeMoNiW,True
Co18Cu6Mo16W11Mn21Cr23,214.55566,CoCrCuMnMoW,True
Fe14Mo9Co11W17Cr14,214.55646,CoCrFeMoW,True
Ni16Cr5Mo19Cu21Fe18Mn9,214.55748,CrCuFeMnMoNi,True
Cu20Ni14W5Cr12Mn11Fe5,214.57478,CrCuFeMnNiW,True
Co18W10Cr12Mo20Cu13,214.59608,CoCrCuMoW,True
Mo14Ni20W18Cr8Fe14,214.61343,CrFeMoNiW,True
Cu11Mo19Co5Cr14Fe6,214.6136,CoCrCuFeMo,True
Mn17Co24Mo18W8Cr23,214.61829,CoCrMnMoW,True
Mn21Fe5Cu19W19Cr16Mo12,214.61987,CrCuFeMnMoW,True
Cu10Cr19Ni20Mo11Co13,214.63054,CoCrCuMoNi,True
Mn25Co9Cu8Cr19Ni5Fe13,214.63327,CoCrCuFeMnNi,True
Mo15Cr7Ni18Co25Cu8W25,214.63867,CoCrCuMoNiW,True
Mo18Co14Fe10Cr13Ni10W21,214.65488,CoCrFeMoNiW,True
Co16W20Cu21Mo14Mn7Cr23,214.66202,CoCrCuMnMoW,True
Mn7Mo16Co23Cr16Cu21W19,214.66245,CoCrCuMnMoW,True
Cr7Cu11Ni10Fe15W9Mn24,214.6707,CrCuFeMnNiW,True
Cr13Ni16Fe5Mn18Co15,214.67249,CoCrFeMnNi,True
Fe17Cu23Mn6W15Cr8Mo25,214.67784,CrCuFeMnMoW,True
W7Mn17Mo17Fe25Cr7,214.67862,CrFeMnMoW,True
Cu24Cr11Ni17W12Co22,214.68768,CoCrCuNiW,True
Mo19Fe9Cr24Cu22Co5,214.69124,CoCrCuFeMo,True
Co10Ni14Cr22Mn5W22Fe18,214.69153,CoCrFeMnNiW,True
Cr14Fe22W25Co13Mo5,214.71057,CoCrFeMoW,True
Mn20W24Ni25Co6Cr17Fe15,214.72868,CoCrFeMnNiW,True
Co16Ni19Mo8W22Fe7,214.73175,CoFeMoNiW,True
Cr25Mo7W11Co18Mn18,214.73187,CoCrMnMoW,True
Ni11Mn23Co7Fe24Cr24W21,214.74164,CoCrFeMnNiW,True
Cr24Ni18Cu6Co25Mo18,214.74275,CoCrCuMoNi,True
Mo9Ni19Mn7Cr18W6,214.75958,CrMnMoNiW,True
Fe11Cr19Co6Ni10Mn25,214.76686,CoCrFeMnNi,True
Mn25Fe19Cr12W7Mo23,214.7769,CrFeMnMoW,True
Cr10Ni6Cu7Fe19Mn21,214.7774,CrCuFeMnNi,True
Mo22Fe12Co15Ni5Cr20,214.7832,CoCrFeMoNi,True
Cr10Ni8Co22Mn8Fe9,214.79207,CoCrFeMnNi,True
W22Mo21Cu19Mn20Cr15Fe14,214.7934,CrCuFeMnMoW,True
Cr9Mn21Ni13Cu25Mo25W8,214.79822,CrCuMnMoNiW,True
Mo13Cu9W20Mn15Cr22Fe14,214.8133,CrCuFeMnMoW,True
Ni15W18Fe20Cu22Cr24,214.83818,CrCuFeNiW,True
Fe7Cr18Mn22Cu20Ni9,214.84665,CrCuFeMnNi,True
Mo7W10Co19Cr15Cu8,214.85094,CoCrCuMoW,True
Cr13Co19Mo6W21Mn8Fe5,214.85371,CoCrFeMnMoW,True
Cr11W15Fe12Co16Mo17,214.86328,CoCrFeMoW,True
W8Fe9Cr11Cu11Co22,214.86732,CoCrCuFeW,True
Co8W13Mo11Cu16Ni15,214.8718,CoCuMoNiW,True
Cu23Co10Mo24W10Cr25Mn7,214.87262,CoCrCuMnMoW,True
W18Cr15Fe17Mo6Co9,214.87277,CoCrFeMoW,True
Co15Ni10Mn17Cr7Fe20,214.87384,CoCrFeMnNi,True
Co11W5Cr24Cu19Mo17,214.88416,CoCrCuMoW,True
Cu20W13Ni8Cr12Mo16Mn25,214.89046,CrCuMnMoNiW,True
Fe22W19Cu13Co20Cr20,214.89296,CoCrCuFeW,True
Cu17Co13Fe7Mn7Cr11,214.8971,CoCrCuFeMn,True
Cr20Co20W11Mo20Cu15,214.90897,CoCrCuMoW,True
W7Ni10Fe5Co6Cr13,214.9137,CoCrFeNiW,True
W14Ni23Cu22Cr13Co22,214.91864,CoCrCuNiW,True
Mo21Co18Cr25W20Fe19,214.92401,CoCrFeMoW,True
Cr6Fe18Mn14Ni5Cu13,214.92542,CrCuFeMnNi,True
Cu6Fe14Mo18Co17Cr22,214.92908,CoCrCuFeMo,True
Cr8Ni8Co9W13Cu15Mo18,214.93079,CoCrCuMoNiW,True
Co7Fe25Ni12W20Cr7Mo10,214.93732,CoCrFeMoNiW,True
W24Cu17Mo13Cr15Fe21,214.93976,CrCuFeMoW,True
Fe20Ni7Co8Mo21Cr12,214.94336,CoCrFeMoNi,True
Fe5Mo10Co20Ni15W17,214.94626,CoFeMoNiW,True
Fe14Mo6W23Cu22Ni11,214.9588,CuFeMoNiW,True
W24Cr17Mo7Cu12Co7Fe12,214.96236,CoCrCuFeMoW,True
W19Cu20Cr10Mo7Mn23Fe5,214.97992,CrCuFeMnMoW,True
Mo23Co23W5Mn15Cr23,214.98273,CoCrMnMoW,True
W7Ni5Mn14Cr9Cu15Fe15,214.98573,CrCuFeMnNiW,True
Ni10W10Co25Mo13Cu21Fe7,214.99121,CoCuFeMoNiW,True
Ni23Co6Cu13Cr8W8Mo19,214.9939,CoCrCuMoNiW,True
Ni17Cr8Mo19W5Mn11Cu11,215.00174,CrCuMnMoNiW,True
Cu20Mo5Ni7Co10Mn22,215.00287,CoCuMnMoNi,True
Fe19Mn18W8Cr21Mo25,215.0088,CrFeMnMoW,True
Cr6Mn17W24Fe15Co21Ni14,215.00912,CoCrFeMnNiW,True
Cr8Cu23Mo21Fe8W23Ni11,215.01392,CrCuFeMoNiW,True
W25Mo8Ni15Cr24Mn8Co14,215.0148,CoCrMnMoNiW,True
Cr25W17Fe25Mn24Mo16,215.02792,CrFeMnMoW,True
Cu10Fe21Ni25Mo9Mn11Cr9,215.0404,CrCuFeMnMoNi,True
Fe10Cu10Ni15W14Mo19,215.04276,CuFeMoNiW,True
Ni15W18Co8Mo8Fe6Cr5,215.04758,CoCrFeMoNiW,True
Fe11Cr23W18Ni21Mo14,215.06267,CrFeMoNiW,True
Cu19Co18Ni18Mn7Fe6,215.06842,CoCuFeMnNi,True
W6Ni23Mn21Cr13Mo13,215.08212,CrMnMoNiW,True
Cr13Ni25Mn8Fe14Co12,215.09677,CoCrFeMnNi,True
Mo14W17Cu25Ni12Mn13Cr18,215.09897,CrCuMnMoNiW,True
Cr24Fe20Cu11W16Co8Mo21,215.10019,CoCrCuFeMoW,True
W16Co16Cr6Mo16Cu20,215.1113,CoCrCuMoW,True
W12Fe16Cr8Cu25Mn15Ni17,215.12099,CrCuFeMnNiW,True
Fe18Mn19Co7Cr8Ni9,215.14575,CoCrFeMnNi,True
Ni10Mo12Cr23W6Cu20,215.15454,CrCuMoNiW,True
Cr12Mo14Mn15Fe23W10,215.16104,CrFeMnMoW,True
Mo8Cr8Co22W20Mn16Cu19,215.17288,CoCrCuMnMoW,True
Mo13Fe16Mn5Ni12W10Co11,215.18573,CoFeMnMoNiW,True
Ni7Fe13Co17W16Cr17,215.20493,CoCrFeNiW,True
Co24Cu23Mo25W19Fe6,215.22707,CoCuFeMoW,True
Fe25Co25Cu23Cr23Mn7,215.23329,CoCrCuFeMn,True
Cu7Cr16Co12Fe16Mo18,215.24052,CoCrCuFeMo,True
Cu15Ni16Mn9Cr9Fe16,215.24438,CrCuFeMnNi,True
Ni10Fe19Cu22W19Mo19,215.25186,CuFeMoNiW,True
Fe7Ni7W6Cu16Mo16,215.25496,CuFeMoNiW,True
Cr10Mo9Ni21Fe16W24,215.25687,CrFeMoNiW,True
W9Mo23Cu9Fe22Ni17,215.25748,CuFeMoNiW,True
Fe23Cr15Co5Ni11W8,215.26105,CoCrFeNiW,True
Cr18Ni25Mn13Cu18Mo10W22,215.27002,CrCuMnMoNiW,True
Cr10Fe21W16Mo24Cu16,215.27274,CrCuFeMoW,True
Cu12Mo20Co8Cr23Fe14W13,215.28638,CoCrCuFeMoW,True
Mo21Ni14Fe11W19Cu17,215.2932,CuFeMoNiW,True
Mo14W7Fe20Mn11Cr10,215.30713,CrFeMnMoW,True
Ni22Fe8Mn19Cu25Co8,215.30817,CoCuFeMnNi,True
Mo25Fe13Ni11W9Co24,215.32063,CoFeMoNiW,True
Ni23Co9W22Fe18Cr11,215.32567,CoCrFeNiW,True
Fe13W13Co13Mo25Ni14,215.33777,CoFeMoNiW,True
Ni6Cr14W5Mn7Fe14Cu17,215.35934,CrCuFeMnNiW,True
Fe13Cr11Cu19W14Co9,215.3606,CoCrCuFeW,True
Co15Ni16Cu5Cr6Mn13,215.36163,CoCrCuMnNi,True
Co17Fe21Ni7Cr15Mo19W25,215.38133,CoCrFeMoNiW,True
Mo13Ni8Cr12Fe7Cu5,215.43689,CrCuFeMoNi,True
Mn17Cr14Ni13Mo18Fe15W24,215.43842,CrFeMnMoNiW,True
Mo14Ni17W20Fe10Co13,215.44666,CoFeMoNiW,True
Fe9Co19Mn21Cu17Mo6W10,215.45602,CoCuFeMnMoW,True
Fe12Co21Mo12W22Cr19,215.46457,CoCrFeMoW,True
Mo13Mn14Cu5Fe18W17Cr21,215.46506,CrCuFeMnMoW,True
Mo9Co9W12Ni24Cu16,215.46689,CoCuMoNiW,True
Co15Mo21Cr16W5Ni6Fe8,215.4708,CoCrFeMoNiW,True
W13Co24Mn5Mo23Ni15Cr13,215.47107,CoCrMnMoNiW,True
Cr7Ni18Mn14Fe16Cu18Mo6,215.47113,CrCuFeMnMoNi,True
W19Cu21Mo23Fe16Cr11,215.50021,CrCuFeMoW,True
Fe22Mn6Cr18Ni7Co24,215.5169,CoCrFeMnNi,True
Mo12Mn14Fe9Cu5Cr16W11,215.54135,CrCuFeMnMoW,True
Cr13Ni9Cu18Mo17W5,215.56058,CrCuMoNiW,True
Mo6W5Mn19Co11Cr22,215.57127,CoCrMnMoW,True
Cr5Cu19Mo17W19Fe17Mn18,215.57944,CrCuFeMnMoW,True
Cu18Ni9Co19Mo24W9Fe10,215.58934,CoCuFeMoNiW,True
W20Cu23Cr13Co11Fe25,215.6268,CoCrCuFeW,True
Fe11Cu22Mo22Cr8Co9W24,215.6278,CoCrCuFeMoW,True
W9Mo7Cr12Ni22Mn7Cu6,215.63213,CrCuMnMoNiW,True
Fe11Cr17Mn23Mo13W21Ni7,215.65009,CrFeMnMoNiW,True
Mo19Co18Fe9Cr24W9,215.6517,CoCrFeMoW,True
Cr20Ni19Cu17W8Mo23,215.65234,CrCuMoNiW,True
W24Mn10Ni18Cr18Co19Fe11,215.6766,CoCrFeMnNiW,True
Mn13Fe13Cr11W8Mo9,215.67812,CrFeMnMoW,True
Cu22Cr16W11Ni14Fe9,215.69748,CrCuFeNiW,True
Fe19Ni8Cr22Co9Mo16,215.69897,CoCrFeMoNi,True
Ni18Fe5Cr8Mn18Cu24Mo7,215.7,CrCuFeMnMoNi,True
Mo8W21Fe19Cu13Cr21,215.70712,CrCuFeMoW,True
Mn19W7Cu14Ni10Mo8Fe19,215.71872,CuFeMnMoNiW,True
Mo6Mn18Cu8Ni9Fe10,215.728,CuFeMnMoNi,True
Mo6Co11Cr6Fe9W13,215.7294,CoCrFeMoW,True
Ni10Mo17Co7Mn22Fe24,215.74487,CoFeMnMoNi,True
Co18Mn20Cr8Fe18Ni16,215.74646,CoCrFeMnNi,True
Co6Cr18W9Mo7Fe14,215.7479,CoCrFeMoW,True
W23Cr19Co8Ni18Mo17Cu24,215.74973,CoCrCuMoNiW,True
Mo22Mn24W10Co6Cr21Cu22,215.75354,CoCrCuMnMoW,True
Fe7Cr7Mo18Cu22W5,215.75598,CrCuFeMoW,True
W22Cr14Fe14Mo9Cu17,215.7626,CrCuFeMoW,True
W25Cu8Fe25Co13Cr17Mo19,215.76344,CoCrCuFeMoW,True
W14Mo17Fe21Cr12Cu12,215.7801,CrCuFeMoW,True
Fe7Cr16Mn21Co20Cu15,215.78421,CoCrCuFeMn,True
Mo23W19Co7Ni20Cu19Cr15,215.78836,CoCrCuMoNiW,True
W9Cu22Mo22Cr24Ni9Fe6,215.79147,CrCuFeMoNiW,True
Ni15Mn17Fe5Mo17Cr21W17,215.79654,CrFeMnMoNiW,True
Fe11Mn9Cr9Co21Cu5,215.79831,CoCrCuFeMn,True
Mn21Co23W16Ni25Fe21Mo25,215.80612,CoFeMnMoNiW,True
Mo24Cr24W12Co25Cu17,215.83438,CoCrCuMoW,True
Fe9Ni16Cr9Co5Mo24,215.84,CoCrFeMoNi,True
Cr10Fe21Ni21W5Mn7,215.86534,CrFeMnNiW,True
W12Cu11Ni21Cr20Fe24,215.86897,CrCuFeNiW,True
Mn11Co25W13Fe24Cr20Cu11,215.87717,CoCrCuFeMnW,True
Cr25W19Fe22Ni11Co13Mo21,215.8837,CoCrFeMoNiW,True
Cu23Cr11Ni13Mn13Fe24,215.88544,CrCuFeMnNi,True
Cr5Mn13Mo18Co15W22Fe21,215.88782,CoCrFeMnMoW,True
Mo8Co22W15Cr10Fe9,215.89523,CoCrFeMoW,True
Mo21Ni20Cu17Cr9W13,215.89563,CrCuMoNiW,True
Ni15Fe8Cr13Cu19Mn10,215.90558,CrCuFeMnNi,True
Mo23Co21Ni17Cu19Cr23,215.90938,CoCrCuMoNi,True
Fe8Ni15W7Cr19Cu25,215.94003,CrCuFeNiW,True
Co12Fe8Mo16Ni9W11,215.9615,CoFeMoNiW,True
W14Fe18Cr21Mo7Mn15,215.9692,CrFeMnMoW,True
W6Fe15Mo21Cr18Mn15,215.96921,CrFeMnMoW,True
Co20Mn11Fe12Cu18Cr17W12,215.98514,CoCrCuFeMnW,True
Cr17W19Fe8Co10Ni13Mn24,215.98764,CoCrFeMnNiW,True
Fe10Cr17Co24Mn22Cu25,215.98834,CoCrCuFeMn,True
Mo6W24Cr8Fe20Mn14Co7,215.9898,CoCrFeMnMoW,True
W5Fe24Mo14Cu15Ni13Mn5,216.00092,CuFeMnMoNiW,True
Ni5Cr18Co13Fe10W9,216.00827,CoCrFeNiW,True
W21Mo14Co17Ni12Fe14,216.00885,CoFeMoNiW,True
Fe8Mo9Co22Cr12W14,216.01108,CoCrFeMoW,True
Mn21Cu22Co24Cr12Fe12,216.01851,CoCrCuFeMn,True
Cr16Mn10Co11Cu22Fe6,216.01854,CoCrCuFeMn,True
Cu19W18Fe20Ni19Cr25,216.03067,CrCuFeNiW,True
Cr17W9Co15Cu8Fe10,216.0495,CoCrCuFeW,True
Cr7W20Fe23Ni19Mo16,216.06694,CrFeMoNiW,True
Mo14Ni8Cr18Cu9Fe10,216.07019,CrCuFeMoNi,True
Co9W12Cr13Mn16Mo13Ni9,216.07715,CoCrMnMoNiW,True
Ni16Mn18Fe5Co19Cr15,216.0793,CoCrFeMnNi,True
Fe18Ni15Mn25Co13Cr7Cu11,216.0903,CoCrCuFeMnNi,True
Cr23W10Mo5Cu10Fe13,216.10968,CrCuFeMoW,True
Ni8Fe18Cr18W23Mn15Co15,216.11453,CoCrFeMnNiW,True
Cu7Fe20Mo13Co13W9,216.1178,CoCuFeMoW,True
Fe18Cr20Mo15W9Mn10,216.15344,CrFeMnMoW,True
Cu22Mo9Cr23Mn12W7,216.15515,CrCuMnMoW,True
Co10W9Cr12Ni20Mo13,216.16797,CoCrMoNiW,True
Cr11Cu11W12Mn7Co24Mo12,216.17023,CoCrCuMnMoW,True
Fe7Cr25Co24Mn11Cu23,216.17468,CoCrCuFeMn,True
Ni8Fe18Co10Mo9Cr23,216.1774,CoCrFeMoNi,True
Mo24Ni14Cu9Cr6W9Co9,216.18,CoCrCuMoNiW,True
Cu5W11Ni16Fe11Cr16Mo22,216.1839,CrCuFeMoNiW,True
Fe17Mo18W24Cu13Co7Cr8,216.2044,CoCrCuFeMoW,True
W25Co15Fe17Mo16Ni18,216.20453,CoFeMoNiW,True
Fe14Mn19W5Mo14Cr8,216.21031,CrFeMnMoW,True
Fe23W8Mo19Ni8Cr20,216.21771,CrFeMoNiW,True
Ni6Fe14Cu21Cr11W5,216.22116,CrCuFeNiW,True
Mo22Cu12W20Co21Ni17Cr21,216.22177,CoCrCuMoNiW,True
Cu12W18Fe23Mo13Cr25,216.2315,CrCuFeMoW,True
Mn12Mo20Cr16Co23Fe10W24,216.23172,CoCrFeMnMoW,True
Mo9Cu23Cr23Fe19Mn7Ni21,216.23372,CrCuFeMnMoNi,True
Cu25Co11Cr17W15Fe14,216.23859,CoCrCuFeW,True
Co9Mo9Fe6Mn23W20Cr17,216.23897,CoCrFeMnMoW,True
Ni23Mo17Cu20Cr18W20,216.26823,CrCuMoNiW,True
W15Mo15Ni11Co16Mn14Cr11,216.30513,CoCrMnMoNiW,True
Cr10Mo16W23Ni14Co8Fe13,216.3111,CoCrFeMoNiW,True
Fe15Ni14Mo16W17Co11,216.31473,CoFeMoNiW,True
Cu9Co11Fe22Mo15Cr20W25,216.33768,CoCrCuFeMoW,True
Fe15Co22W8Mn24Cr15,216.34756,CoCrFeMnW,True
Cr8Mo12Ni19W21Fe18,216.35123,CrFeMoNiW,True
Cr25Fe21Cu21Ni14W16,216.35527,CrCuFeNiW,True
Co12Ni25Fe8Cu7Mn5,216.38281,CoCuFeMnNi,True
Co11Mo10W19Cu12Fe15,216.38867,CoCuFeMoW,True
Mn13Co20Ni7Cr12Mo19W10,216.38889,CoCrMnMoNiW,True
Mn7Co11Mo14Cu25Cr9Ni14,216.3931,CoCrCuMnMoNi,True
W7Ni11Co24Cu10Mo22Cr9,216.39392,CoCrCuMoNiW,True
Mo14Cr18Mn23Cu20Fe6W20,216.39664,CrCuFeMnMoW,True
Ni25Cr13Co13Mo18W14Cu8,216.4089,CoCrCuMoNiW,True
W23Cr19Fe16Ni11Mo7Co8,216.41093,CoCrFeMoNiW,True
Ni11W5Cu24Mo18Fe9Co20,216.41296,CoCuFeMoNiW,True
Cr17W21Mo20Fe13Mn22Cu17,216.41907,CrCuFeMnMoW,True
W7Mo24Fe24Co16Ni12,216.41913,CoFeMoNiW,True
Fe16Mn9W13Cr7Ni8Co5,216.42274,CoCrFeMnNiW,True
Ni21Co8Mn15Cr8Cu14,216.42955,CoCrCuMnNi,True
Fe17Cr14W13Mo25Co13,216.43037,CoCrFeMoW,True
Cu25Fe17Mn5Ni5Cr6Co11,216.43481,CoCrCuFeMnNi,True
Fe19Cu18Cr20Co5Mo22,216.46396,CoCrCuFeMo,True
Cr5W17Co19Cu19Mn17Mo8,216.46826,CoCrCuMnMoW,True
Mo25Mn17W17Ni14Co20Cr23,216.46884,CoCrMnMoNiW,True
Co6Mo7Cu20W5Cr7Ni8,216.46985,CoCrCuMoNiW,True
Cr11W8Cu11Ni14Fe6,216.47012,CrCuFeNiW,True
Cr14W9Co21Fe20Mn16,216.47156,CoCrFeMnW,True
Fe6Cr7Ni17Co9Mn11,216.47427,CoCrFeMnNi,True
Fe15Cu10Ni15Mo10W25Co20,216.48279,CoCuFeMoNiW,True
Ni16Cr25W25Fe15Co13Mn24,216.48663,CoCrFeMnNiW,True
Mn20Fe6Ni21W24Cr22Co20,216.49936,CoCrFeMnNiW,True
Co18Mn10W22Ni23Cr22Fe8,216.50105,CoCrFeMnNiW,True
Mo15Mn14Cr19Co9Fe9W18,216.50253,CoCrFeMnMoW,True
Mo17Ni12W13Co10Fe6Cu9,216.50586,CoCuFeMoNiW,True
Co17Ni23Cr13W20Fe7Cu10,216.51639,CoCrCuFeNiW,True
Co8Fe6Cr25Ni8Mn19,216.51743,CoCrFeMnNi,True
Cr14Co23Cu22Mn5Ni13Mo14,216.52097,CoCrCuMnMoNi,True
Co11W12Mo20Fe6Mn10Cr15,216.53426,CoCrFeMnMoW,True
Cr11Fe19Ni17Mn19Cu24,216.54832,CrCuFeMnNi,True
Cu13Ni8Fe5W5Cr11,216.55737,CrCuFeNiW,True
Cu10Fe7Cr16Co7Mo20,216.56012,CoCrCuFeMo,True
Cu22Co21Mn25Cr10Ni21,216.56386,CoCrCuMnNi,True
W9Cr23Fe15Mo16Mn16,216.568,CrFeMnMoW,True
Cu11Cr13Mn9W21Fe22Mo11,216.5737,CrCuFeMnMoW,True
Co9Cu14Mn7Fe20Cr8,216.57669,CoCrCuFeMn,True
Mo8Fe14Cr11W23Ni21,216.60486,CrFeMoNiW,True
Fe16Cr23Co12Ni5Mo16,216.60641,CoCrFeMoNi,True
Mn18Mo18Cr23Co25W8,216.62885,CoCrMnMoW,True
Mo9W19Cu20Co14Cr11,216.6482,CoCrCuMoW,True
Mn22Ni6Co18Cr13Fe10,216.6488,CoCrFeMnNi,True
Cr7Mo5Ni17Mn6Fe13W22,216.65227,CrFeMnMoNiW,True
W16Mo12Cu15Ni24Fe6,216.65356,CuFeMoNiW,True
Mo6Cr12Co10Mn13Ni25W22,216.65446,CoCrMnMoNiW,True
Co17Cu5Ni10Fe15Cr9Mn23,216.66357,CoCrCuFeMnNi,True
Ni17Mo25Fe19W16Cr10,216.6706,CrFeMoNiW,True
W24Ni16Co22Cu20Mo13,216.6817,CoCuMoNiW,True
Ni21Mn14Cu13Co5Cr8,216.70117,CoCrCuMnNi,True
Mo18Ni18Co19Cr7W15,216.70511,CoCrMoNiW,True
Co9Mo11Mn24Cr12W25Fe13,216.73476,CoCrFeMnMoW,True
Fe5Cr17W5Cu25Mo15,216.73657,CrCuFeMoW,True
Fe24Ni9Cr10Mo13W9,216.74048,CrFeMoNiW,True
Cu23Ni13Mn7Co10Cr12,216.74593,CoCrCuMnNi,True
W15Cu25Cr8Co21Ni23,216.74701,CoCrCuNiW,True
W23Fe5Cr15Ni16Mo6Mn24,216.74915,CrFeMnMoNiW,True
Ni5Cr20Mn23Mo8Fe8W18,216.78287,CrFeMnMoNiW,True
Mo23Cu25Co20W11Fe25Mn5,216.79826,CoCuFeMnMoW,True
Cr8Ni19W20Mo15Fe20,216.8227,CrFeMoNiW,True
Cr7W5Ni16Co11Cu21,216.82797,CoCrCuNiW,True
Co12Ni12Cr21Mn24Mo20W15,216.82964,CoCrMnMoNiW,True
Cu15Mn19Co6Ni21Cr9,216.84106,CoCrCuMnNi,True
Fe13Mn10Cu9Cr15Mo20W11,216.84138,CrCuFeMnMoW,True
Fe11Co23Ni17Mn17Cr10,216.8524,CoCrFeMnNi,True
Mn16Cu19Fe24Ni23Cr11,216.85692,CrCuFeMnNi,True
Fe15Ni5Mn13Cr11W14Mo15,216.86942,CrFeMnMoNiW,True
Ni23Fe22W18Cr21Co9Cu7,216.87534,CoCrCuFeNiW,True
Mn10W16Fe19Cu23Cr23Co24,216.91086,CoCrCuFeMnW,True
Cr10Ni20Mo8W13Cu11,216.92566,CrCuMoNiW,True
Cu7Co8Fe25Mo21Cr10,216.9356,CoCrCuFeMo,True
Mn5Cr8Cu9Ni12Fe15,216.94601,CrCuFeMnNi,True
W22Cr10Cu15Co10Mo23Fe10,216.94852,CoCrCuFeMoW,True
Cu17Mo23Mn25Co22W13Cr11,216.97528,CoCrCuMnMoW,True
Fe12Mn23Co10Cr13Cu24,216.98828,CoCrCuFeMn,True
Cr19Mo22W18Fe15Ni18Cu6,217.00388,CrCuFeMoNiW,True
Mo12Cu12W13Cr12Fe12,217.02498,CrCuFeMoW,True
W21Mn18Mo12Cr18Co25Cu14,217.03885,CoCrCuMnMoW,True
Cu23W8Fe11Mo8Co7,217.04703,CoCuFeMoW,True
Cu5Cr5Ni12Fe23W13Co25,217.05392,CoCrCuFeNiW,True
Co9Ni20W9Fe11Mo21,217.07214,CoFeMoNiW,True
Co11Fe9Cu15Ni21W22Cr6,217.07254,CoCrCuFeNiW,True
W16Cr8Ni10Co21Fe10,217.07822,CoCrFeNiW,True
Ni18Cr22Co19W15Fe5,217.08307,CoCrFeNiW,True
Ni25Mo15Co19Fe5Cu9Cr6,217.08592,CoCrCuFeMoNi,True
Mn11Mo14Fe6W20Cr19Ni21,217.08936,CrFeMnMoNiW,True
Cr22W19Mo9Ni18Co17,217.1016,CoCrMoNiW,True
Fe21W16Cr23Cu17Co12,217.10754,CoCrCuFeW,True
Cr17W18Co21Mo10Fe9,217.10837,CoCrFeMoW,True
Cr12Ni18Mn5Co16Cu11,217.1153,CoCrCuMnNi,True
Ni19Co11W12Cu24Mo20,217.12987,CoCuMoNiW,True
W6Mn10Cr18Fe15Cu19Ni9,217.1524,CrCuFeMnNiW,True
Cu18Cr9Fe15Mn18Co17,217.16112,CoCrCuFeMn,True
Co13Fe6Cr10Cu7Mo24,217.17004,CoCrCuFeMo,True
Ni24Co16Fe16Mn19Cr10,217.17415,CoCrFeMnNi,True
Fe16Cr6W16Cu22Co12,217.17505,CoCrCuFeW,True
Co7Mo12Ni8Mn19W9Cr12,217.18515,CoCrMnMoNiW,True
Co24W5Cu15Ni11Mo18Fe9,217.18695,CoCuFeMoNiW,True
Cr10Cu14Mo14W6Mn7Ni8,217.1925,CrCuMnMoNiW,True
Co10Mo23Cu22Cr15Ni9,217.19812,CoCrCuMoNi,True
Cu13Ni17Cr18W18Mo6Mn16,217.21164,CrCuMnMoNiW,True
Cr22Mn8Co9Fe6Cu23,217.21268,CoCrCuFeMn,True
Cr17Cu9Co23W12Fe16,217.2233,CoCrCuFeW,True
Co21W15Fe15Mn15Mo14Ni16,217.22353,CoFeMnMoNiW,True
Cu14Cr11Co22Mn9Fe19,217.22551,CoCrCuFeMn,True
Mo19Mn8Ni16Cr17W24Fe16,217.25688,CrFeMnMoNiW,True
W6Cr15Co7Fe7Cu6Ni23,217.26787,CoCrCuFeNiW,True
Co8Cr10Mn5Fe21Ni11,217.27534,CoCrFeMnNi,True
Cu13Mn19Ni11Mo8Cr19W15,217.28458,CrCuMnMoNiW,True
Fe20Cr8Co6Mn17Cu18,217.28491,CoCrCuFeMn,True
Mn22Fe18Cr22Co22Cu21W17,217.28877,CoCrCuFeMnW,True
W22Mo12Co25Ni9Cu14Fe22,217.30095,CoCuFeMoNiW,True
W13Cr18Fe13Ni10Mo9,217.30276,CrFeMoNiW,True
Cu5Fe13W7Cr9Co11,217.31938,CoCrCuFeW,True
Ni11W11Fe21Cr5Cu19Mn24,217.32477,CrCuFeMnNiW,True
Mo22Cr6Mn15Co23Fe6Cu23,217.33191,CoCrCuFeMnMo,True
Mo20Co15Fe22Cu7W24Cr6,217.33267,CoCrCuFeMoW,True
Ni9Cu16Mo23Co16W21Cr7,217.33423,CoCrCuMoNiW,True
Cr8Ni23Fe12W23Mo18Mn22,217.34416,CrFeMnMoNiW,True
Cu12Mo9Cr7Ni14W13,217.34616,CrCuMoNiW,True
Ni10Fe23Mo17Cu10Cr21,217.3523,CrCuFeMoNi,True
Ni18Mo7W22Fe12Cr17,217.35239,CrFeMoNiW,True
Co16Mn8Fe6Cr19Cu23Mo7,217.36023,CoCrCuFeMnMo,True
Ni19Cu13Fe21W18Mo25,217.3645,CuFeMoNiW,True
Cr22Mo19Ni8Co15Cu25,217.36652,CoCrCuMoNi,True
Cu21Cr14W20Fe14Ni23,217.37048,CrCuFeNiW,True
Co11Fe15Cr25W13Mo10,217.3711,CoCrFeMoW,True
Cr21W22Fe13Mn20Mo16Cu15,217.38611,CrCuFeMnMoW,True
Mn19Ni6Fe10Co25Cu13,217.39932,CoCuFeMnNi,True
Cu21Ni25Co16Mn20Cr10,217.40552,CoCrCuMnNi,True
Fe7Cr17Mn9Cu23Co25Mo23,217.40668,CoCrCuFeMnMo,True
Co9Cr11W9Mo22Ni21Mn10,217.41483,CoCrMnMoNiW,True
Mn25Ni8Mo15Co11Cu14,217.41916,CoCuMnMoNi,True
Ni13Co19Mo13Cu9W8,217.42267,CoCuMoNiW,True
Cr13Co10Fe6Ni19Mn18,217.42445,CoCrFeMnNi,True
Cr20Mo11Mn10Co13Ni22W25,217.42651,CoCrMnMoNiW,True
W16Co7Mn24Cu18Cr16Mo11,217.45065,CoCrCuMnMoW,True
Mo8Cu18Ni24Cr11W22,217.45172,CrCuMoNiW,True
Mo14W14Ni12Fe13Cu9,217.4577,CuFeMoNiW,True
Co13Cr13Mn6Ni23Cu12,217.4613,CoCrCuMnNi,True
W12Mo15Co13Ni6Cu21Cr12,217.46478,CoCrCuMoNiW,True
Fe18Mn20Co12Cr11Cu25,217.48207,CoCrCuFeMn,True
Cu5Fe23W15Cr20Mo25Mn25,217.48318,CrCuFeMnMoW,True
Co15Ni5Mo13W22Cr17Fe21,217.48898,CoCrFeMoNiW,True
Cr24Ni14Mn7Fe22W7Cu13,217.49365,CrCuFeMnNiW,True
Ni13Fe5Mn18W16Co14Cr20,217.51788,CoCrFeMnNiW,True
Ni23Mo9Cu10W7Co13,217.53885,CoCuMoNiW,True
Mn17Cu5Cr9Co19W9Mo11,217.54192,CoCrCuMnMoW,True
Cu17Cr15Mo12Ni24W20,217.56,CrCuMoNiW,True
Mn18Co15Cr8Ni8Fe22,217.58365,CoCrFeMnNi,True
Ni19Cr14Co18Mo9Mn8Fe20,217.59872,CoCrFeMnMoNi,True
Mo20W6Fe11Cu8Co20,217.631,CoCuFeMoW,True
W22Cr14Co21Cu7Mo19Ni19,217.63684,CoCrCuMoNiW,True
Mo19Co8W15Cr5Mn10Fe24,217.64383,CoCrFeMnMoW,True
Cr23Fe9Mo14W8Ni16,217.64854,CrFeMoNiW,True
Cu14Mo23Mn18W14Cr23Co24,217.65454,CoCrCuMnMoW,True
Cu24W6Fe5Mo25Co10Cr21,217.65862,CoCrCuFeMoW,True
W8Co15Mo19Ni6Fe21Cu16,217.66345,CoCuFeMoNiW,True
Cr20Mo12Ni24Mn12W7,217.67307,CrMnMoNiW,True
Mo24Cu22Cr7Fe7Mn14Ni22,217.68358,CrCuFeMnMoNi,True
Fe11W20Co17Ni24Mo24,217.6897,CoFeMoNiW,True
Ni17Mn13Cr8Fe6Co5,217.70547,CoCrFeMnNi,True
Mn9Fe6W5Ni19Cu25Mo7,217.72723,CuFeMnMoNiW,True
Mn7Cr9Cu9Ni17Fe9,217.73138,CrCuFeMnNi,True
Cu11Co19Mo16Ni11W14Cr20,217.7342,CoCrCuMoNiW,True
Mo23Cr22Fe17Ni24W23Cu6,217.73924,CrCuFeMoNiW,True
Cu18Cr9Fe12W10Co7Mn17,217.75864,CoCrCuFeMnW,True
Cr14Fe15W6Mo22Cu9,217.77086,CrCuFeMoW,True
Mo15Ni12Fe5Cr10Mn13W11,217.78981,CrFeMnMoNiW,True
W23Ni19Fe15Co12Cr8,217.79546,CoCrFeNiW,True
Cu7Co19Mo19Fe24W7,217.80084,CoCuFeMoW,True
Fe16Cr16Cu24W22Mo20,217.80153,CrCuFeMoW,True
Fe5Cr18Mo7W11Ni21,217.83246,CrFeMoNiW,True
Cu22Co19Mn13Fe6Ni14,217.8508,CoCuFeMnNi,True
Fe23Cu8Mn11Cr10W5Ni15,217.86084,CrCuFeMnNiW,True
Cr14Mo17Mn5Fe14Co14W21,217.87387,CoCrFeMnMoW,True
Fe7W18Ni19Cr5Co22,217.87479,CoCrFeNiW,True
W8Fe16Ni9Mo21Cr11,217.87697,CrFeMoNiW,True
Ni25Fe20Mn7Co16Cr5Mo24,217.87766,CoCrFeMnMoNi,True
Fe7Mn6Ni19Cr11Cu6,217.89032,CrCuFeMnNi,True
Co23Cu8W14Cr22Ni16Mo18,217.89609,CoCrCuMoNiW,True
Co22W24Mo11Cu24Fe11Ni12,217.90968,CoCuFeMoNiW,True
Cr8Ni22Cu22W15Co24,217.92017,CoCrCuNiW,True
Co16W21Cr22Ni20Mo5,217.93631,CoCrMoNiW,True
Mo7Cr21Co22Fe13Ni23Mn10,217.93732,CoCrFeMnMoNi,True
Mo5Fe23Ni17Co11Mn25,217.94016,CoFeMnMoNi,True
Mo12Co16Ni11Cu5Mn24,217.94714,CoCuMnMoNi,True
Cu6Co22Ni9W11Cr8Mo5,217.94867,CoCrCuMoNiW,True
Mo8Cr14Co7W11Ni7Mn18,217.97186,CoCrMnMoNiW,True
Fe15Mn20Mo25Co5Cr10W13,217.97928,CoCrFeMnMoW,True
Cu9Mo16Co6Fe12Cr12,218.00163,CoCrCuFeMo,True
W22Cu17Cr12Fe19Mn22Mo20,218.01152,CrCuFeMnMoW,True
Fe16Mn24Ni13Cu21W10Cr20,218.02322,CrCuFeMnNiW,True
Cu18Ni15Cr8Mn16Co18,218.03699,CoCrCuMnNi,True
W15Cr23Fe14Ni12Mo5,218.05025,CrFeMoNiW,True
Mn8Fe21Cu21Mo16Ni10Cr7,218.05464,CrCuFeMnMoNi,True
W6Cr16Mn11Cu7Fe24Co13,218.05585,CoCrCuFeMnW,True
Cr19Fe7Mo25Co13Cu7,218.05827,CoCrCuFeMo,True
Cr16Ni17Cu9Mo13Co10,218.06789,CoCrCuMoNi,True
Co16W21Cr5Fe21Mn18Mo22,218.07736,CoCrFeMnMoW,True
Cr18Mn17Mo11Ni21W23Fe6,218.08054,CrFeMnMoNiW,True
Ni17W12Fe14Cr7Mo25,218.09775,CrFeMoNiW,True
Fe5Ni22Mo8Cr15Co13Mn9,218.10205,CoCrFeMnMoNi,True
W10Cu8Co25Fe14Cr17Mn20,218.11063,CoCrCuFeMnW,True
Mo7W5Ni19Mn8Cr14,218.13177,CrMnMoNiW,True
Co12W12Cr15Mo10Ni15,218.13675,CoCrMoNiW,True
Cu19Cr16Mo5Ni7W7,218.138,CrCuMoNiW,True
Cr16W13Ni17Cu15Fe12,218.16196,CrCuFeNiW,True
Ni7Mo16Fe16Cr25Cu17,218.1662,CrCuFeMoNi,True
Fe20Mo15Cr5W16Co17,218.17017,CoCrFeMoW,True
Fe13Ni16Co6Cr11Mn22,218.17499,CoCrFeMnNi,True
Cr6Cu16W21Ni14Co8Mo15,218.1799,CoCrCuMoNiW,True
Fe13Cu6Cr13Co6Mo6,218.18414,CoCrCuFeMo,True
Cr6Co5Ni10Cu9Mo23,218.20767,CoCrCuMoNi,True
Mo12Fe6W19Cr24Ni12Mn17,218.21323,CrFeMnMoNiW,True
W19Fe23Co17Cr16Mo23,218.2185,CoCrFeMoW,True
Fe9Mo24W12Co22Cr17Ni10,218.2272,CoCrFeMoNiW,True
Mo22Ni5Mn15W6Co21Cr12,218.22871,CoCrMnMoNiW,True
Co19Cu24Mo15Fe17Cr6Mn15,218.24258,CoCrCuFeMnMo,True
Mo17Ni20Fe23Cr24W25,218.25046,CrFeMoNiW,True
W25Fe13Ni21Mo16Cr16Mn9,218.2508,CrFeMnMoNiW,True
W8Cu8Cr18Ni20Fe22,218.2605,CrCuFeNiW,True
Mo16Fe21Cr11Ni10W16Cu7,218.26291,CrCuFeMoNiW,True
Fe14Mo13Cr9W20Co5Cu23,218.26932,CoCrCuFeMoW,True
Cu10Ni8Mo10W9Co14,218.27408,CoCuMoNiW,True
Mn16Cu14Fe19Ni25Mo8W9,218.27408,CuFeMnMoNiW,True
Cr10W13Ni12Mo15Fe20,218.27855,CrFeMoNiW,True
Cr6Ni5W13Cu12Fe21Mo19,218.27882,CrCuFeMoNiW,True
Ni7Mo8Cr19Fe9Cu12,218.287,CrCuFeMoNi,True
Mn13W5Ni9Cr25Fe25Cu21,218.28961,CrCuFeMnNiW,True
Mo20W22Ni10Cr25Cu18Fe15,218.2962,CrCuFeMoNiW,True
W19Cr14Co5Ni15Cu16Mo5,218.29735,CoCrCuMoNiW,True
W10Ni19Fe24Cr6Cu11,218.2976,CrCuFeNiW,True
Cr8Mo20W8Fe23Cu10,218.30734,CrCuFeMoW,True
Fe10Ni15Cu12Cr14Mn24,218.30786,CrCuFeMnNi,True
Cr11Mn25Co15Fe25Ni10,218.32692,CoCrFeMnNi,True
Ni5Cr16Mo19Fe13W15Mn21,218.33023,CrFeMnMoNiW,True
Co7Cu15Cr16Ni18Mo23,218.33508,CoCrCuMoNi,True
Cr17W8Mo5Co14Mn14,218.33987,CoCrMnMoW,True
Cr15Mo22Co13Ni21W13Mn9,218.34933,CoCrMnMoNiW,True
Co18W18Cu13Cr17Fe22,218.3555,CoCrCuFeW,True
Mn19Fe22Cr16Cu12W9Ni14,218.35968,CrCuFeMnNiW,True
W22Cu20Cr14Mo8Fe12,218.36041,CrCuFeMoW,True
Co11Fe20Cu22Mn7Cr15,218.36703,CoCrCuFeMn,True
W5Cr19Mn25Fe20Co11,218.37305,CoCrFeMnW,True
W5Cr18Fe17Ni5Cu22,218.38263,CrCuFeNiW,True
Fe17Cr15Ni22Cu24Mn14,218.38339,CrCuFeMnNi,True
Cu25Cr12Co21Mn14Ni5,218.38464,CoCrCuMnNi,True
Cr8Cu20Mo13W13Co12,218.3912,CoCrCuMoW,True
Fe14Cr7Mo11Cu21W20,218.39581,CrCuFeMoW,True
Ni14Fe5Cu15W9Co23Mo13,218.40045,CoCuFeMoNiW,True
Cr10Mn17Ni11Co24Fe13,218.41971,CoCrFeMnNi,True
Cr10Ni15Mo9Fe5Mn14W16,218.43346,CrFeMnMoNiW,True
Fe25Cu7Mn24Cr10Ni18,218.48643,CrCuFeMnNi,True
Cr21Cu14Ni6Fe12Mo17,218.49815,CrCuFeMoNi,True
Cu16Cr8Ni19Co17Mn18,218.50243,CoCrCuMnNi,True
Ni9Mn9Cu24Fe21Cr12W5,218.50494,CrCuFeMnNiW,True
Cu19Ni18Cr22Mo22Co16,218.50667,CoCrCuMoNi,True
Cr22Mo13Ni9W14Mn6Co15,218.50906,CoCrMnMoNiW,True
Cr25Co10Fe16Mo15Ni9,218.51227,CoCrFeMoNi,True
Fe12W24Cu24Mo12Co14,218.51955,CoCuFeMoW,True
Cr6Fe11Cu11Mn14Ni9,218.52655,CrCuFeMnNi,True
Co19Cu14Fe7Cr22W5,218.54208,CoCrCuFeW,True
Ni12W14Fe6Mo18Co19Cu19,218.5441,CoCuFeMoNiW,True
W18Co16Ni25Mn6Cr15Mo18,218.5513,CoCrMnMoNiW,True
Ni13Mo17Cu10Fe19W21Co22,218.55182,CoCuFeMoNiW,True
Mo10Cu11Cr20Fe13Ni8,218.56888,CrCuFeMoNi,True
W9Mn12Cr11Ni20Cu14Fe20,218.57596,CrCuFeMnNiW,True
Fe8Cr11W19Ni15Co17,218.58023,CoCrFeNiW,True
Ni23Mn16Fe7Cu20Co8,218.58276,CoCuFeMnNi,True
Cu24Cr8W18Mo14Fe13,218.59631,CrCuFeMoW,True
Mn5Ni20W17Cu22Mo9Cr12,218.5997,CrCuMnMoNiW,True
Cr22Mo11Ni20W22Fe14,218.60202,CrFeMoNiW,True
Cr12Cu13W8Mn12Co22Fe8,218.60367,CoCrCuFeMnW,True
Cu9Fe22Mo13Ni8Cr15W19,218.61194,CrCuFeMoNiW,True
W11Co21Mn25Mo7Cu17Fe13,218.6232,CoCuFeMnMoW,True
Fe23W13Cr20Mo9Ni8,218.63712,CrFeMoNiW,True
Cu6Fe24Mo14W19Cr24Ni13,218.6624,CrCuFeMoNiW,True
Mo12Ni11Co18W12Cu12,218.67735,CoCuMoNiW,True
Cu14Mo12W7Cr15Ni10,218.68704,CrCuMoNiW,True
Mo15Cr5W17Co25Fe18,218.69553,CoCrFeMoW,True
W22Co22Mo8Fe16Cr8,218.72093,CoCrFeMoW,True
Co16W13Cr10Fe7Mo25Mn18,218.7226,CoCrFeMnMoW,True
W10Fe25Cu13Ni23Cr19Mn23,218.72281,CrCuFeMnNiW,True
Cr7Co17Mo20W5Cu10,218.73798,CoCrCuMoW,True
Co9Cr14Ni10Mo18Cu16,218.7461,CoCrCuMoNi,True
Fe18Mo22W7Cr21Cu10,218.74686,CrCuFeMoW,True
Mn5Mo24Cr21W20Co9Fe21,218.74973,CoCrFeMnMoW,True
Ni18Mo10Cr25W12Cu16,218.75897,CrCuMoNiW,True
Cu16Ni9Mo19Co5Cr11,218.7799,CoCrCuMoNi,True
Fe7Mo20Co9Cu20Cr10W13,218.78801,CoCrCuFeMoW,True
Cu24W8Cr18Mo9Mn19,218.79361,CrCuMnMoW,True
Mo24Cr6Ni6Fe24Co5,218.80063,CoCrFeMoNi,True
Ni24W25Mo25Cr15Mn17Fe16,218.81331,CrFeMnMoNiW,True
Cr19Cu8Co22W6Fe11,218.8241,CoCrCuFeW,True
W17Mo8Cr18Ni24Fe8,218.82619,CrFeMoNiW,True
Ni12Mo10W5Cr5Co7,218.83482,CoCrMoNiW,True
W16Fe20Ni12Co20Mo23,218.85934,CoFeMoNiW,True
Fe19Mo15Mn13Cr7Ni21Co20,218.87257,CoCrFeMnMoNi,True
Mo24Ni22W18Co9Cr13Cu16,218.87433,CoCrCuMoNiW,True
Co17Cu20Mo17Mn12W9Fe25,218.87872,CoCuFeMnMoW,True
Mo10Cu21Ni7Fe17Co13W13,218.87976,CoCuFeMoNiW,True
Cr14W9Cu8Mo18Co19Mn20,218.89569,CoCrCuMnMoW,True
Mn13Ni25Cu21W5Mo5Fe6,218.90503,CuFeMnMoNiW,True
Cr10W13Mo10Cu21Mn10Ni12,218.95021,CrCuMnMoNiW,True
Cr15Cu12Co8Fe12W18Ni11,218.95415,CoCrCuFeNiW,True
Cr22W22Cu24Ni15Co9Mo10,218.965,CoCrCuMoNiW,True
Ni18Cu19W8Co12Cr6,218.9672,CoCrCuNiW,True
Mo25W10Co12Fe16Cr10,218.97273,CoCrFeMoW,True
Ni9Fe21W21Cr20Mn25Co10,218.99265,CoCrFeMnNiW,True
Co18Fe23Mo25W19Cr16,218.99493,CoCrFeMoW,True
Cr16W5Co15Ni22Cu19,219.0022,CoCrCuNiW,True
Cu24Co21Mn17Mo9Cr9Fe16,219.01581,CoCrCuFeMnMo,True
Fe9W13Ni18Co17Mo8Mn5,219.02591,CoFeMnMoNiW,True
Fe22Mo18Cr7W20Co22,219.03348,CoCrFeMoW,True
Co22Mn19Cr13Ni17Fe8,219.0467,CoCrFeMnNi,True
Cr23Cu23Fe14W7Ni9,219.05264,CrCuFeNiW,True
Ni17Mn9Cr8Fe17Cu12W7,219.05426,CrCuFeMnNiW,True
W8Cu7Co10Cr21Mo23Fe21,219.0545,CoCrCuFeMoW,True
Cr12Co12Ni20Mn16Fe6,219.05765,CoCrFeMnNi,True
Mn18Cu25Ni7Fe7Co24Cr9,219.06543,CoCrCuFeMnNi,True
Cu14W16Cr21Co15Fe21,219.06998,CoCrCuFeW,True
Cr9Cu14Mo18Ni15W8,219.0727,CrCuMoNiW,True
Ni13Cr17W11Co13Mo9,219.0747,CoCrMoNiW,True
Mo18Ni21W17Cu20Cr8,219.08182,CrCuMoNiW,True
Cr16Mn8W9Fe21Mo10,219.08316,CrFeMnMoW,True
Ni13Mn9Fe14Cu19Cr12,219.09378,CrCuFeMnNi,True
W8Mo15Cu11Co23Cr21,219.10052,CoCrCuMoW,True
Ni19Co17Fe10Cr14W22,219.10419,CoCrFeNiW,True
Cr18Co19Ni25Mn20Fe7,219.11087,CoCrFeMnNi,True
Cu22Mn9Co5Cr15Ni24,219.11572,CoCrCuMnNi,True
Co9Ni16Cr6W15Fe24,219.1196,CoCrFeNiW,True
Fe10Cu13Co24W17Mo16,219.13449,CoCuFeMoW,True
Mn21W8Ni21Mo18Cr18Cu8,219.13469,CrCuMnMoNiW,True
Co24W17Cr21Mo15Cu16,219.13853,CoCrCuMoW,True
Fe13Ni13Cr5W20Co19Mn19,219.14206,CoCrFeMnNiW,True
Ni5Cr14Mo19Co6Fe25,219.15704,CoCrFeMoNi,True
Fe8W10Cr24Co18Mo12,219.18076,CoCrFeMoW,True
Mn12Mo5Cr18W8Co15,219.18169,CoCrMnMoW,True
W20Cr12Cu22Fe16Mo19,219.18759,CrCuFeMoW,True
W5Ni13Co22Cu12Cr20Mo24,219.18976,CoCrCuMoNiW,True
Fe17Mo5Ni15Cr24W22,219.19,CrFeMoNiW,True
Co21Mn24Cr13W9Fe24,219.1946,CoCrFeMnW,True
Cr21Ni16Fe11Co25W22,219.19753,CoCrFeNiW,True
Fe22Ni25Mn12Mo8W9Cu13,219.22284,CuFeMnMoNiW,True
Fe18Mo11Cr11Ni23W24,219.22809,CrFeMoNiW,True
Cr9Mn10W13Fe14Mo24Ni13,219.23346,CrFeMnMoNiW,True
Mo9W17Co21Mn15Fe6Cr5,219.24182,CoCrFeMnMoW,True
Ni11W7Fe17Cu12Cr20Mn22,219.24234,CrCuFeMnNiW,True
Fe17W10Cr7Cu21Mn9Co10,219.24377,CoCrCuFeMnW,True
Cu22Mn8Fe10Co15Cr16,219.244,CoCrCuFeMn,True
Cr22Mn13Fe6Ni23Co21,219.25203,CoCrFeMnNi,True
W20Mo22Co22Cr11Ni24Mn18,219.26257,CoCrMnMoNiW,True
Co9Mo24Cr9W5Fe14,219.27386,CoCrFeMoW,True
Cu8Fe25Ni18Cr15W5,219.29553,CrCuFeNiW,True
Co24Ni24Mo14Fe7W9Cu11,219.29922,CoCuFeMoNiW,True
W18Cr21Fe19Mo11Cu9Mn5,219.30042,CrCuFeMnMoW,True
Fe22Mo25W18Ni17Mn8Cr9,219.30885,CrFeMnMoNiW,True
Fe23Mn13Co16Cr16W7,219.31027,CoCrFeMnW,True
Ni13Co7Cr8Mo21W9Cu17,219.31067,CoCrCuMoNiW,True
Mn17Cr13Fe23Co13W7,219.31223,CoCrFeMnW,True
Fe20Mn21Ni18Cr18W23Co7,219.32211,CoCrFeMnNiW,True
Fe8Cr23Cu9Ni25Mn25,219.32593,CrCuFeMnNi,True
Mn5Fe8Mo19W10Ni10Cr17,219.33762,CrFeMnMoNiW,True
Fe24W19Mo23Cr7Cu21,219.34534,CrCuFeMoW,True
Fe16Cr13Cu22Mn25Ni24,219.35672,CrCuFeMnNi,True
Cu19Co8Fe13Cr9Mn10,219.35884,CoCrCuFeMn,True
W12Mn20Ni25Mo7Cr25,219.36325,CrMnMoNiW,True
Fe7W6Cr19Co18Cu12,219.38889,CoCrCuFeW,True
Fe11Cr6Co14Mn12Ni7,219.3906,CoCrFeMnNi,True
W8Cu16Mo13Co9Cr10,219.39082,CoCrCuMoW,True
Cu22Mo13Co16Ni17Cr25,219.41513,CoCrCuMoNi,True
Cr8Co10W5Cu7Mo9,219.41779,CoCrCuMoW,True
Cr11Cu25W21Co14Fe20,219.43005,CoCrCuFeW,True
Mn22Cu25Fe17Co22Cr13,219.43634,CoCrCuFeMn,True
W21Cr6Fe24Cu24Mo22,219.4379,CrCuFeMoW,True
W18Co11Ni9Mn16Cr14Fe12,219.444,CoCrFeMnNiW,True
Co21W6Mn22Mo17Cr20,219.44678,CoCrMnMoW,True
W23Cr5Ni19Fe15Co14,219.44856,CoCrFeNiW,True
Fe11Mn21Co15Cr10Ni10,219.44934,CoCrFeMnNi,True
Co7Ni7Mo12Cr17W11Fe22,219.46854,CoCrFeMoNiW,True
Cr10Mo10Fe19W9Mn17,219.47118,CrFeMnMoW,True
W7Ni6Co10Cr18Fe10,219.47156,CoCrFeNiW,True
Mo17W7Mn9Co11Fe14Ni18,219.4784,CoFeMnMoNiW,True
W8Mo21Fe14Ni10Co24,219.49188,CoFeMoNiW,True
Mn21Co14Cu19Fe15Cr10,219.4966,CoCrCuFeMn,True
Mn25Mo14Ni17Co7W14Cr14,219.50302,CoCrMnMoNiW,True
Fe18Cr8Mn12Ni15Co19W24,219.5041,CoCrFeMnNiW,True
Fe17Co9W18Cu11Mo17Cr19,219.50737,CoCrCuFeMoW,True
Cr14Mo14Mn18Cu17W16Ni21,219.5085,CrCuMnMoNiW,True
Mo20Fe10Cr21Co14W6,219.51181,CoCrFeMoW,True
Cu20Co24Mn25Fe22Cr12,219.51376,CoCrCuFeMn,True
Cu18Co21Mo10Fe10Ni6W7,219.52576,CoCuFeMoNiW,True
Fe20W18Cr11Mo18Co17,219.53896,CoCrFeMoW,True
Mo7W12Cu10Ni12Cr23Mn10,219.53961,CrCuMnMoNiW,True
W11Cr12Co11Mn25Cu15Mo18,219.56683,CoCrCuMnMoW,True
Cr10W15Cu20Ni16Mo16,219.56757,CrCuMoNiW,True
Co10Cr15Mo16W10Ni12Mn10,219.591,CoCrMnMoNiW,True
Cr19W7Mo7Cu22Mn12,219.6042,CrCuMnMoW,True
Co20Cu5Mo9W15Ni13Cr14,219.61853,CoCrCuMoNiW,True
Cr11Fe9W14Ni8Mn5Mo9,219.63596,CrFeMnMoNiW,True
Co23Cr19Mo7Mn22W11,219.638,CoCrMnMoW,True
Ni12W14Fe17Cr5Cu21,219.6622,CrCuFeNiW,True
Ni9Cr11Co14Mn23Mo19W10,219.67076,CoCrMnMoNiW,True
W7Ni20Cu13Mo22Cr7,219.67128,CrCuMoNiW,True
W12Co9Mn21Fe17Cr14Cu18,219.6734,CoCrCuFeMnW,True
Fe25Co17Mo10Mn8Cu16Cr13,219.68134,CoCrCuFeMnMo,True
Cu17Mo18Fe18Co9W16,219.6887,CoCuFeMoW,True
Mo16Ni25Cr12Fe15W19,219.69545,CrFeMoNiW,True
Cr10W14Ni8Fe8Co14,219.6962,CoCrFeNiW,True
W11Co5Ni24Mn8Cr18Mo15,219.69649,CoCrMnMoNiW,True
W21Cu12Mo22Ni17Fe14Cr22,219.69681,CrCuFeMoNiW,True
Fe9W23Ni19Mo13Co19,219.69778,CoFeMoNiW,True
Cr11Cu20Ni20Co12W5,219.71365,CoCrCuNiW,True
Fe5Mn10Cu20Ni19Cr25,219.74622,CrCuFeMnNi,True
W14Mo9Mn9Fe15Co11Ni23,219.75209,CoFeMnMoNiW,True
Co10W16Cu15Mo18Fe16,219.75316,CoCuFeMoW,True
Cr16W9Mo21Cu23Ni14Mn7,219.75632,CrCuMnMoNiW,True
Mo10Ni23Cr10W19Cu11Co10,219.75873,CoCrCuMoNiW,True
Mo15Cr20Cu7Fe13W24Ni24,219.76761,CrCuFeMoNiW,True
Co8Mn18Cr12Fe7Ni15,219.76837,CoCrFeMnNi,True
W17Ni18Cr25Fe23Cu20,219.7756,CrCuFeNiW,True
Co20Cr13Mn10Cu23Ni5,219.78453,CoCrCuMnNi,True
W20Cu24Co23Cr12Mo21,219.79202,CoCrCuMoW,True
Fe16Cr13Mo22Cu23W19,219.79999,CrCuFeMoW,True
Co16W20Fe13Ni12Mo12,219.8021,CoFeMoNiW,True
Ni17Co17Cr22W12Fe5,219.80637,CoCrFeNiW,True
Mn7W10Ni11Cr12Mo5Cu8,219.81018,CrCuMnMoNiW,True
W6Mo11Cu23Mn24Cr22,219.81175,CrCuMnMoW,True
Mo14Cr10Co15Cu7W19Ni15,219.84499,CoCrCuMoNiW,True
Fe17W6Co18Ni13Mo25Cu8,219.85506,CoCuFeMoNiW,True
Co7Mn6Fe24Ni9Cr10,219.85687,CoCrFeMnNi,True
Cr14Mn21Cu23Ni7Co5,219.85962,CoCrCuMnNi,True
Co21Mo13Cu25W25Cr18,219.86447,CoCrCuMoW,True
Cr11Fe17Mn14Co17Ni22,219.87009,CoCrFeMnNi,True
Mn13Fe13W6Cr15Ni22Cu16,219.87018,CrCuFeMnNiW,True
Cu11Ni12W9Co21Mo11,219.88062,CoCuMoNiW,True
Co22W22Cr12Fe25Mn12Ni8,219.88132,CoCrFeMnNiW,True
W19Cr23Co20Fe11Mo10Cu5,219.89444,CoCrCuFeMoW,True
Co9Fe10Cr24Ni15W7,219.90762,CoCrFeNiW,True
Mo24Co5Fe24Cr12Cu12,219.9183,CoCrCuFeMo,True
W20Mo14Cr17Fe12Cu23,219.92902,CrCuFeMoW,True
Cr12W17Ni20Fe19Cu14,219.93124,CrCuFeNiW,True
Co19W25Mo10Ni18Cu22,219.93683,CoCuMoNiW,True
Ni25Mo7Co6Cr15W17Mn14,219.93753,CoCrMnMoNiW,True
W20Cr25Mo7Fe10Ni24,219.94339,CrFeMoNiW,True
Ni23Mo8Cr12Mn20Fe5W21,219.94646,CrFeMnMoNiW,True
Ni15Co14Cu18Cr11Mo24W23,219.94911,CoCrCuMoNiW,True
Mo11Co25Cr19Mn13W8,219.95093,CoCrMnMoW,True
W17Cr11Mo15Mn12Co7Fe17,219.96188,CoCrFeMnMoW,True
Cr22Fe12Mn25Mo23W20Cu21,219.96649,CrCuFeMnMoW,True
Mo10Cu9W13Mn14Cr20Ni22,219.97992,CrCuMnMoNiW,True
Mo5Co6Fe9W8Ni18,220.01886,CoFeMoNiW,True
Fe20Cr20Ni24Cu12W12,220.04257,CrCuFeNiW,True
Cr24Mo24Fe18W6Mn11,220.04727,CrFeMnMoW,True
Fe20Mo18Co15W7Ni24Cu7,220.04977,CoCuFeMoNiW,True
Fe8Cr19W20Ni25Co11Mo15,220.05682,CoCrFeMoNiW,True
Cu14Mo13W11Cr9Ni14,220.0636,CrCuMoNiW,True
Ni24Cr16W5Mn20Fe20,220.06975,CrFeMnNiW,True
Mo23W8Ni10Cr16Co18Cu15,220.07812,CoCrCuMoNiW,True
Ni16Co7Mo14Cr15Cu11,220.08255,CoCrCuMoNi,True
W9Ni17Cr12Co20Cu19,220.08624,CoCrCuNiW,True
Mn6Cr17Fe8Cu19Co13,220.08815,CoCrCuFeMn,True
Cu25Co16W17Cr25Fe14,220.09479,CoCrCuFeW,True
Ni11Cr7Mo14Cu7W19Fe12,220.11813,CrCuFeMoNiW,True
W25Fe17Cu13Ni22Mo11,220.12814,CuFeMoNiW,True
Ni7W16Cr15Co13Cu9Fe18,220.12895,CoCrCuFeNiW,True
Mo19W9Cu5Fe11Ni10Cr9,220.13992,CrCuFeMoNiW,True
Cr13Fe12Cu19Ni7Mo11W24,220.14021,CrCuFeMoNiW,True
W21Mo7Ni21Cr11Co14Mn10,220.14111,CoCrMnMoNiW,True
Co20Mn6Ni11Cr17Fe7,220.14381,CoCrFeMnNi,True
Mn14Mo14Cr21Co10Ni8W10,220.15007,CoCrMnMoNiW,True
Mn5W5Cr17Fe20Co19,220.151,CoCrFeMnW,True
Co22W12Fe11Ni8Cr21Mo19,220.18237,CoCrFeMoNiW,True
Mo22Co10Ni21W23Cr16Cu21,220.18665,CoCrCuMoNiW,True
W8Cr22Fe10Ni6Co24,220.1867,CoCrFeNiW,True
Mo18Fe13Ni18Cr24Cu5W8,220.1903,CrCuFeMoNiW,True
Cu10Cr14W23Mo11Ni9Fe22,220.20154,CrCuFeMoNiW,True
W23Mo22Ni14Co16Fe22Cu15,220.21758,CoCuFeMoNiW,True
Cr24W9Co10Fe24Mo25,220.22858,CoCrFeMoW,True
Mn17Cu25W13Mo18Cr24Co8,220.23764,CoCrCuMnMoW,True
Ni8W7Mo16Co21Fe13Cu22,220.24226,CoCuFeMoNiW,True
Ni24Co20Mo15Cu18W25,220.24435,CoCuMoNiW,True
Fe11Cr20W11Ni11Co10,220.24739,CoCrFeNiW,True
Fe13Ni7Co5Cr18Mo14,220.25224,CoCrFeMoNi,True
Cr7Mn14Fe17Ni15Mo13Cu22,220.26314,CrCuFeMnMoNi,True
Mn9Co16Cr14Fe16W12Cu17,220.267,CoCrCuFeMnW,True
W22Cr15Fe20Ni10Co20,220.2799,CoCrFeNiW,True
Cr25Mn7Co22Fe25Ni22,220.29852,CoCrFeMnNi,True
W18Cr16Cu8Ni13Co24Mo10,220.30113,CoCrCuMoNiW,True
Cr19Mo17W5Ni17Co13,220.31282,CoCrMoNiW,True
Ni18Fe8Co7Cr9W8Mo19,220.32326,CoCrFeMoNiW,True
Co21Mn6W24Mo18Fe14Cr16,220.33183,CoCrFeMnMoW,True
Fe10Co14W6Mo23Cr18,220.3414,CoCrFeMoW,True
Mn21Ni24Fe15Cr13Co24,220.35257,CoCrFeMnNi,True
Fe13W7Mo24Ni10Cu15,220.35681,CuFeMoNiW,True
Mn7Cu20Fe10Cr17Ni11,220.36795,CrCuFeMnNi,True
Mo5Cr11Fe25Mn17W11,220.37392,CrFeMnMoW,True
Mo23W12Ni15Cr20Fe17,220.37646,CrFeMoNiW,True
Co19Mn22Cr11Fe11Ni19,220.38255,CoCrFeMnNi,True
Cr25Co22Mo15Ni16Cu15,220.3898,CoCrCuMoNi,True
Mn15Ni20Cr15Cu25Fe19,220.39133,CrCuFeMnNi,True
Mn14Fe15Co21Cr13Ni22Mo9,220.39333,CoCrFeMnMoNi,True
Cr6W5Ni17Co14Mo24,220.39702,CoCrMoNiW,True
Fe5Cr12W19Cu13Co20Ni17,220.42491,CoCrCuFeNiW,True
Cu13W5Fe7Cr13Mn18Ni16,220.42691,CrCuFeMnNiW,True
Fe17Mo10Cr14W9Cu7,220.42914,CrCuFeMoW,True
W8Cr18Fe20Mn16Co25,220.43575,CoCrFeMnW,True
Mn10Cr15Co19Ni20Cu25,220.44177,CoCrCuMnNi,True
Ni12Co21Cr18Fe16W19Cu7,220.44366,CoCrCuFeNiW,True
Cr11Fe17Mn22Co6Cu19,220.46146,CoCrCuFeMn,True
Ni19Cu19Mn12Co8Cr9,220.46492,CoCrCuMnNi,True
Co19W10Ni15Cr6Cu19,220.48041,CoCrCuNiW,True
Cr19Co14Mn13Ni20W23Fe13,220.48285,CoCrFeMnNiW,True
Cr24Cu6Ni16Mo21Fe14,220.48386,CrCuFeMoNi,True
Fe14Mn14Mo13Cr20W23Co9,220.5089,CoCrFeMnMoW,True
Mo18W25Cu11Cr5Ni25Co19,220.51335,CoCrCuMoNiW,True
W7Cu12Ni12Cr6Co15,220.52124,CoCrCuNiW,True
Fe25Cu8W9Co20Cr16,220.52267,CoCrCuFeW,True
W16Ni17Mo12Cu18Cr5,220.52505,CrCuMoNiW,True
Fe10Cr20Co13Cu7Mo5,220.53738,CoCrCuFeMo,True
Cu11W5Cr11Mn13Ni7Fe12,220.55637,CrCuFeMnNiW,True
Cr5Co22Mo18W16Cu21,220.56195,CoCrCuMoW,True
Cr14W10Fe25Ni10Mo16,220.57559,CrFeMoNiW,True
Cu15Fe20Cr14Co18W20,220.59042,CoCrCuFeW,True
Fe8W11Co23Mo16Cr20,220.60648,CoCrFeMoW,True
Fe15Cu6Mn23Ni5Co9Cr15,220.61887,CoCrCuFeMnNi,True
Fe22Mn13Co10Cr14W22Mo19,220.62106,CoCrFeMnMoW,True
W20Fe10Co21Mo6Cr15,220.62488,CoCrFeMoW,True
Co16W7Fe10Cr21Ni6,220.66873,CoCrFeNiW,True
Mo9W5Fe11Ni8Co5,220.68042,CoFeMoNiW,True
Cr10Co19W13Mo18Cu17,220.68594,CoCrCuMoW,True
Cr9Mn13Mo8Fe5Co15Cu18,220.69208,CoCrCuFeMnMo,True
Mo7Mn23W7Ni22Cr15,220.69305,CrMnMoNiW,True
W10Cr22Mn24Cu17Ni20Fe25,220.69775,CrCuFeMnNiW,True
Mn25Cr8W14Mo23Co16Fe8,220.71591,CoCrFeMnMoW,True
Mo24Mn6W12Fe22Co17Ni25,220.72943,CoFeMnMoNiW,True
Cu21Cr11Mo13W22Ni23,220.7351,CrCuMoNiW,True
Mo17Cr11Co17Ni24W15,220.74167,CoCrMoNiW,True
Cr9W19Mo9Fe20Ni15,220.74487,CrFeMoNiW,True
Mo21W23Cr13Co23Mn12Fe14,220.74512,CoCrFeMnMoW,True
Ni5Co13W7Cr16Fe25,220.75067,CoCrFeNiW,True
Mo6Ni23Cr5Fe20Mn24Cu25,220.7576,CrCuFeMnMoNi,True
Co23Cr21W23Ni25Mo16,220.75793,CoCrMoNiW,True
Fe25Cu24W22Mo5Co19Ni7,220.76297,CoCuFeMoNiW,True
Ni18Cr8Co18Mn8W21Fe15,220.76349,CoCrFeMnNiW,True
Cu25Mn25Fe19W9Ni11Mo5,220.76862,CuFeMnMoNiW,True
Cu17Mn23Co11Cr10Fe24,220.78256,CoCrCuFeMn,True
Ni6Cr22Mo20Fe12Cu22W14,220.78592,CrCuFeMoNiW,True
Fe15Co8W6Cr5Cu11Mn5,220.79272,CoCrCuFeMnW,True
Fe21Cr10Cu18Co12Mo8Mn9,220.8049,CoCrCuFeMnMo,True
Cu15Mo5Fe21W13Co9Ni8,220.8097,CoCuFeMoNiW,True
Co9W15Cr23Mn15Mo12Cu20,220.81448,CoCrCuMnMoW,True
Mo25Ni15W8Co13Fe12,220.82443,CoFeMoNiW,True
W19Fe20Cu14Cr9Co16,220.82962,CoCrCuFeW,True
Ni7Cr10Co6Cu25Mn9,220.85086,CoCrCuMnNi,True
Co25Ni24Cr23Mo20W20,220.85306,CoCrMoNiW,True
W10Ni10Co7Mo8Cu11,220.85355,CoCuMoNiW,True
Cr11Co15Cu9Mo6Fe23Mn6,220.85495,CoCrCuFeMnMo,True
Fe17Mo12Cu15Cr13W18,220.86465,CrCuFeMoW,True
Cr25Mo11Ni17Cu21Co16,220.86694,CoCrCuMoNi,True
Mo24Ni24W16Cu23Cr14,220.87158,CrCuMoNiW,True
Fe13Mo21Ni13W7Cu9,220.8797,CuFeMoNiW,True
Cu15Fe5W8Co11Mo15,220.8888,CoCuFeMoW,True
Co10Cu13Mo8W12Fe25,220.89215,CoCuFeMoW,True
Fe9W12Cr14Co22Mo14,220.89478,CoCrFeMoW,True
Cu7W8Mo5Cr10Co15,220.89679,CoCrCuMoW,True
Mo19Fe9Ni19Co25Mn16Cr7,220.90268,CoCrFeMnMoNi,True
Cr25W5Cu19Mn24Mo6,220.91113,CrCuMnMoW,True
Cr6Mn11Cu7Co13Fe8,220.91315,CoCrCuFeMn,True
Cr21W8Cu10Fe19Ni16,220.91507,CrCuFeNiW,True
Co14Ni25Fe21Mo18W25,220.9234,CoFeMoNiW,True
Cr12Co5Ni22Cu12Mn6,220.93866,CoCrCuMnNi,True
W25Cr24Co24Fe21Mo20,220.94833,CoCrFeMoW,True
W18Co19Fe17Cr9Ni8,220.94876,CoCrFeNiW,True
W7Co6Cu20Cr18Fe12,220.94952,CoCrCuFeW,True
Cu12Fe24Ni12Cr11W25Mo18,220.95224,CrCuFeMoNiW,True
Mo13Cr19Ni9Cu20Co11,220.95346,CoCrCuMoNi,True
Ni18W22Cr16Fe22Mo14,220.96487,CrFeMoNiW,True
Mo9Fe20W13Cr7Cu11,220.96881,CrCuFeMoW,True
Cu15W16Fe12Mo5Cr23,220.97205,CrCuFeMoW,True
W16Cu22Ni19Mo17Fe5,220.98456,CuFeMoNiW,True
Cu18Cr7W14Fe14Mo20,220.98822,CrCuFeMoW,True
Fe12W25Ni24Co21Mo21,220.99136,CoFeMoNiW,True
Co18Mn23Ni8Cu13Cr6Fe22,220.99261,CoCrCuFeMnNi,True
Mo15Cr6Co23Fe22W20,221.0014,CoCrFeMoW,True
Fe13Mn12Co5Cr16Ni22W17,221.01193,CoCrFeMnNiW,True
Cu13Co23Fe25W19Cr13,221.02344,CoCrCuFeW,True
Mo15Cu23W21Cr17Ni21,221.0235,CrCuMoNiW,True
W20Cu24Fe14Cr17Mo22Mn16,221.04266,CrCuFeMnMoW,True
W21Mo16Cu21Cr17Co23,221.05176,CoCrCuMoW,True
Co15Mo22Ni13W16Fe11Cu20,221.05414,CoCuFeMoNiW,True
Ni22Cr16Cu24W16Fe12,221.05734,CrCuFeNiW,True
Ni17Mo6Fe8Cr15Mn15Cu23,221.05841,CrCuFeMnMoNi,True
Cu9W23Fe16Co14Ni24Cr12,221.07138,CoCrCuFeNiW,True
Cu5Mo10Mn6W12Cr15Fe17,221.08102,CrCuFeMnMoW,True
Fe16Mo22W8Ni21Cu8,221.08209,CuFeMoNiW,True
Mo14W9Fe9Cu7Co12,221.10446,CoCuFeMoW,True
Co18Fe10Cr12Cu21Mn18,221.10535,CoCrCuFeMn,True
Cr14Fe8Mo15W22Mn20Ni25,221.10782,CrFeMnMoNiW,True
Mo21W16Co7Mn13Fe25Cr9,221.10895,CoCrFeMnMoW,True
Cu20Ni18Cr13Mn7Co10,221.11774,CoCrCuMnNi,True
Mo13Co9Cr9Cu13W6,221.11978,CoCrCuMoW,True
Mo18Cu11W20Fe25Ni24,221.13214,CuFeMoNiW,True
Cr21Ni5Mo24Co25W5Mn8,221.13461,CoCrMnMoNiW,True
Mo14Ni17Co13W18Cu20,221.1406,CoCuMoNiW,True
Fe18Co15Mo10W10Ni6,221.15588,CoFeMoNiW,True
Co5Mn17Cr15Fe7Cu10,221.15594,CoCrCuFeMn,True
Mo8Ni19Co21W22Cr22,221.16116,CoCrMoNiW,True
W12Mn17Mo19Cu10Cr6Fe23,221.16177,CrCuFeMnMoW,True
W6Cu15Cr12Co18Ni22,221.17322,CoCrCuNiW,True
Cr13Fe6Ni10Mo17W10Co18,221.18192,CoCrFeMoNiW,True
Cr19Fe20W19Mn16Mo22Ni9,221.18896,CrFeMnMoNiW,True
W13Cu14Cr22Mo18Mn10Co22,221.19333,CoCrCuMnMoW,True
W21Ni14Co19Fe11Cr9,221.19608,CoCrFeNiW,True
Ni10Co24Fe10W10Mo10,221.19708,CoFeMoNiW,True
Cr24Mo11Cu7Fe5Ni16,221.2182,CrCuFeMoNi,True
Mn14Cr10W7Fe23Co21,221.21857,CoCrFeMnW,True
W22Ni19Mn22Co9Cr16Mo5,221.22168,CoCrMnMoNiW,True
W20Co18Fe18Ni7Cu22Mo5,221.22217,CoCuFeMoNiW,True
Co11Cr9Ni14W11Mo9,221.23312,CoCrMoNiW,True
Ni8Co23Mo15Cr5Fe5Cu5,221.24109,CoCrCuFeMoNi,True
Cu19Cr24Fe16Mo12W22,221.24893,CrCuFeMoW,True
Fe19Cr15W14Ni15Co6,221.25946,CoCrFeNiW,True
W19Cr18Mn24Fe25Cu21Co20,221.26361,CoCrCuFeMnW,True
Mn12Fe13Cr7Mo17Cu18W13,221.26373,CrCuFeMnMoW,True
Mo14Cu23Fe7Co17Cr8Mn16,221.27438,CoCrCuFeMnMo,True
Mo13Fe14W21Cu25Co11Ni22,221.28046,CoCuFeMoNiW,True
W6Mn19Mo18Ni21Fe10Co24,221.2815,CoFeMnMoNiW,True
Mn14Mo20Ni23Fe16W9Co15,221.2872,CoFeMnMoNiW,True
Ni8Cr22Cu16Fe6Co23W12,221.29724,CoCrCuFeNiW,True
Co25Mn25Cr20W12Mo25Ni7,221.29938,CoCrMnMoNiW,True
Ni19Fe6Mo18W8Cu22Co16,221.30142,CoCuFeMoNiW,True
Mn17W7Cr14Mo15Co9Ni7,221.30399,CoCrMnMoNiW,True
Cu19Fe11Ni7W11Mo6,221.31097,CuFeMoNiW,True
Mo5W11Cr7Cu13Ni23,221.32758,CrCuMoNiW,True
Mo6Cr18Ni9Co7Fe6,221.34024,CoCrFeMoNi,True
Ni20Co22Fe7Cr20Mn23,221.35257,CoCrFeMnNi,True
Ni21Cr22Co24Mo20Mn6Fe10,221.35931,CoCrFeMnMoNi,True
Fe7W10Cr14Mo9Ni14,221.36694,CrFeMoNiW,True
W9Cu25Cr19Fe7Ni23,221.37015,CrCuFeNiW,True
W5Mo23Mn21Cu15Ni13Cr16,221.39093,CrCuMnMoNiW,True
Cr25Fe7Co16Mn5Ni20,221.40012,CoCrFeMnNi,True
Mo22W7Cr23Co9Fe20Ni15,221.40112,CoCrFeMoNiW,True
Cu14W23Ni11Fe11Cr10Mo18,221.4042,CrCuFeMoNiW,True
Mo7Cr11Mn17W6Co18,221.42099,CoCrMnMoW,True
Mo11Ni21Cr15Cu9W5,221.42844,CrCuMoNiW,True
Mo17Cr15Fe13Cu23W18,221.45651,CrCuFeMoW,True
Ni7Mn24Fe25Cr13Co9,221.4574,CoCrFeMnNi,True
Cu13Fe19Cr11Ni20W23Co8,221.45853,CoCrCuFeNiW,True
Fe22Mn21Ni5Co19Cr10,221.46085,CoCrFeMnNi,True
W5Ni16Mo25Cr18Co21,221.47198,CoCrMoNiW,True
Mo18Cr23Ni13Cu8W11Fe16,221.48065,CrCuFeMoNiW,True
Fe21Co13W11Mn8Cr11Cu25,221.48071,CoCrCuFeMnW,True
Cr25Mo17Ni18W5Cu16,221.48456,CrCuMoNiW,True
Mn23Mo18Ni21Cu10W10Cr22,221.50662,CrCuMnMoNiW,True
Cu11Cr16Co19Ni13W21Mo12,221.51306,CoCrCuMoNiW,True
Mn20Cu23Ni12Fe24Cr11,221.5174,CrCuFeMnNi,True
Cr18W8Cu18Fe21Ni17Mn10,221.52234,CrCuFeMnNiW,True
Fe25Cr25W11Co23Cu10,221.54556,CoCrCuFeW,True
Ni19Cr12Fe24W20Mo17,221.55692,CrFeMoNiW,True
Ni21Mo21Cr17Co12Cu5,221.56616,CoCrCuMoNi,True
Mo25Cu21Fe7W11Co19,221.56723,CoCuFeMoW,True
Fe21Cu19Mn13W15Co20Cr11,221.56995,CoCrCuFeMnW,True
Mo20Ni10Fe15W7Cr18,221.57095,CrFeMoNiW,True
Fe24Mo13Ni24Cr8W24,221.57245,CrFeMoNiW,True
W8Cu22Mo6Ni7Fe12,221.57397,CuFeMoNiW,True
Mo15Mn6Cr22W10Ni5Co25,221.58032,CoCrMnMoNiW,True
Fe12Cr8Mo16W12Ni5Cu21,221.58102,CrCuFeMoNiW,True
Mn12Cr24Cu5W5Ni20Mo14,221.58447,CrCuMnMoNiW,True
W20Mo13Ni9Fe24Cr23Co13,221.5871,CoCrFeMoNiW,True
Ni10Fe13W15Co23Mo12,221.59091,CoFeMoNiW,True
Fe17Cr10Mo6W19Co13,221.5928,CoCrFeMoW,True
Cu15Cr11Fe20Mn22W9Ni10,221.59564,CrCuFeMnNiW,True
Ni25Mo13Cu20Fe25Mn21W9,221.5998,CuFeMnMoNiW,True
Mo19Fe17Cr17Mn16W14Ni5,221.60959,CrFeMnMoNiW,True
W15Ni18Cu23Mo18Co17Fe7,221.61734,CoCuFeMoNiW,True
W24Cu25Fe12Cr23Mo17Mn21,221.62341,CrCuFeMnMoW,True
Co18W6Cr8Mn15Fe22,221.63303,CoCrFeMnW,True
W18Co10Ni24Fe11Cr7Mn24,221.63855,CoCrFeMnNiW,True
Co19Ni19W7Fe6Mo23,221.64493,CoFeMoNiW,True
Ni9Co22Fe12Cu16Mo17W9,221.64896,CoCuFeMoNiW,True
Fe17Co23Ni22Mn7Cr25,221.65149,CoCrFeMnNi,True
Co7W5Cu10Cr25Mo7Ni20,221.65207,CoCrCuMoNiW,True
W17Cr13Co23Ni10Mn20Fe8,221.66208,CoCrFeMnNiW,True
W6Cr12Cu10Mo13Ni20,221.7041,CrCuMoNiW,True
Co19Fe19Ni19W22Mo8Cu6,221.70499,CoCuFeMoNiW,True
Mo9W21Ni22Mn15Cr14Fe7,221.70819,CrFeMnMoNiW,True
Mn13Mo15Co16Fe25Ni25W19,221.72183,CoFeMnMoNiW,True
Mn14Ni12Fe25W5Cu21Cr20,221.7486,CrCuFeMnNiW,True
Cu20Ni20Mn21Cr11Fe22,221.76755,CrCuFeMnNi,True
Fe6Mo13Ni18Co21W5Mn20,221.76794,CoFeMnMoNiW,True
Ni17W15Cr22Mo14Cu21,221.76974,CrCuMoNiW,True
Ni7Co13Cr10Cu5Mo12,221.77194,CoCrCuMoNi,True
Co5Fe25Mn23Mo19Cr20W23,221.77792,CoCrFeMnMoW,True
W16Cu25Cr25Fe16Co13,221.7804,CoCrCuFeW,True
W11Cr5Ni5Fe7Mn20Co11,221.79425,CoCrFeMnNiW,True
Fe16Co8Ni5Mo11Cr20,221.79813,CoCrFeMoNi,True
Cr6Mo13Ni21Co21W18Mn14,221.80344,CoCrMnMoNiW,True
Cr17Cu23Co6Fe7Mn16,221.81113,CoCrCuFeMn,True
W10Fe8Cu18Ni11Mo18,221.8125,CuFeMoNiW,True
Cr25Mn21Co21Mo5W25Ni11,221.81918,CoCrMnMoNiW,True
Cr24Fe5W18Mn24Mo16Co13,221.8363,CoCrFeMnMoW,True
W6Cr14Co20Cu18Ni7Mo24,221.83865,CoCrCuMoNiW,True
Cr5Mo24W21Cu9Ni15Fe13,221.8407,CrCuFeMoNiW,True
Co11Cu6Ni21Cr19Mo8,221.85028,CoCrCuMoNi,True
Fe12Co7Mo9Mn14Cr18W20,221.86285,CoCrFeMnMoW,True
Mo24W21Ni23Cu16Co15Fe11,221.86844,CoCuFeMoNiW,True
Cr14W7Co9Mo13Cu17,221.87329,CoCrCuMoW,True
Ni24W16Fe14Mo20Cr18,221.87949,CrFeMoNiW,True
Fe6Cr18Mn13Ni22Cu13,221.89441,CrCuFeMnNi,True
Mo8Cu7W5Fe15Cr20,221.90143,CrCuFeMoW,True
Mo8Co9Mn8Fe19W9Ni10,221.90149,CoFeMnMoNiW,True
Co17Mo16W19Ni10Cr18Cu19,221.90744,CoCrCuMoNiW,True
Co14Fe16Mn20Cu10W5Mo9,221.9079,CoCuFeMnMoW,True
Fe6Mn11W14Co8Mo9Cr17,221.91733,CoCrFeMnMoW,True
Mo24Mn18Fe21Cr22W7,221.93372,CrFeMnMoW,True
Mn21W17Cr25Ni16Mo8Cu14,221.95584,CrCuMnMoNiW,True
Ni16Mo21Co12Cr10Fe8W15,221.95941,CoCrFeMoNiW,True
W9Mo7Co8Cr7Cu15,221.9657,CoCrCuMoW,True
Co10Cr15Fe5Mn11Ni23,221.98407,CoCrFeMnNi,True
Mo25W17Cr13Ni25Cu25,221.9896,CrCuMoNiW,True
Co11Cu17Fe20Cr12Mn7,221.99796,CoCrCuFeMn,True
Mn5Co5Fe23Cr16Ni17,222.00577,CoCrFeMnNi,True
Mo11Co15Ni6Fe9Cr7W14,222.00598,CoCrFeMoNiW,True
Fe10Cr15Co9Mo21Cu25W15,222.00613,CoCrCuFeMoW,True
Ni20W21Fe21Cr8Cu20,222.01132,CrCuFeNiW,True
Ni25Fe7Mo16Cr7W18Cu13,222.01752,CrCuFeMoNiW,True
Cr7Mn16W15Co10Ni21Mo10,222.01895,CoCrMnMoNiW,True
Cr21Ni18Mn5Co18Cu20,222.04102,CoCrCuMnNi,True
Ni20Mo25W14Cu15Co21,222.05273,CoCuMoNiW,True
Mo7Fe10Cu21Cr23W19,222.0575,CrCuFeMoW,True
Ni18W11Cu25Fe12Cr24,222.05807,CrCuFeNiW,True
Co24Cr22Cu23Fe18W23,222.06677,CoCrCuFeW,True
Cr23Cu17Mo22Ni21Co13,222.06708,CoCrCuMoNi,True
Mo7Ni24Cu24Mn6W12Fe14,222.06851,CuFeMnMoNiW,True
Cu23Fe15Ni22Mo11Mn14W8,222.07764,CuFeMnMoNiW,True
Fe19Cu15W15Mo16Cr11,222.08887,CrCuFeMoW,True
Mo18W6Fe8Ni11Co8Cr12,222.0921,CoCrFeMoNiW,True
Mn14Cu24Cr18Ni9Fe7,222.09348,CrCuFeMnNi,True
W18Cr10Fe18Cu16Ni19,222.1047,CrCuFeNiW,True
Fe21Mo13Mn5Cu15Ni16Cr15,222.10855,CrCuFeMnMoNi,True
Co25Cr23Ni6Cu20Mn5,222.11249,CoCrCuMnNi,True
Mn24W14Mo17Co5Ni22Cr22,222.11316,CoCrMnMoNiW,True
Fe12Cu11Ni21W20Mo22Cr21,222.1138,CrCuFeMoNiW,True
W24Ni15Cr12Co16Fe18Mn14,222.12735,CoCrFeMnNiW,True
Co16Cr5Mo19Ni18Cu9W20,222.13922,CoCrCuMoNiW,True
Fe20Ni9Cr18Cu20W10,222.1445,CrCuFeNiW,True
Mo14Cr8Cu11W8Co24Ni10,222.1467,CoCrCuMoNiW,True
W9Co19Cu8Fe18Cr19,222.14703,CoCrCuFeW,True
Ni23Cr12Fe20Cu15Mn14,222.16702,CrCuFeMnNi,True
Mn15Mo25W6Cu10Cr22Fe9,222.17041,CrCuFeMnMoW,True
Cr15Ni6Cu15W16Co20Mo12,222.17102,CoCrCuMoNiW,True
Fe18Cr22Ni7Cu12Mo15,222.18173,CrCuFeMoNi,True
W15Ni10Co5Fe20Mo6Cr11,222.18408,CoCrFeMoNiW,True
Co20Fe13Mo9Cr8W17,222.18903,CoCrFeMoW,True
Co9Mo5W15Fe21Cr23,222.19919,CoCrFeMoW,True
Ni16W24Cu14Mo22Fe14Co23,222.19998,CoCuFeMoNiW,True
Cu17Fe5Cr25Mn18Ni23,222.20935,CrCuFeMnNi,True
Fe6Co12Mn17Mo21Cr15W11,222.21765,CoCrFeMnMoW,True
Co5W11Fe24Mo9Mn7Cr6,222.21878,CoCrFeMnMoW,True
Co13Mn25Ni17Cr6Mo21W9,222.2208,CoCrMnMoNiW,True
Cr9Mn6Ni8Fe8Co13Mo5,222.22192,CoCrFeMnMoNi,True
Fe12Mn9Cr8Cu16Ni17Mo18,222.24481,CrCuFeMnMoNi,True
Mo18Cu22W17Ni20Cr12,222.24588,CrCuMoNiW,True
Ni20Cu23W20Co12Mo5,222.24725,CoCuMoNiW,True
Cu9Fe12Co12Ni20W11Mo14,222.24738,CoCuFeMoNiW,True
Ni16Cr11W14Mo14Fe13,222.25415,CrFeMoNiW,True
Co22W14Mo16Mn23Cr11Ni8,222.2576,CoCrMnMoNiW,True
W7Co21Cu19Ni16Cr13,222.25769,CoCrCuNiW,True
Ni20Cu16Cr25Co22W20Mo23,222.26474,CoCrCuMoNiW,True
Fe16Mn13W5Cr6Co18,222.27155,CoCrFeMnW,True
Cu23W18Co24Cr21Fe13,222.27264,CoCrCuFeW,True
W17Co22Mo25Cr12Fe17,222.27997,CoCrFeMoW,True
Cr11W19Fe7Co17Mo13Mn25,222.28662,CoCrFeMnMoW,True
Fe21Mn8Ni5Mo8W5Co12,222.29257,CoFeMnMoNiW,True
Mn22W17Mo13Cr18Ni20Cu16,222.29562,CrCuMnMoNiW,True
Fe16Cr19W5Mn20Co17,222.29568,CoCrFeMnW,True
Cr13Cu9Co17Mn6Ni20,222.30301,CoCrCuMnNi,True
W22Ni21Cr15Co25Mo13,222.31073,CoCrMoNiW,True
Cr8Mn15Ni5Fe19Co7,222.31088,CoCrFeMnNi,True
Cu9Ni7Cr13Mo9Co11,222.31845,CoCrCuMoNi,True
Fe21Cr13Ni17Co7Mn6,222.32181,CoCrFeMnNi,True
Cu12Ni7Co13Mn23Fe17,222.32208,CoCuFeMnNi,True
W22Ni6Fe23Cr10Cu18Mo19,222.32376,CrCuFeMoNiW,True
Co16Cu23Mo20Ni19W19,222.33655,CoCuMoNiW,True
W23Cu16Cr20Mn19Mo21Fe21,222.34286,CrCuFeMnMoW,True
Mn8Cu9Cr10Fe5Co24Ni24,222.35678,CoCrCuFeMnNi,True
W13Fe12Ni12Mn5Co6Cr10,222.36288,CoCrFeMnNiW,True
Mo17Cr11W15Ni14Co21Mn16,222.36768,CoCrMnMoNiW,True
Cu12Co19Mo21W6Cr9,222.36896,CoCrCuMoW,True
Mo13Mn23W7Cr24Ni22,222.38168,CrMnMoNiW,True
Cu13Fe20Co24W10Cr6Mn14,222.38922,CoCrCuFeMnW,True
Mo14Cr13W21Fe7Co17Cu11,222.39182,CoCrCuFeMoW,True
Fe10Co11Cr14Mo21W5,222.4143,CoCrFeMoW,True
Cr10Co22Mn11Mo23W7Ni11,222.4194,CoCrMnMoNiW,True
Cu8Ni6Fe14Mn9Cr5,222.42169,CrCuFeMnNi,True
Mo6Co15Cu21Cr24Ni14,222.42972,CoCrCuMoNi,True
Mn13Fe23W15Co23Cu20Cr15,222.43225,CoCrCuFeMnW,True
Fe10Cr16Mn9Co22Ni16,222.43546,CoCrFeMnNi,True
W19Ni15Cu17Mo14Co22,222.44492,CoCuMoNiW,True
W20Mo21Cr13Fe11Co22Ni12,222.45853,CoCrFeMoNiW,True
Mo17Ni24Co21Fe5W25Cr15,222.46118,CoCrFeMoNiW,True
Ni20Co15Mo15Cr17W12,222.462,CoCrMoNiW,True
Cr8Mn18Co10Ni16Cu13,222.46637,CoCrCuMnNi,True
Fe17Co7Cu14Cr11Mn5,222.47565,CoCrCuFeMn,True
Fe14W13Cr15Cu16Ni13,222.47974,CrCuFeNiW,True
Mn11Co12Cu15Fe12Cr8,222.49042,CoCrCuFeMn,True
Cu11Cr19W8Fe23Ni16,222.49307,CrCuFeNiW,True
Fe19Mn25Cr14Cu6Co17,222.49405,CoCrCuFeMn,True
Cu11Mo8W19Ni14Fe13,222.49612,CuFeMoNiW,True
Fe17Mo22Co11Cr10Ni14W18,222.49673,CoCrFeMoNiW,True
Cu14Ni7Fe16Cr14W7,222.49997,CrCuFeNiW,True
Ni8Fe21Mn23Cr11Cu13,222.5029,CrCuFeMnNi,True
Fe11Cr25Ni6Mo11Co14,222.5105,CoCrFeMoNi,True
Cu15Cr10Mn23Ni16Fe21,222.51428,CrCuFeMnNi,True
Mo23Fe23Ni12Cu17Co17W19,222.51627,CoCuFeMoNiW,True
Fe21Ni16Mo11W7Co6,222.53549,CoFeMoNiW,True
Ni5Cr11Cu11Fe11Mo22,222.54001,CrCuFeMoNi,True
Mn23Cu11W5Cr11Ni7Fe16,222.54303,CrCuFeMnNiW,True
W25Co16Fe16Cr19Cu24Ni11,222.55176,CoCrCuFeNiW,True
Cu18Mo17W5Co24Mn11Fe19,222.5523,CoCuFeMnMoW,True
Mn6Ni24Cr19Fe21Cu12W5,222.55286,CrCuFeMnNiW,True
Co9Cr14Fe21W14Ni11,222.5581,CoCrFeNiW,True
Cr9Mo7W25Co25Ni24,222.55838,CoCrMoNiW,True
Co19Mo14Fe22Cu5W9Ni19,222.56308,CoCuFeMoNiW,True
Fe12W9Mn25Cr10Cu21Ni20,222.56433,CrCuFeMnNiW,True
W13Cr14Mo21Fe23Ni14,222.59155,CrFeMoNiW,True
Ni23Fe17Cu12W18Mo22,222.61185,CuFeMoNiW,True
Mo7Cu24Ni15W22Co19,222.612,CoCuMoNiW,True
Ni22Fe19W7Cu5Mo9,222.63055,CuFeMoNiW,True
Ni24W5Mo22Co11Mn25Fe22,222.64938,CoFeMnMoNiW,True
Mn18Cu14Mo24W6Co16Cr19,222.66132,CoCrCuMnMoW,True
Ni18Mn12Co20Fe23Cr13Mo7,222.67047,CoCrFeMnMoNi,True
W13Co22Fe15Cu22Mn22Cr5,222.69287,CoCrCuFeMnW,True
Ni9Cr20Cu18Co14Mo12,222.69467,CoCrCuMoNi,True
Mn8Cu14Co8Cr10Fe24,222.69836,CoCrCuFeMn,True
Co22Cr20W9Cu13Mo25Fe6,222.7052,CoCrCuFeMoW,True
Cu6Cr10Co16Ni20Mn21,222.73752,CoCrCuMnNi,True
Co14Cr12Ni13Mn24Cu25,222.74103,CoCrCuMnNi,True
Ni17Mn15W5Cr14Cu13Fe12,222.74796,CrCuFeMnNiW,True
Co5Fe14Cr23Mn10Ni22W17,222.75735,CoCrFeMnNiW,True
Cr9Co18Fe20Ni7Mn18,222.77676,CoCrFeMnNi,True
Fe15Mo9Ni15W16Co10Cu24,222.77936,CoCuFeMoNiW,True
Ni21W16Fe23Cr20Co11Cu6,222.78732,CoCrCuFeNiW,True
W16Cr12Mo16Fe8Ni11Co21,222.79459,CoCrFeMoNiW,True
Mo10Co15Fe21Cr20W22,222.79837,CoCrFeMoW,True
W6Ni12Cu17Cr21Fe20Mn21,222.80292,CrCuFeMnNiW,True
Cr9Cu16Co21W21Fe21,222.82434,CoCrCuFeW,True
Cr9W20Cu22Co18Mn23Mo8,222.82562,CoCrCuMnMoW,True
Cr17Fe10Co24Ni13Mn25,222.83203,CoCrFeMnNi,True
Ni13Cr9Cu22W14Mo9,222.83691,CrCuMoNiW,True
Co11Cu21Mo25Ni23W24Cr6,222.84897,CoCrCuMoNiW,True
Co19W13Cr25Cu21Mo18,222.85242,CoCrCuMoW,True
Fe11W8Cr11Mo12Ni9,222.85532,CrFeMoNiW,True
Cu18Mn11Ni22W5Fe17Cr18,222.86157,CrCuFeMnNiW,True
Co6Fe23Cr16W9Ni12,222.87311,CoCrFeNiW,True
Cr6W8Co5Ni25Mn7Fe15,222.8851,CoCrFeMnNiW,True
Cu12Mo17Ni20W12Cr25Mn23,222.90073,CrCuMnMoNiW,True
Co25Cr8W6Cu18Ni7Mo19,222.90234,CoCrCuMoNiW,True
Mn23Co11Fe9W21Cr20Mo13,222.90329,CoCrFeMnMoW,True
Cu21W25Ni15Fe24Mo17,222.93076,CuFeMoNiW,True
Ni5Co8Mn17Fe24Mo8,222.93228,CoFeMnMoNi,True
W7Mo7Fe8Cu7Cr6,222.93356,CrCuFeMoW,True
Mo14W17Cr18Cu13Fe12Mn16,222.93906,CrCuFeMnMoW,True
Fe8Ni22Cu19W5Mo11Co9,222.95227,CoCuFeMoNiW,True
Ni15Mn12Fe18Cr8Co13W20,222.95596,CoCrFeMnNiW,True
Mn7Ni12Cr13Co16Fe19,222.98691,CoCrFeMnNi,True
Cr18Co10Mo9Cu24W12,222.98953,CoCrCuMoW,True
W6Fe12Co9Cu25Cr8Mn14,222.99533,CoCrCuFeMnW,True
Mo7Co24Cu9Cr11Ni13W20,222.99829,CoCrCuMoNiW,True
Fe12Cr22Cu5Mo6Ni16,223.00104,CrCuFeMoNi,True
Mo25Cr25Co14Cu19Ni22,223.00958,CoCrCuMoNi,True
Mn5Fe11Mo8Cr25Cu25W22,223.01126,CrCuFeMnMoW,True
Fe24Cr20Ni12Mo12Co8W17,223.01508,CoCrFeMoNiW,True
Mo6Cr13Co16Mn11Ni23Cu22,223.0279,CoCrCuMnMoNi,True
Fe24W10Mn15Mo13Cr17,223.04996,CrFeMnMoW,True
Cr6Mo23Ni18Co15W7,223.05206,CoCrMoNiW,True
Cu7Co19Fe20Cr12Mo24W22,223.0643,CoCrCuFeMoW,True
Fe23Cu15W15Ni7Cr14Mo24,223.06891,CrCuFeMoNiW,True
Mo23Fe22Cr10Co22W19,223.06906,CoCrFeMoW,True
Co18Ni14W12Cr10Cu6Mo16,223.07101,CoCrCuMoNiW,True
Ni18Cu14W5Fe16Cr8Mn7,223.07245,CrCuFeMnNiW,True
Ni20Cr5Fe16Cu25W18,223.08304,CrCuFeNiW,True
W16Ni22Cr10Mn12Co22Mo18,223.09998,CoCrMnMoNiW,True
W6Cu16Mo24Cr14Mn17Ni21,223.10535,CrCuMnMoNiW,True
Co7Mo24Cr14Fe25W21Cu18,223.113,CoCrCuFeMoW,True
Cr10Mn20W12Co22Fe11Cu25,223.116,CoCrCuFeMnW,True
Fe7Mn20Cr16Co20Ni14,223.13641,CoCrFeMnNi,True
Cr10Mo18Cu22Fe17Mn7Ni9,223.14401,CrCuFeMnMoNi,True
Co19Cu25W10Mo20Ni13,223.14511,CoCuMoNiW,True
Cu20Ni18Fe23Mn20Cr11,223.1477,CrCuFeMnNi,True
W21Cu16Mo5Ni16Co16,223.16019,CoCuMoNiW,True
Mo24W6Co21Cr20Mn22Ni6,223.16498,CoCrMnMoNiW,True
Mn21Fe14Cr14Cu23Co24,223.17572,CoCrCuFeMn,True
Co5Cr18Mo16Cu11Fe19,223.18494,CoCrCuFeMo,True
Cr14Ni19Mn10W12Mo10Cu12,223.19073,CrCuMnMoNiW,True
Cr19Ni10Co23Fe7W17Mn24,223.20349,CoCrFeMnNiW,True
W8Fe14Ni22Mo21Co25Mn13,223.21954,CoFeMnMoNiW,True
Co25Fe23Cu6Cr24W9Ni8,223.2254,CoCrCuFeNiW,True
Co21Mo21Cr9Mn11Ni23Cu21,223.23117,CoCrCuMnMoNi,True
Cr23W24Co24Mo13Ni24,223.23965,CoCrMoNiW,True
Mo10Co22Cu23Mn9Cr16W20,223.24048,CoCrCuMnMoW,True
Co24Fe10Ni15Mo22W9,223.24191,CoFeMoNiW,True
Cr15Mo16Fe25Cu20Mn8Ni16,223.24521,CrCuFeMnMoNi,True
Mn12Fe16Mo22Cr12Cu16W13,223.25397,CrCuFeMnMoW,True
Cu9Mo23Mn20Fe16Cr22W12,223.26126,CrCuFeMnMoW,True
W18Cr25Co24Mo23Fe17,223.26642,CoCrFeMoW,True
Ni22Co17Cu20W25Mo9,223.26663,CoCuMoNiW,True
Ni19Co14Cr22Cu15W19Mo15,223.2677,CoCrCuMoNiW,True
Cr9Fe24Co12Cu12Mn17,223.28006,CoCrCuFeMn,True
Mo23Mn18Cr14Fe16Ni23W22,223.28247,CrFeMnMoNiW,True
Mn14W24Cr24Fe13Co24Ni25,223.28433,CoCrFeMnNiW,True
Mo10Ni12W22Fe13Cu24Co19,223.29285,CoCuFeMoNiW,True
Cr22Co14Fe8Cu5Mo17,223.30072,CoCrCuFeMo,True
W11Co21Fe14Cu10Cr8,223.30344,CoCrCuFeW,True
Ni12Cr5Cu10Mo13W8Co24,223.32141,CoCrCuMoNiW,True
Co9W7Cr21Fe24Mo22,223.34216,CoCrFeMoW,True
Cu18W23Cr12Fe19Mo6,223.34512,CrCuFeMoW,True
W9Ni13Cu16Fe6Mo20Cr19,223.34695,CrCuFeMoNiW,True
Ni23Mn19Co8Fe21Cr10,223.35245,CoCrFeMnNi,True
W19Co19Mo16Fe11Cu14,223.35907,CoCuFeMoW,True
Cr10W18Mo12Fe10Cu24Mn18,223.3616,CrCuFeMnMoW,True
Cu19Co16Ni12Cr6W25Mo14,223.38397,CoCrCuMoNiW,True
Fe18Co13Cu18Mn19W13Cr12,223.40146,CoCrCuFeMnW,True
Cu9Mo8Co15W16Cr12Ni9,223.40533,CoCrCuMoNiW,True
Co7Mn10Cr6Mo11Ni17Cu20,223.41376,CoCrCuMnMoNi,True
Ni21W23Cu20Mo14Fe9,223.41483,CuFeMoNiW,True
Cr9W24Mo24Fe21Cu7Co21,223.41513,CoCrCuFeMoW,True
Co16W20Cr6Ni20Cu8Fe12,223.42236,CoCrCuFeNiW,True
Mo12W21Cr14Cu13Ni13Co14,223.4317,CoCrCuMoNiW,True
Co13Cr6W24Cu21Ni16Mo17,223.4328,CoCrCuMoNiW,True
Cu18Cr16Mo20W21Fe22Mn12,223.43683,CrCuFeMnMoW,True
Co20Cr15Ni21W5Cu17,223.44458,CoCrCuNiW,True
W14Cu19Fe25Co11Cr17,223.44711,CoCrCuFeW,True
Mo22Cu12Fe20Cr23Co9,223.44885,CoCrCuFeMo,True
Fe8Ni20W13Cr20Mo23Co17,223.45761,CoCrFeMoNiW,True
Cu8Mn23Ni9Cr13Co25,223.45984,CoCrCuMnNi,True
Mo23Co25W15Cr12Ni21,223.47424,CoCrMoNiW,True
Fe23Cu12W15Cr17Mo13,223.50528,CrCuFeMoW,True
Mn7Co16W14Mo12Cr12Ni14,223.5069,CoCrMnMoNiW,True
Cu17Cr20Ni14W7Mn13Mo21,223.51224,CrCuMnMoNiW,True
Co13Mo8Cr19Cu7Ni18W14,223.52557,CoCrCuMoNiW,True
Co16Mn10Cu9Fe6Cr9,223.52686,CoCrCuFeMn,True
Cr5Ni11Cu10Fe11W5Mn22,223.5588,CrCuFeMnNiW,True
Cr8Mo10Fe13Cu20W18,223.56229,CrCuFeMoW,True
Cr5Fe23Ni14Mo13W9,223.56659,CrFeMoNiW,True
Mn12Cr17Fe23Co20Ni25,223.57983,CoCrFeMnNi,True
Mn21Mo17W17Cu16Cr21Fe11,223.61526,CrCuFeMnMoW,True
Cr16Fe21Co22Mn12W6,223.62042,CoCrFeMnW,True
W15Mo9Ni14Co24Cu14,223.65219,CoCuMoNiW,True
Cu17Co12W11Cr19Mn24Fe15,223.65518,CoCrCuFeMnW,True
Cr18Mo20Cu10Fe23W7,223.67096,CrCuFeMoW,True
Mo13Cr25W15Mn5Co15Fe7,223.68106,CoCrFeMnMoW,True
Co7Cr21Cu17W8Fe19,223.69229,CoCrCuFeW,True
Fe25Cu18W23Cr17Mo13,223.69275,CrCuFeMoW,True
W13Fe6Cu20Cr17Mo7,223.69879,CrCuFeMoW,True
Ni5Cr9Co22W12Fe23Mo23,223.71579,CoCrFeMoNiW,True
Cr20Co7Mo21Ni17Cu17,223.72092,CoCrCuMoNi,True
W16Co16Cr25Fe16Ni12,223.72214,CoCrFeNiW,True
Cu9Co17Mo10Cr24Ni21,223.7236,CoCrCuMoNi,True
Ni11Mn23Mo11Co11Fe16,223.72629,CoFeMnMoNi,True
W17Co23Mo14Ni9Cu19Cr25,223.73071,CoCrCuMoNiW,True
Fe14Cu14Mo20Cr16W9,223.73807,CrCuFeMoW,True
Ni10Cr24Fe21Cu13W20Co16,223.74097,CoCrCuFeNiW,True
Cr24Mo21Co24W23Fe11Mn13,223.74701,CoCrFeMnMoW,True
Co15Cr8W10Fe7Mo25Ni22,223.74896,CoCrFeMoNiW,True
W24Cr11Ni23Fe24Mn15Co12,223.75818,CoCrFeMnNiW,True
Ni17Cr5Co18W16Mo6,223.76974,CoCrMoNiW,True
Fe13Cr16Co19Cu24Mn12,223.77045,CoCrCuFeMn,True
Mn23Fe17Ni24Cu11Cr12,223.77097,CrCuFeMnNi,True
Cu20Mo19Fe9W18Ni17,223.77222,CuFeMoNiW,True
Co18Ni12Cu20W16Mo13,223.7763,CoCuMoNiW,True
Ni5Cr25Mo8Cu18Fe10W13,223.77725,CrCuFeMoNiW,True
Fe8Mo6Cr24W7Co15,223.77774,CoCrFeMoW,True
Cr23Mn25Co25Fe21W7,223.7804,CoCrFeMnW,True
W10Cu15Ni17Fe9Cr13,223.78775,CrCuFeNiW,True
Mo17Fe19Cu10Co11W5,223.79306,CoCuFeMoW,True
Mo24Cu10Co12Cr16Ni17,223.79724,CoCrCuMoNi,True
Ni7Cr13Mo23Co24Cu6,223.79745,CoCrCuMoNi,True
W6Mo14Cu12Cr23Co20,223.79993,CoCrCuMoW,True
W19Co20Mn12Fe12Cr10Ni16,223.80807,CoCrFeMnNiW,True
Cu20Mo16Ni20Co20W24,223.8153,CoCuMoNiW,True
Ni9Mn24Cr14Fe17Co9,223.83261,CoCrFeMnNi,True
Ni21Cu13Mo25Fe17W16,223.8406,CuFeMoNiW,True
Fe25Co17W6Mo5Cu10Mn9,223.86877,CoCuFeMnMoW,True
Mn20W15Ni16Fe6Co14Cr25,223.87268,CoCrFeMnNiW,True
W18Co13Mo13Ni23Fe11,223.87692,CoFeMoNiW,True
Mo19Cr16Co16Ni21W10,223.88571,CoCrMoNiW,True
Co20W23Cr5Ni20Fe12,223.92337,CoCrFeNiW,True
Ni23Fe11Cr20Mn6Cu7,223.94232,CrCuFeMnNi,True
Mo18Mn17Fe8Cr6W11Ni18,223.96436,CrFeMnMoNiW,True
Fe10W14Cr22Co12Ni19,223.9656,CoCrFeNiW,True
W19Cu8Ni22Fe11Cr5Mo8,223.96948,CrCuFeMoNiW,True
Mo12Fe17Co9Ni11W9,223.97922,CoFeMoNiW,True
Cr18Fe23Co17Mn21W7,224.00427,CoCrFeMnW,True
W16Cr11Co19Mo16Ni22,224.00586,CoCrMoNiW,True
Cu18W24Mo8Fe21Cr16,224.0115,CrCuFeMoW,True
Ni19Cu23Mo23Cr18W10,224.02737,CrCuMoNiW,True
Fe12Mn5Mo15Cr15W16Co11,224.03696,CoCrFeMnMoW,True
W18Cu16Fe21Mo15Cr19,224.04355,CrCuFeMoW,True
Ni15W14Co22Fe10Mn6Cr9,224.08176,CoCrFeMnNiW,True
Co15W6Mn8Fe18Mo14Ni9,224.11435,CoFeMnMoNiW,True
W23Co14Mo8Ni18Cu10Cr6,224.11493,CoCrCuMoNiW,True
Fe25W17Co16Ni11Cr7,224.1232,CoCrFeNiW,True
Cu16Fe10Cr9Co16W15,224.12357,CoCrCuFeW,True
Cu16Ni25Mn15Fe18Mo5Cr15,224.12381,CrCuFeMnMoNi,True
Fe24Cr8Mo9Cu13W14,224.1305,CrCuFeMoW,True
Cr23Mn18Fe16W15Mo24Cu14,224.1341,CrCuFeMnMoW,True
Mn14Fe16Co17Cr12W23Ni25,224.1565,CoCrFeMnNiW,True
Fe22Mo15Co19Cu25W10Ni8,224.16211,CoCuFeMoNiW,True
Fe19Cu9Ni14W18Cr22Co13,224.16391,CoCrCuFeNiW,True
Co25Cr8Mo17Fe16Mn6W19,224.16699,CoCrFeMnMoW,True
Cu14Fe13Co13Ni11Cr20W20,224.1687,CoCrCuFeNiW,True
Cr11Co24W20Mn17Fe12Ni15,224.18182,CoCrFeMnNiW,True
Co10Cr13W11Cu23Fe14,224.18188,CoCrCuFeW,True
Cr17Fe6Mo19Mn7Ni20W10,224.19019,CrFeMnMoNiW,True
Cu11W9Cr20Ni18Mo7,224.19711,CrCuMoNiW,True
Fe23W18Cr13Mo14Mn11Co6,224.20703,CoCrFeMnMoW,True
W18Fe11Ni20Cr20Co9Mo13,224.20963,CoCrFeMoNiW,True
Ni24Cr16Mo7Mn11Fe6W20,224.22137,CrFeMnMoNiW,True
Mn6Co16Cr10Cu13Ni11,224.22324,CoCrCuMnNi,True
Cu21Mo22W11Co18Cr7,224.23169,CoCrCuMoW,True
Cr12Fe11Mo15W16Ni23Cu7,224.23544,CrCuFeMoNiW,True
Fe5Ni6Mo5Co8Cr14W7,224.23648,CoCrFeMoNiW,True
Fe17Ni20Mn18Cr12Cu19,224.23773,CrCuFeMnNi,True
Cr12Mo20Fe15Ni14W15Mn11,224.24069,CrFeMnMoNiW,True
Cr20Ni25Mo21W12Mn5Cu23,224.2482,CrCuMnMoNiW,True
Cr20Co15Mo6W13Cu14,224.27225,CoCrCuMoW,True
Cr6Mn23Fe17Ni19W8Cu25,224.27527,CrCuFeMnNiW,True
Cr22Mo9Fe21Ni11Cu6,224.28787,CrCuFeMoNi,True
Co13Cr20Mo10Cu19Ni6,224.28802,CoCrCuMoNi,True
Cr13W10Mn10Fe23Mo21Cu8,224.3392,CrCuFeMnMoW,True
Mn15Fe21Mo25Cr6Co23W19,224.34305,CoCrFeMnMoW,True
Ni17Cu14Cr10Mn22Fe20,224.34311,CrCuFeMnNi,True
Cu18W22Mo6Fe9Co16,224.36044,CoCuFeMoW,True
Fe9Cr13Ni25Mo5Mn9W22,224.36362,CrFeMnMoNiW,True
Ni18Cu25W19Mo5Cr7,224.36453,CrCuMoNiW,True
Ni16Mo13Mn8W16Fe19Co24,224.36606,CoFeMnMoNiW,True
Mo13Ni14W14Co14Cr8Cu6,224.37726,CoCrCuMoNiW,True
Cu5Co10Mo10Fe19Cr19W13,224.3862,CoCrCuFeMoW,True
Cr5W20Fe25Ni13Co13Mo12,224.40442,CoCrFeMoNiW,True
Co14Fe24Mo23Cu7W9Cr15,224.40866,CoCrCuFeMoW,True
Fe24Co5Cr15W5Cu20,224.41107,CoCrCuFeW,True
Cu19Co15Mo18Cr21Ni8,224.41263,CoCrCuMoNi,True
Cr5Mo20Ni11Cu14Co9W9,224.4136,CoCrCuMoNiW,True
Cu5W15Cr6Fe12Ni12Co16,224.41437,CoCrCuFeNiW,True
Mn14Cr6Cu17Ni16Fe25Mo14,224.43033,CrCuFeMnMoNi,True
Cr13Cu21Ni20Mo17W16,224.43729,CrCuMoNiW,True
W11Cr14Ni18Cu20Co10Mo24,224.44144,CoCrCuMoNiW,True
W22Mo16Cr6Fe17Mn19Co21,224.45264,CoCrFeMnMoW,True
W5Mo14Mn16Cr23Ni21,224.46133,CrMnMoNiW,True
Co17Cr19Cu15Mo18Ni8,224.4656,CoCrCuMoNi,True
Ni21W21Mo6Cu11Fe14,224.47623,CuFeMoNiW,True
Co16Mn8Cr9Fe13Cu10,224.48074,CoCrCuFeMn,True
W7Ni6Fe20Mo15Co12Cr15,224.48499,CoCrFeMoNiW,True
Cu19Cr5Mo17W13Ni21,224.4964,CrCuMoNiW,True
Co20Cr12W22Cu18Fe21,224.49823,CoCrCuFeW,True
Co18Mn22Cr21W8Mo6,224.50226,CoCrMnMoW,True
Co13Fe24W17Mo16Cu7Cr17,224.5061,CoCrCuFeMoW,True
Cr17Mo17W8Mn14Fe25,224.51532,CrFeMnMoW,True
Mn13Cu8Co25Fe14Cr12,224.52582,CoCrCuFeMn,True
Cu23Cr13Fe20Mo23Mn18W20,224.52725,CrCuFeMnMoW,True
Fe20Cu9Cr18Ni10Mo24,224.52866,CrCuFeMoNi,True
Co21Cr23Ni23Mn21Fe7,224.52966,CoCrFeMnNi,True
Mo18W13Cu8Cr12Mn18Fe20,224.54074,CrCuFeMnMoW,True
Co11Cr19W13Fe20Cu17,224.54456,CoCrCuFeW,True
W8Co18Cu15Mo17Cr18,224.54578,CoCrCuMoW,True
Ni23Co18W21Mn25Mo8Fe22,224.55383,CoFeMnMoNiW,True
Co9Cr18Cu7Mn25Fe17,224.55554,CoCrCuFeMn,True
W8Cu11Co15Mo18Fe24,224.55972,CoCuFeMoW,True
Co12W8Fe7Cu14Cr14,224.57596,CoCrCuFeW,True
Ni17Fe24Co15Mo9W25,224.57993,CoFeMoNiW,True
W18Fe8Cu12Cr8Ni18Mo21,224.58026,CrCuFeMoNiW,True
Mo13Mn12W13Ni13Co19Fe21,224.60742,CoFeMnMoNiW,True
Mo24Cr16Mn12Cu25W16Fe15,224.6163,CrCuFeMnMoW,True
Cr14Fe17Mn24Co6Cu18,224.62335,CoCrCuFeMn,True
Cu21W25Ni7Fe25Cr25Mo18,224.63351,CrCuFeMoNiW,True
W5Cu15Ni22Cr20Fe8,224.63565,CrCuFeNiW,True
W9Cr25Mo11Mn20Fe14,224.64102,CrFeMnMoW,True
Co19Mn16Fe7Cr15Cu14,224.65451,CoCrCuFeMn,True
Cr17Mo16Cu20W10Ni10Co13,224.67093,CoCrCuMoNiW,True
Cr12W7Cu19Co7Fe24,224.68515,CoCrCuFeW,True
Mo20Cr15Cu19Mn8Fe21W18,224.68759,CrCuFeMnMoW,True
W5Fe23Mo15Mn23Cr8,224.69788,CrFeMnMoW,True
Fe15Mo11Cr8Co23W17,224.7113,CoCrFeMoW,True
Fe12Ni19Mn23Cr12Co15,224.7258,CoCrFeMnNi,True
W5Mn12Cr13Fe21Co16,224.72894,CoCrFeMnW,True
Fe12Mn10Co25Cr17Mo6Cu11,224.73761,CoCrCuFeMnMo,True
W11Fe24Cr6Mo23Ni9Co16,224.74493,CoCrFeMoNiW,True
Mn24Co24Ni5Cu16Cr14,224.75769,CoCrCuMnNi,True
Cr12Ni22Fe16Cu10Mn11,224.78284,CrCuFeMnNi,True
Mo6W14Cr21Mn20Fe21,224.8165,CrFeMnMoW,True
Cr14Fe10Mn15Ni18Cu19,224.82895,CrCuFeMnNi,True
Mo14W6Cr17Cu11Co21,224.83102,CoCrCuMoW,True
Mn5Cr13Cu11Co12Fe19,224.83252,CoCrCuFeMn,True
Mo10Fe13Cu13W14Cr17,224.83664,CrCuFeMoW,True
Cr24Mn6Ni22Fe23Cu14,224.84149,CrCuFeMnNi,True
Ni20Cr18Fe9Cu17Mo22W23,224.84363,CrCuFeMoNiW,True
Mn18Co7Cr20Fe5Cu9Ni24,224.85266,CoCrCuFeMnNi,True
Fe16Co6Cr19Mo18W13Ni22,224.85336,CoCrFeMoNiW,True
Cu10Fe13Mo20Cr20Co20W20,224.85376,CoCrCuFeMoW,True
Cr17Ni19Fe25Mn11Co22,224.85767,CoCrFeMnNi,True
Co6Fe12Cr21Ni19Mo10W14,224.85889,CoCrFeMoNiW,True
Ni25Cu18W7Mn20Cr6Fe22,224.85907,CrCuFeMnNiW,True
Mo10Fe16W7Ni5Cu13,224.86539,CuFeMoNiW,True
Fe6W14Mo20Cu13Co14Cr9,224.89105,CoCrCuFeMoW,True
Fe7Mo5Cu14W6Cr22,224.90054,CrCuFeMoW,True
W9Mn6Cr16Mo14Fe9Co5,224.90475,CoCrFeMnMoW,True
Mo19W10Ni12Cr19Fe11Co16,224.91916,CoCrFeMoNiW,True
Fe12Cr12W11Cu12Ni17,224.94,CrCuFeNiW,True
Mn19Ni22Cr9W13Co22Mo23,224.94202,CoCrMnMoNiW,True
Fe14Cr15Mn21Ni6Cu25,224.95084,CrCuFeMnNi,True
Fe5Cu22Cr6Co25Mo5Mn23,224.9636,CoCrCuFeMnMo,True
Cr24Mo14W16Cu8Ni23Co21,224.96738,CoCrCuMoNiW,True
Co24Fe14Cu18W22Mo23,224.97025,CoCuFeMoW,True
Ni9Fe14W7Mo12Cr16Cu5,224.97589,CrCuFeMoNiW,True
W16Co12Fe17Cr18Mo9,224.97961,CoCrFeMoW,True
Fe17Co15Ni5Cr16W19Mo8,224.98492,CoCrFeMoNiW,True
Mo5Cr5Ni12W13Cu16,225.012,CrCuMoNiW,True
Cu20Ni25W21Mo7Co7Fe25,225.01324,CoCuFeMoNiW,True
Cr12W18Cu24Mo18Ni21,225.01904,CrCuMoNiW,True
Fe20Mo6Ni15Cu25W11Co8,225.02237,CoCuFeMoNiW,True
W8Co22Cr24Cu19Fe9,225.0232,CoCrCuFeW,True
Co23Mn7Ni25Mo11W20Cr11,225.02637,CoCrMnMoNiW,True
Mo12Fe14Co9Cu9Cr21,225.03043,CoCrCuFeMo,True
W14Ni22Cr13Mo7Cu13,225.05322,CrCuMoNiW,True
Mn7Co25Cr19Cu21W11Fe19,225.05624,CoCrCuFeMnW,True
Mo25Cr23W5Cu22Ni21,225.0581,CrCuMoNiW,True
Cr14Ni25Cu23Co19Mn14,225.05954,CoCrCuMnNi,True
Co21W11Fe13Ni8Mo10,225.07367,CoFeMoNiW,True
Mn12Cr23Ni15Fe10W16Co15,225.0755,CoCrFeMnNiW,True
Cr17Cu22W6Mo19Fe7,225.07642,CrCuFeMoW,True
Mo9Fe24Mn19Co6Ni9,225.11252,CoFeMnMoNi,True
Ni19Fe23Mn20W9Co21Mo22,225.11319,CoFeMnMoNiW,True
Fe13Ni17Co17W22Mo14,225.12158,CoFeMoNiW,True
Ni21W14Mn22Cr25Mo24Co14,225.12463,CoCrMnMoNiW,True
W6Cu25Co14Mo16Cr6,225.13309,CoCrCuMoW,True
Co18Fe25Mo20Cr25W15Ni10,225.14288,CoCrFeMoNiW,True
Fe20Cu17Ni18Cr15W17,225.14471,CrCuFeNiW,True
W20Co11Cu23Cr15Fe9Mo17,225.1507,CoCrCuFeMoW,True
Co19Mo20W15Fe20Cr7,225.1511,CoCrFeMoW,True
W18Ni16Mo11Cu25Cr15,225.15393,CrCuMoNiW,True
Cu16Ni10Cr17Mo20W20Fe17,225.19214,CrCuFeMoNiW,True
Fe20Mn10W9Cr10Co18Cu14,225.21329,CoCrCuFeMnW,True
Mn22Fe19Ni18Cu6Cr11,225.22397,CrCuFeMnNi,True
W8Co12Cr17Mn6Cu23Fe15,225.22903,CoCrCuFeMnW,True
Co5Mo15Fe14W12Ni15Cr7,225.24817,CoCrFeMoNiW,True
Mn5Co7Cr16Fe25Cu7,225.25311,CoCrCuFeMn,True
Co6Cr16Fe16Ni8W7,225.25348,CoCrFeNiW,True
Mn6Fe22Cr9Mo25W11Co7,225.26581,CoCrFeMnMoW,True
Mo25Fe6Ni25Cr19Co19W10,225.27069,CoCrFeMoNiW,True
Cr16Co18Ni24W5Cu22,225.29126,CoCrCuNiW,True
Co18Mn6Fe12Cr12W7Cu23,225.29254,CoCrCuFeMnW,True
Cr24Mo19Co10Ni15Cu23,225.29364,CoCrCuMoNi,True
Cr11Co12Mo11Ni25W7,225.29843,CoCrMoNiW,True
Co20Cr24W19Mo10Cu20,225.30579,CoCrCuMoW,True
Cu10Mn12Fe16Ni24Cr13,225.30893,CrCuFeMnNi,True
Cr12Ni9Fe13Mo24Cu7,225.31213,CrCuFeMoNi,True
W18Cu25Fe15Cr22Co19,225.31668,CoCrCuFeW,True
Fe17Cu15W9Co7Mo16,225.33844,CoCuFeMoW,True
Ni21Cu13Fe8Mo11W25Cr17,225.3425,CrCuFeMoNiW,True
Fe8Cr10Mo5Co20W11,225.34256,CoCrFeMoW,True
Ni9Cu16Cr5Mo24W7Co20,225.34564,CoCrCuMoNiW,True
Mn8Fe9Cr15Co23Cu6,225.349,CoCrCuFeMn,True
Mo24W15Co15Cu22Ni21Fe11,225.34906,CoCuFeMoNiW,True
Cr19Fe23W11Mo24Ni14,225.35806,CrFeMoNiW,True
Cu19Mo18Fe22W16Ni11,225.36035,CuFeMoNiW,True
Mo21Ni17Cr13Cu25W13Fe5,225.361,CrCuFeMoNiW,True
Cr24Mo22Fe23Mn5W18Co9,225.3717,CoCrFeMnMoW,True
Co9W20Ni20Mn22Cr22Fe15,225.4006,CoCrFeMnNiW,True
Ni19Mo16Co14W21Fe21,225.40112,CoFeMoNiW,True
Fe9W13Mn18Cu25Cr15Mo21,225.40424,CrCuFeMnMoW,True
Co13Mo19Cu20Fe12W16,225.40628,CoCuFeMoW,True
Co21Mo17Fe12W15Ni13,225.40741,CoFeMoNiW,True
Cr9Fe14Co20W14Mo16,225.41153,CoCrFeMoW,True
Ni12Fe19W18Cr15Mo16Co12,225.43292,CoCrFeMoNiW,True
Mn22Fe7Cr24Cu20Ni8,225.43729,CrCuFeMnNi,True
Fe24Mo19Cr17Cu7Co8,225.45087,CoCrCuFeMo,True
Mn20Ni25Co20W13Fe8Mo7,225.45251,CoFeMnMoNiW,True
Mo17Co6W12Fe17Ni24Cr10,225.46957,CoCrFeMoNiW,True
Mn21Ni17Cr6Cu24W8Fe23,225.47522,CrCuFeMnNiW,True
Cr19Mn11Fe23Cu23Mo24W21,225.4996,CrCuFeMnMoW,True
Ni24Cr24Mo7Cu9Co23W25,225.5011,CoCrCuMoNiW,True
W21Cr21Ni21Fe17Co13,225.51898,CoCrFeNiW,True
Cu15Fe21Mn8Ni24Cr22,225.54514,CrCuFeMnNi,True
Cu23W16Ni17Fe7Mo16,225.56473,CuFeMoNiW,True
Ni12Cr10Mn22Fe23W16Co7,225.5687,CoCrFeMnNiW,True
Ni11Co21Cr19Cu20Mn6,225.5698,CoCrCuMnNi,True
Mo13Ni22Cu25Cr24W21,225.57208,CrCuMoNiW,True
Mn18Mo23Fe8Cr14W12Ni21,225.57407,CrFeMnMoNiW,True
Co25W6Mn23Cr25Mo19,225.57523,CoCrMnMoW,True
Co8Mn23Fe16Ni25Cu20Cr8,225.59625,CoCrCuFeMnNi,True
Mn23W13Cr7Ni21Mo15Cu24,225.62415,CrCuMnMoNiW,True
Co11Cu14Ni13W5Cr7,225.63828,CoCrCuNiW,True
Fe22Mo18Co5Cr21Cu12,225.647,CoCrCuFeMo,True
Cu12Mo14Co21W21Fe20,225.64871,CoCuFeMoW,True
Cr14Mn25Co18Ni8Cu9,225.65573,CoCrCuMnNi,True
Ni9Co5Fe13Mn17W12Cr19,225.66077,CoCrFeMnNiW,True
Ni22Co22Mn20Fe15Cr16W24,225.66626,CoCrFeMnNiW,True
W18Ni19Fe22Mn7Mo24Cr14,225.6723,CrFeMnMoNiW,True
Co12Fe14Mo16W20Ni19Cu13,225.67624,CoCuFeMoNiW,True
Cr25W10Fe7Ni24Co8Mo6,225.67752,CoCrFeMoNiW,True
W12Cu7Co15Ni11Fe8Mo7,225.67831,CoCuFeMoNiW,True
Co17W13Fe10Mo24Cu21,225.6973,CoCuFeMoW,True
Ni18Mo6Mn21Co23W21Fe21,225.70981,CoFeMnMoNiW,True
Mn21Ni13Mo8Co6Cu14,225.71066,CoCuMnMoNi,True
Cr9Fe19Cu23Mo7W23Co5,225.71259,CoCrCuFeMoW,True
Cr10Mo16Fe8Mn21W11Ni11,225.72827,CrFeMnMoNiW,True
Co5Cr14Mo19Ni21Fe23W14,225.72943,CoCrFeMoNiW,True
Ni17Fe12Cu24Mo25W16,225.73788,CuFeMoNiW,True
Fe23W23Ni18Mo22Cu19,225.74893,CuFeMoNiW,True
Mn10W22Cr17Ni12Fe16Mo11,225.75027,CrFeMnMoNiW,True
Co19Fe6Mn9Cr13Mo22W9,225.76114,CoCrFeMnMoW,True
Ni18W15Cr18Co20Mn24Mo24,225.76498,CoCrMnMoNiW,True
Fe6W13Cu19Mo19Co13Cr12,225.78882,CoCrCuFeMoW,True
Cr11Mn17Co21Cu23Ni8,225.79568,CoCrCuMnNi,True
Mn16Cr19Co15Ni11W6Mo22,225.79639,CoCrMnMoNiW,True
Cr17Cu19Fe17Ni16W15,225.80151,CrCuFeNiW,True
W6Ni17Cu13Co9Mo15,225.81961,CoCuMoNiW,True
Co12Cu21Fe24W20Ni13Mo11,225.82611,CoCuFeMoNiW,True
Fe15Mo21W25Ni13Cu16Cr11,225.85043,CrCuFeMoNiW,True
Cu13Mn10Fe9Cr17Mo5Co22,225.85934,CoCrCuFeMnMo,True
Mo22Cr18Fe25Ni12W9,225.86554,CrFeMoNiW,True
Fe16Mn25Mo14W22Cr10Co12,225.86829,CoCrFeMnMoW,True
Cu19Fe23Ni5Mo9W6,225.88666,CuFeMoNiW,True
W10Ni8Mo11Fe11Co17,225.91104,CoFeMoNiW,True
Mn19Cu11Fe20Cr9Ni12,225.91272,CrCuFeMnNi,True
Fe8Cr22W15Ni16Mo17Mn16,225.91278,CrFeMnMoNiW,True
Ni7Co8Cr24Fe8Mo18,225.91574,CoCrFeMoNi,True
Fe16W5Cr17Ni6Mo7,225.91745,CrFeMoNiW,True
Ni9Cu6Mo25Cr8Fe7,225.93347,CrCuFeMoNi,True
Co20W24Fe25Ni14Cr6,225.95618,CoCrFeNiW,True
Cu15Cr24Ni13Fe16W7,225.96658,CrCuFeNiW,True
Cu6Cr11Co11Fe13Mo24,225.97562,CoCrCuFeMo,True
Mo16Cr18W20Fe11Mn12Ni24,225.97989,CrFeMnMoNiW,True
Co20Fe8Cr20Ni22Mn19,225.98431,CoCrFeMnNi,True
Cu13Mn16Fe10Cr11Co21,225.99496,CoCrCuFeMn,True
Mo9Mn20W22Fe11Cr18Cu20,226.00372,CrCuFeMnMoW,True
Ni7Co12W9Mo8Cu13Fe20,226.01743,CoCuFeMoNiW,True
W16Mn23Co21Mo19Cr17Cu21,226.0329,CoCrCuMnMoW,True
Ni18W18Cu16Mo19Co20,226.05463,CoCuMoNiW,True
Mn23Co18Mo12Fe15W5Ni9,226.05966,CoFeMnMoNiW,True
Mo13W14Mn6Co8Cr12Fe14,226.06284,CoCrFeMnMoW,True
Mo18Cu16Cr21Ni21W7,226.06418,CrCuMoNiW,True
Fe22Cr19Mn6Co14Ni16,226.07333,CoCrFeMnNi,True
Ni15Fe17Co11Mo14W15,226.07382,CoFeMoNiW,True
Cr13Co7Ni6Fe11Mo23,226.07458,CoCrFeMoNi,True
Mn20Fe20Ni5Co18Cr18W18,226.08075,CoCrFeMnNiW,True
Co25Cu12Fe25Mo7W8Mn14,226.11258,CoCuFeMnMoW,True
Mo5Fe11Cr10W11Co8,226.11505,CoCrFeMoW,True
Ni20Cu13Fe16Co5W15Cr14,226.12732,CoCrCuFeNiW,True
Cu14W5Ni16Cr8Mn13Fe21,226.13348,CrCuFeMnNiW,True
Cr6Fe11Cu21Co13Mo10Mn15,226.14032,CoCrCuFeMnMo,True
Ni11Cr6Cu22Co16Mo18Fe5,226.15033,CoCrCuFeMoNi,True
Mo7Co15Mn19Cr14Cu12W15,226.16403,CoCrCuMnMoW,True
Mo12Mn18W19Cu25Co19Cr14,226.17145,CoCrCuMnMoW,True
Fe25Cu20Co18Cr12W11Mn12,226.17212,CoCrCuFeMnW,True
Co6Cr23Mo22Fe22W15Mn8,226.20547,CoCrFeMnMoW,True
W21Cu23Fe13Mo8Co12,226.20816,CoCuFeMoW,True
Fe16Ni17W23Cu22Mo20,226.20905,CuFeMoNiW,True
W7Cr16Fe18Co14Cu8,226.23059,CoCrCuFeW,True
Ni8Cu9Cr22Fe20Mo16,226.23093,CrCuFeMoNi,True
Mo20Fe15Co11W7Cr19,226.23947,CoCrFeMoW,True
Fe5Mn15Mo7Ni5Co9,226.246,CoFeMnMoNi,True
Ni18Co20Mo20W18Cr24Cu18,226.25113,CoCrCuMoNiW,True
Co18Mn23Cu23Fe21Cr13,226.25146,CoCrCuFeMn,True
Cr12Fe10W7Mn21Co24Cu13,226.25717,CoCrCuFeMnW,True
W18Mo8Cu13Mn25Co18Cr21,226.26163,CoCrCuMnMoW,True
Cu17W24Ni15Fe22Co14Mo14,226.2716,CoCuFeMoNiW,True
Fe16Co8W5Mn14Cr18Cu25,226.28333,CoCrCuFeMnW,True
Cr19Co22Cu15W9Fe13Mn24,226.28558,CoCrCuFeMnW,True
Cu17Fe18Ni5Mo21Cr18W10,226.28632,CrCuFeMoNiW,True
Co18Cr24W18Fe12Mn11Mo22,226.29413,CoCrFeMnMoW,True
Mn25W18Cu14Mo11Cr24Fe8,226.29703,CrCuFeMnMoW,True
W19Cr13Fe25Co20Ni9,226.30048,CoCrFeNiW,True
Mn6Co7Fe24Ni8Cr10W7,226.30115,CoCrFeMnNiW,True
Ni18Mn9Fe7Co23Cu16,226.30472,CoCuFeMnNi,True
Fe20Ni11Cr19Mn13Co25W22,226.30557,CoCrFeMnNiW,True
W8Cu15Mo16Cr10Co15,226.31525,CoCrCuMoW,True
Co25Ni17Fe14Mn12W12Mo14,226.31982,CoFeMnMoNiW,True
Fe9Mn24Co18Cu25Ni18,226.32108,CoCuFeMnNi,True
Cr14Fe25Co13Mn13Cu24,226.32797,CoCrCuFeMn,True
Mn25Fe16Cu7Mo7Ni14,226.33084,CuFeMnMoNi,True
Cr18Cu18Mo22Fe14Co22Mn6,226.33347,CoCrCuFeMnMo,True
Mo20Cu18Mn24W5Cr18Co7,226.33789,CoCrCuMnMoW,True
Mo12Cr14Co22W7Fe7,226.3451,CoCrFeMoW,True
Co22W21Mo22Fe24Cr23,226.35306,CoCrFeMoW,True
Cr22Ni15W7Co23Fe9Mo22,226.3584,CoCrFeMoNiW,True
Cr14Mo9W8Fe16Mn20,226.36227,CrFeMnMoW,True
Mo8Cr16Fe21Mn11Co20Cu19,226.376,CoCrCuFeMnMo,True
Mo25W6Ni15Cr8Cu22,226.38449,CrCuMoNiW,True
Ni13W22Fe16Mo7Cu16,226.38962,CuFeMoNiW,True
Ni14Co15Fe5W17Mo11Cr9,226.39246,CoCrFeMoNiW,True
Cu15Mo13Fe11Cr16Ni10W20,226.40295,CrCuFeMoNiW,True
Ni5Cu16Fe14Co6Mn17,226.40506,CoCuFeMnNi,True
Cr9Co10W23Ni23Cu16Fe15,226.40637,CoCrCuFeNiW,True
Mn19Cr11Cu14Co5Ni20,226.41724,CoCrCuMnNi,True
Fe6W22Cu25Mo7Ni23,226.43561,CuFeMoNiW,True
Mo20Ni24W15Co7Cr7Fe21,226.44308,CoCrFeMoNiW,True
W12Ni19Mo13Co11Fe9,226.44412,CoFeMoNiW,True
Fe21W16Cr23Mo10Co12,226.45377,CoCrFeMoW,True
Ni20Cr22Cu18Fe25Mn8,226.45575,CrCuFeMnNi,True
Mn18Ni9Mo12Fe15W18Cr13,226.45868,CrFeMnMoNiW,True
W18Cr11Mo7Mn11Fe16Co7,226.45956,CoCrFeMnMoW,True
Co23Mo14Mn5Fe24Cr24Cu16,226.46072,CoCrCuFeMnMo,True
Mo6Co11Fe14Cr10Mn13W21,226.46399,CoCrFeMnMoW,True
Cr20Cu19Mo11Co22Fe7Mn12,226.47363,CoCrCuFeMnMo,True
Mo21Fe25Ni24Cu14W20Co16,226.47363,CoCuFeMoNiW,True
Co22Mo14Mn15Cr8Ni16Fe16,226.47995,CoCrFeMnMoNi,True
Cu5Cr20Co8Mn24Fe18,226.48914,CoCrCuFeMn,True
Cu14Ni19Co20Cr22Mo18W18,226.49228,CoCrCuMoNiW,True
Co10Fe18Cr9Cu17W14,226.49683,CoCrCuFeW,True
W25Cu17Ni21Cr22Fe10Co18,226.51065,CoCrCuFeNiW,True
Cu18Fe12Mo25W17Co25,226.51883,CoCuFeMoW,True
Cr18Cu6Fe20Mo18Ni9,226.51926,CrCuFeMoNi,True
Mo15Ni25Cu11Fe6W6Cr15,226.54199,CrCuFeMoNiW,True
Ni16Mn9Cu13Fe21Cr12,226.54306,CrCuFeMnNi,True
W15Ni15Fe17Co7Cu8Cr8,226.54779,CoCrCuFeNiW,True
Mo18Co9Fe23Cr23W6,226.54855,CoCrFeMoW,True
Ni23W21Mn17Mo20Cr20Co22,226.56638,CoCrMnMoNiW,True
Mo11Cr9Fe15Mn11W20Ni20,226.5715,CrFeMnMoNiW,True
Mn9Cr12Cu16Co17Ni19,226.59283,CoCrCuMnNi,True
Cr23Co5Mo14Fe18W17Cu18,226.59952,CoCrCuFeMoW,True
Ni9Mo5Cr12Co20Cu6W6,226.61264,CoCrCuMoNiW,True
Cu19W21Fe17Cr9Mn22Mo11,226.62619,CrCuFeMnMoW,True
Cu20Mn5Mo22W8Cr24Co19,226.62924,CoCrCuMnMoW,True
Ni18Mo22Fe11Cr11W8,226.63065,CrFeMoNiW,True
W14Ni13Mo9Cr15Cu24,226.63367,CrCuMoNiW,True
Co19Cu22Ni8Mn22Fe10,226.64258,CoCuFeMnNi,True
Mn15Co24Mo7W10Cu6Cr18,226.64548,CoCrCuMnMoW,True
W15Fe23Mn25Cu25Co18Cr10,226.64648,CoCrCuFeMnW,True
Mo23Fe5Cu18Cr20Ni18W8,226.65393,CrCuFeMoNiW,True
Cu5Fe17Mn20Co24Cr14,226.65814,CoCrCuFeMn,True
Mn7Cu16Co10Fe5Cr22,226.66281,CoCrCuFeMn,True
Co18Fe13W17Ni17Cr17Mn6,226.66626,CoCrFeMnNiW,True
W6Ni25Fe17Cr10Mn20Cu21,226.67087,CrCuFeMnNiW,True
Cr16Cu16Ni8W6Fe20,226.67108,CrCuFeNiW,True
Cu11Ni15Co11Mn14Cr7,226.67853,CoCrCuMnNi,True
Cu13Mo25Mn18Fe14Cr12W8,226.68399,CrCuFeMnMoW,True
Ni11W17Fe10Co20Cr10Mo15,226.6882,CoCrFeMoNiW,True
Fe17Mo13W6Mn16Cr10,226.68933,CrFeMnMoW,True
Mo11W24Cu21Fe19Co13,226.7088,CoCuFeMoW,True
Co5Mo20Cr19W10Fe12Mn16,226.71307,CoCrFeMnMoW,True
Co11Fe7Cu21Ni10Mn15,226.71704,CoCuFeMnNi,True
Cu20W11Co10Mo16Fe10,226.72562,CoCuFeMoW,True
Fe12Mo8Mn12W6Cr12,226.75546,CrFeMnMoW,True
Fe9Mo13W7Ni14Cr16,226.77072,CrFeMoNiW,True
W5Mo20Ni13Cu17Cr8,226.78003,CrCuMoNiW,True
Cr20Mn5Ni23Cu14Co6,226.78223,CoCrCuMnNi,True
W20Mo11Fe19Cr22Mn18Cu10,226.79578,CrCuFeMnMoW,True
W16Mo5Cr19Fe14Co12,226.79788,CoCrFeMoW,True
Ni24Mn23Cu13W5Fe25Cr7,226.80212,CrCuFeMnNiW,True
Fe20Co8Mo9Ni12Mn22,226.80304,CoFeMnMoNi,True
Cu10Ni12Mn8Cr9Fe6,226.80814,CrCuFeMnNi,True
Ni12Co14W10Mo12Fe11Cu6,226.82318,CoCuFeMoNiW,True
Fe9Cr8W12Mo5Ni17,226.82355,CrFeMoNiW,True
Cu14W15Co14Cr20Ni13Mo11,226.8298,CoCrCuMoNiW,True
Fe13W11Cr20Mo22Ni23,226.83066,CrFeMoNiW,True
Co17Cr25W16Cu15Fe11Ni9,226.83429,CoCrCuFeNiW,True
Cu11Ni14Fe22Cr11Mn23,226.84338,CrCuFeMnNi,True
Mn12Cu25Cr24Ni23Fe15,226.84473,CrCuFeMnNi,True
Fe24Cr13W13Cu18Mo25,226.85251,CrCuFeMoW,True
Mn6Co17Fe13Cr12Cu20W7,226.85797,CoCrCuFeMnW,True
Co20Cu19Ni24W5Cr15,226.8717,CoCrCuNiW,True
Fe16Co7Ni8Mo6Cr22,226.87958,CoCrFeMoNi,True
Mo25W6Ni21Co10Mn21Cr24,226.88132,CoCrMnMoNiW,True
Fe10Cu23W12Mo17Cr20,226.89755,CrCuFeMoW,True
W11Cu20Cr5Ni17Fe9,226.90094,CrCuFeNiW,True
Cr13Fe16Cu23W10Mn16Co14,226.9172,CoCrCuFeMnW,True
Cr17Cu14Fe24Mn9Co22,226.94016,CoCrCuFeMn,True
W8Fe25Co14Cu16Mo24,226.9408,CoCuFeMoW,True
Co10Fe7W8Cu15Cr10,226.94357,CoCrCuFeW,True
Cu23Cr13W6Mo18Co5Fe14,226.94528,CoCrCuFeMoW,True
Fe20W23Ni9Co25Cr6Cu20,226.949,CoCrCuFeNiW,True
Fe15W13Mo13Co14Cu9,226.96625,CoCuFeMoW,True
Cu9Cr15Fe18Co8Mo8W18,226.97061,CoCrCuFeMoW,True
Co18Cr13Mo6W12Fe7,226.97385,CoCrFeMoW,True
Mo23W10Fe13Cr9Ni19,226.98672,CrFeMoNiW,True
Cu12Co13W16Fe22Mo10,226.98865,CoCuFeMoW,True
Co5Cr25Mo25W5Fe20Cu21,226.99622,CoCrCuFeMoW,True
Cu14Fe16Ni16Cr15W12,227.01709,CrCuFeNiW,True
Co16Ni10Mo8Cr17Cu6,227.02078,CoCrCuMoNi,True
Mo23Fe9Co22Ni21W14,227.02853,CoFeMoNiW,True
Cu23Co16Mo21Ni11Mn7Cr9,227.02881,CoCrCuMnMoNi,True
W16Cu23Mn11Mo16Cr22Co18,227.0346,CoCrCuMnMoW,True
W13Ni15Cr15Fe22Co7,227.03732,CoCrFeNiW,True
Cu23Ni24Mo18Cr20Co10W20,227.03842,CoCrCuMoNiW,True
W12Fe24Mn10Cr16Ni5Mo19,227.04703,CrFeMnMoNiW,True
Co25W7Ni7Mo20Cu22Cr18,227.04956,CoCrCuMoNiW,True
W14Cu19Ni13Cr5Fe21,227.05014,CrCuFeNiW,True
Cr25Fe13Ni13W16Co21,227.05493,CoCrFeNiW,True
Fe10W5Ni22Cu7Mo15Cr24,227.06516,CrCuFeMoNiW,True
Co15Mo12Cu12Ni13W14,227.0765,CoCuMoNiW,True
Mn22W14Cr8Mo9Ni13Fe8,227.07776,CrFeMnMoNiW,True
W15Fe20Cr20Ni20Mo23,227.08969,CrFeMoNiW,True
Fe7Mo14Cu24Ni22Cr9Co22,227.09494,CoCrCuFeMoNi,True
Co12Mo12Fe22W14Cr14,227.09741,CoCrFeMoW,True
Fe25Mo8Mn8Cr6Cu19W18,227.11719,CrCuFeMnMoW,True
Ni20W20Cu13Cr9Fe8Mo15,227.12054,CrCuFeMoNiW,True
Fe5Cr25Cu14Mn13Co21,227.14392,CoCrCuFeMn,True
Mo16W16Ni16Cu12Fe13,227.15286,CuFeMoNiW,True
W19Mo16Fe17Co8Cr24Mn15,227.15543,CoCrFeMnMoW,True
Mo22Co21Mn18Cr12Fe5W9,227.16272,CoCrFeMnMoW,True
Fe9Co20Mn6Ni14Cu24,227.16296,CoCuFeMnNi,True
W9Co15Cr21Mo19Cu24,227.16751,CoCrCuMoW,True
Cr9Ni9Fe17Co6Mn5,227.17142,CoCrFeMnNi,True
Cr16Fe24Mo23Ni21W12Co7,227.19556,CoCrFeMoNiW,True
Co18W7Cu14Mn10Fe22Cr9,227.22696,CoCrCuFeMnW,True
Co6Mn23Ni9Cu24Fe21,227.23145,CoCuFeMnNi,True
Ni25Mn20Cr13Fe16Co16,227.23294,CoCrFeMnNi,True
Mo25Co11Ni5Cr9Cu13,227.23334,CoCrCuMoNi,True
Cr14W16Ni22Co23Mo18,227.23456,CoCrMoNiW,True
Cu12Mo12Ni10W13Co23Cr18,227.23666,CoCrCuMoNiW,True
Co8Mn21Cr5W5Fe10Cu21,227.2446,CoCrCuFeMnW,True
Mn17Co13Fe5Cr25W7Mo25,227.27112,CoCrFeMnMoW,True
Ni9Mn21Cr11Cu8Co18,227.27322,CoCrCuMnNi,True
Cr22Fe16Co21Mn5Mo11Ni12,227.27725,CoCrFeMnMoNi,True
Ni11Co25Cu21Fe19W9Mo25,227.2793,CoCuFeMoNiW,True
Cu22Mn13Ni15W7Mo16Cr7,227.28223,CrCuMnMoNiW,True
Fe17Cr18Mo9Ni19Mn15Co25,227.29272,CoCrFeMnMoNi,True
Fe14Co9Cu23Mo20W5,227.30295,CoCuFeMoW,True
Mo11Cr18Fe17Cu7Co7,227.30695,CoCrCuFeMo,True
Mo22Cu24Mn8Cr24Co16W10,227.30762,CoCrCuMnMoW,True
W19Cu19Mo23Co24Ni20,227.31528,CoCuMoNiW,True
W19Fe20Cu13Ni25Mo14Co14,227.31976,CoCuFeMoNiW,True
W15Cr15Mn24Mo11Cu11Fe10,227.32837,CrCuFeMnMoW,True
Ni21Co15Cr10Mn20Cu9,227.33102,CoCrCuMnNi,True
Cu12Ni23W6Mo21Fe11,227.33386,CuFeMoNiW,True
Fe15Mn7Co19Cr7W7Cu21,227.33392,CoCrCuFeMnW,True
Mo8Fe24Co7Cr25W17Ni15,227.34564,CoCrFeMoNiW,True
Cu20W5Ni19Cr17Mo23,227.35934,CrCuMoNiW,True
Mo16Cr23Co21Ni21W17Mn5,227.36389,CoCrMnMoNiW,True
Cr12Co16Mo19Fe21W14,227.37326,CoCrFeMoW,True
Cr12Fe15Mn19Ni24Cu9,227.37497,CrCuFeMnNi,True
Cr18Co22Ni10W19Fe20,227.37714,CoCrFeNiW,True
W12Fe24Mo9Cu21Ni10Co12,227.38147,CoCuFeMoNiW,True
Mo18Ni25Co5W8Cr23Mn15,227.3844,CoCrMnMoNiW,True
Cr19Ni16Cu25W8Mo13Co8,227.40054,CoCrCuMoNiW,True
Fe6Cr21Co9Mn18Ni17W12,227.40295,CoCrFeMnNiW,True
W16Mo22Co23Fe10Ni20,227.40454,CoFeMoNiW,True
Mo16Co21Cu24Ni17W23Fe12,227.41885,CoCuFeMoNiW,True
W5Co22Ni14Cr9Cu22,227.42972,CoCrCuNiW,True
Mn23Cr7Co10W10Mo11Ni15,227.43439,CoCrMnMoNiW,True
Fe18W21Mn20Co24Cr6Mo18,227.4403,CoCrFeMnMoW,True
Co10Ni23Mn15Cr18Fe6,227.44785,CoCrFeMnNi,True
Mo16Cu19W5Fe24Ni24Co7,227.45547,CoCuFeMoNiW,True
Co13W11Mo20Cr18Fe20,227.46402,CoCrFeMoW,True
Co17W18Ni11Cr13Fe13,227.46967,CoCrFeNiW,True
Ni13Cu23W9Cr8Mn20Mo15,227.4739,CrCuMnMoNiW,True
Co11Mn13Mo7Fe12Cr6Ni18,227.48257,CoCrFeMnMoNi,True
Ni20Cr23Co15Mo13Cu7,227.50616,CoCrCuMoNi,True
Cu5Cr8Ni8Co9Mn15,227.52026,CoCrCuMnNi,True
Mo21Cu22Fe16Cr12Co6W12,227.5213,CoCrCuFeMoW,True
Mn25Fe15Co14Mo7Ni12,227.53293,CoFeMnMoNi,True
Co16W14Mo10Fe13Cr24,227.55923,CoCrFeMoW,True
Cu6Cr8Co15Fe13Mn8,227.56277,CoCrCuFeMn,True
Fe11Cu19W11Co10Mo17,227.57245,CoCuFeMoW,True
Co11Cu16Mo7Fe24W24Ni24,227.57693,CoCuFeMoNiW,True
Cu19Co20Fe11Cr13Mn18,227.58463,CoCrCuFeMn,True
Mo24W5Ni12Fe18Cr20,227.58487,CrFeMoNiW,True
Mo10Cr16Ni23Mn21Fe11Co25,227.58817,CoCrFeMnMoNi,True
Fe21W10Mo21Cu24Cr5Mn5,227.59125,CrCuFeMnMoW,True
Mo23Cu18W9Fe8Ni16Cr21,227.59534,CrCuFeMoNiW,True
Cu16Mn8Cr25Co25Fe20,227.60947,CoCrCuFeMn,True
Fe6Co21Mo19Ni17Cr19W10,227.61053,CoCrFeMoNiW,True
Co7Mo7Mn13Fe9W17Cr25,227.61584,CoCrFeMnMoW,True
Mn25W11Cr10Co24Cu15Mo18,227.63095,CoCrCuMnMoW,True
Cr11Co15W25Mo9Cu23Ni13,227.63931,CoCrCuMoNiW,True
Cu18Mo19Co17Cr18W6,227.64291,CoCrCuMoW,True
Cr9W11Mo13Ni15Fe6Mn22,227.64679,CrFeMnMoNiW,True
Cr20Mn20Fe10Ni5W13Co15,227.64691,CoCrFeMnNiW,True
Cr20Co25Mn16W5Mo15,227.66373,CoCrMnMoW,True
Ni15Cu20Cr15W16Mo8,227.67523,CrCuMoNiW,True
Ni6Cu15Co19Mo24Cr17,227.68448,CoCrCuMoNi,True
Co25Mo23W9Cu18Fe8,227.68454,CoCuFeMoW,True
W11Ni15Cr8Fe8Cu25Mo21,227.68884,CrCuFeMoNiW,True
Cu16Cr15Ni16Mn6Mo19Fe22,227.69818,CrCuFeMnMoNi,True
Co9Cr25Mo11Fe19Cu11,227.70285,CoCrCuFeMo,True
W21Cu14Mo5Co19Ni21,227.719,CoCuMoNiW,True
Fe20Co18Mn25Mo11Ni19W16,227.72034,CoFeMnMoNiW,True
Cu23Co19Fe25W12Mn7Cr21,227.72223,CoCrCuFeMnW,True
Fe20Mo9Mn9Cr15Cu21W23,227.72531,CrCuFeMnMoW,True
Co25Mo15Ni10Cu18W17Fe21,227.75534,CoCuFeMoNiW,True
Mn24W5Cr14Co14Cu19Mo24,227.75589,CoCrCuMnMoW,True
Co12Cr23Ni11Cu22Mo17,227.7573,CoCrCuMoNi,True
Fe12Cr9W10Mo17Co9Mn8,227.77255,CoCrFeMnMoW,True
Co23Mo9W7Cu15Mn19Fe19,227.77518,CoCuFeMnMoW,True
Fe20Cu17Mn6Cr21Ni14,227.7771,CrCuFeMnNi,True
Fe25W6Ni18Cr16Cu11,227.78845,CrCuFeNiW,True
Cu14Fe25Mo18Co17W18Ni17,227.8035,CoCuFeMoNiW,True
Ni20Cu16Fe17W21Mo20,227.8089,CuFeMoNiW,True
Cr25W20Co8Ni21Fe24Cu18,227.82907,CoCrCuFeNiW,True
Mo8Fe7Cu17Cr20Co15W24,227.83008,CoCrCuFeMoW,True
Mo18Ni20W17Cr14Fe20,227.83212,CrFeMoNiW,True
Cr17Mn22Co9Ni5Cu15,227.84341,CoCrCuMnNi,True
Fe24Ni17Mn6Cr20Co11,227.85522,CoCrFeMnNi,True
Cr10Fe22Mn24Mo9W7,227.86893,CrFeMnMoW,True
Cu11Cr20Mo9Ni7Co20,227.86981,CoCrCuMoNi,True
Mn18Mo13Co17Ni19W18Cr12,227.88214,CoCrMnMoNiW,True
Cr9Co25Mo23Ni12Cu25W21,227.88953,CoCrCuMoNiW,True
Co17Mo12Mn9Ni24Fe11W10,227.89395,CoFeMnMoNiW,True
Mo22W22Cr13Fe16Ni11Cu20,227.89459,CrCuFeMoNiW,True
Ni12Mo5W12Cu25Fe9,227.90729,CuFeMoNiW,True
W7Ni16Co16Fe14Mo13Mn24,227.91052,CoFeMnMoNiW,True
Cu24Mn25Fe9Co18Ni24,227.92581,CoCuFeMnNi,True
Mo11Cr5Fe16Ni21Mn12W17,227.94861,CrFeMnMoNiW,True
Fe17Co23Cu20Mo13Mn9W8,227.97797,CoCuFeMnMoW,True
Mn11Cu16Cr17Fe18Ni23,227.98325,CrCuFeMnNi,True
W15Fe21Ni17Co9Cr5,227.99008,CoCrFeNiW,True
Ni16Cr9Co11Mo7W11,227.99881,CoCrMoNiW,True
Cu9Co19Fe10W5Cr17,228.00952,CoCrCuFeW,True
Cr21Co20Cu15Mn5Ni17,228.01437,CoCrCuMnNi,True
Cr13Cu23Mn12Co16Ni14,228.02426,CoCrCuMnNi,True
Mn11Co10Fe20W19Ni21Cr19,228.02472,CoCrFeMnNiW,True
Fe5Mo19Cr7Co6Ni22Cu7,228.02866,CoCrCuFeMoNi,True
Cr22Mo7Co24Ni10W9Cu10,228.0336,CoCrCuMoNiW,True
Co11W13Ni17Mo17Fe17,228.03555,CoFeMoNiW,True
Cr12Co24W11Mo8Cu9Mn14,228.04462,CoCrCuMnMoW,True
Co9W15Cr13Cu8Fe21Ni23,228.04535,CoCrCuFeNiW,True
W15Ni13Cu22Mo10Fe8,228.04697,CuFeMoNiW,True
Cr19Fe17Cu24Ni20Mn12Mo20,228.0477,CrCuFeMnMoNi,True
Cu17Mn19Ni22Mo23Cr18W7,228.0517,CrCuMnMoNiW,True
Ni11W16Cu12Fe11Mo12Cr18,228.0557,CrCuFeMoNiW,True
Fe21Mo14W8Cu10Cr11,228.07043,CrCuFeMoW,True
Fe12Co23W15Ni13Cr25,228.08722,CoCrFeNiW,True
Co22Cr12Ni12Cu13W25Fe25,228.08801,CoCrCuFeNiW,True
W7Co7Cu21Fe25Cr19,228.09857,CoCrCuFeW,True
Ni9Co20Cr7Fe15W16Mn18,228.10077,CoCrFeMnNiW,True
Cu9Co17W19Ni23Fe16Mo5,228.10406,CoCuFeMoNiW,True
Cu11Ni18Mo23Fe11Cr18W9,228.10565,CrCuFeMoNiW,True
Cu18Cr23Fe8Mo19Ni14W7,228.10736,CrCuFeMoNiW,True
Mo12Ni16W7Cr9Co5Fe24,228.112,CoCrFeMoNiW,True
Fe25Cr11Ni7Co14Mo10Mn6,228.11707,CoCrFeMnMoNi,True
Ni18W20Fe21Co11Cr7,228.11719,CoCrFeNiW,True
Fe13W16Cr24Mo23Co15Cu19,228.11908,CoCrCuFeMoW,True
Co10Fe5W7Ni23Mn12Cr8,228.12024,CoCrFeMnNiW,True
Ni11Mo7Mn13Cu23Co11Cr7,228.1315,CoCrCuMnMoNi,True
Cr7Mo20W19Fe25Co14Cu13,228.13605,CoCrCuFeMoW,True
Cr15Co12Cu21W12Fe12,228.14029,CoCrCuFeW,True
Fe17Cr18Ni8Co23Mn8,228.14417,CoCrFeMnNi,True
W9Co5Cr6Mn9Fe9Ni16,228.14893,CoCrFeMnNiW,True
Cu17Cr7Fe24W18Mo8,228.1626,CrCuFeMoW,True
Co16Cu19W25Mo12Fe18,228.17902,CoCuFeMoW,True
Mn15Co23Fe13Cr16W17Ni11,228.17963,CoCrFeMnNiW,True
Cu19Cr25Fe20Mn25Co12W8,228.18253,CoCrCuFeMnW,True
Ni19Cr25Fe5Mo18Cu18W6,228.18262,CrCuFeMoNiW,True
W7Cr25Fe10Co6Mn6Ni14,228.18774,CoCrFeMnNiW,True
Mn5Cr22Cu6Co24Ni7,228.18976,CoCrCuMnNi,True
Fe12Mn23Co8Cr17Cu12,228.18979,CoCrCuFeMn,True
W17Cr20Mn5Co23Ni19Fe13,228.19534,CoCrFeMnNiW,True
Fe9Ni11Co21W8Mo13,228.22336,CoFeMoNiW,True
Cr20Mn9Co24Cu20Ni22,228.2239,CoCrCuMnNi,True
Ni18Cr9Mo18Fe20W14,228.23044,CrFeMoNiW,True
W22Ni12Co19Cr13Fe23Mn24,228.23083,CoCrFeMnNiW,True
Cu19Co9Fe20Mo22W7,228.2333,CoCuFeMoW,True
Fe7Cr13Ni17W15Co16,228.24658,CoCrFeNiW,True
Mo23Ni8Fe11Mn9W7Cr15,228.27411,CrFeMnMoNiW,True
Cr7Mn17Fe7Ni13Co25W12,228.27905,CoCrFeMnNiW,True
Cu12Mo19Ni23Fe24W17,228.28534,CuFeMoNiW,True
Fe12Mn11Mo15W7Ni21Co18,228.28809,CoFeMnMoNiW,True
Cr8Mo20W7Ni14Cu22,228.29868,CrCuMoNiW,True
Fe11W18Cr23Cu13Co23Mo20,228.31665,CoCrCuFeMoW,True
Fe17W24Cu11Ni25Cr22Co18,228.32172,CoCrCuFeNiW,True
Mo11Ni23Cr19W13Co8Cu15,228.3244,CoCrCuMoNiW,True
Cu19W14Fe14Co21Cr22,228.3335,CoCrCuFeW,True
Ni14Cu15Fe22W6Mo24,228.35413,CuFeMoNiW,True
Co9Cr6Fe22Ni22W17,228.35532,CoCrFeNiW,True
Mo5Co10Cu25Fe22W22,228.36337,CoCuFeMoW,True
W23Cu25Co19Cr12Mo6,228.36554,CoCrCuMoW,True
Ni16Cu21Mo17Fe20W24,228.37152,CuFeMoNiW,True
W14Cu21Cr7Co25Mo18,228.37161,CoCrCuMoW,True
Cr11Fe6Ni15Co12Cu25W11,228.37183,CoCrCuFeNiW,True
Cr25Fe6Cu20Ni9Mn10,228.37506,CrCuFeMnNi,True
Cr7Fe20Cu5Mo22W6Co16,228.42029,CoCrCuFeMoW,True
Co11Fe24Cu19Mo14W9Ni13,228.4444,CoCuFeMoNiW,True
Mo10Fe13W15Cu21Cr7,228.4461,CrCuFeMoW,True
Mn22Co6Cu6Cr17Fe18,228.4512,CoCrCuFeMn,True
W12Fe21Mn13Ni9Cr19Co6,228.49893,CoCrFeMnNiW,True
Ni25Cr11Co22W22Mo8,228.5014,CoCrMoNiW,True
Fe18Mn22Co13W6Cu11Cr20,228.5083,CoCrCuFeMnW,True
Fe6Cr25Mo11Ni6Co13,228.51285,CoCrFeMoNi,True
Mn22Fe23Ni9Co11Cr12,228.52417,CoCrFeMnNi,True
Mn21Fe22Mo9Cr15Ni22Cu25,228.5274,CrCuFeMnMoNi,True
Fe10Cr19Mo17Mn9Ni14W12,228.53036,CrFeMnMoNiW,True
W17Co19Cu12Fe16Mo7Ni9,228.54309,CoCuFeMoNiW,True
Mn16W14Ni5Cr18Co13Fe25,228.54395,CoCrFeMnNiW,True
Ni24Cu23Cr23W8Fe11,228.55362,CrCuFeNiW,True
W6Cu10Cr16Mo6Co11,228.56342,CoCrCuMoW,True
Ni13W13Cu16Co7Fe17Cr24,228.57016,CoCrCuFeNiW,True
Fe10Cr14Ni19Co21W20,228.57376,CoCrFeNiW,True
Fe16Cu11Mo17W12Mn8Cr21,228.57404,CrCuFeMnMoW,True
Co18W11Fe25Mn22Cu18Mo7,228.58972,CoCuFeMnMoW,True
Ni5Cu24W16Fe25Cr5Co25,228.6094,CoCrCuFeNiW,True
Co13Ni9Cr10Cu11Mo11W14,228.60944,CoCrCuMoNiW,True
W22Mo19Fe15Mn25Co22Cr11,228.62079,CoCrFeMnMoW,True
Cr8Cu7W8Fe14Co13,228.63074,CoCrCuFeW,True
Co11Mo8Cu15Ni23W13,228.63559,CoCuMoNiW,True
Mn25Cr14Fe18Cu15Co9,228.64755,CoCrCuFeMn,True
Mn9Fe10Cu8Ni24Cr17,228.64877,CrCuFeMnNi,True
Cu19Cr6Mo22W9Ni20Co9,228.65717,CoCrCuMoNiW,True
Mo7Cr14Cu7Ni21Co11W9,228.66415,CoCrCuMoNiW,True
Ni25Mn13Fe9Cu5Co16,228.66586,CoCuFeMnNi,True
Cu19Cr17Ni12Mo18Co15W8,228.6691,CoCrCuMoNiW,True
Mo5W15Cr11Cu17Fe9,228.68896,CrCuFeMoW,True
Mn11W7Ni19Mo8Cr21Cu6,228.69354,CrCuMnMoNiW,True
W11Co16Cr8Cu9Fe16,228.70032,CoCrCuFeW,True
W17Cr12Fe21Ni10Co13Mn15,228.70108,CoCrFeMnNiW,True
Cr16Ni17W17Fe24Mo15,228.71085,CrFeMoNiW,True
Mo22Ni14Cr20Co20Cu8,228.71848,CoCrCuMoNi,True
Cu16Fe11W12Ni9Co11Mo8,228.71933,CoCuFeMoNiW,True
W15Mo11Cu22Ni12Co18,228.72589,CoCuMoNiW,True
Mo23Ni19Cu24W17Co20,228.73917,CoCuMoNiW,True
Cu6Mn7Co14Cr9Fe16,228.73917,CoCrCuFeMn,True
Ni13Cu22Mo16Cr12W8,228.75003,CrCuMoNiW,True
Mo22Ni5W5Cu19Fe20Cr22,228.76614,CrCuFeMoNiW,True
Cr8Fe19Co22Cu13W10Mn23,228.77698,CoCrCuFeMnW,True
Co24Ni24Mo21W16Fe8,228.78424,CoFeMoNiW,True
Mo11Co14Cu25Cr21W15,228.78891,CoCrCuMoW,True
Cu17W8Fe10Mo18Cr12,228.78955,CrCuFeMoW,True
Co17Cr18Mn8W14Fe25Ni8,228.7941,CoCrFeMnNiW,True
W10Mo21Cr11Fe9Ni14Mn23,228.80487,CrFeMnMoNiW,True
Co12Cu7W6Cr8Fe12Mn21,228.80777,CoCrCuFeMnW,True
W21Mo20Cu23Co22Ni19,228.82785,CoCuMoNiW,True
Cr13Co7Cu18W7Fe18Mn24,228.83139,CoCrCuFeMnW,True
Fe21W5Cr13Ni9Mo17,228.836,CrFeMoNiW,True
W12Cu23Mo8Fe13Ni9,228.84726,CuFeMoNiW,True
Fe15Co16W20Ni23Cr25,228.84924,CoCrFeNiW,True
Mn12Fe19Cr22W5Co13Cu19,228.8493,CoCrCuFeMnW,True
Fe12Mo22Mn25W13Co10Cr17,228.8728,CoCrFeMnMoW,True
W23Co23Fe16Cr24Mo10,228.88086,CoCrFeMoW,True
Cu9Mo10Ni23Fe24Co20W22,228.8851,CoCuFeMoNiW,True
Mo25Mn23Cr18W6Fe25,228.88922,CrFeMnMoW,True
W11Mo14Ni16Fe16Co7Cr18,228.9024,CoCrFeMoNiW,True
Cu25Cr23Mo20Ni19Fe18Mn10,228.91467,CrCuFeMnMoNi,True
Co19W22Mn15Cr14Fe25Mo25,228.91919,CoCrFeMnMoW,True
Cr23Mo11Ni14W10Fe6Co20,228.9303,CoCrFeMoNiW,True
Co8Mn7Cr15Fe17W14Ni21,228.93881,CoCrFeMnNiW,True
Cu21Co24Cr6Fe22W21,228.94104,CoCrCuFeW,True
Co12W18Mo18Ni22Cr11Cu16,228.9412,CoCrCuMoNiW,True
Co17W18Cu23Mo16Mn24Cr21,228.94232,CoCrCuMnMoW,True
Mo8Fe7Mn11Ni12Cr14Co18,228.95279,CoCrFeMnMoNi,True
Ni25Fe7Co9Mn14Cr17,228.96368,CoCrFeMnNi,True
Fe22Cr25Ni6W24Mo7Cu20,228.97162,CrCuFeMoNiW,True
W7Fe23Ni16Mo23Co15,228.97797,CoFeMoNiW,True
Mn14Ni21Fe20Cu5Cr12,228.97986,CrCuFeMnNi,True
Mn7Cu9Cr23Co24Fe13,228.98126,CoCrCuFeMn,True
Cu12Ni16Cr12Mn10Co23,228.99136,CoCrCuMnNi,True
Cr20Fe13Ni25Mo25W14Co15,229.00131,CoCrFeMoNiW,True
Cr25Fe17W18Co12Ni12Mn18,229.00421,CoCrFeMnNiW,True
W10Mn8Co21Fe8Cr11Mo20,229.03159,CoCrFeMnMoW,True
Ni13Cr18Co14W18Fe20,229.03452,CoCrFeNiW,True
Cr22Co20Cu9W13Mo5Ni12,229.03488,CoCrCuMoNiW,True
W22Mn13Cr16Fe25Ni20Mo22,229.03915,CrFeMnMoNiW,True
W7Cr21Ni20Mo9Co11,229.04062,CoCrMoNiW,True
Cu23Fe22Cr9Co14W6Mn9,229.05133,CoCrCuFeMnW,True
Fe10Ni8Co11Cu11W14Cr16,229.07947,CoCrCuFeNiW,True
Mn10Cr14Co13Ni20Cu21,229.08377,CoCrCuMnNi,True
Cu8Ni24Mn10Fe8Co6,229.12024,CoCuFeMnNi,True
Cr21Mo23W10Fe22Cu16,229.14334,CrCuFeMoW,True
Ni11Fe11Mo11Cr14W12Cu7,229.14374,CrCuFeMoNiW,True
Cu20W10Ni7Mo13Fe18,229.14731,CuFeMoNiW,True
Mo24Fe20Co25Cu19Ni12W8,229.16434,CoCuFeMoNiW,True
Fe18Co21W19Cr13Mo13,229.18637,CoCrFeMoW,True
Cr19Mo11Co23Cu6Ni25W18,229.18768,CoCrCuMoNiW,True
Ni12Fe5Cr5Co13W8Mn8,229.18832,CoCrFeMnNiW,True
Mo16Cu22W23Fe11Co21,229.19241,CoCuFeMoW,True
Cu18Cr7Fe21Mn19Mo20Ni25,229.19336,CrCuFeMnMoNi,True
Cr25Fe22W23Mn13Cu23Mo21,229.2052,CrCuFeMnMoW,True
Ni5Co6Cr25Fe19Mn25W11,229.21579,CoCrFeMnNiW,True
Cr9Ni19W8Mo16Cu14Mn24,229.21915,CrCuMnMoNiW,True
Fe10Mn21Co9Cr17Ni11,229.22174,CoCrFeMnNi,True
Co15Ni19Cr11W21Fe20Mn16,229.23227,CoCrFeMnNiW,True
W13Ni18Cr8Mo13Cu17,229.24673,CrCuMoNiW,True
Cr23Ni22Fe12W6Cu16,229.2478,CrCuFeNiW,True
Ni19W19Co8Mn20Fe21Cr24,229.25085,CoCrFeMnNiW,True
Cu16Co8Mo15Cr7W18Fe14,229.25146,CoCrCuFeMoW,True
Ni11Cu18Mo10W12Fe6Cr23,229.25592,CrCuFeMoNiW,True
Cu20Mo18Fe13Co10W18Cr13,229.25595,CoCrCuFeMoW,True
Co10Ni22Mn12Cr13Mo13Fe6,229.28223,CoCrFeMnMoNi,True
Cr6Co15W5Mo18Ni22,229.28781,CoCrMoNiW,True
Mn20Cu19Cr19Co13Fe8,229.2887,CoCrCuFeMn,True
Ni22Mn6W5Co11Cr20Mo22,229.29956,CoCrMnMoNiW,True
Co6Cr17Mn12Cu25Fe24,229.31805,CoCrCuFeMn,True
Co9Fe18Mo18W8Ni19,229.34799,CoFeMoNiW,True
Co8W15Ni24Mo14Cr22Fe15,229.35187,CoCrFeMoNiW,True
Fe16Co23Mn18Cr6Ni15Mo14,229.36716,CoCrFeMnMoNi,True
Fe19Cr8Co11W25Cu24Ni21,229.37357,CoCrCuFeNiW,True
Ni24Mo12Mn10Co20W20Cr17,229.38312,CoCrMnMoNiW,True
W25Cr14Fe25Co12Cu11Mo7,229.39417,CoCrCuFeMoW,True
Co18Ni18Cr18Cu15Mn6,229.39856,CoCrCuMnNi,True
Cu15Fe12Mo13W19Ni16,229.41641,CuFeMoNiW,True
Mo22Fe17W17Co17Ni14Cr16,229.43665,CoCrFeMoNiW,True
Fe15Cr21Ni10Co16W14,229.4385,CoCrFeNiW,True
Mo7Cu11Co14Fe6Ni13W16,229.44144,CoCuFeMoNiW,True
Cr16Mn13Cu13Ni25Fe24,229.46213,CrCuFeMnNi,True
Mo12Co12Cu12Fe14Cr19W19,229.46841,CoCrCuFeMoW,True
Co14Cr8Mo19Fe6W6Mn8,229.47943,CoCrFeMnMoW,True
Ni13W12Mo21Co17Fe16,229.48514,CoFeMoNiW,True
Co17Cu13Fe11Mn25Ni21,229.48941,CoCuFeMnNi,True
Cu24Ni6Fe14Mo13Mn9Cr16,229.49042,CrCuFeMnMoNi,True
Ni18Co8Fe11Mo5Mn24,229.51184,CoFeMnMoNi,True
W6Ni14Cu15Co11Mo17,229.51791,CoCuMoNiW,True
W17Cr14Ni12Fe14Cu6Mo7,229.53241,CrCuFeMoNiW,True
W15Cu11Fe15Cr20Ni25Mo25,229.55038,CrCuFeMoNiW,True
Cr14Mn24Co14Cu16W8Fe13,229.5615,CoCrCuFeMnW,True
Mo11Mn17Cu6Ni8Co5,229.56442,CoCuMnMoNi,True
W7Mo18Cr23Ni17Fe22Cu5,229.5657,CrCuFeMoNiW,True
Mn9Co14Cr9Fe19Cu5,229.58472,CoCrCuFeMn,True
Mn16Cr24Mo23Cu14Fe17W13,229.58646,CrCuFeMnMoW,True
Fe23W15Cr6Ni24Mo17,229.59,CrFeMoNiW,True
Co10Mn16Mo18W12Fe20Cr5,229.59286,CoCrFeMnMoW,True
Cu17Mo23Co20Cr11W6,229.59637,CoCrCuMoW,True
Co17Cr13W14Cu22Ni16Mo25,229.604,CoCrCuMoNiW,True
W7Cr24Mo24Fe8Co19Cu19,229.61539,CoCrCuFeMoW,True
Cr19Fe11W10Cu19Co13,229.61545,CoCrCuFeW,True
Cr17Ni17Mo6Co6Cu10,229.63647,CoCrCuMoNi,True
Mo22Cr22W10Fe16Ni6Mn18,229.64984,CrFeMnMoNiW,True
Fe22Co19Ni7Cr22W13,229.65112,CoCrFeNiW,True
Fe20W24Ni15Co23Mn22Cr22,229.65448,CoCrFeMnNiW,True
Ni22Mo7W24Mn16Co24Cr13,229.65659,CoCrMnMoNiW,True
Fe22Mn25Cr21Cu23Co13W8,229.66144,CoCrCuFeMnW,True
Cr21Mn19Cu24W20Mo14Co23,229.67712,CoCrCuMnMoW,True
Fe24Mn13Cr6Mo15Ni12Cu16,229.68893,CrCuFeMnMoNi,True
Fe8Mn24Ni24Cr25Co12,229.6998,CoCrFeMnNi,True
Ni24Mo21W7Cu19Co13,229.70074,CoCuMoNiW,True
Fe11W21Cu18Mo15Co24Ni17,229.70187,CoCuFeMoNiW,True
Mn11Fe10Ni25Cr17Cu9,229.70633,CrCuFeMnNi,True
Cr17Co24Ni14Mn13Mo17W14,229.71198,CoCrMnMoNiW,True
Cr11Fe10Co5Ni16Mn20Cu11,229.71213,CoCrCuFeMnNi,True
Cr8Fe25Co13W18Ni9Cu16,229.7215,CoCrCuFeNiW,True
Mo24W23Fe17Mn23Co20Cr22,229.73102,CoCrFeMnMoW,True
Cr14Ni13Mo7W16Fe18,229.73831,CrFeMoNiW,True
Fe19Cu6Mo7Ni13Cr25,229.74097,CrCuFeMoNi,True
Fe16Mo9Cr16Mn14W22Cu19,229.74298,CrCuFeMnMoW,True
W24Fe18Cu13Ni25Mo6,229.7504,CuFeMoNiW,True
Co18Cr15Mn7Mo10W24Fe18,229.75867,CoCrFeMnMoW,True
Mn6Mo24Cr25W14Co9Fe21,229.79294,CoCrFeMnMoW,True
Co17Fe11Cu25Cr24W8,229.79306,CoCrCuFeW,True
Mo6W15Cu7Fe10Ni23Cr25,229.80261,CrCuFeMoNiW,True
Cr20Ni20Co23Mn22Fe10,229.80545,CoCrFeMnNi,True
Co23W14Ni24Cr5Mo14,229.8146,CoCrMoNiW,True
Mn10Cr19Ni13Co21Fe7,229.82281,CoCrFeMnNi,True
Ni23Co18Cr18Mn7Cu12,229.82388,CoCrCuMnNi,True
W15Fe21Cr5Ni20Mo14Mn9,229.82681,CrFeMnMoNiW,True
W12Cr8Cu10Fe17Co18,229.83685,CoCrCuFeW,True
Fe19Ni18Cr9Mn12Co8W15,229.8422,CoCrFeMnNiW,True
Cu6Cr18Mo14Ni12Co14,229.8505,CoCrCuMoNi,True
Fe7Cr13Co13Ni20W13,229.86389,CoCrFeNiW,True
W24Fe25Cr13Co11Cu20Mo22,229.86679,CoCrCuFeMoW,True
Cr23W19Co21Ni12Fe22,229.88223,CoCrFeNiW,True
Cr15Ni7Co5Mn5Fe16W7,229.89493,CoCrFeMnNiW,True
Co13Ni13Cr13Fe8Mn6,229.90854,CoCrFeMnNi,True
Co10Cu15Cr10Fe13Mn18,229.90881,CoCrCuFeMn,True
Mo15Ni25Co16Cr16W11,229.90982,CoCrMoNiW,True
Mo17W9Fe12Cr6Cu16Co6,229.91226,CoCrCuFeMoW,True
Mn10Cr17Mo6Fe25W9,229.91681,CrFeMnMoW,True
Cu25Mn16Cr19Co21Fe19Mo8,229.92395,CoCrCuFeMnMo,True
Mn20W7Mo10Cr23Ni24,229.93457,CrMnMoNiW,True
Cu24Ni21Fe14Mn18Cr18,229.94473,CrCuFeMnNi,True
Mo6Cr17Cu8Ni17Co8,229.94672,CoCrCuMoNi,True
Co13Fe25Mo9W21Cu17,229.94888,CoCuFeMoW,True
W21Ni25Co21Cu18Mo18,229.94937,CoCuMoNiW,True
Mo13Co10W9Cr8Fe12Ni25,229.95926,CoCrFeMoNiW,True
Cr18Ni25W7Co12Mo12,229.96487,CoCrMoNiW,True
Co13Fe18W18Mo5Cr19,229.97305,CoCrFeMoW,True
Cr25Fe5Co11Mn16Ni24,229.97583,CoCrFeMnNi,True
Co25W18Cr16Mn24Ni15Fe12,229.98691,CoCrFeMnNiW,True
Cr14Fe10Ni10Co23Mn18,229.99194,CoCrFeMnNi,True
Mo18Fe14Co9W6Ni19,230.00168,CoFeMoNiW,True
Ni16W14Fe17Mo21Cr11Mn15,230.01682,CrFeMnMoNiW,True
Cr14W19Co21Fe14Mo8,230.01828,CoCrFeMoW,True
W21Co12Cr11Fe22Ni25Mn23,230.02548,CoCrFeMnNiW,True
Fe22Cr7W17Cu12Ni20Co8,230.02774,CoCrCuFeNiW,True
Cu13Mn10Cr19Ni24Fe20,230.02945,CrCuFeMnNi,True
Mo6W10Fe25Cu22Ni6,230.0318,CuFeMoNiW,True
Mo18Ni10Cr12W6Fe17,230.04929,CrFeMoNiW,True
Cu17W16Cr7Mo6Co23,230.05283,CoCrCuMoW,True
Cu14Mn23Cr11Co18Ni17,230.05853,CoCrCuMnNi,True
Cu24Fe17W18Cr15Ni23,230.05963,CrCuFeNiW,True
Mo21Ni20Cr19Co22Mn12W13,230.06308,CoCrMnMoNiW,True
Ni14Fe23Co14W16Mo16Cr6,230.0635,CoCrFeMoNiW,True
Fe18Cr9Cu12Ni14Mn13,230.06442,CrCuFeMnNi,True
Ni24W13Cr9Fe12Co9Mn16,230.06732,CoCrFeMnNiW,True
W13Mo16Cu22Cr24Co17Ni15,230.07193,CoCrCuMoNiW,True
Cu13Co12Fe21Mo18W7,230.08154,CoCuFeMoW,True
Mo11Cr15Co11W22Cu17Ni20,230.0823,CoCrCuMoNiW,True
W24Fe21Ni25Co14Cr14,230.08691,CoCrFeNiW,True
W15Ni24Cr6Mn9Mo19Fe24,230.10522,CrFeMnMoNiW,True
Co22W16Mo12Fe16Cr6Mn6,230.10788,CoCrFeMnMoW,True
W22Fe13Co23Ni19Cr17,230.11142,CoCrFeNiW,True
Co14Mo22Cu20Fe8Cr7Mn10,230.11307,CoCrCuFeMnMo,True
W17Mn23Fe18Cr7Cu23Mo16,230.12796,CrCuFeMnMoW,True
Cu10Ni10Mn6Co16Fe5,230.13559,CoCuFeMnNi,True
Co12Ni23Cr10Mo23Cu24W16,230.14084,CoCrCuMoNiW,True
Ni16Cr23Co22Fe16Mn8,230.14102,CoCrFeMnNi,True
Cr13Cu15Mn19Fe22Ni22,230.14996,CrCuFeMnNi,True
Cr22Ni23Cu16Co10W15Fe9,230.15619,CoCrCuFeNiW,True
Ni13Fe23Cr6Co23W20Mn25,230.15643,CoCrFeMnNiW,True
Cr14Mn16Fe15Cu12Ni25,230.1578,CrCuFeMnNi,True
W9Fe5Ni9Mo8Co10,230.16812,CoFeMoNiW,True
Fe25W25Cu23Mo22Co18,230.17148,CoCuFeMoW,True
Cr17Ni17Mo17Mn6Fe6Cu13,230.17996,CrCuFeMnMoNi,True
W11Mo20Cr11Fe20Ni13Co12,230.18634,CoCrFeMoNiW,True
Mn16Cu6Cr11Fe8Co12,230.19788,CoCrCuFeMn,True
Co22Cr19Ni24Cu15W15Fe5,230.1991,CoCrCuFeNiW,True
W11Ni18Co7Fe25Cr14Mo16,230.20572,CoCrFeMoNiW,True
Cu7Fe8Mo9Co9W11Cr11,230.2247,CoCrCuFeMoW,True
Cr13Cu13Mo7Co5Ni6,230.23434,CoCrCuMoNi,True
Mo23W5Cr23Mn6Fe9Co9,230.25485,CoCrFeMnMoW,True
Mn17W12Mo14Ni10Cr10Fe11,230.25647,CrFeMnMoNiW,True
Co18Cu14Mo10W19Fe10Ni23,230.27222,CoCuFeMoNiW,True
Co7Cu22Cr23W8Mo11Ni21,230.27881,CoCrCuMoNiW,True
Cu16Mo23Co18Ni8Cr21,230.28046,CoCrCuMoNi,True
Co22Cu15W19Fe22Mo22,230.3057,CoCuFeMoW,True
Mo7Cr8Co24W19Ni21,230.3125,CoCrMoNiW,True
Mo6Co19Mn17Ni23Cu14Cr7,230.34143,CoCrCuMnMoNi,True
Cr5Ni25Co25Mo18Cu8Fe8,230.34482,CoCrCuFeMoNi,True
Ni23Cu17Cr22Mo19W5,230.34537,CrCuMoNiW,True
Cu12Mn8Fe19Cr25Ni25,230.3475,CrCuFeMnNi,True
W22Cr15Mn12Ni19Co19Fe23,230.36288,CoCrFeMnNiW,True
Ni9Cr20Mo9Mn22Cu10W6,230.38226,CrCuMnMoNiW,True
Ni8Fe11Cr12W9Mo5,230.38342,CrFeMoNiW,True
Cr14Mn23Fe10Cu24Mo22Ni24,230.39062,CrCuFeMnMoNi,True
W8Mo11Fe8Cu21Cr12,230.39975,CrCuFeMoW,True
Ni19Cr17Fe7Co19Cu7Mn23,230.41101,CoCrCuFeMnNi,True
Fe23Ni18Co22Cu12Mo12W23,230.41614,CoCuFeMoNiW,True
Fe19W20Cr17Mn8Mo10Cu18,230.43677,CrCuFeMnMoW,True
Mn17W20Mo14Fe10Co22Cr17,230.44318,CoCrFeMnMoW,True
Cu16W5Cr20Mo21Mn19Fe6,230.45471,CrCuFeMnMoW,True
Fe25Cu5Co7Mo17Cr18,230.45718,CoCrCuFeMo,True
Cu21Cr14W15Mo20Fe18,230.462,CrCuFeMoW,True
Cr7Co11Cu6Ni25Mn9Mo11,230.47736,CoCrCuMnMoNi,True
Co14Mo21W8Ni16Fe22,230.48547,CoFeMoNiW,True
Ni20W12Cu23Mn23Cr22Mo22,230.51544,CrCuMnMoNiW,True
Fe13Cu16Co15Ni14Cr18W23,230.51752,CoCrCuFeNiW,True
Ni22W8Mo16Cu22Co8Cr6,230.52072,CoCrCuMoNiW,True
Ni12Co14Mo7Fe19Cr25W19,230.52408,CoCrFeMoNiW,True
Co5Cr15Cu16Fe18W7Ni7,230.5268,CoCrCuFeNiW,True
Fe8Mo11Cr5Co19Ni15W18,230.53687,CoCrFeMoNiW,True
Co25Mn5Fe18Ni25W7Mo21,230.53854,CoFeMnMoNiW,True
Co23Fe8Cu23Ni21Mn11,230.53873,CoCuFeMnNi,True
Mn13Ni17Fe5Cr25Co20,230.54065,CoCrFeMnNi,True
Cu19W16Mo17Fe20Cr16,230.54364,CrCuFeMoW,True
Mo5W24Fe19Cr8Ni11Cu11,230.57162,CrCuFeMoNiW,True
Fe21Co15Cr14Mn18Ni25,230.57227,CoCrFeMnNi,True
Fe15Cu13Cr19Mo16Co15W20,230.58221,CoCrCuFeMoW,True
Fe20Mo19W12Cr12Cu17,230.58475,CrCuFeMoW,True
W9Fe5Co18Ni17Cr12Mn10,230.59286,CoCrFeMnNiW,True
W8Fe23Mn22Mo17Cr17,230.59464,CrFeMnMoW,True
W8Mo25Cu22Ni20Co17,230.61383,CoCuMoNiW,True
Mo22Fe13W8Cr19Cu19Ni10,230.61398,CrCuFeMoNiW,True
Ni22Fe25Cr19Mn6Mo13Co9,230.62671,CoCrFeMnMoNi,True
Cr14Cu13W19Mn9Mo5Fe20,230.63007,CrCuFeMnMoW,True
Cr8Mo16Co15W23Ni17Cu20,230.63043,CoCrCuMoNiW,True
W13Cr7Mn21Co16Fe9Ni12,230.6326,CoCrFeMnNiW,True
Mo9Ni13Cr14Fe16W18Co9,230.63507,CoCrFeMoNiW,True
Mn20Ni16Cu6Co7Cr14,230.63913,CoCrCuMnNi,True
W12Mo20Fe19Ni19Cr7,230.64124,CrFeMoNiW,True
Co11Mo9W5Fe6Cr12,230.65149,CoCrFeMoW,True
W18Mo20Fe14Ni13Cu21Cr23,230.65494,CrCuFeMoNiW,True
W5Fe15Ni21Mo25Cr25,230.65521,CrFeMoNiW,True
Cr18W6Fe8Cu15Co20,230.65805,CoCrCuFeW,True
Cr6Fe16Cu10Co13W15Mo19,230.66168,CoCrCuFeMoW,True
Cr12Co10Fe18Cu13W10,230.66269,CoCrCuFeW,True
Cu24Fe14Cr24Mn14Mo7Co22,230.66302,CoCrCuFeMnMo,True
Cr19Mn23W5Fe12Cu12Co17,230.66412,CoCrCuFeMnW,True
Fe5Mo8Ni19W15Co18,230.69647,CoFeMoNiW,True
Cr9Ni21Fe9W14Co22Mn16,230.7056,CoCrFeMnNiW,True
Co20Cr17Cu18Mn8Ni16,230.70645,CoCrCuMnNi,True
W18Cu13Mo13Co22Fe13,230.71371,CoCuFeMoW,True
Ni16W15Co16Mo11Cr19Fe7,230.7377,CoCrFeMoNiW,True
Cr22Mo22Mn10Fe11W9Ni12,230.738,CrFeMnMoNiW,True
Mo21Co23W22Mn17Fe16Cr19,230.75937,CoCrFeMnMoW,True
Cr13Ni10W23Mn19Fe25Mo6,230.76416,CrFeMnMoNiW,True
Mn9Fe22Co20Cr23Ni21,230.7673,CoCrFeMnNi,True
Co24Cu11Ni16W21Fe23Mo7,230.78668,CoCuFeMoNiW,True
Co5Fe19Ni21W17Cr17Cu20,230.79224,CoCrCuFeNiW,True
Mo22Cr15Cu20W6Ni20,230.79349,CrCuMoNiW,True
Mn18Cu22Ni19Cr17W14Mo14,230.79608,CrCuMnMoNiW,True
Mo5W11Cu9Fe22Cr19,230.79779,CrCuFeMoW,True
Co5Cu15W14Fe23Ni19Cr13,230.80362,CoCrCuFeNiW,True
Ni23Cu11Cr18Mo5W20Co14,230.80588,CoCrCuMoNiW,True
Fe24W9Cu24Cr9Co21Mn16,230.81967,CoCrCuFeMnW,True
Ni20Cr20Cu20Co19Mn8,230.84106,CoCrCuMnNi,True
W10Mo22Cr15Cu24Fe12,230.86182,CrCuFeMoW,True
W19Ni19Mo5Cr12Mn12Fe10,230.86295,CrFeMnMoNiW,True
Fe25Cu11Cr21Mn9Mo8Ni24,230.86502,CrCuFeMnMoNi,True
Fe16Mn11Co12Ni8Cr8,230.87643,CoCrFeMnNi,True
Mo14Ni11Fe6Cr10Co25Cu20,230.88245,CoCrCuFeMoNi,True
Ni17Fe8Co5W5Cr13,230.88614,CoCrFeNiW,True
Fe13Mo15Mn6Cu16Ni22Cr25,230.89157,CrCuFeMnMoNi,True
Mn7Cr16Co13Fe10Ni18,230.896,CoCrFeMnNi,True
Cu20Co21Fe12Mn18Cr6W6,230.90906,CoCrCuFeMnW,True
Co6Cr16Ni10Cu14Mo15,230.91705,CoCrCuMoNi,True
Mo21Cu14Cr18Mn24W10Fe11,230.92001,CrCuFeMnMoW,True
Fe14Mo8W13Cr8Co25,230.92334,CoCrFeMoW,True
Mn23Cr17Co23Fe11Ni12,230.9361,CoCrFeMnNi,True
Ni25Mn15Mo9Cr20W6,230.9451,CrMnMoNiW,True
Ni15Mn21Fe17Co14Cr11,230.96204,CoCrFeMnNi,True
W10Cu11Mo23Fe11Co20Cr10,230.97928,CoCrCuFeMoW,True
W11Co18Fe6Cr14Ni13Mn16,230.99207,CoCrFeMnNiW,True
Mo6Ni12Fe10Mn22Cu7,230.999,CuFeMnMoNi,True
Cr11Fe11Cu17Mn16Ni13,231.01459,CrCuFeMnNi,True
Cu21Cr16Fe11W13Co24,231.01465,CoCrCuFeW,True
Ni18Co9W5Mo7Cr18,231.01712,CoCrMoNiW,True
Fe19Co25Cr19Cu9W6,231.02872,CoCrCuFeW,True
Ni24Mo8Cu6Co22W18Cr18,231.03293,CoCrCuMoNiW,True
Ni9Fe22Cr12Cu5Mn19,231.03531,CrCuFeMnNi,True
Fe20Ni8W15Cr25Mn6Mo13,231.04141,CrFeMnMoNiW,True
Co13Fe25Ni15W13Mo15Cu23,231.04333,CoCuFeMoNiW,True
Mn10W24Mo12Ni18Cr19Fe19,231.04352,CrFeMnMoNiW,True
Cu22Cr13Ni12Co25Mn17,231.05042,CoCrCuMnNi,True
Co11Fe15Cu22W6Mn16Cr11,231.051,CoCrCuFeMnW,True
Co14Cr6Fe24W14Ni7Cu14,231.06552,CoCrCuFeNiW,True
Mo13Cu9W5Fe20Cr9,231.06879,CrCuFeMoW,True
W9Mn19Cr12Fe12Mo25Cu25,231.0727,CrCuFeMnMoW,True
Cr12Cu18Co19Mn23Ni23,231.07852,CoCrCuMnNi,True
Mo7Ni19Cu24Co21W25,231.0788,CoCuMoNiW,True
Mn9Co5Fe18Cr15Mo13W12,231.08759,CoCrFeMnMoW,True
Mn15Cu20Mo20Cr5Fe15W8,231.09613,CrCuFeMnMoW,True
Mo15W15Mn14Ni9Fe15Cr25,231.09921,CrFeMnMoNiW,True
Ni21Cr8Mo23W5Co17,231.09952,CoCrMoNiW,True
Mo8W15Ni25Cr9Co5Cu24,231.10025,CoCrCuMoNiW,True
Co25Cr23Fe17Mo12Cu10Mn6,231.11557,CoCrCuFeMnMo,True
W12Mn23Ni15Mo17Fe6Cr21,231.13367,CrFeMnMoNiW,True
Co15W21Mo12Ni17Fe16Cr24,231.14572,CoCrFeMoNiW,True
Fe6Mo5W22Ni16Cr8Cu14,231.15671,CrCuFeMoNiW,True
Ni12Cr13Mn12Cu24Co5,231.16498,CoCrCuMnNi,True
W25Cr12Ni16Fe19Co25,231.19614,CoCrFeNiW,True
Cr19Fe6W11Ni16Co23,231.20593,CoCrFeNiW,True
Cr13W9Mn18Mo7Fe22,231.20682,CrFeMnMoW,True
Mn10W15Fe22Co21Cr19Ni9,231.22269,CoCrFeMnNiW,True
Fe9W5Co7Mo20Cr15Mn23,231.22559,CoCrFeMnMoW,True
Cu22Cr16Fe16Mn12Co16,231.23865,CoCrCuFeMn,True
Mn24Fe23Co22Ni20Cr14,231.25336,CoCrFeMnNi,True
Cu12Co13Mo17Ni5Cr16,231.27313,CoCrCuMoNi,True
Cr14Ni18Mo22W20Cu12Fe19,231.29623,CrCuFeMoNiW,True
Ni10Co24Cr15Fe21Mn17W19,231.32062,CoCrFeMnNiW,True
Fe17W12Mn13Cr11Mo18Cu16,231.3335,CrCuFeMnMoW,True
Co12Mo18W10Cu14Fe20,231.36075,CoCuFeMoW,True
Fe16Ni11Mn24Cr15W16Co10,231.36444,CoCrFeMnNiW,True
Co19Mn22Ni12Mo11W10Fe18,231.36646,CoFeMnMoNiW,True
Mn11Ni20Fe24Cr10Co13Mo16,231.36713,CoCrFeMnMoNi,True
Mo11Fe24W18Cr17Ni15Cu7,231.37222,CrCuFeMoNiW,True
Cr13Mo20Cu17W6Mn22Co16,231.39938,CoCrCuMnMoW,True
Cu22Fe10Cr10Mn18Co18W5,231.3995,CoCrCuFeMnW,True
Cu16Fe24Cr16Mo23W5Ni8,231.40472,CrCuFeMoNiW,True
Co11Cu14Ni20Mo17Cr9W12,231.40878,CoCrCuMoNiW,True
Cr15Co16W13Fe23Cu14,231.41696,CoCrCuFeW,True
Cr12Ni16W22Fe17Cu18Co10,231.42004,CoCrCuFeNiW,True
Mo17W8Cu17Ni17Cr22Mn13,231.42413,CrCuMnMoNiW,True
W6Mo24Cu20Cr14Ni23,231.43188,CrCuMoNiW,True
Mo8Cu22Fe5Ni25W24Cr7,231.43683,CrCuFeMoNiW,True
Fe16W19Ni25Mo13Cr20,231.44226,CrFeMoNiW,True
Fe13W12Mo12Co21Ni25Mn24,231.45874,CoFeMnMoNiW,True
Co16Cr20Fe7Mn20Ni15,231.45886,CoCrFeMnNi,True
Co17Cr10Cu8Ni5Mo23,231.46045,CoCrCuMoNi,True
Mo23Fe12Cu24Co16W18Cr20,231.46936,CoCrCuFeMoW,True
Fe5Mn9Co15Ni17Cr23,231.47986,CoCrFeMnNi,True
Fe7Ni16Mn19Co20W12Cr8,231.50415,CoCrFeMnNiW,True
Cr13Cu14Fe9Co22W22Ni23,231.51358,CoCrCuFeNiW,True
Cu21Mn18Co10Ni15Fe8,231.52255,CoCuFeMnNi,True
Cr13Ni9W16Co18Fe18,231.54227,CoCrFeNiW,True
W12Cu7Ni23Co24Mo8Fe17,231.55368,CoCuFeMoNiW,True
Fe14Mn5Ni11Mo12Cr14W13,231.55539,CrFeMnMoNiW,True
W16Ni23Co18Mn18Cr5Fe14,231.56271,CoCrFeMnNiW,True
Mo7Cr20W24Ni20Fe22,231.5687,CrFeMoNiW,True
Cu10Mo12Cr22W12Ni23Fe8,231.57416,CrCuFeMoNiW,True
Mo10Co10Fe16Ni13W13,231.58676,CoFeMoNiW,True
W14Cr7Ni19Mo10Cu17,231.59009,CrCuMoNiW,True
Cr12W11Ni20Cu7Mo24Fe22,231.5976,CrCuFeMoNiW,True
Ni13Fe12Mo5W8Mn8Co7,231.60815,CoFeMnMoNiW,True
Ni23Mn7Cu14Mo8Cr22W12,231.6095,CrCuMnMoNiW,True
Mn10Co12Cu17Ni5Cr9,231.62769,CoCrCuMnNi,True
Fe7Ni16Mo14Cr8Co10W6,231.62793,CoCrFeMoNiW,True
Fe22Co25Cr5Mn18Mo6Cu7,231.63907,CoCrCuFeMnMo,True
Cu16Fe5Mn16Co20Ni11Cr9,231.64334,CoCrCuFeMnNi,True
Co19Cr22Ni22W19Fe13,231.64957,CoCrFeNiW,True
Co12W6Fe11Cr7Mo24Mn22,231.65674,CoCrFeMnMoW,True
Co16W13Mo14Cu25Cr25,231.6568,CoCrCuMoW,True
Cu16Cr9Mn11Co16Fe17Mo15,231.66293,CoCrCuFeMnMo,True
Ni21W19Mo9Co24Fe21Mn9,231.66333,CoFeMnMoNiW,True
Fe19Co14Mo17W16Ni18,231.66422,CoFeMoNiW,True
Ni25Co16Mo18W5Cu15,231.67377,CoCuMoNiW,True
Cu12Fe19Cr5Ni23W8,231.70078,CrCuFeNiW,True
Cu18Ni9W11Mn24Cr19Mo10,231.70218,CrCuMnMoNiW,True
Co5Mn16Ni8Fe7Cr23,231.70383,CoCrFeMnNi,True
Mo6Fe12Mn12W19Cr7Co23,231.7067,CoCrFeMnMoW,True
Mn18Mo6Fe6Ni23Cr20Co20,231.7107,CoCrFeMnMoNi,True
Ni23Cr15Mo21W16Mn10Fe17,231.7171,CrFeMnMoNiW,True
Cr19Mo14Ni22Co25W18,231.72278,CoCrMoNiW,True
Co13Cr8Fe9W9Cu19,231.7315,CoCrCuFeW,True
Cu23Co24Mo20W13Cr8,231.73355,CoCrCuMoW,True
W13Cu21Mo6Ni13Cr10,231.74222,CrCuMoNiW,True
Mo8Cu6Co19W7Cr22Mn13,231.75806,CoCrCuMnMoW,True
Mn5Fe17Cr12W12Ni13Co9,231.7583,CoCrFeMnNiW,True
Cr19Fe12Mo13Co13W8,231.78168,CoCrFeMoW,True
Ni14Fe11Mo12Cr16Cu23W25,231.78976,CrCuFeMoNiW,True
Mo17Cu19Co12Ni16W8,231.79077,CoCuMoNiW,True
W19Fe13Ni18Cu17Mo19Cr22,231.8099,CrCuFeMoNiW,True
Fe13Ni21W11Cr14Mo16,231.81094,CrFeMoNiW,True
W17Fe22Cu16Mo15Co7Cr14,231.81174,CoCrCuFeMoW,True
Co8Cu11Mo20Ni20Cr20,231.81586,CoCrCuMoNi,True
Co14Cr5Ni16Fe12W14Mn20,231.81793,CoCrFeMnNiW,True
Cu20Cr17Ni24Fe22W16,231.8211,CrCuFeNiW,True
Cr23Fe13Cu10Mn14Mo18W9,231.8406,CrCuFeMnMoW,True
Cr8Ni9Cu5Mn12Co16,231.84283,CoCrCuMnNi,True
Cr14Fe10W20Ni21Co25,231.85931,CoCrFeNiW,True
Fe21Mn15Cr17Ni24Co21,231.86536,CoCrFeMnNi,True
Fe12Mo9Cr14Mn11W17Cu20,231.86661,CrCuFeMnMoW,True
Mo15W15Co15Fe9Cu18,231.87646,CoCuFeMoW,True
Cr13Co6Mn16Fe17Ni22W14,231.883,CoCrFeMnNiW,True
Ni24Co11Cr13W18Fe19Mn16,231.88504,CoCrFeMnNiW,True
Ni11Cr7W11Mo7Mn10Co19,231.88562,CoCrMnMoNiW,True
Ni21Mo20W17Cu12Cr5Co20,231.89008,CoCrCuMoNiW,True
Mn20Cr23Ni5Co14W9Fe8,231.90277,CoCrFeMnNiW,True
Cu6Fe9Cr17Ni24Mn11,231.91852,CrCuFeMnNi,True
Ni7W21Fe21Cr18Co25Cu21,231.92038,CoCrCuFeNiW,True
Cr12Cu5Ni14Co6Mo15,231.9242,CoCrCuMoNi,True
Mo13Fe23W20Cr15Cu20,231.92813,CrCuFeMoW,True
Mo20W5Co12Cr23Fe18,231.93375,CoCrFeMoW,True
Cr19Mo19Fe11Cu23W9,231.94257,CrCuFeMoW,True
Ni16Fe19W22Mo13Cu17,231.94675,CuFeMoNiW,True
Mo25W5Cu25Cr15Co22Mn16,231.95236,CoCrCuMnMoW,True
Mn7Cr17Ni6Cu18Fe12,231.98257,CrCuFeMnNi,True
Cr19Mo20Co6W14Fe19Mn23,231.9885,CoCrFeMnMoW,True
Cr16W10Co14Fe22Ni7,231.99734,CoCrFeNiW,True
Mo23Ni17W17Cu18Fe10Cr9,232.00168,CrCuFeMoNiW,True
Cr24W16Ni13Fe14Co24,232.00433,CoCrFeNiW,True
Co19Ni18W14Fe24Mo24,232.01498,CoFeMoNiW,True
Co16Mo12W14Fe24Ni13,232.0224,CoFeMoNiW,True
Mn19Fe5Cr7Co25W14Mo7,232.03323,CoCrFeMnMoW,True
Mo25Co18W13Fe22Cr22,232.03555,CoCrFeMoW,True
W25Cr12Ni25Fe14Co23,232.03955,CoCrFeNiW,True
Mo10W16Fe22Cu10Co10Cr21,232.04099,CoCrCuFeMoW,True
Mo6Cr21Cu22Fe11Mn10Ni11,232.04642,CrCuFeMnMoNi,True
Ni11Cu16Mn7Fe6Cr22,232.04755,CrCuFeMnNi,True
Cr6Fe17W12Mo14Cu17,232.05264,CrCuFeMoW,True
Mo17Mn21Co25Cu19Cr13Fe7,232.0687,CoCrCuFeMnMo,True
Fe13W5Cr15Co7Cu20,232.06992,CoCrCuFeW,True
Fe19Mo10Ni14W11Co25Cu11,232.07599,CoCuFeMoNiW,True
Cu18Fe14Co13Mn6Cr22,232.08026,CoCrCuFeMn,True
Cu17W7Fe10Cr15Ni25,232.08456,CrCuFeNiW,True
Cr8W11Co12Mo8Cu19,232.1004,CoCrCuMoW,True
Cu5Cr7W8Fe23Co20Ni9,232.10443,CoCrCuFeNiW,True
Ni25Fe9Mo9W8Co13,232.10822,CoFeMoNiW,True
Cu25W5Fe5Mo20Ni21,232.11215,CuFeMoNiW,True
Cu23Co18Ni16Mn16Fe7,232.1128,CoCuFeMnNi,True
Cr12Co22Cu19Ni14Mn22,232.13306,CoCrCuMnNi,True
Mo17Co21Fe14W22Ni20,232.14813,CoFeMoNiW,True
Ni19Co8Mn21Cr19Fe5W9,232.17896,CoCrFeMnNiW,True
Co14Mo20Fe14W17Mn23Cr20,232.18387,CoCrFeMnMoW,True
Cr19W15Mo24Ni10Fe25Cu20,232.19217,CrCuFeMoNiW,True
W14Mo16Ni22Fe15Cr18,232.19492,CrFeMoNiW,True
Co8Cr23W8Mo6Fe25,232.19522,CoCrFeMoW,True
Mo15Co11Cu22W10Mn19Cr14,232.19757,CoCrCuMnMoW,True
Co15Cr18Cu24Mn12Fe20,232.20001,CoCrCuFeMn,True
Ni16Fe15Mn23Cr16Cu25,232.21777,CrCuFeMnNi,True
W17Cu9Co16Cr14Mo16Fe25,232.23895,CoCrCuFeMoW,True
Fe16Co22Cu19Mo23W20,232.24142,CoCuFeMoW,True
Cu17Fe25Mo21W11Cr11,232.262,CrCuFeMoW,True
Ni15Cu24Co24Fe23Mo20W23,232.26627,CoCuFeMoNiW,True
Mn7Cr8Fe18Mo10Ni19W16,232.26834,CrFeMnMoNiW,True
Fe9Mn6Cr21W12Ni25Co20,232.27264,CoCrFeMnNiW,True
Mo16W10Ni11Fe14Co14,232.28067,CoFeMoNiW,True
Ni12Cr13Cu20Fe23Mn16,232.2828,CrCuFeMnNi,True
Ni18Fe15W23Cr13Co23,232.2858,CoCrFeNiW,True
Cr8Mo6W16Fe16Ni18,232.28815,CrFeMoNiW,True
Cr10Mo20Fe25Ni20Co11Mn7,232.3089,CoCrFeMnMoNi,True
W24Ni13Mo15Cu23Co23Cr13,232.31302,CoCrCuMoNiW,True
Cu17Fe10W20Ni19Mo18Co21,232.3226,CoCuFeMoNiW,True
Cu18Fe10W18Mo21Ni22Cr21,232.3429,CrCuFeMoNiW,True
W10Cu21Mn23Cr17Co25Mo23,232.34906,CoCrCuMnMoW,True
Cu20W8Cr18Ni11Fe15,232.35547,CrCuFeNiW,True
Fe25Cr13Cu21Mo20W25Ni12,232.36133,CrCuFeMoNiW,True
Cr25Cu21W18Co23Fe23,232.36899,CoCrCuFeW,True
Ni14Co13Cr21Cu12Mo17,232.37775,CoCrCuMoNi,True
Mn17Co17Ni19Mo12Cr9Cu24,232.38785,CoCrCuMnMoNi,True
Fe19Cu15W13Ni16Cr6,232.41287,CrCuFeNiW,True
W23Cr10Ni25Co24Mo6Mn19,232.4154,CoCrMnMoNiW,True
Fe23Cu14Cr7Ni7Co7Mn18,232.4357,CoCrCuFeMnNi,True
Mo5Co5Cr22Cu25W8Ni20,232.44919,CoCrCuMoNiW,True
Fe14Cr22Mo23Co6Mn20W8,232.45068,CoCrFeMnMoW,True
Mo12Fe16Cu7W19Co16Cr14,232.45908,CoCrCuFeMoW,True
Cr10Cu10W6Ni7Fe22Mo9,232.4591,CrCuFeMoNiW,True
W7Co8Fe21Cr7Cu19,232.47202,CoCrCuFeW,True
Cu17Fe6Mn7Cr6Mo24Co16,232.47528,CoCrCuFeMnMo,True
Ni22W19Fe12Mo13Cu24Co17,232.4762,CoCuFeMoNiW,True
Cr19Mn10Cu8Ni25Co25,232.48831,CoCrCuMnNi,True
Cu21Fe16Co17W13Cr24,232.4898,CoCrCuFeW,True
Cr25Co18Ni16W10Fe10,232.49142,CoCrFeNiW,True
Co19Fe8W6Mo6Cu8,232.49323,CoCuFeMoW,True
Cr16Mo9Co11Fe13W11Cu6,232.5036,CoCrCuFeMoW,True
Co25Ni12Fe22Mo11W23Cu20,232.50671,CoCuFeMoNiW,True
Cr14Fe14Ni13W10Mn14Mo22,232.50674,CrFeMnMoNiW,True
Cr10Mn10Cu10Co16Fe11,232.50708,CoCrCuFeMn,True
Cu6Ni25Co14Mn18Cr14,232.50739,CoCrCuMnNi,True
Mo9Cr7Fe14W9Ni25,232.51367,CrFeMoNiW,True
Cr18Co17Fe8Cu20Ni19W20,232.52802,CoCrCuFeNiW,True
Fe9Co18W9Mo10Ni7Cr11,232.52823,CoCrFeMoNiW,True
Cr20Ni12Mo11Cu21Mn11W10,232.5333,CrCuMnMoNiW,True
Mo15Ni16Cr23W13Co17Cu20,232.5415,CoCrCuMoNiW,True
W15Fe14Ni7Co22Cr15Mo10,232.54736,CoCrFeMoNiW,True
Mo7Co21Cr18Fe5Ni5Cu22,232.55005,CoCrCuFeMoNi,True
Fe11Ni24Mo21Mn13Co16Cr13,232.55304,CoCrFeMnMoNi,True
Mn17W7Cr25Mo13Cu6Fe9,232.5733,CrCuFeMnMoW,True
Cr7Ni5Mo23Co7Cu9,232.58475,CoCrCuMoNi,True
Ni22W10Cr15Mo16Co13Cu13,232.58484,CoCrCuMoNiW,True
Ni15Mn5W8Mo9Fe19Co9,232.6052,CoFeMnMoNiW,True
Cu17Fe13Cr6W25Co25Mo16,232.60669,CoCrCuFeMoW,True
Cr12Co12W9Cu20Mo12,232.60907,CoCrCuMoW,True
Cr11Mn20Fe18Cu21Mo9W21,232.61435,CrCuFeMnMoW,True
Mn25Cr23Ni21Fe10Co18,232.6177,CoCrFeMnNi,True
Co22Cr12W7Cu21Mo25,232.62103,CoCrCuMoW,True
Mo16Fe22Co7W16Cu20Cr6,232.6322,CoCrCuFeMoW,True
Cu12Co11Ni13Mo18Cr19,232.64188,CoCrCuMoNi,True
W17Cr9Ni11Co17Fe14,232.65259,CoCrFeNiW,True
Mn17Cr11Mo11Co21Fe19W24,232.65335,CoCrFeMnMoW,True
Mn13Ni22Cr13Fe18Cu8,232.65485,CrCuFeMnNi,True
Ni6Fe18Mn20Cu25Cr17,232.65747,CrCuFeMnNi,True
W13Co8Fe16Cr11Cu24Mo17,232.66391,CoCrCuFeMoW,True
Cr11Fe22Co14Mn17Cu5,232.6673,CoCrCuFeMn,True
Cu13Ni6Mo7Fe22Cr15W16,232.67636,CrCuFeMoNiW,True
W11Mn9Ni22Cr24Mo21Co18,232.67963,CoCrMnMoNiW,True
Cr6Co12W12Cu16Mo6,232.68442,CoCrCuMoW,True
Mo10Cr20Cu10W8Mn8Co22,232.70142,CoCrCuMnMoW,True
Co19Mn12Fe6Ni19W9Cr8,232.71338,CoCrFeMnNiW,True
W5Ni21Mo13Mn22Cu14Cr5,232.715,CrCuMnMoNiW,True
Ni11Cu19W21Fe13Mo13Cr16,232.72418,CrCuFeMoNiW,True
Mn5Co21Ni7Cu20Cr25,232.72931,CoCrCuMnNi,True
Cu6Cr17W7Mo12Ni25Co21,232.73282,CoCrCuMoNiW,True
Cr5W9Mo6Fe14Ni7Mn25,232.73859,CrFeMnMoNiW,True
Ni5Cu21Co24W15Cr20Fe15,232.74109,CoCrCuFeNiW,True
W12Fe16Mo24Cr21Ni15Mn9,232.74466,CrFeMnMoNiW,True
Fe10Ni9Mn22Cr19Cu12,232.76291,CrCuFeMnNi,True
Mo9Cu18Fe14W13Cr5,232.76602,CrCuFeMoW,True
Fe18Co17Cr22Ni5Mn5,232.7727,CoCrFeMnNi,True
Co17Cr16W6Fe11Mo20,232.77444,CoCrFeMoW,True
Ni14Mn12Cr12Co18Fe11,232.79517,CoCrFeMnNi,True
Fe21Ni17Co24W23Cr25,232.80353,CoCrFeNiW,True
Fe9Cu14Mn23Mo13Cr19W13,232.8038,CrCuFeMnMoW,True
Mn19Cr8Fe15Co23W20Mo13,232.80652,CoCrFeMnMoW,True
Cr18Mo18Cu19Co21W16Ni14,232.8104,CoCrCuMoNiW,True
Mo7Ni10Mn18Cr20Cu20W12,232.81061,CrCuMnMoNiW,True
Co16Mn6Fe18Cu11Cr18,232.81882,CoCrCuFeMn,True
Mn11Cr21Co18Fe8Ni19,232.82297,CoCrFeMnNi,True
Mn18Co10Cu9Cr12Ni6,232.8248,CoCrCuMnNi,True
Mo5Cu12W15Ni25Fe12,232.8414,CuFeMoNiW,True
Cu12Fe22W13Co14Mo12,232.84326,CoCuFeMoW,True
Cr8Co10Fe8Ni7W10,232.84464,CoCrFeNiW,True
Fe9Mn9Cr21Co17Ni22W11,232.84467,CoCrFeMnNiW,True
Co24Cr19Ni10W20Fe23Mn22,232.84512,CoCrFeMnNiW,True
Cu7Co16Mo10Ni15W5,232.8458,CoCuMoNiW,True
Mo18W9Fe22Ni10Cu19,232.84698,CuFeMoNiW,True
Ni12Cu17Cr12Mn13Fe21,232.8641,CrCuFeMnNi,True
Cu12W7Co16Mo12Cr21Mn7,232.86761,CoCrCuMnMoW,True
W14Mo20Cr8Ni23Fe23,232.87155,CrFeMoNiW,True
Ni22Co23W7Cr10Mn18Mo22,232.87344,CoCrMnMoNiW,True
Cu12Mn16Cr11Co23Ni13,232.89667,CoCrCuMnNi,True
Cr16Mo19Ni25Fe5Mn16Cu11,232.9007,CrCuFeMnMoNi,True
W6Fe6Cr18Co12Ni23,232.9014,CoCrFeNiW,True
Co25Mn23Ni19Mo13Cr18W21,232.91763,CoCrMnMoNiW,True
Mo15Mn22Cr7Ni18W5Cu15,232.92978,CrCuMnMoNiW,True
W11Co23Mo20Fe9Ni20,232.932,CoFeMoNiW,True
Fe24W8Ni18Cu14Mo22,232.95682,CuFeMoNiW,True
Ni8Fe12Mn19W13Co19Cr24,232.96167,CoCrFeMnNiW,True
Cu22Mn21Mo11Co22Fe14Cr10,232.96674,CoCrCuFeMnMo,True
Mo6Fe18Ni23Mn9Cr7W19,232.97253,CrFeMnMoNiW,True
Ni19Mo10Fe15W25Co19,232.97598,CoFeMoNiW,True
Ni25Cr13Mo12W12Cu16,233.00171,CrCuMoNiW,True
Fe15Co24Ni21Cu11W6Mo16,233.0328,CoCuFeMoNiW,True
Fe22Cr7Cu7Mn6Mo10W6,233.0351,CrCuFeMnMoW,True
Co10Cu25Fe17Cr18W13Ni10,233.0463,CoCrCuFeNiW,True
Co12W13Fe20Ni10Mn21Cr5,233.04926,CoCrFeMnNiW,True
Cu17Mn25Ni5Cr20Fe16,233.05328,CrCuFeMnNi,True
Mo25Co18Mn21W5Fe6Cr13,233.05722,CoCrFeMnMoW,True
W14Cu15Cr14Mo8Co22,233.0622,CoCrCuMoW,True
W24Fe18Ni25Cr19Co18,233.0726,CoCrFeNiW,True
Cr8Co11Fe25Ni22Mo19Mn12,233.0856,CoCrFeMnMoNi,True
Cu13Cr14Mo18W10Co18Ni15,233.09097,CoCrCuMoNiW,True
Cu8W8Mo9Cr13Ni17Mn20,233.09192,CrCuMnMoNiW,True
Mo10Fe12Co22W16Cr21,233.1189,CoCrFeMoW,True
Cr11Fe12Co21Cu10Ni9W14,233.12839,CoCrCuFeNiW,True
Cr18Cu25Mn20Fe21Mo5Co24,233.1442,CoCrCuFeMnMo,True
Co23Fe23Ni21W22Mo23,233.14716,CoFeMoNiW,True
Cr15Mn13Ni24Cu8Fe18,233.1499,CrCuFeMnNi,True
Co12Cu9W11Fe7Ni13Mo10,233.16031,CoCuFeMoNiW,True
Fe23Mo20Cr14Mn11Ni21Co18,233.16165,CoCrFeMnMoNi,True
Cr24Mo14Fe23W13Co6Ni25,233.16898,CoCrFeMoNiW,True
Ni7Cu16Cr18Mo17Co10,233.18542,CoCrCuMoNi,True
Mo6Fe9W13Cu17Ni9,233.19046,CuFeMoNiW,True
Cr14Ni12Fe20Cu13Mo21W11,233.19455,CrCuFeMoNiW,True
Mo6Co14Ni22Cu21W21,233.20047,CoCuMoNiW,True
Cr19Mn25Fe8W11Co21Ni6,233.20148,CoCrFeMnNiW,True
Ni16W5Fe17Cr21Mo23,233.20227,CrFeMoNiW,True
Co23Mo15Cu11W13Fe16,233.20306,CoCuFeMoW,True
W19Cu14Mo12Ni16Fe15,233.20349,CuFeMoNiW,True
Mo20Mn5Cu13Cr5Fe15Ni9,233.20511,CrCuFeMnMoNi,True
W6Mn19Cu9Co14Cr8Mo11,233.21716,CoCrCuMnMoW,True
Ni8Mo21Cr22Fe12Cu5,233.21744,CrCuFeMoNi,True
W15Mo13Cr20Fe11Cu25,233.22906,CrCuFeMoW,True
Cr19Co22Cu16Mo6Mn12Fe19,233.26178,CoCrCuFeMnMo,True
Mn17Fe21Cr16Cu5Ni24,233.26749,CrCuFeMnNi,True
Cu25Mn12Co18Fe22Cr22,233.27176,CoCrCuFeMn,True
Fe22Mo9Cr18Mn13Cu20Co20,233.27292,CoCrCuFeMnMo,True
Co21Mn18Cu19Ni23Cr6Mo22,233.28506,CoCrCuMnMoNi,True
Mo9Fe13Cr5Cu22W12Mn13,233.28833,CrCuFeMnMoW,True
Co7Mo15Cu19Cr20Ni9,233.29575,CoCrCuMoNi,True
Mo17Cr7W13Ni24Co25,233.30344,CoCrMoNiW,True
Co9Ni24Cu5Cr10Mn15Fe8,233.3153,CoCrCuFeMnNi,True
Fe8Mn21Cr17Co22Cu11Ni6,233.3183,CoCrCuFeMnNi,True
Ni23Fe10Mn23Co23Mo6Cr14,233.33206,CoCrFeMnMoNi,True
W14Co7Cr19Mo11Mn15Fe13,233.35086,CoCrFeMnMoW,True
Cr10W21Co18Fe19Ni14,233.36423,CoCrFeNiW,True
Co17W8Cr11Cu23Mn19Mo18,233.37628,CoCrCuMnMoW,True
Cr21Cu13W9Mn19Mo8Co8,233.3938,CoCrCuMnMoW,True
Cr12W7Fe13Mo20Co14,233.40167,CoCrFeMoW,True
Cu19Fe12Co22W10Cr19,233.4184,CoCrCuFeW,True
Cr14Cu16Co24Mo12W17Fe5,233.4245,CoCrCuFeMoW,True
Cr23W11Co13Mo8Cu21,233.43246,CoCrCuMoW,True
Co15Fe5Ni14Mn17Cr22,233.43607,CoCrFeMnNi,True
Mo19Co21Ni19Cr14W9,233.4367,CoCrMoNiW,True
Co14Fe9Ni23Mo12W5Cu17,233.46051,CoCuFeMoNiW,True
Mn11Co17Ni21Cr16Fe13,233.46188,CoCrFeMnNi,True
Cu8Co12Mo21Cr21Ni18,233.47232,CoCrCuMoNi,True
W13Ni20Co10Cr25Fe19,233.47324,CoCrFeNiW,True
Cr24Fe5Ni12Mo16Cu5,233.49545,CrCuFeMoNi,True
Fe17W5Cu12Mo12Co9Ni11,233.5026,CoCuFeMoNiW,True
W8Ni16Fe25Mn18Co11Mo9,233.50342,CoFeMnMoNiW,True
Cu12Ni13Fe25Co25Mo11W10,233.51834,CoCuFeMoNiW,True
Cr25Ni12W6Cu24Fe25,233.52417,CrCuFeNiW,True
Co6Mo5Cr20Ni16W12Mn20,233.53702,CoCrMnMoNiW,True
Cr12Ni23Mo20W12Cu23,233.56155,CrCuMoNiW,True
W13Fe11Cu15Mo20Co18,233.56256,CoCuFeMoW,True
Ni23Cr17Mn18Fe15Co8W14,233.5629,CoCrFeMnNiW,True
W16Cu23Ni10Cr5Mo25Fe22,233.56317,CrCuFeMoNiW,True
Fe17Mo14Cu21Cr15Co12Mn9,233.5665,CoCrCuFeMnMo,True
Fe13Cr8W15Cu20Co16,233.57828,CoCrCuFeW,True
Fe7Co16W15Ni22Cr22Cu25,233.58157,CoCrCuFeNiW,True
Fe15Cu8Cr8Co25W18Ni22,233.5885,CoCrCuFeNiW,True
Ni13Mo18Mn15Cr14Cu24Fe17,233.60187,CrCuFeMnMoNi,True
Fe15Mo12Cu22W10Co8,233.61374,CoCuFeMoW,True
Cr19Cu7Fe6Mn15Ni6,233.62344,CrCuFeMnNi,True
Cr17Fe10Cu19Ni13Mn11,233.62491,CrCuFeMnNi,True
Ni19Co17W24Mo9Fe14Cu24,233.63766,CoCuFeMoNiW,True
W9Mo8Cu24Mn12Co16Fe25,233.63947,CoCuFeMnMoW,True
Cr16W8Mn23Fe20Mo10,233.64395,CrFeMnMoW,True
Fe13Cr22W16Co22Ni15,233.65332,CoCrFeNiW,True
Co14Cr9Ni12Cu19Fe20W23,233.66797,CoCrCuFeNiW,True
Cr25Ni23Mo10W9Cu15,233.67337,CrCuMoNiW,True
Ni6Co5Fe25Mn25Cr23,233.6796,CoCrFeMnNi,True
Cu16Cr18Co8Mo25Ni12,233.69159,CoCrCuMoNi,True
Cu6Ni14Cr19Co25Mn8,233.69174,CoCrCuMnNi,True
Ni18Co25W25Cr15Fe19,233.69385,CoCrFeNiW,True
Fe18Mn11Co15Cu17Cr13,233.69827,CoCrCuFeMn,True
Cr11Cu20Ni25W6Mo25,233.7056,CrCuMoNiW,True
Fe11Cr14Mn15Mo16Cu19Ni16,233.70831,CrCuFeMnMoNi,True
Cr18Fe8Ni25Mo7W7,233.71616,CrFeMoNiW,True
Ni8Cu7Co18Cr14Mo21,233.71643,CoCrCuMoNi,True
Mn8Cr8Co15Ni9Cu9,233.7167,CoCrCuMnNi,True
Mn19Ni14Fe11Cu20Cr15,233.72153,CrCuFeMnNi,True
Mo23Co23Cu7Ni21Cr9Mn8,233.72684,CoCrCuMnMoNi,True
Cu22Co5Ni14Cr15Mn9,233.73541,CoCrCuMnNi,True
Fe18W13Cr22Mo10Ni18Co8,233.73895,CoCrFeMoNiW,True
Co20Cr24Mo15Ni22W11,233.74667,CoCrMoNiW,True
Fe7Cu16Mn7Co14Cr25,233.77194,CoCrCuFeMn,True
W8Fe9Co21Cr11Mn8Mo21,233.77759,CoCrFeMnMoW,True
Mn19Ni15Cu12Mo7W11Cr12,233.7782,CrCuMnMoNiW,True
Co8Fe5Ni19Cr11Cu6Mn13,233.7818,CoCrCuFeMnNi,True
Mn23Co25Fe6Cr14Mo11W17,233.79224,CoCrFeMnMoW,True
Cr18Ni16Fe20W14Mn21Co7,233.80542,CoCrFeMnNiW,True
Co25Mo21W16Cu18Fe12,233.81638,CoCuFeMoW,True
Fe7Co6Cr9Mn7Ni15,233.8247,CoCrFeMnNi,True
Cu24Ni14W16Mo6Fe9,233.87192,CuFeMoNiW,True
W12Cr21Ni16Co13Fe11Mo11,233.87973,CoCrFeMoNiW,True
Ni23Cu13Mo6W6Co8Cr14,233.8804,CoCrCuMoNiW,True
W11Fe11Mo18Co13Cu15,233.88309,CoCuFeMoW,True
Ni24Fe18Mo17Mn11Cr12Co11,233.88681,CoCrFeMnMoNi,True
Cu14W20Co16Ni23Fe10Cr11,233.89026,CoCrCuFeNiW,True
Ni20Cr19Mn24W18Mo14Fe10,233.89417,CrFeMnMoNiW,True
Mo14W6Co8Cr17Cu25Mn15,233.90231,CoCrCuMnMoW,True
Fe17W5Cr22Co9Mo9,233.90381,CoCrFeMoW,True
Mn5Cr23Fe18Mo13Cu21Co13,233.91086,CoCrCuFeMnMo,True
Cr9Ni25Mo17Co21W12,233.91809,CoCrMoNiW,True
Fe19Cu15Mo21Ni16Co19W16,233.92102,CoCuFeMoNiW,True
Mn5Co17Ni25Cr11W15Fe18,233.93207,CoCrFeMnNiW,True
Ni22Co10Cr24Mo17Cu11,233.93448,CoCrCuMoNi,True
W21Co11Mn18Mo12Fe18Cr21,233.94556,CoCrFeMnMoW,True
Ni23Mn18Cr14Fe15Co15,233.94745,CoCrFeMnNi,True
W12Mo24Fe17Cr9Co15Mn23,233.95312,CoCrFeMnMoW,True
Cr8W19Ni14Fe18Co15,233.95523,CoCrFeNiW,True
Fe25Co10Cr14Ni11Cu10W12,233.95642,CoCrCuFeNiW,True
Ni21Mn10Co6Fe9Cr11,233.9672,CoCrFeMnNi,True
Co7Fe20Mn19Mo8Ni21W7,233.97086,CoFeMnMoNiW,True
Cu9Ni6Mn10Co14Cr7,233.97382,CoCrCuMnNi,True
Ni23Mn11Cr22Fe22W14Co8,233.98233,CoCrFeMnNiW,True
Cr8Mo18Fe16Ni25Co11W5,233.98651,CoCrFeMoNiW,True
Mo10Cr20W11Mn7Co9Ni20,234.0028,CoCrMnMoNiW,True
Ni21Co21Mn10Fe11Cr8W11,234.03064,CoCrFeMnNiW,True
Mn17Ni14Fe5W8Co22Cr7,234.04663,CoCrFeMnNiW,True
Co19W15Mo11Mn21Cr14Cu21,234.0539,CoCrCuMnMoW,True
Mn20Fe9Ni5Cr24Co12,234.06085,CoCrFeMnNi,True
Co18Cu20Ni18Mo19W13Cr20,234.06293,CoCrCuMoNiW,True
W13Cr22Ni23Fe12Co17Cu7,234.08438,CoCrCuFeNiW,True
W20Cr20Mo7Co22Ni22,234.08975,CoCrMoNiW,True
Mo11Cr24Ni20Fe21Co11W19,234.10477,CoCrFeMoNiW,True
Fe15Cr10W12Cu8Co18Mo19,234.11188,CoCrCuFeMoW,True
Ni9Co12Cu23Mo14Cr25,234.11728,CoCrCuMoNi,True
W18Mo10Cu20Cr24Co11Fe11,234.11957,CoCrCuFeMoW,True
Co18Cr17Fe16Ni8W12,234.12186,CoCrFeNiW,True
Mn5Co23Cr15W12Fe19Ni10,234.12418,CoCrFeMnNiW,True
Ni13Mn21Mo5W17Cr22Fe7,234.13535,CrFeMnMoNiW,True
Fe18W10Cu18Ni11Cr9,234.14285,CrCuFeNiW,True
Mo10Mn22Cr21W10Fe22,234.14417,CrFeMnMoW,True
Ni17Co13Cr20Fe24Mn8,234.14465,CoCrFeMnNi,True
Co19Fe15Mn13Cr21Cu25,234.14676,CoCrCuFeMn,True
W15Fe19Cr16Co25Ni9,234.16513,CoCrFeNiW,True
W13Fe25Cu18Ni25Cr17,234.17563,CrCuFeNiW,True
Mn20Cr18W8Cu23Mo10Co6,234.17819,CoCrCuMnMoW,True
Mn11Co19Cr24W13Ni9Fe18,234.20032,CoCrFeMnNiW,True
Fe15Cu13Mo20W12Ni24,234.21725,CuFeMoNiW,True
Ni15Fe22Co21Cr8W17Mn15,234.22397,CoCrFeMnNiW,True
W9Cu9Fe22Mn17Cr14Mo20,234.22794,CrCuFeMnMoW,True
Ni19W9Co22Fe14Mn6Mo13,234.2297,CoFeMnMoNiW,True
Mn6Co18Cu18Cr24Ni19,234.22998,CoCrCuMnNi,True
Cr17Mo12Cu17W9Mn7Ni23,234.2316,CrCuMnMoNiW,True
Cu23W11Mo11Fe7Cr22Ni11,234.23407,CrCuFeMoNiW,True
Cr17W19Mo13Fe18Co23,234.23831,CoCrFeMoW,True
Co6Ni20Cr21Fe12W5,234.25827,CoCrFeNiW,True
Ni14Mo8Fe24W16Co14,234.27191,CoFeMoNiW,True
Co23Cu22Mn10Ni18Cr21,234.3027,CoCrCuMnNi,True
Co23Cr20Fe9W13Ni16,234.31021,CoCrFeNiW,True
Co16W18Cr5Ni15Fe24,234.3165,CoCrFeNiW,True
W21Cr5Ni16Cu19Mo12Co15,234.3237,CoCrCuMoNiW,True
Ni7Cu18Co25Mn8Cr7Mo24,234.35822,CoCrCuMnMoNi,True
Cu15Mn10Mo17Ni21Fe18Cr18,234.36914,CrCuFeMnMoNi,True
Mo13W9Fe20Co11Cr15,234.40665,CoCrFeMoW,True
Ni15Fe18Cr12Mn18Co18,234.41333,CoCrFeMnNi,True
Fe19W10Mo23Cu13Co19Ni18,234.41516,CoCuFeMoNiW,True
Cr14Fe8Ni25W7Mn5Co14,234.41843,CoCrFeMnNiW,True
Cr21Mn11Fe22Co24Cu15,234.4353,CoCrCuFeMn,True
Fe5Cu13Cr16Co9Mn13,234.45114,CoCrCuFeMn,True
W22Cu22Cr23Co5Mo5Fe21,234.47449,CoCrCuFeMoW,True
Cr14Mo20Ni9Co9Cu11,234.4758,CoCrCuMoNi,True
Cr15Fe23Mo10Co19Ni19Mn15,234.47589,CoCrFeMnMoNi,True
Cu14W6Ni23Fe20Cr23,234.4768,CrCuFeNiW,True
Co23Cu19Cr19Fe24Mn13,234.47873,CoCrCuFeMn,True
Ni17Fe7Co23Mo10W8Cu21,234.48154,CoCuFeMoNiW,True
Ni12Cr11Cu23W7Mo8,234.48172,CrCuMoNiW,True
Fe9Mo17W11Cr19Mn18Ni16,234.49115,CrFeMnMoNiW,True
Ni13Mo20Fe19Co19W10,234.49146,CoFeMoNiW,True
Ni20Co11Fe9Mo6Cu24Cr9,234.5469,CoCrCuFeMoNi,True
W7Cu8Cr6Fe13Co9,234.54745,CoCrCuFeW,True
Cr6W8Fe24Ni14Mn11Co5,234.55426,CoCrFeMnNiW,True
W22Mn18Ni18Fe23Mo11Cr12,234.5729,CrFeMnMoNiW,True
Cu6Mo18Co5Cr19Fe12,234.58008,CoCrCuFeMo,True
Fe20Cu17Mn15Co13Mo5Cr9,234.58609,CoCrCuFeMnMo,True
Mo17Fe23Cu17Cr16W13,234.58636,CrCuFeMoW,True
Fe10Mo21W7Ni24Cu16,234.59729,CuFeMoNiW,True
Ni18Cu12W9Mn11Mo9Cr18,234.61792,CrCuMnMoNiW,True
Cr21Cu16Ni12Fe15W18Mo13,234.61899,CrCuFeMoNiW,True
Cr23Fe17Ni7Co9Mn25,234.64087,CoCrFeMnNi,True
Co16Mo14Ni11W8Cu12Cr12,234.64581,CoCrCuMoNiW,True
W6Cu14Ni10Cr13Fe10,234.6546,CrCuFeNiW,True
Cu25Mn22Ni20Co5Cr17,234.66702,CoCrCuMnNi,True
Cu5Ni8Mo21Fe8Cr22,234.67212,CrCuFeMoNi,True
Mn24Mo7W19Cr19Cu17Fe11,234.67899,CrCuFeMnMoW,True
Mo5W25Cu23Fe21Cr18,234.68713,CrCuFeMoW,True
Mn10Ni19Fe23Co20Cr22,234.69559,CoCrFeMnNi,True
Ni18Cu24Fe11Mn24Cr25,234.69635,CrCuFeMnNi,True
Ni18Mn22Fe12Co9Cu12,234.74625,CoCuFeMnNi,True
Cr10Co10Fe16W15Ni13Mo11,234.74829,CoCrFeMoNiW,True
Mn24Fe22Cr17Cu6Ni23,234.77008,CrCuFeMnNi,True
Cr22Fe10W20Ni17Co19Cu18,234.77219,CoCrCuFeNiW,True
Ni5Mn5Cu8Cr16Fe20,234.78418,CrCuFeMnNi,True
Mo19Cr9Co13Cu22W22Fe18,234.78882,CoCrCuFeMoW,True
Mo5Cr25Cu24Ni11Co7,234.80304,CoCrCuMoNi,True
Ni21Cr11Mo21Co20Fe7Mn20,234.82513,CoCrFeMnMoNi,True
Fe24Cr17Ni9Co11W6,234.84253,CoCrFeNiW,True
Ni25Mn22W21Fe13Mo15Cr22,234.8493,CrFeMnMoNiW,True
W12Fe25Mn6Cr12Co6Mo8,234.85944,CoCrFeMnMoW,True
Ni17Mo14W11Cu20Cr6,234.87286,CrCuMoNiW,True
Fe9W16Cr10Ni19Co17,234.87595,CoCrFeNiW,True
Mo6Cr11W18Cu19Co21,234.90295,CoCrCuMoW,True
Mo21Co17Fe5Cr19W6Mn21,234.906,CoCrFeMnMoW,True
W11Ni24Cr11Fe5Co23,234.91412,CoCrFeNiW,True
Cr24Ni21Co12Mo9Cu11,234.91959,CoCrCuMoNi,True
Mn14Cr15Ni15Co5Fe6,234.92609,CoCrFeMnNi,True
W5Fe7Co19Mo16Ni16,234.92645,CoFeMoNiW,True
Cr13Co7Mn16Fe11Ni5,234.9484,CoCrFeMnNi,True
W11Cu25Fe15Ni18Cr19,234.96024,CrCuFeNiW,True
Cu25W10Mo21Mn11Fe21Cr9,234.96838,CrCuFeMnMoW,True
Ni20Fe20Cr22Mo9Mn12Co20,234.97064,CoCrFeMnMoNi,True
W21Ni18Fe22Cr19Co17,234.97427,CoCrFeNiW,True
Cr13Ni10Cu20Fe25W5,234.98029,CrCuFeNiW,True
Cr12Fe8Mn16Cu12Ni11,234.99786,CrCuFeMnNi,True
Cu15Cr10W15Fe19Co19,235.00012,CoCrCuFeW,True
Mo13Co21Cu20Ni21Fe9W19,235.01627,CoCuFeMoNiW,True
Mo23Mn20Cr9W6Fe20Co6,235.02121,CoCrFeMnMoW,True
Ni24Mo5W12Co8Fe19,235.02197,CoFeMoNiW,True
Cr22Cu19W16Mo15Fe21,235.02502,CrCuFeMoW,True
Ni24Mo8Fe19Co10W11Cu25,235.02664,CoCuFeMoNiW,True
Fe21Mn16Mo21W15Cu19Cr18,235.0469,CrCuFeMnMoW,True
Fe12Ni15Cu23Cr11W9,235.05301,CrCuFeNiW,True
Fe21Ni19W14Cr11Cu18,235.05377,CrCuFeNiW,True
Co19Cu6Mn25Cr23Ni8,235.05942,CoCrCuMnNi,True
Cr11W17Fe15Co24Ni25Mn20,235.06161,CoCrFeMnNiW,True
Fe18Mn22Co13Mo6Ni6,235.10239,CoFeMnMoNi,True
Fe18Co17Cr21Ni13W19Mo11,235.10538,CoCrFeMoNiW,True
Mo22Cu19Ni23Co24W13Fe11,235.1199,CoCuFeMoNiW,True
Cr11Co5Fe15Mn15Cu17,235.12445,CoCrCuFeMn,True
Fe13Mn22Ni12Mo19W7Cr7,235.1297,CrFeMnMoNiW,True
Mo14Fe23Mn9Cu14Cr18W15,235.14111,CrCuFeMnMoW,True
Cr25Cu25Fe13W6Ni20,235.14731,CrCuFeNiW,True
Fe12Co14Cr24W20Mo7Cu15,235.16519,CoCrCuFeMoW,True
Fe16Co14Cr11Ni18Mn13W15,235.16583,CoCrFeMnNiW,True
W6Mo18Co17Fe9Ni23,235.16675,CoFeMoNiW,True
Mn9Cr20Fe23Ni13Cu18,235.18365,CrCuFeMnNi,True
Cr8Mo9Mn14W13Cu12Fe20,235.1854,CrCuFeMnMoW,True
Co19Fe22Mo11Cu7Cr7W17,235.18869,CoCrCuFeMoW,True
Co20Cu25W16Cr19Mo14,235.22034,CoCrCuMoW,True
W22Fe18Cr17Ni24Mo5,235.27133,CrFeMoNiW,True
Co23W10Cr25Fe7Ni21,235.2767,CoCrFeNiW,True
Mo21Ni8W5Mn21Cr12Fe14,235.27994,CrFeMnMoNiW,True
Mo9Fe12Ni6Mn23Co15,235.28882,CoFeMnMoNi,True
Fe13Ni22W19Mo16Co18,235.29138,CoFeMoNiW,True
W8Fe16Ni7Co12Mo7Cu15,235.31061,CoCuFeMoNiW,True
Fe23Cr8Co9Ni8Mn19Cu9,235.31824,CoCrCuFeMnNi,True
Cu23Ni25Mn21W12Cr18Mo17,235.32571,CrCuMnMoNiW,True
Cu10Mn21Fe13Cr16Co25,235.32959,CoCrCuFeMn,True
W5Ni10Mo11Fe12Cu24,235.3421,CuFeMoNiW,True
Cu22Ni10Fe24Cr12W6,235.35062,CrCuFeNiW,True
Fe20Mo14Cr24W8Ni13,235.3598,CrFeMoNiW,True
Mo19Fe23Ni22W10Cr5,235.36102,CrFeMoNiW,True
Co19Mn13Cr12Fe18Cu6,235.36398,CoCrCuFeMn,True
Co18W16Fe12Ni14Cu13Mo13,235.36511,CoCuFeMoNiW,True
Cu24Ni19W16Co16Mo19Cr10,235.38788,CoCrCuMoNiW,True
Fe19Ni20Co16Cr5W24Mo13,235.39145,CoCrFeMoNiW,True
Ni23W7Mo7Fe19Co7,235.42108,CoFeMoNiW,True
Mo7Cu11Fe25W12Co15,235.4212,CoCuFeMoW,True
Ni14Co12Mo12Cr25Cu19,235.43893,CoCrCuMoNi,True
Fe11Mo14Cr5Mn25W11Ni23,235.45065,CrFeMnMoNiW,True
Ni21Cr12Fe9Co21W17,235.45404,CoCrFeNiW,True
W5Mn9Cu15Mo9Ni9Cr9,235.46301,CrCuMnMoNiW,True
Cu17Mo13Co24Fe7W13,235.4635,CoCuFeMoW,True
Mn17Mo16Cr16Co14Fe8W10,235.47458,CoCrFeMnMoW,True
Ni25Mo12Cu10Cr6Mn17Co17,235.4874,CoCrCuMnMoNi,True
Mo12Cr5Fe18Mn17Co25Ni5,235.49347,CoCrFeMnMoNi,True
Ni10W7Mo10Co14Fe21,235.49796,CoFeMoNiW,True
Cr19Co19Ni12Mn5Cu10,235.51807,CoCrCuMnNi,True
Ni25Mo13Cr22Cu5Co6,235.51843,CoCrCuMoNi,True
W7Cr22Fe25Ni10Mo16Co18,235.52887,CoCrFeMoNiW,True
Ni7W9Mn21Mo6Cr19Cu25,235.5296,CrCuMnMoNiW,True
Cr10Cu6W6Mn14Co15Mo7,235.53424,CoCrCuMnMoW,True
Fe10Ni17W14Cr25Co14Cu14,235.53726,CoCrCuFeNiW,True
Ni17Co9W16Fe22Cr15Mo11,235.5375,CoCrFeMoNiW,True
Mn15Fe10Cr11Co18Ni8,235.56082,CoCrFeMnNi,True
Cr20Fe13Cu17W9Co14,235.56726,CoCrCuFeW,True
Cr20Ni10Co17W7Mo15Mn18,235.57153,CoCrMnMoNiW,True
Mo17Co20Ni9Fe21Mn9Cr12,235.57166,CoCrFeMnMoNi,True
Cu14Co21Mo11Fe17W21,235.57541,CoCuFeMoW,True
Fe10Mo17Cr22Ni18Co16Mn5,235.58588,CoCrFeMnMoNi,True
Mo22Ni19Fe14W14Co19,235.5878,CoFeMoNiW,True
Mo5Cr8Fe7Ni17Cu16Co15,235.5998,CoCrCuFeMoNi,True
Co13Fe17W18Mo16Cr8Ni22,235.60214,CoCrFeMoNiW,True
Cr6Mn11Cu11Mo25Fe11Ni20,235.60602,CrCuFeMnMoNi,True
Fe19Mn8Ni18Cr22W23Mo9,235.61789,CrFeMnMoNiW,True
Co19Mo12Cr18Ni15W19Cu17,235.61917,CoCrCuMoNiW,True
Cr6Co15Cu12Fe23Mo6Mn16,235.61987,CoCrCuFeMnMo,True
W10Cu18Mo21Cr13Fe21,235.629,CrCuFeMoW,True
Fe17Cr10Cu12Ni25W6,235.62985,CrCuFeNiW,True
Co17Mo10Ni15W20Fe17,235.63171,CoFeMoNiW,True
Cu25Ni25Cr23Mo21W14Co17,235.6691,CoCrCuMoNiW,True
Ni21W11Mo16Fe9Cu14,235.67325,CuFeMoNiW,True
Cr25Mn24Mo8Ni18W23Co25,235.67328,CoCrMnMoNiW,True
W11Ni14Fe23Mo22Co21Cr22,235.67365,CoCrFeMoNiW,True
Fe18W10Ni14Mo12Cr9,235.68463,CrFeMoNiW,True
Ni8Co16Cu20Cr10W17Fe15,235.68906,CoCrCuFeNiW,True
W14Mn19Mo15Fe25Co23Ni22,235.70862,CoFeMnMoNiW,True
Mn16Cr13Fe9Mo10Cu17Ni16,235.71848,CrCuFeMnMoNi,True
W7Fe19Co15Mo15Cu5Cr14,235.72403,CoCrCuFeMoW,True
Co22Cu7Mo16Ni12Cr25,235.73639,CoCrCuMoNi,True
Co5Cu14Ni13Cr19Mo9,235.75348,CoCrCuMoNi,True
Cr7Fe11Ni13W10Mn12Co22,235.75842,CoCrFeMnNiW,True
Mo25W17Cu25Fe20Co17,235.76367,CoCuFeMoW,True
Co14Cu7Ni8Mn10Cr7,235.7873,CoCrCuMnNi,True
Cu15Ni17Fe23W8Mo22Co25,235.82578,CoCuFeMoNiW,True
Ni21Mn9W11Fe19Mo22Cr12,235.84009,CrFeMnMoNiW,True
Cr6Mo24W19Co16Fe21Cu17,235.84161,CoCrCuFeMoW,True
Mn22W17Fe11Cu25Mo7Cr10,235.84476,CrCuFeMnMoW,True
Fe19Co17W21Mo16Cu19,235.84491,CoCuFeMoW,True
Mn7Fe11Co13Ni15Cr15,235.8472,CoCrFeMnNi,True
Fe23Mn10Cu20Ni11Cr19,235.85135,CrCuFeMnNi,True
Fe6Ni21Co12Mn12Cr24,235.8677,CoCrFeMnNi,True
Ni22Mo21Cr23Cu18W6Co21,235.87006,CoCrCuMoNiW,True
W8Ni11Mn14Mo19Cr20Fe12,235.8891,CrFeMnMoNiW,True
Cu18Mo18Fe9W7Mn12Cr22,235.91595,CrCuFeMnMoW,True
Mn15Cr22Mo5Ni25Cu17Fe24,235.9284,CrCuFeMnMoNi,True
Ni7Co9Mn13Fe5Cr15,235.93024,CoCrFeMnNi,True
Mo8Cr13Fe16Co25W13Ni7,235.93127,CoCrFeMoNiW,True
Fe14Cr21W14Ni16Co14,235.95105,CoCrFeNiW,True
Cr23W11Ni17Co11Fe15,235.96118,CoCrFeNiW,True
Mo11Fe19W12Co11Mn8Cr6,235.96765,CoCrFeMnMoW,True
Mn15Co25Fe9Ni20Mo25Cr20,235.97525,CoCrFeMnMoNi,True
Ni7Cr9Mn9Cu6Co18,235.98611,CoCrCuMnNi,True
Mo6Cr22Co17W15Cu21Mn7,235.99686,CoCrCuMnMoW,True
Cr11Mn10Ni10Fe24Cu8,236.01315,CrCuFeMnNi,True
Ni21Co19W16Cu16Fe7Cr20,236.0141,CoCrCuFeNiW,True
Mn19Fe23Mo16W7Cr24,236.01959,CrFeMnMoW,True
W17Mn25Cu19Fe12Mo10Cr12,236.03351,CrCuFeMnMoW,True
Cu12Fe16Co24Cr9W8,236.07654,CoCrCuFeW,True
W16Mo5Ni12Co11Cr17Fe13,236.09906,CoCrFeMoNiW,True
Cu24Cr22W13Fe20Mo15Co5,236.09927,CoCrCuFeMoW,True
Mn11Mo20Co15W17Cr15Fe25,236.10071,CoCrFeMnMoW,True
Co15Cu25Cr16Ni25Mn17,236.11835,CoCrCuMnNi,True
Fe10Mo23Cr16Mn15Ni20Cu17,236.13208,CrCuFeMnMoNi,True
Co20Cr7Ni23Mo10W14,236.13931,CoCrMoNiW,True
Co10Cr21Mo7W9Cu18Fe6,236.14624,CoCrCuFeMoW,True
Mo24Fe20Cu7Cr21Co6,236.15335,CoCrCuFeMo,True
Cr16Mn15Fe14Cu19Co21,236.16858,CoCrCuFeMn,True
Cr6Cu15Co9W8Fe18,236.17111,CoCrCuFeW,True
Mo9Ni12Co14W10Cu20Cr20,236.17706,CoCrCuMoNiW,True
Ni15Co25Cr25Mo10W8,236.18039,CoCrMoNiW,True
W18Mo24Fe20Ni18Cu23,236.19003,CuFeMoNiW,True
W9Fe18Ni17Cr11Mo21,236.1948,CrFeMoNiW,True
W6Mo10Cu15Cr24Co9Fe12,236.19934,CoCrCuFeMoW,True
Mn18Cr20Cu23Fe10Ni8,236.20502,CrCuFeMnNi,True
Mn14Cr11Fe22Co6Ni16,236.206,CoCrFeMnNi,True
W16Mo7Ni25Fe20Mn14Co17,236.21243,CoFeMnMoNiW,True
Mo9Co17Cr20W15Ni25,236.23239,CoCrMoNiW,True
Mo17Cr6W15Cu23Fe21Co9,236.23697,CoCrCuFeMoW,True
Cr22Cu11Co11Ni16Mo20,236.25867,CoCrCuMoNi,True
Cr18W25Mo7Mn21Fe21Cu21,236.2666,CrCuFeMnMoW,True
Ni21W8Mo6Mn11Cr5Cu18,236.29007,CrCuMnMoNiW,True
Co5Cr23Cu21Mn24Fe13,236.29337,CoCrCuFeMn,True
Ni13Mn6Cu24Fe5Cr17Co8,236.30045,CoCrCuFeMnNi,True
Ni19Cu11Co18W7Mo18Fe21,236.3158,CoCuFeMoNiW,True
Cr19W16Ni20Cu25Mo12,236.3172,CrCuMoNiW,True
W22Ni20Cu24Mo17Fe14,236.31866,CuFeMoNiW,True
Ni14Co25Cu16Cr12Mn14Mo9,236.3233,CoCrCuMnMoNi,True
Co22Ni22W16Mo25Fe16,236.32394,CoFeMoNiW,True
Fe8Co14Cu14Cr5W10,236.32715,CoCrCuFeW,True
Co10Cr14Fe21W12Ni8Mn24,236.32751,CoCrFeMnNiW,True
W9Cu17Mo12Co17Cr19,236.33362,CoCrCuMoW,True
Mo24Mn6W14Cr15Co20Fe23,236.34479,CoCrFeMnMoW,True
Mn6Cr20Fe22Co10Cu14,236.34915,CoCrCuFeMn,True
W14Fe11Co14Ni25Cr15,236.35422,CoCrFeNiW,True
Cr24Cu17Ni9Mn6Fe10,236.36761,CrCuFeMnNi,True
Ni13Mo9Fe8Mn13Cr10Co15,236.37067,CoCrFeMnMoNi,True
Cr22Co17W10Mo25Fe24,236.37106,CoCrFeMoW,True
Cu18W5Ni22Mo21Cr8,236.3782,CrCuMoNiW,True
W9Ni25Mo19Fe21Cr5,236.39075,CrFeMoNiW,True
W13Cr11Cu16Ni22Mo8,236.39777,CrCuMoNiW,True
W14Co16Cu19Cr18Fe23,236.39929,CoCrCuFeW,True
Mn16Cr22Co17W9Fe8Ni12,236.40494,CoCrFeMnNiW,True
Co16Cr12Ni23W15Mo5,236.40817,CoCrMoNiW,True
Mo19Fe19Cr10Ni10W10Mn21,236.41321,CrFeMnMoNiW,True
Cr11Mo19Fe15Ni12Mn15Cu21,236.42487,CrCuFeMnMoNi,True
Mo13Cu20W10Ni15Fe6,236.44604,CuFeMoNiW,True
W5Cr5Co18Fe24Mo24,236.4497,CoCrFeMoW,True
Cu12Ni19Co12Cr25Mo16,236.45496,CoCrCuMoNi,True
Mn8Co20Cr11Fe9Mo22Ni14,236.4556,CoCrFeMnMoNi,True
W8Cr13Mo22Fe24Cu11Mn18,236.4559,CrCuFeMnMoW,True
Cr17Mn8Co17Fe7Ni10,236.4714,CoCrFeMnNi,True
Cr15Co14Fe18W13Cu10Mo16,236.47723,CoCrCuFeMoW,True
Cr21W5Mo13Cu12Co17Ni24,236.47961,CoCrCuMoNiW,True
Co21Ni20Cu9Cr22W18Fe17,236.49155,CoCrCuFeNiW,True
Cr7Cu17W13Fe12Co15,236.49283,CoCrCuFeW,True
Cr16Fe19Mn20Cu24Ni12,236.50317,CrCuFeMnNi,True
Ni20W6Cr7Mn13Fe7Co9,236.51117,CoCrFeMnNiW,True
Fe18Ni25Cu19W8Cr24,236.51123,CrCuFeNiW,True
Mo22W6Cr19Ni22Co12Fe18,236.53757,CoCrFeMoNiW,True
Fe23Cu21Mo13Cr18Ni5W16,236.5379,CrCuFeMoNiW,True
Fe14Cu25Co19Mo14W23,236.53882,CoCuFeMoW,True
Co9Ni8Cr24Mo21Cu23,236.54575,CoCrCuMoNi,True
Cr22Ni25Fe9W10Mo21Mn19,236.55219,CrFeMnMoNiW,True
W11Mn5Ni12Fe20Mo18Cr20,236.55423,CrFeMnMoNiW,True
Cr13Co9Mo8W8Mn11Cu16,236.55899,CoCrCuMnMoW,True
Fe10Mo8W12Cu9Co16,236.56448,CoCuFeMoW,True
Fe16Mn10Cr19Ni19Mo23Cu17,236.57242,CrCuFeMnMoNi,True
Cr6Fe9Mo6W6Cu18,236.57309,CrCuFeMoW,True
Cu23Fe11Mo7Ni15W20,236.586,CuFeMoNiW,True
Cu17Mo19Co22Cr22Ni25W14,236.60092,CoCrCuMoNiW,True
Mo6Co11Fe17Cr15Mn16Cu25,236.60889,CoCrCuFeMnMo,True
Cr11Mo13W11Cu19Ni17,236.61972,CrCuMoNiW,True
Mn19Cr6W5Mo16Fe8Cu25,236.63022,CrCuFeMnMoW,True
Co18Mo7Cr6Ni16Fe12Mn19,236.63828,CoCrFeMnMoNi,True
Fe11Mn8Co7Cr12Ni16Mo7,236.6387,CoCrFeMnMoNi,True
Mo14W11Ni25Cu19Cr25,236.66663,CrCuMoNiW,True
Fe19Cu22Mo19Co15W18,236.67947,CoCuFeMoW,True
Cr13Ni19Cu20Mo7W17,236.68607,CrCuMoNiW,True
Mn17Cr13Ni23Co14Cu7,236.68665,CoCrCuMnNi,True
Mo5Cr24Ni9Fe22Cu6,236.68674,CrCuFeMoNi,True
W11Co13Cr7Ni17Mo5,236.70053,CoCrMoNiW,True
Co24Mo23Cu25W14Ni19,236.7063,CoCuMoNiW,True
Co7Ni18Cr14Mn9Fe11W8,236.72934,CoCrFeMnNiW,True
Cr16Ni7Mn9W7Mo5Co8,236.73523,CoCrMnMoNiW,True
Cr18Mn7Mo10Cu6Fe22Co20,236.74567,CoCrCuFeMnMo,True
W15Mo17Cr20Fe20Mn24Cu13,236.75073,CrCuFeMnMoW,True
Cr21Mn12Co21Fe18Mo22W17,236.75232,CoCrFeMnMoW,True
W11Co19Cr20Mn6Ni10Fe22,236.75562,CoCrFeMnNiW,True
Cu7Co19Fe7Ni20Mn15,236.75919,CoCuFeMnNi,True
Fe8Cr15W14Co20Mn14Mo11,236.76852,CoCrFeMnMoW,True
Co12Cr9Cu15Mo23W11Fe19,236.77551,CoCrCuFeMoW,True
Mn9Co20Cu14Cr23Mo6Fe11,236.77881,CoCrCuFeMnMo,True
Fe12Co5Cu25Mn14Cr19,236.78128,CoCrCuFeMn,True
Ni20Cu23Co17Mn13Cr16,236.81403,CoCrCuMnNi,True
Fe7Cu19Co22W8Mo6Ni25,236.84631,CoCuFeMoNiW,True
Fe8Cu22Ni24Co18Mn20,236.8533,CoCuFeMnNi,True
Mn14Co8Cr8Cu6Ni12,236.857,CoCrCuMnNi,True
Co17Cr9Fe20W17Mo5,236.86206,CoCrFeMoW,True
Cr10Ni23Cu25Mo17W15,236.8685,CrCuMoNiW,True
Fe21Mn19Cr19Co20Mo22W20,236.87296,CoCrFeMnMoW,True
Mn25Mo8W18Fe7Cr20Co18,236.88058,CoCrFeMnMoW,True
W11Cu14Ni16Mn24Cr13Mo7,236.88953,CrCuMnMoNiW,True
Fe21Mn17Mo11Co13Cr16W21,236.88992,CoCrFeMnMoW,True
W15Cr21Ni19Mo7Co20,236.90704,CoCrMoNiW,True
Fe11Mn19Ni5Mo8Cu8,236.90854,CuFeMnMoNi,True
Cu17Ni11W9Fe20Mo25Cr5,236.9086,CrCuFeMoNiW,True
Cr7W10Mo6Cu8Mn12Fe15,236.91345,CrCuFeMnMoW,True
Fe17W19Cu19Cr19Mn12Mo9,236.92444,CrCuFeMnMoW,True
Mo15Fe21Mn7Cr19W22Co24,236.93716,CoCrFeMnMoW,True
W5Mo11Cu14Ni15Cr17,236.94641,CrCuMoNiW,True
W15Fe23Cu17Mo13Cr23,236.94656,CrCuFeMoW,True
W15Fe25Mo25Cr16Ni25,236.95178,CrFeMoNiW,True
Mn20Fe23W20Mo12Cr8Ni23,236.95929,CrFeMnMoNiW,True
Mo5Cu24Fe11Ni14Co25W9,236.96039,CoCuFeMoNiW,True
Fe22Mn7Ni11Cu22Mo24Cr20,236.96841,CrCuFeMnMoNi,True
Cu16Co18Cr6Ni18Mn17Fe10,236.97296,CoCrCuFeMnNi,True
Fe20Cr18Mo23Ni22W12,236.97491,CrFeMoNiW,True
Cu18Fe17Cr8Mo6W16,236.97784,CrCuFeMoW,True
Cu19Cr25Fe11Ni23Mn15,237.00299,CrCuFeMnNi,True
Cu5Cr8Co22Mn12Mo9Fe5,237.00809,CoCrCuFeMnMo,True
Ni22W5Cu10Cr12Fe18,237.03644,CrCuFeNiW,True
Cr17W13Fe20Mo24Co15Mn14,237.03998,CoCrFeMnMoW,True
Fe21Mo16Cu14Ni16W13,237.05362,CuFeMoNiW,True
Ni14W5Cr9Fe23Mo18,237.0563,CrFeMoNiW,True
Co15Cr14W15Ni17Fe15Mo18,237.06494,CoCrFeMoNiW,True
Mo12Ni19W15Fe6Cu22,237.06598,CuFeMoNiW,True
Ni19Mn10Mo10Cr11Co11W9,237.08908,CoCrMnMoNiW,True
Mn20Cr6Ni9Mo6Fe10W9,237.09964,CrFeMnMoNiW,True
W17Mo16Cu19Fe24Ni15,237.10034,CuFeMoNiW,True
Cr22Cu20Co14Mn10Fe9,237.1095,CoCrCuFeMn,True
Co8Cr22W12Fe25Mo9Cu13,237.11108,CoCrCuFeMoW,True
Co15W9Ni17Mo10Cr6,237.11621,CoCrMoNiW,True
Cu18Fe18Co6Cr25Mn5,237.12155,CoCrCuFeMn,True
W5Mo20Cu21Cr16Ni20,237.12543,CrCuMoNiW,True
Co22Fe18Ni20Mo13W25,237.13138,CoFeMoNiW,True
W20Co23Ni17Mo16Fe18,237.13153,CoFeMoNiW,True
Fe25Cu14Co18Cr14Mn14,237.14099,CoCrCuFeMn,True
Co18Mn6Cr11Cu11Fe15Mo22,237.14243,CoCrCuFeMnMo,True
Co19Fe11Cu16Mn11Cr18,237.15204,CoCrCuFeMn,True
Cu21Co14Fe14W12Mo20,237.15591,CoCuFeMoW,True
Mo10Fe20Co22Cu6W18Cr11,237.15607,CoCrCuFeMoW,True
Cu25Cr20Co23Mo22W8Mn19,237.15665,CoCrCuMnMoW,True
Cu10W5Mo6Cr5Ni16,237.16345,CrCuMoNiW,True
Ni15Fe16W12Co22Mo21,237.16391,CoFeMoNiW,True
Co16Cr20W5Mo11Cu14,237.1824,CoCrCuMoW,True
Ni20Cu15Co6Mo23Cr6Fe6,237.20563,CoCrCuFeMoNi,True
Mo16Fe24W19Cr23Cu23,237.21027,CrCuFeMoW,True
Ni9Cu25Co20Cr14Mn19,237.21204,CoCrCuMnNi,True
Fe21Cu18W12Ni18Mo25,237.2247,CuFeMoNiW,True
Fe18Cr24W6Cu19Mo22,237.23416,CrCuFeMoW,True
Co17Fe13Cr14W8Ni10Mo16,237.24918,CoCrFeMoNiW,True
Mo18Cu25W22Ni24Co20,237.25363,CoCuMoNiW,True
W6Mo7Cr20Fe7Co23,237.25848,CoCrFeMoW,True
Cr6Ni21Mo24Fe21W8,237.27725,CrFeMoNiW,True
Cu12Co25Mo7Cr22W9Mn6,237.28775,CoCrCuMnMoW,True
W12Cu18Fe18Cr21Co21,237.29218,CoCrCuFeW,True
Cr20Co6Cu14Mn12Fe5,237.30246,CoCrCuFeMn,True
Co8Cu5Cr14Fe25Mn17,237.31332,CoCrCuFeMn,True
Mo11Co5Cu14Cr8W7Fe19,237.3164,CoCrCuFeMoW,True
W5Mn23Mo6Co21Cr21,237.32394,CoCrMnMoW,True
Fe25W5Ni15Cr15Mo24,237.33969,CrFeMoNiW,True
Cr23Mo7W8Co24Fe8,237.34561,CoCrFeMoW,True
Co25Cr6Cu7Ni22Fe18Mo5,237.35187,CoCrCuFeMoNi,True
Cr12Fe21Co16Cu13Mn18,237.37427,CoCrCuFeMn,True
W13Cr15Fe11Ni14Co25,237.3794,CoCrFeNiW,True
Co5W6Ni23Fe20Cr11,237.41061,CoCrFeNiW,True
Co6Mo5Mn23Ni15Fe17,237.41125,CoFeMnMoNi,True
Cu13W14Fe13Co11Mo10,237.41882,CoCuFeMoW,True
Co24Cu20Mo11Cr19W16,237.42218,CoCrCuMoW,True
Mo20Ni16Fe19W12Cu15Co19,237.42496,CoCuFeMoNiW,True
Fe6Co23Ni21Cr11Cu6Mo20,237.43604,CoCrCuFeMoNi,True
Cr12Cu14Mo13W20Ni19Co23,237.46832,CoCrCuMoNiW,True
Fe24Ni22Cr20Cu8W9Mo21,237.48257,CrCuFeMoNiW,True
Fe23W17Co25Mn22Cr10Ni15,237.48413,CoCrFeMnNiW,True
Fe18Cr6Ni21Mn22Co19Mo14,237.50537,CoCrFeMnMoNi,True
Cu14Fe25Mo8Cr25W25Ni17,237.50803,CrCuFeMoNiW,True
Ni22W9Cr10Mo19Fe15Mn11,237.50821,CrFeMnMoNiW,True
Mo5Mn20W13Ni15Co14Cr8,237.52545,CoCrMnMoNiW,True
W11Mn13Cu23Mo10Fe6Cr24,237.5264,CrCuFeMnMoW,True
Mn22Cu19Cr20Ni16Fe11,237.5427,CrCuFeMnNi,True
W17Cr25Fe17Cu10Mo11Ni21,237.54279,CrCuFeMoNiW,True
Mo10W23Fe21Ni15Cu25,237.56174,CuFeMoNiW,True
Co17Fe24Ni14Cr24Cu9W13,237.56635,CoCrCuFeNiW,True
Fe6Mn14Cu9Cr12Ni21Mo20,237.57556,CrCuFeMnMoNi,True
W17Cu20Mo14Cr25Fe23,237.58347,CrCuFeMoW,True
W12Cr5Fe22Ni25Mo11,237.58722,CrFeMoNiW,True
Mo5Co13Fe20Cr6W12Ni8,237.60266,CoCrFeMoNiW,True
Ni12Mo14W14Co24Fe24,237.60388,CoFeMoNiW,True
Mo14Cu16W25Ni23Cr10Co25,237.60718,CoCrCuMoNiW,True
Fe25Cr13Cu11W8Mo5,237.60736,CrCuFeMoW,True
Cr19Mn13Mo22Fe5Cu17Ni17,237.6193,CrCuFeMnMoNi,True
Co22Cu20Ni15Cr6Mo18W17,237.6272,CoCrCuMoNiW,True
Ni11W8Co24Cr19Mo22Fe23,237.64252,CoCrFeMoNiW,True
Cr5Mn6Ni9Mo16Cu8Fe21,237.65186,CrCuFeMnMoNi,True
W9Ni7Co8Cr6Fe12,237.65573,CoCrFeNiW,True
Cr17W12Fe14Mo14Cu19,237.6564,CrCuFeMoW,True
Ni13Co19W11Cu13Fe16Mo15,237.66345,CoCuFeMoNiW,True
Fe9Mo7Mn20W15Co24Cr6,237.66449,CoCrFeMnMoW,True
Cu16Mo16Fe7Ni16Mn6Cr24,237.70154,CrCuFeMnMoNi,True
Cu16Co21Cr24Mo9Ni23W21,237.70242,CoCrCuMoNiW,True
Cr17W20Fe20Cu25Mo14,237.7132,CrCuFeMoW,True
Ni16Mo8Cu8Fe21W9,237.73547,CuFeMoNiW,True
Ni15Mn22Cr13Fe17Cu12,237.75204,CrCuFeMnNi,True
Fe7Mo6Mn22Ni10Cu9,237.75452,CuFeMnMoNi,True
Mn10Co11Mo21Cr23Fe24W14,237.76462,CoCrFeMnMoW,True
Co13Cr9Fe22W10Mn6Ni24,237.76956,CoCrFeMnNiW,True
Fe24Mo22Co19W14Cr13Mn10,237.78268,CoCrFeMnMoW,True
Cr7W15Ni18Co15Fe22Cu8,237.78296,CoCrCuFeNiW,True
Fe24W21Ni19Co16Cr15,237.7959,CoCrFeNiW,True
Co5Cr18Fe21Mn9Cu20,237.79745,CoCrCuFeMn,True
Cr21Cu24Ni13Fe15W5,237.81094,CrCuFeNiW,True
W11Fe25Co8Ni21Cr12,237.81702,CoCrFeNiW,True
Ni9Cu25Fe14Co8Mn5,237.84259,CoCuFeMnNi,True
Co23Cr14Cu21Mo11Fe5W20,237.87152,CoCrCuFeMoW,True
Cu11Co23Mo23Cr25Ni9,237.8746,CoCrCuMoNi,True
Ni12W11Co25Fe23Cr20Mn7,237.87909,CoCrFeMnNiW,True
Ni18Mo11Cr20W22Co24Cu17,237.88864,CoCrCuMoNiW,True
Cu22Cr17Co16W18Mo9Ni14,237.91006,CoCrCuMoNiW,True
Co21Cr19W17Mo17Fe10Cu17,237.91385,CoCrCuFeMoW,True
Mn14Fe18Cr17Mo19Co22Cu18,237.91858,CoCrCuFeMnMo,True
Cr5Co15Fe7Mo10Cu19Ni7,237.92892,CoCrCuFeMoNi,True
Fe13Co10Mn22Cr5Mo11W8,237.94101,CoCrFeMnMoW,True
Cu20Cr21Co20Mn11Ni25,237.94675,CoCrCuMnNi,True
Co18W15Ni15Cr16Fe12,237.95468,CoCrFeNiW,True
Fe23Co12Ni18W11Mo17Cr18,237.96579,CoCrFeMoNiW,True
Ni25Mo10Co8Mn15W9Cr16,237.97134,CoCrMnMoNiW,True
Fe7Mn13Cr19Ni21Cu6,237.99167,CrCuFeMnNi,True
Mo25Cu24Fe24W6Cr17Co9,238.0199,CoCrCuFeMoW,True
Fe12Cr17Co11Mn19Cu23,238.03345,CoCrCuFeMn,True
Cu11Fe9W14Mo5Ni11,238.04831,CuFeMoNiW,True
Co7Ni11W5Mn9Fe24Cr24,238.04861,CoCrFeMnNiW,True
Co12Fe14Ni16W12Cr21,238.05411,CoCrFeNiW,True
Fe11Cr10Ni14W9Mo13Mn11,238.05853,CrFeMnMoNiW,True
Mo12Cu12W11Fe8Co11Cr10,238.0719,CoCrCuFeMoW,True
Ni19Fe11Co6Cu21Mn6,238.09415,CoCuFeMnNi,True
Fe9Cr18Cu15Mn19Co12,238.10687,CoCrCuFeMn,True
Fe21Cu9Mn14Ni10Cr10,238.11307,CrCuFeMnNi,True
Cr7Fe13W12Mo8Cu16,238.12491,CrCuFeMoW,True
Fe22W10Co13Mo7Ni18Mn23,238.14456,CoFeMnMoNiW,True
Cr18Ni11Co22Mn11Fe18,238.15317,CoCrFeMnNi,True
Co11Mo13W11Cr21Fe16Cu14,238.15854,CoCrCuFeMoW,True
Ni16Mn18Cr14Mo12Cu17W8,238.17691,CrCuMnMoNiW,True
Cr18Mo12Mn23W7Fe23,238.1777,CrFeMnMoW,True
Cr10Co17W15Fe13Mo11Mn14,238.20572,CoCrFeMnMoW,True
W7Cu18Fe16Cr12Co9,238.20901,CoCrCuFeW,True
Mo10Mn9Ni7W8Fe10Cr16,238.20905,CrFeMnMoNiW,True
Cr15W10Cu12Fe10Mo6,238.21683,CrCuFeMoW,True
Mo12Ni21Co25Mn19Cr10W14,238.228,CoCrMnMoNiW,True
Cu7Cr14Ni17Co22Mn12,238.23593,CoCrCuMnNi,True
Ni18Fe16W21Cr12Co22,238.24094,CoCrFeNiW,True
Cu25Mo9Co16Cr18W15Mn17,238.24707,CoCrCuMnMoW,True
W6Mo5Co8Ni22Fe14,238.2522,CoFeMoNiW,True
Co18Mo8Ni12Fe25Mn24W5,238.26968,CoFeMnMoNiW,True
Mo12Co19Cu21Mn15Cr8W7,238.27612,CoCrCuMnMoW,True
Ni22Cr12Fe25W20Mo20Cu13,238.28421,CrCuFeMoNiW,True
Fe16W9Ni20Cr18Mo19,238.28824,CrFeMoNiW,True
Ni6Co18Cu6Fe17Mn19,238.29486,CoCuFeMnNi,True
Cu12Cr7Fe10Mo9W8,238.29565,CrCuFeMoW,True
Cu24Fe15W8Ni14Mo21,238.29874,CuFeMoNiW,True
W7Co20Fe19Cr17Cu10Mo23,238.29904,CoCrCuFeMoW,True
Cu17Mn24Mo5Co25W18Cr25,238.30423,CoCrCuMnMoW,True
Cu23W10Co16Fe13Mo22Cr7,238.30478,CoCrCuFeMoW,True
Cu9Mn23W5Mo8Ni16Cr23,238.30829,CrCuMnMoNiW,True
Mo8Cr8Co10Cu22Mn18Fe23,238.32288,CoCrCuFeMnMo,True
Mo14Ni12W6Fe13Cr13,238.34021,CrFeMoNiW,True
Fe12Cu15W10Mo10Cr19,238.34106,CrCuFeMoW,True
W22Fe24Mo6Co19Ni11Cr19,238.36377,CoCrFeMoNiW,True
Mn6Co7W5Fe14Cr9Ni20,238.37415,CoCrFeMnNiW,True
Co20W22Mo8Ni21Cu19,238.37848,CoCuMoNiW,True
Fe13Mo8Cr6Co17Cu10W19,238.39276,CoCrCuFeMoW,True
Fe18Ni22Mo22W13Co14Cr14,238.39548,CoCrFeMoNiW,True
Cr8Mn16Co15Mo17Fe14W10,238.42813,CoCrFeMnMoW,True
Co16Cu7Mn19Ni23Cr14,238.43115,CoCrCuMnNi,True
W8Cu9Cr17Ni17Fe19Mo18,238.43878,CrCuFeMoNiW,True
Co21Fe20Cr24Cu11Mo14Mn5,238.46405,CoCrCuFeMnMo,True
Mn7Ni15W11Co13Cr25Fe18,238.46878,CoCrFeMnNiW,True
Mo14W22Mn25Cr24Cu24Fe19,238.47214,CrCuFeMnMoW,True
Fe25Cu11Cr17Mn9Ni13,238.47516,CrCuFeMnNi,True
Fe20Cr25Ni19W7Mo21,238.47678,CrFeMoNiW,True
W6Mn25Cr9Co20Ni21Mo18,238.48688,CoCrMnMoNiW,True
Fe7Co12Cr14Mo6W7,238.49042,CoCrFeMoW,True
Cr23Co16Cu22W11Fe23,238.49194,CoCrCuFeW,True
Mn25Fe7Mo15Ni23Co20Cr7,238.49246,CoCrFeMnMoNi,True
Mo5Fe14Ni18Cu16W22,238.50043,CuFeMoNiW,True
Mo12Co18Ni17W9Cr16,238.5051,CoCrMoNiW,True
Fe13Cr14W10Mo14Co25,238.52377,CoCrFeMoW,True
Ni14Cu20Cr12Mn17Fe14Mo19,238.556,CrCuFeMnMoNi,True
Cr14Ni7W10Mn16Mo16Fe24,238.58115,CrFeMnMoNiW,True
Fe24Co13Mo20Cr13W5,238.59085,CoCrFeMoW,True
Cu24Fe21Mn15Cr25Co25,238.5957,CoCrCuFeMn,True
Cu23Co16Mo25Cr8Ni20Fe6,238.60101,CoCrCuFeMoNi,True
Co10Fe24W8Cu10Cr18Ni10,238.60239,CoCrCuFeNiW,True
Mn16Fe10Cu17Ni7Cr13,238.60321,CrCuFeMnNi,True
Co6Mo24Cu18Ni11Cr23,238.61203,CoCrCuMoNi,True
Cr7W6Fe22Mn8Co10Ni11,238.62787,CoCrFeMnNiW,True
Cr5Fe19Ni22W15Co8Cu17,238.63101,CoCrCuFeNiW,True
Mo24Cr17Co10W9Fe19Mn22,238.66644,CoCrFeMnMoW,True
Co19Cr24Fe17W19Ni24,238.66904,CoCrFeNiW,True
Mn14Ni9Cr18Fe24Co24,238.68149,CoCrFeMnNi,True
Cr15Cu14W5Ni9Mo11Fe8,238.68854,CrCuFeMoNiW,True
Cu8Co24Fe16Cr18Mn23,238.6919,CoCrCuFeMn,True
Cu21Co20Mo11Cr12W15,238.70612,CoCrCuMoW,True
Cu17Fe20W10Ni7Co9Cr12,238.7084,CoCrCuFeNiW,True
W6Fe21Cr9Mo18Co5Mn20,238.72772,CoCrFeMnMoW,True
Co21Mo7Ni17W19Cr24Fe11,238.73618,CoCrFeMoNiW,True
Mo19W8Cu19Cr23Fe17,238.74307,CrCuFeMoW,True
Co19W24Fe23Cr14Ni22,238.75742,CoCrFeNiW,True
Fe20Mo23Ni21Co21W17,238.76614,CoFeMoNiW,True
Cr16Mn25Mo14Ni21Co22W16,238.78113,CoCrMnMoNiW,True
Co11Cr24Mo12Fe25W7,238.78363,CoCrFeMoW,True
Cr16Cu13Co21W8Fe22,238.78699,CoCrCuFeW,True
W19Cr15Cu10Ni24Mo18Fe23,238.79178,CrCuFeMoNiW,True
Cr16Ni22Fe18Co16Mn25,238.79431,CoCrFeMnNi,True
W5Ni18Mo17Mn16Fe7Cr15,238.79709,CrFeMnMoNiW,True
W9Fe13Mn16Ni17Cr16Co6,238.8168,CoCrFeMnNiW,True
Mn19Ni13Fe12Cr12Cu12,238.8211,CrCuFeMnNi,True
Co24Mo9W8Cr22Cu24Ni9,238.83176,CoCrCuMoNiW,True
Co22Ni12Mn16Cr14Cu6,238.84186,CoCrCuMnNi,True
Mo9W9Ni22Mn16Co14Cr6,238.86456,CoCrMnMoNiW,True
Mn17Ni21Cr20Co7Fe25W11,238.8765,CoCrFeMnNiW,True
Cu14Ni7Mn21Fe25Cr14,238.88046,CrCuFeMnNi,True
Mo25W14Fe18Co15Cr9Cu18,238.88123,CoCrCuFeMoW,True
Co15Mo22Fe25Cr23W17Mn11,238.88184,CoCrFeMnMoW,True
Fe20Co20W19Mo10Cr19,238.88934,CoCrFeMoW,True
W18Cr12Ni16Fe14Co20,238.89279,CoCrFeNiW,True
Mo12Mn13Co9Cr17Fe8Ni23,238.9049,CoCrFeMnMoNi,True
Cu12Mo6Fe15W19Co22,238.92322,CoCuFeMoW,True
W5Cu17Fe9Ni12Cr10Mo16,238.92389,CrCuFeMoNiW,True
Cr12Ni15W5Fe21Mo22,238.9396,CrFeMoNiW,True
W7Cu18Ni9Fe17Cr24Co9,238.94794,CoCrCuFeNiW,True
W10Cu6Mo11Fe15Cr18Co17,239.0184,CoCrCuFeMoW,True
Fe13W16Mo8Cr23Co23,239.02469,CoCrFeMoW,True
Cr18Mn5Mo22Ni6Cu20Fe24,239.0256,CrCuFeMnMoNi,True
Ni12Mn23Cu20Co22Cr14,239.05106,CoCrCuMnNi,True
Cu18Cr21Fe14Mn18Mo12W15,239.05359,CrCuFeMnMoW,True
Fe16W12Ni18Cr13Mo19Mn20,239.05695,CrFeMnMoNiW,True
Cr23Mo8Fe25Co21W23,239.06409,CoCrFeMoW,True
W12Co24Cu23Cr15Fe13,239.06512,CoCrCuFeW,True
Ni25Mn25Co20Cu19Cr15,239.06903,CoCrCuMnNi,True
Cu25Fe21W6Ni8Cr20Mo19,239.08167,CrCuFeMoNiW,True
Mn25Mo5Cr8Fe6Co19Cu25,239.08258,CoCrCuFeMnMo,True
Cr17Ni5Cu8Mo19Co17,239.08899,CoCrCuMoNi,True
Mo24Cr12Cu5Co13Ni9,239.10287,CoCrCuMoNi,True
Fe22Co7Mn10Cr21Ni25,239.10358,CoCrFeMnNi,True
Fe14Mo10Cu6Cr25Ni12,239.13416,CrCuFeMoNi,True
Cr25Mo19Ni25Mn7W7Co20,239.14499,CoCrMnMoNiW,True
Ni25Co6Cu21Fe11Mn19,239.15228,CoCuFeMnNi,True
Cu16Ni14Fe15Co25W13Mo7,239.15286,CoCuFeMoNiW,True
Ni18Fe18W20Cr7Mo21Cu18,239.15305,CrCuFeMoNiW,True
Ni6Fe19W6Co13Cr11,239.17337,CoCrFeNiW,True
Cu24Ni12Cr19Mo19Fe19W16,239.17822,CrCuFeMoNiW,True
Mn15Ni15Cr14Co18Fe21,239.19699,CoCrFeMnNi,True
Mn6Mo15W6Ni24Co12Cr22,239.2128,CoCrMnMoNiW,True
Co22Fe25Mo5W19Cr9,239.2131,CoCrFeMoW,True
Cr9Fe8Ni21Co6Cu17Mo5,239.2189,CoCrCuFeMoNi,True
Cu8Ni24Mn18Fe17Cr17,239.23401,CrCuFeMnNi,True
Co23Mo6Mn20Cr5Fe15W18,239.24307,CoCrFeMnMoW,True
Cu21Ni18Mo20Fe18W22Cr13,239.24548,CrCuFeMoNiW,True
Cu12Ni18Mn24Co16Fe12,239.24878,CoCuFeMnNi,True
Cr19Co16Mn25Ni6Cu22,239.25351,CoCrCuMnNi,True
Cr8Fe9Co17Cu24Ni23Mn10,239.25476,CoCrCuFeMnNi,True
Mo6W6Mn6Ni16Fe22Cu23,239.28568,CuFeMnMoNiW,True
Co16Ni18Fe16W17Cu12Mo11,239.28598,CoCuFeMoNiW,True
Co16Mn10Ni20Cr22Cu24,239.2916,CoCrCuMnNi,True
Mn15W5Cr7Ni23Mo12Co14,239.3031,CoCrMnMoNiW,True
Mo10Mn15Co9W7Cu21Cr22,239.30875,CoCrCuMnMoW,True
Co20Mn21Cu23Cr16Fe11Mo16,239.3179,CoCrCuFeMnMo,True
Co23Ni18Cu17Mo20W5,239.32544,CoCuMoNiW,True
Co23Fe24Cr24W17Mo20Cu12,239.34116,CoCrCuFeMoW,True
Cr16Co13Cu16Fe10Mo16Mn9,239.35114,CoCrCuFeMnMo,True
Fe10W6Cu13Co16Mo18,239.35245,CoCuFeMoW,True
Co19Mn25Ni23Fe18Cr6W15,239.35281,CoCrFeMnNiW,True
Co17Cu18Cr21Mn6Ni10,239.37201,CoCrCuMnNi,True
W5Cr13Mo7Fe17Mn20,239.38696,CrFeMnMoW,True
Ni11Fe12W9Cr12Co8,239.39236,CoCrFeNiW,True
W16Co22Mo13Fe21Cu12,239.40018,CoCuFeMoW,True
Cu24Mo18Cr16W10Co20,239.40521,CoCrCuMoW,True
Mo16Co25Cr11Cu13Fe6Ni13,239.41089,CoCrCuFeMoNi,True
W11Ni24Co14Cr16Cu23Mo18,239.42703,CoCrCuMoNiW,True
Fe14Mn9Cr15Mo6Co21W20,239.4567,CoCrFeMnMoW,True
Cr12Cu20Co15W15Mo6Ni10,239.47995,CoCrCuMoNiW,True
Cu6Cr19Fe16Ni10Mn22,239.50354,CrCuFeMnNi,True
Co16Ni8Cr10Fe8W8,239.50403,CoCrFeNiW,True
Cu24Fe20W11Cr23Ni24,239.51825,CrCuFeNiW,True
W19Cr8Ni14Fe21Co20,239.53198,CoCrFeNiW,True
Cr13Cu16Mn14Mo13Co17Fe15,239.53247,CoCrCuFeMnMo,True
Ni18Fe19Cr8W13Cu22,239.54504,CrCuFeNiW,True
Fe23W19Co23Cr9Ni13,239.55426,CoCrFeNiW,True
Mn23Ni20Co19Cr16Fe25,239.56027,CoCrFeMnNi,True
Fe25Mo5Cr9W11Co15,239.56134,CoCrFeMoW,True
Co11Ni17W15Mo7Cu15Cr15,239.56403,CoCrCuMoNiW,True
Mo9Mn17W14Cr24Cu22Ni20,239.5763,CrCuMnMoNiW,True
Fe19Mo20Cr15Mn25Ni25W17,239.58453,CrFeMnMoNiW,True
Co10Mo5Cr11W18Mn17Fe21,239.5958,CoCrFeMnMoW,True
W7Co24Ni17Mo19Fe12,239.60184,CoFeMoNiW,True
Cu24Co14Mo9Cr20W11,239.60431,CoCrCuMoW,True
Cr24Fe12Cu21Mn8Co9,239.60822,CoCrCuFeMn,True
W8Mo13Co12Ni16Cr25Mn15,239.63943,CoCrMnMoNiW,True
Mn12Mo24Ni9Cr13Cu24Fe13,239.64972,CrCuFeMnMoNi,True
W13Mo12Ni12Fe11Cu16,239.65054,CuFeMoNiW,True
Cu20Fe17Ni23Mn17Mo16Cr23,239.6518,CrCuFeMnMoNi,True
Fe19Ni23Cr9Mo23W14Co16,239.65665,CoCrFeMoNiW,True
Mo6Fe15W16Cr17Cu24Mn5,239.66403,CrCuFeMnMoW,True
W14Mo13Fe24Mn24Co11Cr7,239.67404,CoCrFeMnMoW,True
Cr10Fe22Cu25W10Ni14,239.68192,CrCuFeNiW,True
W8Cu11Ni23Mo25Fe24Cr11,239.69394,CrCuFeMoNiW,True
Cu25Cr9Mo18W11Co20,239.70456,CoCrCuMoW,True
Fe11Mn9Co7Cr22Ni25,239.70721,CoCrFeMnNi,True
Cr21Mo14W17Fe12Co20Mn20,239.70901,CoCrFeMnMoW,True
Co20Mo25Ni16Mn11Cr11Fe20,239.70981,CoCrFeMnMoNi,True
Mo9W12Mn20Fe12Cr25Cu11,239.71298,CrCuFeMnMoW,True
Cr5Fe17Mn8W9Co16Mo12,239.71542,CoCrFeMnMoW,True
Cr14Co7W6Ni21Mo13Fe25,239.73135,CoCrFeMoNiW,True
Co25Mn22Cr17Mo12W21Fe14,239.73578,CoCrFeMnMoW,True
Cr19W14Fe20Mo12Cu16Co8,239.73773,CoCrCuFeMoW,True
Mo18W10Cr17Co16Fe22,239.75085,CoCrFeMoW,True
Cr25Fe24W14Co21Cu24,239.75266,CoCrCuFeW,True
Cr17Co20W16Mo8Fe9Mn15,239.76135,CoCrFeMnMoW,True
Fe24Co11Mo18W8Cu15Cr15,239.78052,CoCrCuFeMoW,True
Fe21Mo13Cu17Cr6Ni16Mn20,239.78653,CrCuFeMnMoNi,True
Ni16Cu18Mo16W6Fe8Cr17,239.78772,CrCuFeMoNiW,True
Co7Cu25Mn20Cr18Fe23,239.79236,CoCrCuFeMn,True
Mn5Ni15Co6Cr22Fe8,239.7926,CoCrFeMnNi,True
Mo12W20Ni23Fe25Cr18,239.79553,CrFeMoNiW,True
W12Mo12Cr15Mn18Co24Ni14,239.80026,CoCrMnMoNiW,True
Ni20Mn25Cr23Mo14Cu20W10,239.80124,CrCuMnMoNiW,True
Ni12Cu24Mo12W6Cr18Mn18,239.80942,CrCuMnMoNiW,True
Fe9Cu13Cr22Ni12Mn23Co8,239.8175,CoCrCuFeMnNi,True
Co14Cu12W10Cr6Fe16,239.82275,CoCrCuFeW,True
Co22Ni11Cr18W11Mo18Fe24,239.83417,CoCrFeMoNiW,True
Mo6W10Fe5Ni20Cu14,239.83914,CuFeMoNiW,True
Mo22Cr5Mn15Fe15Cu15Co16,239.84033,CoCrCuFeMnMo,True
Cr18Mn18Ni25Cu25Co20,239.853,CoCrCuMnNi,True
Fe22Cr23Cu17Mn13Ni23,239.8576,CrCuFeMnNi,True
Cr13Ni16Mo9Cu16Co12Mn7,239.86441,CoCrCuMnMoNi,True
Cr13Cu18Mo18Mn6Co13Ni15,239.87982,CoCrCuMnMoNi,True
W10Co22Mo19Cr23Fe16Ni19,239.8822,CoCrFeMoNiW,True
Cr23Cu12Mo25Ni16Co6,239.88712,CoCrCuMoNi,True
Fe20Mo21Cr9Mn18W10Co15,239.90536,CoCrFeMnMoW,True
Cr19Co11Cu21Mo10W5,239.91812,CoCrCuMoW,True
Cr24Ni22W11Fe18Mn19Co7,239.91812,CoCrFeMnNiW,True
W9Co19Cr13Ni20Cu25Mo21,239.91895,CoCrCuMoNiW,True
Cr16Mo18Co20Fe23W14,239.944,CoCrFeMoW,True
Cr25Ni7Cu5Fe19Mn5,239.94727,CrCuFeMnNi,True
Co14Cu6Ni17Mn13Cr10,239.9498,CoCrCuMnNi,True
Mo21Mn25Fe19Cr23Cu23W15,239.95374,CrCuFeMnMoW,True
Co9Cr17Ni14Mn8Fe5,239.9609,CoCrFeMnNi,True
Cr13Fe20W17Co13Cu10Ni20,239.97186,CoCrCuFeNiW,True
Fe15Mn9Mo8Cu16Ni7Cr13,239.98035,CrCuFeMnMoNi,True
W5Ni5Co23Cr20Fe15,240.0003,CoCrFeNiW,True
Mn15Cr8Fe18W11Co22Ni12,240.02014,CoCrFeMnNiW,True
Co7Cr10Cu22Mo6Ni22Mn16,240.04742,CoCrCuMnMoNi,True
Mo17W7Ni12Mn10Fe16Cr11,240.05469,CrFeMnMoNiW,True
Cr15Fe22Cu14Ni19W6,240.07837,CrCuFeNiW,True
Cr23Fe9Cu23Mo12W8Ni13,240.08005,CrCuFeMoNiW,True
Co23W22Cr22Fe25Ni19,240.08737,CoCrFeNiW,True
Ni10Mo9Cr8Fe7W11Cu12,240.09018,CrCuFeMoNiW,True
Mn25Cr10Mo11Fe11W12Cu18,240.09885,CrCuFeMnMoW,True
Fe15Cu12Mn12Cr13Ni16,240.1018,CrCuFeMnNi,True
Mo19Co18Fe12W6Cu13,240.10544,CoCuFeMoW,True
Mn17Ni12Cu25Cr7Co21Fe17,240.11084,CoCrCuFeMnNi,True
Cr14Co22Cu21Mn19Ni7,240.13312,CoCrCuMnNi,True
Fe13Ni16Cu18W18Mo7Co24,240.16678,CoCuFeMoNiW,True
Fe15Mo15Co16W14Cr13Mn17,240.18188,CoCrFeMnMoW,True
Fe15Co15W20Mo9Cu19,240.1912,CoCuFeMoW,True
Fe24Cu25W6Co9Mo16,240.19897,CoCuFeMoW,True
W9Co14Fe25Mo9Cr9,240.206,CoCrFeMoW,True
Cu8W8Mo8Ni9Fe7,240.2092,CuFeMoNiW,True
Mo14Ni11Cr12W9Fe13Mn24,240.21255,CrFeMnMoNiW,True
Cr17Fe19Ni22Mn16Co19,240.21747,CoCrFeMnNi,True
Mo13Cr25W5Cu5Mn8Fe25,240.22647,CrCuFeMnMoW,True
Fe25Mn16Cr21W5Co5Mo23,240.24097,CoCrFeMnMoW,True
Cu25Fe13W6Cr13Ni8Co16,240.25247,CoCrCuFeNiW,True
Co15Mo18Fe6Mn17Cr23Cu25,240.26465,CoCrCuFeMnMo,True
W6Ni14Cr14Co9Mn13Fe8,240.2702,CoCrFeMnNiW,True
Ni22Mn11Mo11Cu14Co21Cr15,240.30966,CoCrCuMnMoNi,True
Fe16W11Mo24Ni18Cu20,240.31052,CuFeMoNiW,True
Cu21Co21Ni5Fe12Mn20,240.32059,CoCuFeMnNi,True
Cr11Ni9Mn17Co9Fe15,240.32123,CoCrFeMnNi,True
Co24Ni6Cr23Cu7Mo17,240.3583,CoCrCuMoNi,True
Ni20W13Fe23Co19Mn11Cr20,240.3714,CoCrFeMnNiW,True
Mn23Cr22Cu5Fe21Ni7,240.3771,CrCuFeMnNi,True
Fe23Cr22Co24Mn6Mo21W16,240.37982,CoCrFeMnMoW,True
W18Cr9Ni20Fe12Co25,240.38452,CoCrFeNiW,True
Co21Fe13Cr23Cu22Mo20Mn16,240.41965,CoCrCuFeMnMo,True
Mo15Cr12Fe22Cu12Mn7Co10,240.42017,CoCrCuFeMnMo,True
Mo25Ni9Cr24Cu13Co15,240.42352,CoCrCuMoNi,True
Co16Mn20Ni17Fe13Cr14,240.43365,CoCrFeMnNi,True
Mo5Cu15Co8Fe23W8,240.44714,CoCuFeMoW,True
Ni21Fe20Co17Cr21Mn11,240.46216,CoCrFeMnNi,True
Co11Cr24Cu18Mn22Fe10,240.46707,CoCrCuFeMn,True
Cr21Cu25Mn5Mo21Co8Ni25,240.4867,CoCrCuMnMoNi,True
Fe9Mo5W10Mn22Cu9Cr16,240.48746,CrCuFeMnMoW,True
W9Mn8Co17Mo24Cr24Fe15,240.51099,CoCrFeMnMoW,True
Mo24W5Fe23Cr16Cu17,240.52286,CrCuFeMoW,True
Cr7Ni16Fe12Mn24Mo19Cu24,240.53384,CrCuFeMnMoNi,True
W17Mo12Ni14Cr23Fe16Mn20,240.53607,CrFeMnMoNiW,True
Cu14Cr7W10Co15Fe10,240.53793,CoCrCuFeW,True
Mo7Cu23W18Fe17Cr11Mn20,240.54016,CrCuFeMnMoW,True
Cr19W24Co20Cu23Fe20Ni15,240.54913,CoCrCuFeNiW,True
W14Cr6Mn21Mo17Fe20Co25,240.56259,CoCrFeMnMoW,True
Ni6Co16Fe23W10Cr20Mn24,240.56888,CoCrFeMnNiW,True
W13Mn10Cr9Mo5Ni24Co19,240.5813,CoCrMnMoNiW,True
Mn5Cu7Cr11Fe6Ni10,240.6022,CrCuFeMnNi,True
Fe19Cr6Ni14W10Cu20,240.60245,CrCuFeNiW,True
Cu11Fe6Mo8W12Cr7Co15,240.60367,CoCrCuFeMoW,True
Co11W14Mo9Fe22Cu16,240.60593,CoCuFeMoW,True
Cu9Fe25Mo15Mn8Cr22W8,240.61774,CrCuFeMnMoW,True
Ni20Cu17W18Mo13Co20,240.62015,CoCuMoNiW,True
W9Cr6Ni13Fe17Mo7,240.63525,CrFeMoNiW,True
Ni21Mo11Mn21Cu23Fe11Cr23,240.64542,CrCuFeMnMoNi,True
Cr17Ni15Cu13Fe20Mo11W20,240.67725,CrCuFeMoNiW,True
Fe9Cr24Ni10Mo19Mn8Cu22,240.68134,CrCuFeMnMoNi,True
Ni14Fe17Mn24Cr18Cu8,240.68298,CrCuFeMnNi,True
Mo11Ni17W7Fe7Cu21Cr24,240.71204,CrCuFeMoNiW,True
Cu12Ni25Mn18Cr18Fe18,240.71332,CrCuFeMnNi,True
Mo7Cu16Mn16Fe25Cr12Co13,240.73761,CoCrCuFeMnMo,True
Co25Cu23W8Fe11Cr16,240.7406,CoCrCuFeW,True
Cu13Mn16Fe5Mo25Cr15Co25,240.75452,CoCrCuFeMnMo,True
Cr7Mo16Co25W19Fe13Cu18,240.77975,CoCrCuFeMoW,True
Mo8Ni20Mn14W21Fe20Cr18,240.78253,CrFeMnMoNiW,True
Mo7Cr13Ni24Co21Mn24Fe17,240.78894,CoCrFeMnMoNi,True
Ni6Mo13Cr19Fe7Cu20Mn8,240.79352,CrCuFeMnMoNi,True
Fe21W8Mn12Mo5Cr22,240.80157,CrFeMnMoW,True
Co16Ni9Mn6Cr20Fe9,240.80688,CoCrFeMnNi,True
Mo5Co15W5Fe23Mn15Ni11,240.88379,CoFeMnMoNiW,True
Cu19W12Co11Fe20Mo15,240.888,CoCuFeMoW,True
W9Mo7Cu19Cr20Ni14,240.89139,CrCuMoNiW,True
Fe8Cr21Co9Mn18Ni12,240.90009,CoCrFeMnNi,True
Mn14Cu15Fe16Cr15Co19,240.90018,CoCrCuFeMn,True
Fe18W23Co25Mo19Cu22,240.9143,CoCuFeMoW,True
Fe20Mo24Cr23Ni24Cu25Mn23,240.91745,CrCuFeMnMoNi,True
Cr20Mo17Fe10Mn16Ni12Co25,240.91757,CoCrFeMnMoNi,True
W15Mo7Cu24Cr24Co18,240.91791,CoCrCuMoW,True
Cr21W6Ni24Mo18Co15Fe15,240.92773,CoCrFeMoNiW,True
Fe15Co18Cr14Cu13W8,240.93149,CoCrCuFeW,True
Cr24Cu17Co7W9Ni25Fe18,240.94632,CoCrCuFeNiW,True
W13Ni17Cu9Mo5Fe11,240.95093,CuFeMoNiW,True
Co25Ni24Cr9Mo15W12,240.95953,CoCrMoNiW,True
Ni23Fe19W9Cu15Cr7,240.99084,CrCuFeNiW,True
Co25Mo7Cu25Ni22Fe12Cr12,240.99747,CoCrCuFeMoNi,True
Cu13Cr23Co12Mo25Ni9,241.00162,CoCrCuMoNi,True
Mo5Fe15Ni9Co20Mn6W5,241.01144,CoFeMnMoNiW,True
Cr8W12Co18Fe11Mn24Mo10,241.01282,CoCrFeMnMoW,True
Mo17Co18Cu14W5Ni17,241.04065,CoCuMoNiW,True
Cr25Fe23Mo17Ni19W12,241.05362,CrFeMoNiW,True
Fe12W8Cr15Mo12Ni24,241.0588,CrFeMoNiW,True
Mn10Cr20Fe5Co8Ni5,241.0639,CoCrFeMnNi,True
Fe11Ni14Mn5Cr25Co7,241.06879,CoCrFeMnNi,True
Co21Cu21Ni9Mn6Fe10,241.07007,CoCuFeMnNi,True
Mn21Co8Fe14Ni22Cr16,241.07367,CoCrFeMnNi,True
W16Mn18Fe21Co10Mo12Cr19,241.0896,CoCrFeMnMoW,True
Fe22Ni19W21Cr23Co24,241.10242,CoCrFeNiW,True
Ni22Fe25W8Mo12Mn25Co19,241.10919,CoFeMnMoNiW,True
Cr20W5Co22Mo17Fe16Ni13,241.10953,CoCrFeMoNiW,True
Cr13Fe19Cu18Ni15W9,241.11179,CrCuFeNiW,True
W25Cr10Fe24Co23Ni23,241.1203,CoCrFeNiW,True
W16Ni22Fe17Mo10Cr8Mn20,241.12344,CrFeMnMoNiW,True
Mo20Mn16Fe18Cr9Co20Ni15,241.12814,CoCrFeMnMoNi,True
W19Ni16Co22Cr5Fe21,241.14563,CoCrFeNiW,True
Co14W9Cr22Mo6Cu14Mn7,241.15454,CoCrCuMnMoW,True
Ni25Cu23Fe21Cr18W12,241.1557,CrCuFeNiW,True
Cr16Ni13Co15Fe17Mo10W16,241.16318,CoCrFeMoNiW,True
Mo9Cu12Cr24Fe21W20Co18,241.1637,CoCrCuFeMoW,True
Fe15Mn18Mo23Cr11Cu20Ni14,241.16486,CrCuFeMnMoNi,True
Co22Cr8Cu22Ni21Fe9W18,241.18176,CoCrCuFeNiW,True
W8Ni16Mo10Cr19Cu18,241.19534,CrCuMoNiW,True
Mo20W5Cu19Cr8Fe9Ni19,241.19803,CrCuFeMoNiW,True
W15Co18Mo6Mn17Cu20Cr20,241.20853,CoCrCuMnMoW,True
Mo17Ni9Cu6Cr20Co14,241.22345,CoCrCuMoNi,True
W10Co24Mo11Cr21Ni17,241.24075,CoCrMoNiW,True
Fe24Co21Cr17Ni10W10Mn18,241.25311,CoCrFeMnNiW,True
Cr19Mo9Mn9Co21Fe12Cu7,241.25433,CoCrCuFeMnMo,True
Ni15Co20Mo15W9Mn17Cr20,241.25476,CoCrMnMoNiW,True
Ni14Cu24Fe7Mo22Cr18Mn22,241.26337,CrCuFeMnMoNi,True
Fe17W16Cr10Mn24Co13Mo10,241.28693,CoCrFeMnMoW,True
Cr17Cu12Fe17Mo22Mn7Ni16,241.28705,CrCuFeMnMoNi,True
Cr13Ni13Mn5Co16Mo22Fe6,241.2952,CoCrFeMnMoNi,True
W5Ni24Cu14Fe15Cr17,241.2977,CrCuFeNiW,True
Fe8W5Mo9Mn19Ni7Cr13,241.30151,CrFeMnMoNiW,True
Ni23Mn13Cr17Fe23Co6,241.30157,CoCrFeMnNi,True
Co25Cu7Cr22Fe13Mn21,241.3063,CoCrCuFeMn,True
Ni25Mn24W6Cr17Co21Mo21,241.3078,CoCrMnMoNiW,True
Cu7Mn12Fe16Co14Cr10,241.31604,CoCrCuFeMn,True
Cr22Cu16Fe12W5Mo13,241.32132,CrCuFeMoW,True
Co15W7Ni22Mn22Cr8Fe9,241.32803,CoCrFeMnNiW,True
Mo22W15Co20Fe19Ni21,241.33063,CoFeMoNiW,True
Cu15Mn11Co17Cr17Fe11,241.33887,CoCrCuFeMn,True
Fe12W14Cu9Co19Cr6Ni22,241.344,CoCrCuFeNiW,True
Mo7Co8Cu14Fe9W10,241.35,CoCuFeMoW,True
W7Mo23Fe11Cr19Cu22Co22,241.35226,CoCrCuFeMoW,True
Cr14W19Mo12Co22Cu12Fe14,241.35437,CoCrCuFeMoW,True
Fe19Mn25W10Mo20Cr9Co14,241.36331,CoCrFeMnMoW,True
Co20Fe8Cr5Ni21W13,241.36508,CoCrFeNiW,True
Mo6Ni15Fe24W22Cr17Mn21,241.36731,CrFeMnMoNiW,True
Co23Mn13Cu17Ni19Cr16,241.36807,CoCrCuMnNi,True
Fe13Ni23Cr13W5Mo24Mn20,241.37003,CrFeMnMoNiW,True
Co24Ni19Mo14Cr20W9,241.37872,CoCrMoNiW,True
Cr23Fe25W18Ni22Mo8Cu7,241.37952,CrCuFeMoNiW,True
Ni11Cr5Fe25W10Mn18Mo13,241.38278,CrFeMnMoNiW,True
W19Mn21Ni23Cr17Mo15Fe21,241.40448,CrFeMnMoNiW,True
Cr9Cu23Fe21Co20W16,241.40536,CoCrCuFeW,True
W11Mo25Cu17Cr5Fe24Ni19,241.41278,CrCuFeMoNiW,True
Mo10Cr23Co19W12Ni23,241.42236,CoCrMoNiW,True
Cu21Cr17Mn23W14Mo7Co15,241.42368,CoCrCuMnMoW,True
Fe14Ni20Co7Cu16W13Cr12,241.43408,CoCrCuFeNiW,True
Ni23W8Mo14Cr16Cu17,241.44305,CrCuMoNiW,True
Co18Cr16Mo24Ni22Mn14Fe15,241.45966,CoCrFeMnMoNi,True
Ni9W7Mo6Fe13Cr13,241.45987,CrFeMoNiW,True
W5Ni22Mo18Fe25Cr5,241.46307,CrFeMoNiW,True
Cu7Fe11Co24Mn5Ni14,241.48245,CoCuFeMnNi,True
Cr15Ni6Mn15Cu18Fe10,241.48254,CrCuFeMnNi,True
W23Ni21Co20Mo5Cu23,241.5047,CoCuMoNiW,True
Mn25Cr6Ni7Fe21W5Mo11,241.51205,CrFeMnMoNiW,True
W11Cr22Co9Ni25Fe24,241.53079,CoCrFeNiW,True
Cr8Mo20Fe15W6Co21,241.557,CoCrFeMoW,True
W8Fe11Ni24Cr7Co16Mn23,241.56342,CoCrFeMnNiW,True
Cr21Fe14Cu20W5Ni18,241.56601,CrCuFeNiW,True
Cr15Mn13Ni22Fe14Co12,241.57755,CoCrFeMnNi,True
Mo7Mn15Cr17Co16Fe24Cu19,241.58032,CoCrCuFeMnMo,True
Mo17Fe8Cu21W10Ni19,241.58057,CuFeMoNiW,True
W11Cr12Fe12Ni18Cu6Mo8,241.58554,CrCuFeMoNiW,True
Co20Fe19Mo18W9Ni17Cu23,241.58911,CoCuFeMoNiW,True
Cr18Cu5Mn21Fe25Ni10,241.60626,CrCuFeMnNi,True
Cu23W6Fe18Co13Ni7Cr12,241.6124,CoCrCuFeNiW,True
Cr9Co20Cu12Mo15Ni22W7,241.6156,CoCrCuMoNiW,True
Cu6Ni20Fe15Mn25Cr24,241.6167,CrCuFeMnNi,True
Mn25Cr16W7Fe10Ni15Co6,241.61722,CoCrFeMnNiW,True
Cr19Cu5Ni12Mo24Co10,241.65112,CoCrCuMoNi,True
Cr21W17Cu22Mo5Fe6Co16,241.65207,CoCrCuFeMoW,True
Ni13Cu23Cr25W16Co17Fe14,241.65262,CoCrCuFeNiW,True
Cr12Mo12Mn13Co22W6Ni12,241.6594,CoCrMnMoNiW,True
Ni22Fe22Cu25Mo15Co17W16,241.66995,CoCuFeMoNiW,True
Ni19Cr18Cu7Co23Mn24,241.67032,CoCrCuMnNi,True
Fe7Ni14Mo13W6Cu11,241.67133,CuFeMoNiW,True
Fe25Mo11Mn6W11Cr18Cu12,241.67508,CrCuFeMnMoW,True
Fe22Ni21Mo25Cu23Cr14W21,241.67862,CrCuFeMoNiW,True
Mn14Cr17Fe8Co5Ni5,241.68246,CoCrFeMnNi,True
W15Mo7Fe23Cu12Mn9Cr23,241.6872,CrCuFeMnMoW,True
Fe9Cu18Co8Cr7Mn14Mo9,241.7037,CoCrCuFeMnMo,True
Mn13Mo11Cr12W16Fe25Ni16,241.71848,CrFeMnMoNiW,True
Fe21Cu11Mo8Co21Cr12W25,241.71994,CoCrCuFeMoW,True
Cu12Ni24Mn18Cr24Fe10,241.7283,CrCuFeMnNi,True
Fe9Co9Cr8Mn6Ni8,241.74646,CoCrFeMnNi,True
Co10Cr24Mn6Mo19Cu24Fe24,241.75293,CoCrCuFeMnMo,True
Mn12Cr22Ni5W9Mo8Fe14,241.75906,CrFeMnMoNiW,True
Mn17Fe17Co18Cu6Cr14,241.76746,CoCrCuFeMn,True
Fe13Co17Ni24Mn25Cu10,241.76773,CoCuFeMnNi,True
W8Fe18Cu20Cr22Co15,241.77258,CoCrCuFeW,True
W10Mo15Fe17Cr25Cu19,241.77713,CrCuFeMoW,True
Cu7Ni22Mo22Cr24Co5,241.80042,CoCrCuMoNi,True
Fe13Mo13Mn19W14Ni17Cr24,241.81473,CrFeMnMoNiW,True
Cu19Mo15Fe19Cr13Mn23W13,241.82083,CrCuFeMnMoW,True
Cr20Ni14Fe19Mn22W20Mo8,241.82626,CrFeMnMoNiW,True
Ni24Mn14Co14Mo23Fe23Cr13,241.83432,CoCrFeMnMoNi,True
Mn9Ni9Cu12Co13Cr9,241.84418,CoCrCuMnNi,True
Cu22Cr8W11Co24Mo9Ni9,241.85275,CoCrCuMoNiW,True
Ni7Co19Fe7Mo6Cr6Cu12,241.85782,CoCrCuFeMoNi,True
Fe12Cu20Cr25Mo15W5,241.86081,CrCuFeMoW,True
Mo8Ni8W11Mn11Fe24Cr10,241.86111,CrFeMnMoNiW,True
Cr16Mo17W7Cu16Fe17,241.86252,CrCuFeMoW,True
Fe19Mo10Ni12Co12W7,241.87073,CoFeMoNiW,True
W11Cr6Ni12Mn21Fe19Co18,241.87424,CoCrFeMnNiW,True
Cr21Fe24Mn10Cu14Co18,241.8771,CoCrCuFeMn,True
Cr8W9Fe7Ni21Co13Mo6,241.87741,CoCrFeMoNiW,True
Fe10Cr13W5Mn21Co14Ni25,241.89655,CoCrFeMnNiW,True
Co12Ni18Mn18Fe12Cu5,241.90225,CoCuFeMnNi,True
Mo13Cu16Co19Cr6W7,241.91733,CoCrCuMoW,True
Mn24Co18Cu15Ni18Cr14,241.91959,CoCrCuMnNi,True
Mn19Fe12Cr18Co23Mo11Ni16,241.94037,CoCrFeMnMoNi,True
Cr8W5Fe7Co10Mn15Ni7,241.94315,CoCrFeMnNiW,True
Cr21Mo5Co18W18Ni20Mn19,241.9437,CoCrMnMoNiW,True
Cr18Cu15Mo5Fe25W15,241.94919,CrCuFeMoW,True
Mn16Co15Ni20Cu22Cr15,241.95386,CoCrCuMnNi,True
Cr14W10Co10Mn20Ni25Fe22,241.96268,CoCrFeMnNiW,True
Mo7W9Co8Ni20Cr21Mn15,241.9685,CoCrMnMoNiW,True
Cr22Mo14Fe13W9Co21,241.98624,CoCrFeMoW,True
Co18Fe12Cr25Mn8W5Ni22,241.99347,CoCrFeMnNiW,True
Mo7W9Cu12Ni9Co15,242.00327,CoCuMoNiW,True
Cu14Fe24Cr19Co24W6,242.01086,CoCrCuFeW,True
W5Cr21Mn23Ni14Fe8Co12,242.01291,CoCrFeMnNiW,True
Mo9W9Cu12Fe23Co13,242.01334,CoCuFeMoW,True
W15Cr5Mo15Fe20Co22Ni14,242.01846,CoCrFeMoNiW,True
Cr6Ni19Cu23Fe14W11,242.031,CrCuFeNiW,True
Mo22Cu18Fe23Ni21W16Cr22,242.06604,CrCuFeMoNiW,True
Fe22W11Co25Cr24Mo25,242.07288,CoCrFeMoW,True
Mo7W12Mn10Co7Fe14Cr18,242.07483,CoCrFeMnMoW,True
Ni9Mo15Fe20Cr16Mn5Co13,242.10947,CoCrFeMnMoNi,True
W8Fe10Co17Mo16Ni15,242.10992,CoFeMoNiW,True
Co19W12Mo15Fe23Ni15,242.11642,CoFeMoNiW,True
Fe23Co19Mo17Ni21W21Cr15,242.13394,CoCrFeMoNiW,True
Co22Mn8Fe23Mo5W13Ni17,242.13742,CoFeMnMoNiW,True
Cr17Ni17Cu25Mn19Co23,242.13995,CoCrCuMnNi,True
Cu5Mo19Mn8Ni19Cr6Fe9,242.14166,CrCuFeMnMoNi,True
Cr17W9Fe16Cu22Mo12Ni7,242.15042,CrCuFeMoNiW,True
Fe18Ni15Mn23Cr15Co15,242.16199,CoCrFeMnNi,True
Ni19W16Co16Cr22Fe23,242.17667,CoCrFeNiW,True
Co9W8Cu11Ni10Mo8,242.17911,CoCuMoNiW,True
Mn21Co16W13Fe22Cr20Ni21,242.18051,CoCrFeMnNiW,True
Cr6W8Ni23Co16Fe23Mo24,242.18253,CoCrFeMoNiW,True
Fe13W8Cr15Ni25Cu25,242.18362,CrCuFeNiW,True
Mn17Cr16Fe6Cu11Ni20Co8,242.19598,CoCrCuFeMnNi,True
Co25Fe18Cr16Ni7W7,242.22983,CoCrFeNiW,True
Ni13Cu19Cr15Fe19W6,242.25027,CrCuFeNiW,True
Cu22W11Mo17Ni21Fe19Co16,242.25354,CoCuFeMoNiW,True
W5Mo18Co24Cr19Ni21,242.27084,CoCrMoNiW,True
Co15Fe7Mo24Ni23Cr20Mn17,242.27176,CoCrFeMnMoNi,True
Fe6Mo8Mn21W9Cr10Co20,242.27661,CoCrFeMnMoW,True
Cr23W10Fe12Mn24Ni7Mo9,242.29279,CrFeMnMoNiW,True
Mn13Cu21Fe6Co16Mo19Cr24,242.30124,CoCrCuFeMnMo,True
Fe21Cr8Cu17Mo18W7,242.3081,CrCuFeMoW,True
Cu10Fe17Mn12Ni24Cr22,242.32184,CrCuFeMnNi,True
Ni16Cr11W10Mo12Co21Mn22,242.32193,CoCrMnMoNiW,True
Ni17Fe23Cr13Mo20Mn15Co19,242.3544,CoCrFeMnMoNi,True
Cr6Cu10Fe9Co20Ni16Mo5,242.3648,CoCrCuFeMoNi,True
W14Co17Mo12Cu16Ni15,242.38733,CoCuMoNiW,True
Fe12Cu20Ni13Co7Cr13W6,242.39935,CoCrCuFeNiW,True
Ni5Cu5Mn18Co18Cr18,242.4002,CoCrCuMnNi,True
Cu18Cr20Ni23Co22Mn12,242.40808,CoCrCuMnNi,True
W5Ni18Mo22Cr15Cu14Fe22,242.42178,CrCuFeMoNiW,True
Cu13Fe17W7Ni15Cr9,242.4266,CrCuFeNiW,True
Cr15Mn8Co8Cu12Ni20,242.43442,CoCrCuMnNi,True
W18Co20Fe20Mo20Ni24,242.4375,CoFeMoNiW,True
Cu6Co20Mn6Ni8Cr19,242.44357,CoCrCuMnNi,True
Cr21Fe12Mn21Co22Cu15,242.44376,CoCrCuFeMn,True
Co25W9Mo16Fe15Cr13,242.44656,CoCrFeMoW,True
Ni14W20Cr8Fe19Mo12Cu16,242.45929,CrCuFeMoNiW,True
Fe23Cr16Mn14Ni20Cu11,242.4649,CrCuFeMnNi,True
Cr16Mo5W13Ni17Co21Mn6,242.46808,CoCrMnMoNiW,True
Ni22Cu11Mn11Fe5Cr23Mo16,242.47241,CrCuFeMnMoNi,True
W6Fe19Mo19Cr13Mn6Ni14,242.4946,CrFeMnMoNiW,True
Ni16Co17Mo19Fe19W8,242.50104,CoFeMoNiW,True
Fe18Cr23W22Ni22Mo9Mn20,242.51086,CrFeMnMoNiW,True
Ni21W17Cr20Mo6Fe16,242.52048,CrFeMoNiW,True
Cu14W8Ni18Mo9Co22Cr22,242.52939,CoCrCuMoNiW,True
Fe17Cr22Ni19Mo16Co20W13,242.53589,CoCrFeMoNiW,True
W15Co8Fe22Cu14Mo5Cr19,242.5664,CoCrCuFeMoW,True
Fe20Ni13W11Co11Cr14,242.57971,CoCrFeNiW,True
Fe16W16Co9Ni15Cr8Mo5,242.60413,CoCrFeMoNiW,True
Co23Cr11Fe10Cu13Mn17Mo24,242.61926,CoCrCuFeMnMo,True
Co14Cu23Fe15Cr20Mn25,242.61996,CoCrCuFeMn,True
Fe23W11Cr8Co17Cu17,242.63605,CoCrCuFeW,True
Ni8Fe21Cr14Mo24Co23Mn7,242.64691,CoCrFeMnMoNi,True
W15Co22Ni16Fe12Cr11,242.65225,CoCrFeNiW,True
Mo11Mn17W7Cr15Ni6Fe12,242.66782,CrFeMnMoNiW,True
Ni21Cu14W18Co17Cr22Fe14,242.66888,CoCrCuFeNiW,True
Co7Fe17Ni9Cr18Mn5,242.68985,CoCrFeMnNi,True
Co14Fe21Mn22Cu13Ni9Cr9,242.69391,CoCrCuFeMnNi,True
W7Mn24Ni22Fe19Cr6Mo20,242.69592,CrFeMnMoNiW,True
Mn15Ni15Fe11Cr8Cu11Mo10,242.69788,CrCuFeMnMoNi,True
Co25Ni6Fe22Cr19Mn18,242.7066,CoCrFeMnNi,True
W12Ni9Fe18Cr8Co24Cu13,242.71005,CoCrCuFeNiW,True
Co23Fe24W11Cr25Mo25,242.7109,CoCrFeMoW,True
Fe17Co5Mo9Cu8Mn22,242.7156,CoCuFeMnMo,True
Ni11Cr16Co7Fe12W5,242.71802,CoCrFeNiW,True
Cr20Fe17W10Ni15Mo11,242.73514,CrFeMoNiW,True
Fe24Mn9Cr15W9Co25Ni20,242.74951,CoCrFeMnNiW,True
Cr16Fe23Mo18Mn8W10Cu24,242.75043,CrCuFeMnMoW,True
Fe11Cu18Cr16Mo19Co18W7,242.75262,CoCrCuFeMoW,True
Fe22Co24Cu12Mo12Mn13Cr21,242.75412,CoCrCuFeMnMo,True
Mo13Cu13Ni25Cr21Fe15W18,242.76013,CrCuFeMoNiW,True
Co6W5Ni24Fe24Cr24,242.76102,CoCrFeNiW,True
Fe9Mo13Ni19W5Co13,242.76834,CoFeMoNiW,True
Cu5Mn22Cr24Fe13Co22,242.7687,CoCrCuFeMn,True
W6Cr10Co15Fe22Ni25Mo24,242.7703,CoCrFeMoNiW,True
Co7Mo6W8Ni21Cr19Mn21,242.77203,CoCrMnMoNiW,True
W15Cu25Ni20Fe22Mo25,242.79395,CuFeMoNiW,True
W10Fe17Cr21Cu24Co20,242.82278,CoCrCuFeW,True
Mo18Cr14W10Cu18Co18Ni19,242.83514,CoCrCuMoNiW,True
Mn12Cu9Co19Fe13Cr14,242.83865,CoCrCuFeMn,True
Mn23Fe15W8Cr25Ni19Co20,242.84357,CoCrFeMnNiW,True
W11Cu24Fe23Mo22Cr11,242.84769,CrCuFeMoW,True
Mn12W14Fe21Ni13Mo13Cr19,242.86838,CrFeMnMoNiW,True
Mo5Cu19Cr19Mn14Fe16Ni14,242.87292,CrCuFeMnMoNi,True
Cu22Mo8Cr5W6Co15,242.87524,CoCrCuMoW,True
Fe8Mn15Cr9Cu23Co23Ni16,242.88474,CoCrCuFeMnNi,True
Cr11W8Cu14Co11Ni5Fe17,242.90347,CoCrCuFeNiW,True
Cr21Fe8Cu7Ni21Mn14,242.93213,CrCuFeMnNi,True
W22Mo5Fe21Ni16Cu24Co24,242.94727,CoCuFeMoNiW,True
Cr19Mn6Ni6Fe16Cu14,242.95456,CrCuFeMnNi,True
Ni19W18Fe15Co20Cr7Cu10,242.95706,CoCrCuFeNiW,True
Mn10Co18Cr20Ni11Fe21,242.96298,CoCrFeMnNi,True
Co20W21Cu16Mo6Cr21Fe10,242.99377,CoCrCuFeMoW,True
Co15Ni17Mn25Mo9Cr13W10,242.99448,CoCrMnMoNiW,True
Fe10Cu14Ni21Co24Mn7,243.0134,CoCuFeMnNi,True
Ni24Mn25Cr17Cu25Co18,243.0231,CoCrCuMnNi,True
Co21Cu20Cr16W8Fe13,243.0351,CoCrCuFeW,True
Mo7Ni20Co12Fe22Cu17W11,243.03992,CoCuFeMoNiW,True
Mn17W19Fe17Cr15Cu21Mo5,243.04214,CrCuFeMnMoW,True
Cu21W15Mo16Co23Ni17,243.04391,CoCuMoNiW,True
Cr14Co18Mn13Cu8Fe21,243.06354,CoCrCuFeMn,True
Co22W20Fe25Cr10Cu18Mo21,243.0911,CoCrCuFeMoW,True
Fe24Mn10Cu11W7Cr20Mo17,243.09589,CrCuFeMnMoW,True
Cr7Fe24Cu25Mo20W11,243.10083,CrCuFeMoW,True
Fe17Mo15W19Co17Cu24,243.1232,CoCuFeMoW,True
Cu25Fe11Mn8Ni13Co24,243.12823,CoCuFeMnNi,True
W21Mo6Co22Cr17Fe23,243.1572,CoCrFeMoW,True
W16Co24Fe25Ni12Cr14,243.15738,CoCrFeNiW,True
Mo20Mn23Cu19Ni23Fe11Cr21,243.16696,CrCuFeMnMoNi,True
Mo12Cu8Cr19Ni15Co6,243.1701,CoCrCuMoNi,True
W12Cr9Fe23Mo14Mn16Ni19,243.17154,CrFeMnMoNiW,True
Ni22Cr7Mn23Co17W5Fe9,243.17224,CoCrFeMnNiW,True
Cu20Co25Fe20W16Mo24,243.18304,CoCuFeMoW,True
Mo16Ni18Fe11Cr10W7Mn20,243.19424,CrFeMnMoNiW,True
Cr15Fe15W20Cu10Ni23Mo6,243.20654,CrCuFeMoNiW,True
Ni14Fe25W15Mo21Cu23Cr20,243.20764,CrCuFeMoNiW,True
Mo7Cu20Ni16W22Fe18,243.21292,CuFeMoNiW,True
Ni8Fe13Cu23Mo7W11Cr12,243.22266,CrCuFeMoNiW,True
Cu7Co5W7Ni12Cr10Fe11,243.22342,CoCrCuFeNiW,True
Fe13Ni8Co20Mn11Cr15,243.2262,CoCrFeMnNi,True
Mo12Cr7Fe23Co13Mn17Cu15,243.23749,CoCrCuFeMnMo,True
W10Fe22Ni20Cr10Co10Cu8,243.24332,CoCrCuFeNiW,True
Co6Cu14Mn12Fe24Cr13,243.26071,CoCrCuFeMn,True
Fe20W9Mo23Ni24Cr18,243.28113,CrFeMoNiW,True
Co19Mo20Cu17Fe11W7,243.30106,CoCuFeMoW,True
W10Cr19Mo23Fe22Cu22Mn19,243.31885,CrCuFeMnMoW,True
Cr9Ni9Fe13Cu20Mo8W13,243.34128,CrCuFeMoNiW,True
Co23W9Mo10Cr6Cu11Ni25,243.35336,CoCrCuMoNiW,True
W17Ni17Mo15Co24Cr10Fe16,243.36328,CoCrFeMoNiW,True
Mo5Fe10Co17Ni21W5Mn12,243.3807,CoFeMnMoNiW,True
Cr13Fe8Mo11Mn22Cu23W9,243.3825,CrCuFeMnMoW,True
Fe24Mn13Co14Cu15Cr15,243.40274,CoCrCuFeMn,True
Cr23Mo18Ni13Cu15Mn7Fe8,243.40503,CrCuFeMnMoNi,True
Ni16W21Mo8Cu19Fe25,243.40558,CuFeMoNiW,True
Mo5Mn24Cu24Ni17Cr24W14,243.41031,CrCuMnMoNiW,True
Mo12Cr9Cu22Fe23W15,243.41235,CrCuFeMoW,True
Fe14Mo16Cu25Cr17Co20W21,243.41666,CoCrCuFeMoW,True
Cr14Cu5Co10Ni8Mn16,243.41965,CoCrCuMnNi,True
Fe25Co11W10Ni18Cr8,243.42648,CoCrFeNiW,True
W9Mn16Cu23Cr23Co21Mo14,243.43048,CoCrCuMnMoW,True
Co9Ni6Cu16Mn5Cr18,243.43555,CoCrCuMnNi,True
Co12W10Cr20Ni17Mo11Fe24,243.45728,CoCrFeMoNiW,True
Cr10Fe17Mo16Ni5Mn8Co18,243.46799,CoCrFeMnMoNi,True
Ni12Cr6Fe12W10Cu17Mo14,243.46802,CrCuFeMoNiW,True
Cr7W5Mn23Fe24Cu24Mo23,243.46921,CrCuFeMnMoW,True
Cu11Cr24Ni15Mo23Co6,243.47891,CoCrCuMoNi,True
Fe23Mo17Cu5Co16Mn12Cr5,243.52939,CoCrCuFeMnMo,True
Co8Fe22Cr13Mn5Mo21Cu16,243.54037,CoCrCuFeMnMo,True
Co7Cr15Fe18Cu15Mn21,243.58664,CoCrCuFeMn,True
Cr24W9Mo18Mn17Fe20Ni11,243.58682,CrFeMnMoNiW,True
W10Ni20Cr7Co25Mo7Mn14,243.59137,CoCrMnMoNiW,True
Mo9W13Mn15Cr12Fe25Cu14,243.59335,CrCuFeMnMoW,True
Cr14Mn21Ni20Co12Cu20,243.5972,CoCrCuMnNi,True
W5Cr11Fe25Cu7Mo13Co21,243.60059,CoCrCuFeMoW,True
Mo16Ni5Cr24Co21Cu9,243.61139,CoCrCuMoNi,True
Ni12Cr15Mo21Fe6Cu15Mn13,243.61713,CrCuFeMnMoNi,True
Cr13W5Cu13Fe13Ni14,243.62338,CrCuFeNiW,True
Fe14Cu22Ni15W5Cr10Co7,243.63275,CoCrCuFeNiW,True
Fe21Mo7Cr11W23Ni11Cu25,243.64685,CrCuFeMoNiW,True
Ni14Cr20Fe6Mn12Cu11,243.6477,CrCuFeMnNi,True
Co19Ni13Cr9Cu7Fe19W12,243.65701,CoCrCuFeNiW,True
Co25Mo9Ni13W13Cu20,243.6706,CoCuMoNiW,True
Cu19W10Co14Cr9Fe14,243.6885,CoCrCuFeW,True
Cu20Cr21Mo8Ni17W10,243.68884,CrCuMoNiW,True
Co7Mo12Cr18Fe17W11Mn21,243.68936,CoCrFeMnMoW,True
Fe17Cu10Ni5Mn7Cr12,243.68939,CrCuFeMnNi,True
Mn5Cu19Fe10Co14Ni19,243.68988,CoCuFeMnNi,True
W20Mo7Mn17Co17Fe16Cr19,243.69138,CoCrFeMnMoW,True
W9Cu17Mo19Ni17Fe24,243.69162,CuFeMoNiW,True
Mn20Fe22Cu12Cr16Co5,243.71484,CoCrCuFeMn,True
Ni10Mn10Co24Cu24Cr15Mo25,243.71762,CoCrCuMnMoNi,True
Fe16Mo8Cu11Cr5W6,243.72986,CrCuFeMoW,True
Cr14Mo8Co15Mn9Cu18Ni13,243.74445,CoCrCuMnMoNi,True
Co10Cu10W6Fe19Ni19Cr25,243.75534,CoCrCuFeNiW,True
Fe8Cr9Ni14Co19W10,243.75882,CoCrFeNiW,True
Cr15Fe15Ni16Mn18Mo16W10,243.7649,CrFeMnMoNiW,True
Cr8Ni22Co10W5Fe11Cu23,243.77277,CoCrCuFeNiW,True
Mn24Cr5Co22Ni13Mo10Fe24,243.78876,CoCrFeMnMoNi,True
Cr20Mo5Cu17Fe19W16Mn7,243.82388,CrCuFeMnMoW,True
Mo8Cr22Ni16Cu19Mn6W6,243.82504,CrCuMnMoNiW,True
Cr22W13Co24Mo24Fe19Mn19,243.8327,CoCrFeMnMoW,True
W16Cr10Mo14Co16Ni21Cu20,243.84198,CoCrCuMoNiW,True
W5Mo16Cr16Co15Fe14,243.84521,CoCrFeMoW,True
Cr7Fe16Co19Cu25W12,243.85254,CoCrCuFeW,True
Co12Fe15Cr11W8Cu15,243.858,CoCrCuFeW,True
Mo7Cr24W22Cu11Ni24Fe21,243.86319,CrCuFeMoNiW,True
Fe12Cu9Ni10Cr11Mo11Mn7,243.86713,CrCuFeMnMoNi,True
Mn17Fe25Ni20Cr22Cu22,243.87381,CrCuFeMnNi,True
Cr10Fe24W9Cu20Mo19,243.87845,CrCuFeMoW,True
Cr5Ni18Mo9Cu11Co24Fe13,243.90787,CoCrCuFeMoNi,True
W10Fe15Co15Cr14Cu21,243.92001,CoCrCuFeW,True
Mn20Cu16Co21Fe12Cr21,243.92389,CoCrCuFeMn,True
Cr6Fe19Co14Mn18Ni21Cu10,243.92719,CoCrCuFeMnNi,True
Cu22Cr16W14Fe23Co22,243.93753,CoCrCuFeW,True
Ni18Fe19Cu17Cr24Mn11,243.97858,CrCuFeMnNi,True
Mo7Fe21W8Co23Ni15Mn22,243.99112,CoFeMnMoNiW,True
Co21W16Fe20Mo7Cr11,244.01715,CoCrFeMoW,True
Cu25Mo9Ni20W14Cr21,244.01804,CrCuMoNiW,True
Cr5Mo9Cu6Ni17Fe15W7,244.01941,CrCuFeMoNiW,True
Cr6Fe14W9Mo12Cu24Mn25,244.03326,CrCuFeMnMoW,True
Co16Mo8Mn11Ni11Cr14W8,244.0419,CoCrMnMoNiW,True
W8Mn8Cr24Mo12Fe10Co14,244.05106,CoCrFeMnMoW,True
Cu17Cr8Ni10Mn14Fe6Co17,244.05865,CoCrCuFeMnNi,True
W11Ni8Mn19Cr9Mo8Fe25,244.06326,CrFeMnMoNiW,True
W5Mn16Cr21Fe16Co23Ni10,244.06961,CoCrFeMnNiW,True
Co19Cr18W21Fe19Mo8Ni15,244.10294,CoCrFeMoNiW,True
Fe14Cr12Ni13Cu21Mo16W10,244.107,CrCuFeMoNiW,True
Fe19Cr22Co18Ni22Mn17Mo12,244.11707,CoCrFeMnMoNi,True
Fe21Cr25Mo10Mn16W6,244.12048,CrFeMnMoW,True
Cr11Mo6Cu9W18Ni15Fe17,244.12369,CrCuFeMoNiW,True
Cu25Co14Cr8W5Fe13,244.1416,CoCrCuFeW,True
Co24Cr19Mn23Mo22Ni23Fe18,244.14374,CoCrFeMnMoNi,True
Fe7Co9Ni17W5Cu16Cr18,244.14691,CoCrCuFeNiW,True
Ni14Fe9Mn11Cr15Cu12,244.15054,CrCuFeMnNi,True
Co24Ni18Mo9Mn9Cr18Cu5,244.16174,CoCrCuMnMoNi,True
Cr13Ni17Fe12Cu11Mo25Mn9,244.16577,CrCuFeMnMoNi,True
Fe10Mo7Cu16Cr20W9Ni11,244.16629,CrCuFeMoNiW,True
Mo8Mn14Cr19Fe24W6,244.19702,CrFeMnMoW,True
W5Cr18Fe21Ni17Co6,244.22742,CoCrFeNiW,True
Mo7Mn24Cr21Co25Fe8Ni19,244.2359,CoCrFeMnMoNi,True
Co18W14Mo15Cu11Cr11Fe20,244.23715,CoCrCuFeMoW,True
Cr20Ni14Fe11Co24W9,244.24124,CoCrFeNiW,True
W14Fe21Mo17Cr11Cu25,244.24619,CrCuFeMoW,True
Co12Cu13Cr13Fe20Mo10Mn11,244.24927,CoCrCuFeMnMo,True
Fe17Cu19Mn10Cr17Co13Mo23,244.25003,CoCrCuFeMnMo,True
Cr22Fe25Co5Mn8Cu16,244.25128,CoCrCuFeMn,True
W15Cu22Fe11Cr12Mn23Mo5,244.2568,CrCuFeMnMoW,True
Cu20Ni9Cr15Mo21Mn14Fe10,244.2692,CrCuFeMnMoNi,True
Fe22Ni23Co10Cr25Mn14W6,244.29022,CoCrFeMnNiW,True
W17Cu25Ni18Mo5Cr6Co15,244.29187,CoCrCuMoNiW,True
Mo13Mn8Co20Cr22Cu11Fe20,244.29803,CoCrCuFeMnMo,True
W5Cr8Fe24Co14Cu16,244.30557,CoCrCuFeW,True
Co25Fe20Ni15W15Cr24,244.31534,CoCrFeNiW,True
Cr15Fe5Cu8Mo11Co23Ni14,244.32239,CoCrCuFeMoNi,True
Ni18W7Mn9Co21Fe25Cr23,244.34,CoCrFeMnNiW,True
Cr15Mn14Fe8Cu5Co15,244.36377,CoCrCuFeMn,True
Co20Mo8Ni21W16Fe23Cu14,244.36957,CoCuFeMoNiW,True
Mn11Cr25Fe24W8Mo20Ni12,244.37314,CrFeMnMoNiW,True
Cr8W16Fe19Ni24Mo25Cu20,244.38254,CrCuFeMoNiW,True
W16Cu13Mo5Co15Cr21Fe13,244.39948,CoCrCuFeMoW,True
Cu24Cr6Ni25Mo20W22Fe18,244.40207,CrCuFeMoNiW,True
Fe16Co22Mn15W13Mo16Cr15,244.40277,CoCrFeMnMoW,True
Fe16Mn20Mo18Co24Ni10Cr7,244.41098,CoCrFeMnMoNi,True
Cr22Mn19Cu15Ni11Co5Fe7,244.41162,CoCrCuFeMnNi,True
Cu12Ni10Mn8Cr22Fe23,244.41846,CrCuFeMnNi,True
Cu19Ni16Cr14Fe24W10Co7,244.42664,CoCrCuFeNiW,True
W6Mo19Ni23Cu25Cr20Co20,244.42752,CoCrCuMoNiW,True
W23Co24Fe22Cr10Ni24Cu12,244.45767,CoCrCuFeNiW,True
Fe13Co14W8Cu17Mo18,244.46457,CoCuFeMoW,True
Mo10Mn16Cr17Cu23W18Fe25,244.4823,CrCuFeMnMoW,True
Mn8Cr25Fe6Cu7Ni8,244.48877,CrCuFeMnNi,True
Cr18Mn17Ni10Co8Fe9,244.49182,CoCrFeMnNi,True
Cr22Co9Cu13Ni5Mo20,244.49594,CoCrCuMoNi,True
Ni17Mo20Cr15Fe23W5,244.49838,CrFeMoNiW,True
Co8Mn7Cr23Mo19Fe22Ni25,244.50009,CoCrFeMnMoNi,True
W10Ni18Fe16Mo23Cu20Cr6,244.50092,CrCuFeMoNiW,True
Mo11Fe16Co24Cr20W15,244.50507,CoCrFeMoW,True
Fe9Cu25Ni16Mo17Cr7Co10,244.50638,CoCrCuFeMoNi,True
Fe5Co20Cr15W5Ni22,244.52411,CoCrFeNiW,True
Fe17Cu5Co11Mn5Cr21,244.53116,CoCrCuFeMn,True
W5Mo9Mn17Cr17Fe20,244.53296,CrFeMnMoW,True
Fe12W8Ni24Cr11Cu24,244.54785,CrCuFeNiW,True
Cu5Mn22Cr22Co16Fe15,244.57507,CoCrCuFeMn,True
Mo19Cu24Cr21W14Fe25,244.58804,CrCuFeMoW,True
Cu15Co21Mn9Ni6Cr18,244.5886,CoCrCuMnNi,True
Fe18Cr7W10Ni21Co25Mo23,244.60425,CoCrFeMoNiW,True
Mn12Cr18Mo16Fe23Co20Cu13,244.6192,CoCrCuFeMnMo,True
Cr16Cu6Mn11Fe8Ni23Mo20,244.62091,CrCuFeMnMoNi,True
Mo15Ni25W11Cr15Cu22,244.64551,CrCuMoNiW,True
Cu13Cr20Mn25Fe18Co7Ni7,244.6643,CoCrCuFeMnNi,True
Cu20W9Cr6Ni19Fe11,244.67493,CrCuFeNiW,True
W11Mn24Cr20Co23Ni15Fe22,244.68195,CoCrFeMnNiW,True
Co11Fe17Mn14Cr12Cu15,244.68857,CoCrCuFeMn,True
Mn15Cr19Mo23Fe6Co15Ni19,244.70932,CoCrFeMnMoNi,True
Cr21Fe9Mn7Mo16Co19W5,244.70963,CoCrFeMnMoW,True
W7Ni18Fe8Co25Cr20,244.71466,CoCrFeNiW,True
Cu13Ni21Cr10Fe22W5,244.72116,CrCuFeNiW,True
Fe14Cu24Mo5Co14W19,244.72577,CoCuFeMoW,True
Mo16W25Cu23Co25Cr17Fe15,244.72711,CoCrCuFeMoW,True
Ni20Co15Mn25W6Cr9Mo9,244.73059,CoCrMnMoNiW,True
Cr21Cu19Mn25Ni17Co7,244.73563,CoCrCuMnNi,True
Ni13Mo13Co12W7Fe10,244.7395,CoFeMoNiW,True
Mn16Cr23Fe18Cu18Ni23,244.7438,CrCuFeMnNi,True
Co15Fe19Mn14W8Ni14Cr10,244.75507,CoCrFeMnNiW,True
Mn17Cr13Cu7Ni15Fe18,244.7562,CrCuFeMnNi,True
Cu22Co17W19Mo5Fe14Ni21,244.76297,CoCuFeMoNiW,True
W7Co25Mo23Ni22Cu22Cr14,244.76883,CoCrCuMoNiW,True
Cr8Fe15Mo13Cu25W7,244.78705,CrCuFeMoW,True
Mo12Fe19Cr15Cu11W5,244.794,CrCuFeMoW,True
Cr21W20Mo6Ni22Fe19Cu10,244.80032,CrCuFeMoNiW,True
Cu11Cr18Mn10Ni8Co25,244.82141,CoCrCuMnNi,True
W8Cu21Ni24Cr12Mo23Co25,244.83792,CoCrCuMoNiW,True
Cu25Ni15Co8Cr8Fe23Mn19,244.8547,CoCrCuFeMnNi,True
Mn13Fe23Co15Cr5Ni18W6,244.85672,CoCrFeMnNiW,True
Cu18Mn12Cr23Fe25Ni15,244.87213,CrCuFeMnNi,True
Mn17W7Ni14Co16Mo11Cr22,244.87842,CoCrMnMoNiW,True
Cu25Ni8Mn21Fe18Cr9Mo16,244.8826,CrCuFeMnMoNi,True
Ni5Co9Fe24Mn25Mo13,244.89001,CoFeMnMoNi,True
Mo5Fe13Ni9W6Cu22,244.89252,CuFeMoNiW,True
Mn6Cr23W20Mo10Co21Fe25,244.90298,CoCrFeMnMoW,True
Ni21Cu13Fe11W6Cr21Mo11,244.90701,CrCuFeMoNiW,True
Cu15Co24Fe14Mo19W5,244.91467,CoCuFeMoW,True
Cr15Fe25Mn6Ni5Mo22Co20,244.92145,CoCrFeMnMoNi,True
Cr21W15Fe15Mo13Mn22Ni21,244.93542,CrFeMnMoNiW,True
Fe17Ni7Mn17Co25Cr10Cu5,244.936,CoCrCuFeMnNi,True
Ni7Fe24Cu14Cr16Mn21,244.94485,CrCuFeMnNi,True
Ni17Fe17Mo13Cu22W19,244.94806,CuFeMoNiW,True
Cr24Mo15Ni7Co12Cu16,244.97232,CoCrCuMoNi,True
W6Fe19Cr18Mo22Cu21,244.97672,CrCuFeMoW,True
Mn21Ni10Fe18Co6Cr20,244.98947,CoCrFeMnNi,True
Ni24Mo8Cr21Co20W14,244.9982,CoCrMoNiW,True
Ni22Cu13W20Co17Fe16Cr9,244.99939,CoCrCuFeNiW,True
Mo8Mn9Cu8Cr13Ni12Fe19,245.00839,CrCuFeMnMoNi,True
W9Fe18Cr25Co12Ni19,245.0104,CoCrFeNiW,True
Fe10Cr16Ni14Co11W7Cu21,245.0177,CoCrCuFeNiW,True
Cr22Mo16Ni25Fe23Co18W20,245.01904,CoCrFeMoNiW,True
Co19Mn21Cu18W7Cr17Mo12,245.03595,CoCrCuMnMoW,True
W9Mn5Ni22Cr24Co17Fe23,245.05054,CoCrFeMnNiW,True
Cr13Mo7Mn11Ni24Co23W13,245.05661,CoCrMnMoNiW,True
Cu25Co17W15Mo15Cr20Fe13,245.06546,CoCrCuFeMoW,True
Fe15Cr17Co20Cu20Mn19Mo24,245.08936,CoCrCuFeMnMo,True
W8Mo8Ni21Co14Cr13,245.09763,CoCrMoNiW,True
Fe15W11Mo9Ni14Cu10,245.10349,CuFeMoNiW,True
Co21W11Cr13Fe18Cu11Mo17,245.15576,CoCrCuFeMoW,True
Cu18W18Co19Fe19Cr19Mo17,245.17346,CoCrCuFeMoW,True
W12Ni25Cu24Cr13Fe25,245.17487,CrCuFeNiW,True
Cr13Ni23W10Fe21Mo19Mn17,245.17572,CrFeMnMoNiW,True
Mo12W9Ni16Fe16Cr15,245.19574,CrFeMoNiW,True
Fe16W6Cr17Ni11Co9,245.21414,CoCrFeNiW,True
Mn9Co23Cr18Fe8Cu7Mo19,245.232,CoCrCuFeMnMo,True
W8Fe17Mo18Ni14Cu22,245.2709,CuFeMoNiW,True
Co25Cr13W10Fe24Cu17,245.29715,CoCrCuFeW,True
Fe25Co21Cr16Mn14W7Ni23,245.30435,CoCrFeMnNiW,True
Mn22Cu7Cr19Co10Ni20,245.30682,CoCrCuMnNi,True
Cr19Ni16Mn17Fe11Cu16,245.31287,CrCuFeMnNi,True
Mn5Cr21Cu8Fe12Co9,245.33298,CoCrCuFeMn,True
Cr11Cu16Ni12W6Co7Fe23,245.34381,CoCrCuFeNiW,True
Co12Mo13W8Cu22Fe11,245.35632,CoCuFeMoW,True
Cr9Ni25Cu22Mo14Co15W13,245.37335,CoCrCuMoNiW,True
Co23Mo10Fe18Mn15Ni23W6,245.41711,CoFeMnMoNiW,True
Cr14Co15Fe20Mn16W10Mo18,245.41788,CoCrFeMnMoW,True
Fe20Cr10Ni11W13Mo7Mn20,245.43604,CrFeMnMoNiW,True
W8Fe14Mo11Cr13Ni15,245.44418,CrFeMoNiW,True
Co20Cr25Fe15Ni13W8,245.4613,CoCrFeNiW,True
Cr24Mn12Fe20Co23Ni11,245.47556,CoCrFeMnNi,True
Mn18Cu24Cr20Ni10Fe20,245.48746,CrCuFeMnNi,True
W6Cu12Ni21Fe11Mo13,245.50284,CuFeMoNiW,True
W10Mo19Cr21Mn18Cu22Fe19,245.50464,CrCuFeMnMoW,True
Fe18Cr21W21Mn21Mo6Ni21,245.51956,CrFeMnMoNiW,True
Ni11Mn11Fe13Mo12Co10Cr6,245.54782,CoCrFeMnMoNi,True
Mn13Cr7Ni15Mo7W7Co18,245.54953,CoCrMnMoNiW,True
Cu15Ni9W6Fe15Cr23Co24,245.5794,CoCrCuFeNiW,True
Fe24W9Cu16Co23Mo21,245.58661,CoCuFeMoW,True
W14Fe10Cr5Co12Mo8Cu15,245.59262,CoCrCuFeMoW,True
Ni7Fe8Cr19Mn16Cu7,245.629,CrCuFeMnNi,True
Mn6Co16Fe13Cu25Ni21,245.66254,CoCuFeMnNi,True
Co21Fe20W10Mo19Mn25Cr8,245.67392,CoCrFeMnMoW,True
W20Cu14Ni24Cr15Fe22Co16,245.67566,CoCrCuFeNiW,True
Cu7W12Ni17Fe14Cr13Co15,245.67758,CoCrCuFeNiW,True
Co16Cr13Cu7Fe17Mn13,245.70868,CoCrCuFeMn,True
Ni21Mn10Cr20Co8Fe20,245.71643,CoCrFeMnNi,True
Co25Ni10Mn22Fe20Cr13W6,245.71704,CoCrFeMnNiW,True
Co16Fe17Cu25Mo6W22Cr5,245.72186,CoCrCuFeMoW,True
Mo23Co16W6Cr21Cu24Fe22,245.72653,CoCrCuFeMoW,True
Cr16Fe19Co11W7Mo10,245.72739,CoCrFeMoW,True
Mo16W10Co10Fe24Cr24Cu23,245.73846,CoCrCuFeMoW,True
Cr25Ni20Fe24Mn12Mo19Co18,245.7461,CoCrFeMnMoNi,True
Fe16Ni21W14Mo8Cr16,245.76028,CrFeMoNiW,True
Mn17Fe23Cr21Ni22Co22,245.76233,CoCrFeMnNi,True
Co7Cr11Fe16Ni18W8,245.77979,CoCrFeNiW,True
Mo6Ni18Cu25W22Co20Cr8,245.78476,CoCrCuMoNiW,True
Cu10Co18Mo10W9Fe12,245.78925,CoCuFeMoW,True
Ni5Co20Fe12Cr25Mn8,245.80722,CoCrFeMnNi,True
W10Ni12Mo13Mn14Cr18Fe17,245.8255,CrFeMnMoNiW,True
Ni25W9Cu22Mo13Co12,245.8392,CoCuMoNiW,True
Co23Mo21W8Ni24Cr18Cu22,245.84186,CoCrCuMoNiW,True
Mo23Ni12Fe17Cu18Mn9Cr23,245.84235,CrCuFeMnMoNi,True
Fe14Mo14Cr18W17Cu16Co24,245.84442,CoCrCuFeMoW,True
Mo8Cr13Co10Ni20Mn14Cu20,245.85333,CoCrCuMnMoNi,True
Mo18Cu17Cr20W5Fe20,245.85944,CrCuFeMoW,True
Ni23Fe10Co25Mn20Cu8,245.86484,CoCuFeMnNi,True
Mn19Fe8Cr19Mo13Cu24W5,245.87268,CrCuFeMnMoW,True
Cr8W5Co20Mo12Ni16,245.88727,CoCrMoNiW,True
Cu20W5Cr24Co15Fe20,245.89133,CoCrCuFeW,True
Fe23Co15W15Cr25Ni20Mo8,245.89664,CoCrFeMoNiW,True
Co5Ni10Cu21Mo8Cr10Mn11,245.90335,CoCrCuMnMoNi,True
Ni9Mn15Fe8Cu17Cr22,245.91193,CrCuFeMnNi,True
Cu19Cr7Ni14Co16W6Mo12,245.92197,CoCrCuMoNiW,True
Ni22W16Cr9Co10Cu24Fe22,245.92346,CoCrCuFeNiW,True
W6Ni13Cr17Fe17Mo12,245.93192,CrFeMoNiW,True
Mn16W8Co20Cr18Mo12Ni17,245.94193,CoCrMnMoNiW,True
Co25Cr22Ni19Cu5Mn17,245.9631,CoCrCuMnNi,True
Co21Cu21Mn12Cr25Ni24,245.96353,CoCrCuMnNi,True
W5Ni13Mo16Fe17Mn24Cr9,245.98785,CrFeMnMoNiW,True
Cu15Fe12Mn19Ni12Cr16,246.01416,CrCuFeMnNi,True
W5Mo19Fe25Ni13Cu23,246.02264,CuFeMoNiW,True
W14Ni21Mo10Cr6Fe23Mn25,246.08432,CrFeMnMoNiW,True
Mo13Co25W18Fe13Cu17Cr18,246.09607,CoCrCuFeMoW,True
W5Mo13Fe15Co14Cu15Ni20,246.1063,CoCuFeMoNiW,True
Mn17W15Cr21Cu21Fe24Mo14,246.11319,CrCuFeMnMoW,True
Ni21Mo10Co21W7Cu10,246.11691,CoCuMoNiW,True
Ni9W10Co10Mo5Fe11,246.11798,CoFeMoNiW,True
Co21Mo15W14Cu14Fe18,246.1293,CoCuFeMoW,True
Cr17Ni20Fe23Mn14Co5,246.15747,CoCrFeMnNi,True
Cr24Fe21Mn19W7Mo7,246.17386,CrFeMnMoW,True
Co24W6Mn22Cu19Cr19Mo13,246.19986,CoCrCuMnMoW,True
Cr14W10Ni10Cu22Fe13Co25,246.20844,CoCrCuFeNiW,True
Fe10Ni8Co18Mn23Cr16Cu21,246.22046,CoCrCuFeMnNi,True
Cr8Fe7Mo18Ni12Mn22Co23,246.22247,CoCrFeMnMoNi,True
Ni18Cu13Cr8W21Fe19Co20,246.22757,CoCrCuFeNiW,True
Ni16W8Mo21Cu25Fe21,246.24417,CuFeMoNiW,True
Mn25Cu7Fe21Cr22Co17,246.24606,CoCrCuFeMn,True
Cu11Ni18Cr5Fe23Mn17Co15,246.2601,CoCrCuFeMnNi,True
Co22W10Ni19Mo11Cr18,246.2695,CoCrMoNiW,True
W13Fe21Ni21Cu20Mo22,246.27545,CuFeMoNiW,True
Co15Cr13Mo14Fe11Mn5Cu5,246.28406,CoCrCuFeMnMo,True
Fe8Co15W11Cu13Ni17Cr17,246.29764,CoCrCuFeNiW,True
Mn23Ni19Cr17Cu13Fe20,246.30878,CrCuFeMnNi,True
Cu17Fe18W9Ni15Cr5Mo20,246.30936,CrCuFeMoNiW,True
Cu13Co9Cr22Mo19Ni5,246.3269,CoCrCuMoNi,True
Co11Cu20Cr22W9Mo16Fe25,246.33502,CoCrCuFeMoW,True
Cr23Cu16W5Mo6Ni21,246.35617,CrCuMoNiW,True
Fe13Cu13W13Mo11Co21,246.35934,CoCuFeMoW,True
Cr11Cu10Ni9Mn17Co12,246.36182,CoCrCuMnNi,True
Fe10Mo11Co24W11Ni17,246.37024,CoFeMoNiW,True
Ni7Co10Cu20Mn22Cr19,246.37549,CoCrCuMnNi,True
W6Mn12Cr19Cu15Mo7Ni25,246.38043,CrCuMnMoNiW,True
Co23W14Ni22Cr6Fe10,246.3873,CoCrFeNiW,True
Cr12Cu8Fe23Mo6W18Ni24,246.39325,CrCuFeMoNiW,True
Mn14Mo15Fe8Co10Cu18Cr15,246.41672,CoCrCuFeMnMo,True
Ni5Mn15Fe24Cr18Co18,246.42645,CoCrFeMnNi,True
W13Fe17Cr22Cu9Mo5Ni19,246.42654,CrCuFeMoNiW,True
Co21Fe17Ni18Cr23Mn13,246.43689,CoCrFeMnNi,True
W7Mn16Fe23Cr23Co15Mo25,246.44562,CoCrFeMnMoW,True
Mo7Cr25Fe16Cu24W17Mn17,246.47049,CrCuFeMnMoW,True
Cr23Mo9W6Mn19Fe22,246.48157,CrFeMnMoW,True
Co5Mn10Cr12Cu14Fe17,246.48233,CoCrCuFeMn,True
Mo5Ni13Mn19Cu23Cr18Fe17,246.48434,CrCuFeMnMoNi,True
Co12Cr15Cu12Mn10Fe21,246.48572,CoCrCuFeMn,True
Cr17Mn10Cu18Mo12Co10Fe20,246.48709,CoCrCuFeMnMo,True
Mo13Cr22Co24W17Fe22,246.50302,CoCrFeMoW,True
Ni17Mo5Mn18Fe9Cr10W11,246.50833,CrFeMnMoNiW,True
W12Ni12Cr15Fe12Cu21Mo11,246.52887,CrCuFeMoNiW,True
Cu22Ni13Fe24Mo7Co24W9,246.53232,CoCuFeMoNiW,True
Co6Cu10Fe14Mn24Mo9,246.53683,CoCuFeMnMo,True
Mo24Mn17Fe20Ni5Cu22Cr5,246.53687,CrCuFeMnMoNi,True
Cu25W22Fe15Mo6Co17,246.53833,CoCuFeMoW,True
Fe25Mo19Cr25Cu5Co25Mn7,246.53848,CoCrCuFeMnMo,True
Mn12Cr21Ni21Co10Mo6W9,246.54108,CoCrMnMoNiW,True
Mn24Fe6Cu21Cr24Co23Ni15,246.55661,CoCrCuFeMnNi,True
W9Cr11Cu16Fe17Co16,246.57013,CoCrCuFeW,True
Ni20Cr19W11Mo10Mn19Co17,246.57486,CoCrMnMoNiW,True
Cu18Mo11Fe16Mn20Cr9W9,246.60294,CrCuFeMnMoW,True
Mo6Cr12Fe11Mn23Ni20W13,246.64734,CrFeMnMoNiW,True
Mo6Co16Mn15Cr11Fe20Cu10,246.68726,CoCrCuFeMnMo,True
Cr18Cu7Ni7Co6Mo18,246.68832,CoCrCuMoNi,True
Mo5Cr8Co19Fe12W9,246.7024,CoCrFeMoW,True
Mn18Ni20Cr18Co24Cu21,246.71347,CoCrCuMnNi,True
Cu21Mo12W19Co25Fe11,246.72626,CoCuFeMoW,True
Mn6Cu6Cr25Co11Fe15,246.74423,CoCrCuFeMn,True
W10Cu18Mo16Co24Ni24Cr18,246.76273,CoCrCuMoNiW,True
W16Co22Mn18Mo15Cr16Fe22,246.7815,CoCrFeMnMoW,True
Cr12W9Mo13Fe10Co15Cu13,246.78745,CoCrCuFeMoW,True
Mo22Co16W7Cu17Cr6Fe18,246.79034,CoCrCuFeMoW,True
Fe25Co22Mo15Ni25W23Cr24,246.7969,CoCrFeMoNiW,True
Fe20W5Cr8Ni8Mn21Co17,246.81244,CoCrFeMnNiW,True
Co7Cu12Mo13Ni5Cr18,246.81644,CoCrCuMoNi,True
Fe13W7Cu9Mo10Ni18,246.83026,CuFeMoNiW,True
Ni12Cr6W6Fe20Mn19Co14,246.83359,CoCrFeMnNiW,True
Ni24Mo20Cu19Fe13W11,246.84293,CuFeMoNiW,True
W9Co19Cr5Cu19Fe24,246.8439,CoCrCuFeW,True
Cu11Mo11W10Fe19Ni13Cr13,246.84927,CrCuFeMoNiW,True
Ni20Mo25Cu22Fe25W7,246.87198,CuFeMoNiW,True
Co15W6Fe23Cu25Mo21,246.90094,CoCuFeMoW,True
Mn18Mo5Cu17Cr13Ni13W8,246.9031,CrCuMnMoNiW,True
Fe20Ni12Cu6Mn19Co9,246.90347,CoCuFeMnNi,True
Cu14Mn22Ni23Cr16Mo16Fe13,246.92023,CrCuFeMnMoNi,True
Fe25Cr20Mn19Cu21Ni16,246.95941,CrCuFeMnNi,True
Ni13Co17Fe20Mo14W5,246.95972,CoFeMoNiW,True
Fe17Cu18W13Ni14Mo14,246.96057,CuFeMoNiW,True
Cr12Ni16Co25W24Cu24Mo5,246.97772,CoCrCuMoNiW,True
W12Cu24Mo25Fe23Co21,246.9841,CoCuFeMoW,True
Mo13Fe25Cr10Co12W9Ni21,246.98477,CoCrFeMoNiW,True
Fe18Cr17Cu23Mn24Mo24Ni16,246.99936,CrCuFeMnMoNi,True
Fe8Cr12Mo17Cu20Co14Ni24,247.01538,CoCrCuFeMoNi,True
Fe8Mn14Cr8Mo8Cu16Ni6,247.04251,CrCuFeMnMoNi,True
Cu23W8Fe5Ni20Mo11,247.07727,CuFeMoNiW,True
Mo11Cu7Mn18Cr15Fe6Ni24,247.10516,CrCuFeMnMoNi,True
Ni21Cr12Cu19W5Mo16,247.1088,CrCuMoNiW,True
Mo17Ni17Cr10Mn15Cu16Co18,247.1178,CoCrCuMnMoNi,True
Mn13Mo9Cr15Ni17Fe9W8,247.1318,CrFeMnMoNiW,True
Ni19Mo17W5Co17Cu17,247.13504,CoCuMoNiW,True
Mo15Mn9Fe20Cu22Co10Cr23,247.13672,CoCrCuFeMnMo,True
Mn21Cr21W9Co24Mo15Ni25,247.13858,CoCrMnMoNiW,True
Mo5Co11Cr14Mn24Cu21W9,247.15836,CoCrCuMnMoW,True
Cu9Mo12Mn21Co8Ni7,247.17316,CoCuMnMoNi,True
Cr23W8Co21Mo5Cu16,247.18002,CoCrCuMoW,True
Cu24Ni15Mn15Cr19Co6,247.22083,CoCrCuMnNi,True
Cu25Cr10Fe9Mn11Co12Ni23,247.23782,CoCrCuFeMnNi,True
Co11Fe19W6Cu17Mo17Cr7,247.25345,CoCrCuFeMoW,True
Fe12Co20Cr16Mn12Mo18W5,247.27841,CoCrFeMnMoW,True
W7Mn10Ni19Mo9Co23Cr11,247.28406,CoCrMnMoNiW,True
Co16Cu24Fe25Cr21Mn17,247.28815,CoCrCuFeMn,True
Co20Mo12Ni18Cr17W7Mn24,247.29391,CoCrMnMoNiW,True
Ni23Co22Mn16Mo9Fe20W6,247.32361,CoFeMnMoNiW,True
W7Ni22Cr21Co21Mo14Mn17,247.32385,CoCrMnMoNiW,True
Mo11Mn24Cr23Co5Fe15W6,247.3345,CoCrFeMnMoW,True
Ni15Mn19Mo7Fe22Cr7Cu11,247.34717,CrCuFeMnMoNi,True
Mo21Mn25Cr14Co21Fe15W7,247.3624,CoCrFeMnMoW,True
Cu18Fe18Mn16Cr24Ni22,247.36435,CrCuFeMnNi,True
Mo6Fe10Cr22Co23W7,247.366,CoCrFeMoW,True
Fe8Cr15Co13Cu6Mn6,247.37494,CoCrCuFeMn,True
Fe22W16Co19Mo10Cr24Mn5,247.38751,CoCrFeMnMoW,True
W11Co14Mo10Cu14Ni14,247.39243,CoCuMoNiW,True
Cr17Fe23Mn25W13Mo9Ni10,247.39642,CrFeMnMoNiW,True
Ni8Cu19Cr12Mo23Fe5Mn17,247.3999,CrCuFeMnMoNi,True
Co13Ni21Mo11Cu15W8,247.4172,CoCuMoNiW,True
W12Cu18Co22Mn21Cr16Mo5,247.41815,CoCrCuMnMoW,True
Ni10Mo22Fe22Mn8Cu10Cr10,247.42831,CrCuFeMnMoNi,True
W18Ni20Fe16Cu24Mo17,247.43503,CuFeMoNiW,True
Cu8Mn19Co15Fe22Cr15,247.43616,CoCrCuFeMn,True
Co8Fe5Mn21Cr10Cu24Mo18,247.44278,CoCrCuFeMnMo,True
Mn25Mo14Ni14W14Cr22Fe23,247.45523,CrFeMnMoNiW,True
Cu6Fe15Ni18Mn20Co11,247.45877,CoCuFeMnNi,True
Cr16Ni12Cu17Mo7W16Fe12,247.46198,CrCuFeMoNiW,True
Fe11Co15Cu23Ni11Mn22Cr13,247.47461,CoCrCuFeMnNi,True
Cr6Cu22Mo5W10Co15Ni13,247.48553,CoCrCuMoNiW,True
W11Cr19Mn24Cu24Mo16Fe17,247.48666,CrCuFeMnMoW,True
Mn21Fe9Cu18Mo25Cr11Co18,247.4903,CoCrCuFeMnMo,True
W17Fe19Co21Cr20Mo7,247.49115,CoCrFeMoW,True
Co17Fe5Cr6Mo19Cu8Ni13,247.49545,CoCrCuFeMoNi,True
Co5Mn25Ni13Fe10Mo13,247.51456,CoFeMnMoNi,True
Cu11Cr14Mo21Co19Mn13Fe23,247.52176,CoCrCuFeMnMo,True
Fe22Cr14W6Mn23Co17Mo24,247.5279,CoCrFeMnMoW,True
Ni7Fe10Mo21Mn11Cu23Cr22,247.52798,CrCuFeMnMoNi,True
Mn11Co19Cr21Mo5Cu11Fe19,247.5329,CoCrCuFeMnMo,True
Fe15Ni24Cu21Mo23W10,247.54062,CuFeMoNiW,True
Cr17Co22Mn12Ni8Cu17,247.5474,CoCrCuMnNi,True
Fe5Mo17Cu21Co15Cr23Mn18,247.54868,CoCrCuFeMnMo,True
Mo6Cu9W19Co24Cr19Fe20,247.55731,CoCrCuFeMoW,True
Fe10W9Cr18Ni15Cu13Co22,247.57562,CoCrCuFeNiW,True
Co17Ni14Cu19Mn16Cr14,247.58334,CoCrCuMnNi,True
W13Fe25Cu21Cr23Mo14,247.58804,CrCuFeMoW,True
Cr6Cu13Co21Fe15W6,247.61377,CoCrCuFeW,True
Fe11Mo6Co11W16Cr13Cu16,247.63235,CoCrCuFeMoW,True
Ni19Cu6Cr14Mn15Fe5Mo18,247.63593,CrCuFeMnMoNi,True
W6Cu19Cr13Fe13Ni24,247.65814,CrCuFeNiW,True
Cr23Co21Ni24W5Mo14,247.69382,CoCrMoNiW,True
Ni7Cr19Mn22Cu17Co13,247.70984,CoCrCuMnNi,True
Ni10Cu8Cr23Mo9Co17,247.71243,CoCrCuMoNi,True
Fe20Mn21Cr16Cu10Co8,247.71375,CoCrCuFeMn,True
W6Mo6Co10Fe25Ni19,247.72522,CoFeMoNiW,True
Cr25Fe17Cu14Mn14Co25,247.73395,CoCrCuFeMn,True
Mo10Mn9Cu11Cr17Ni13Fe14,247.73401,CrCuFeMnMoNi,True
Ni20Cr19Mn14Cu10Co25,247.74057,CoCrCuMnNi,True
Ni15Fe13W11Mn9Cr20Mo8,247.74545,CrFeMnMoNiW,True
Cr24Mn12Ni17Fe17Cu17,247.77557,CrCuFeMnNi,True
Mo7Fe11Mn19Ni13W5Cr5,247.78662,CrFeMnMoNiW,True
Mo9Ni21Co24Cr8Mn21Cu11,247.7926,CoCrCuMnMoNi,True
Cr12Co16Fe10Cu25Mo8W14,247.8035,CoCrCuFeMoW,True
Co16Cr24Fe5Mo23Cu15Mn8,247.83209,CoCrCuFeMnMo,True
Mo8W6Fe11Ni22Cr22,247.83328,CrFeMoNiW,True
Mn23Ni18Co18Fe13Cr25,247.83508,CoCrFeMnNi,True
Cu21W7Ni17Cr14Fe23,247.8435,CrCuFeNiW,True
Ni25Co16Mo19Fe20W9,247.84668,CoFeMoNiW,True
Ni20Cu12Fe9W5Mo11,247.85767,CuFeMoNiW,True
Fe25Mn22Cu7Ni15Cr19,247.8628,CrCuFeMnNi,True
Mn19Mo13Fe23Co13Cr7Cu16,247.87262,CoCrCuFeMnMo,True
Co18Mn14Fe14Cr15Cu11,247.87552,CoCrCuFeMn,True
Cu17Fe15Mo15Co22W16,247.8758,CoCuFeMoW,True
Co20W5Cr13Fe11Cu16,247.88242,CoCrCuFeW,True
Mn10Cu14Cr13Co13Mo24Ni24,247.89548,CoCrCuMnMoNi,True
W16Cr14Fe6Cu23Co25Mo9,247.92825,CoCrCuFeMoW,True
Cr25Co18Fe20Mo11W12,247.93478,CoCrFeMoW,True
Mn12Ni9Fe24Mo15Cu18Cr18,247.95935,CrCuFeMnMoNi,True
W15Co21Cr7Fe15Ni16Cu11,247.96646,CoCrCuFeNiW,True
Cr7Cu18Fe21Ni16Mo17W13,247.97522,CrCuFeMoNiW,True
Cr24Co25W10Fe22Ni12,247.99646,CoCrFeNiW,True
Cu12Fe11Co13Mn13Cr12,247.99747,CoCrCuFeMn,True
Co24Cr23W16Mo7Cu24,247.99844,CoCrCuMoW,True
Cr5Fe12Cu19Mo10Ni19W18,248.00153,CrCuFeMoNiW,True
Cu8Ni12Cr23Fe11Mn21,248.00677,CrCuFeMnNi,True
Cr16Ni19Mn9Co11Cu12,248.01572,CoCrCuMnNi,True
Fe25Cr7Co15Mo14W11Ni22,248.01788,CoCrFeMoNiW,True
Co22W6Cu20Cr25Fe23,248.01852,CoCrCuFeW,True
W9Cu23Mo8Fe21Mn16Cr6,248.02335,CrCuFeMnMoW,True
Cr6Mn14Cu13Co8Ni17Mo7,248.02518,CoCrCuMnMoNi,True
Mn15Cr19Fe25Ni22Co11,248.03131,CoCrFeMnNi,True
Cr21Mn10Ni18Co12Fe20,248.04102,CoCrFeMnNi,True
Mn25Co12Fe23Mo19W10Cr21,248.05542,CoCrFeMnMoW,True
Cr15Co12Mo5Mn12W10Fe8,248.08871,CoCrFeMnMoW,True
Fe18Cr12Co24Mo10Mn5W11,248.09738,CoCrFeMnMoW,True
Mn14Fe12W6Co12Mo14Cr25,248.09753,CoCrFeMnMoW,True
Co16Cr23Mo6Cu13Ni6,248.10217,CoCrCuMoNi,True
Mn23W24Co25Fe20Mo5Cr19,248.1077,CoCrFeMnMoW,True
Mo8Cr22Fe13W9Cu11Co21,248.11722,CoCrCuFeMoW,True
Cu13Fe24Mn12Mo17Ni14Cr18,248.12543,CrCuFeMnMoNi,True
W5Fe24Ni21Mn12Co16Mo6,248.13342,CoFeMnMoNiW,True
Cr13Co20W6Mn22Fe23Ni19,248.14075,CoCrFeMnNiW,True
Co22Cr16W11Mo17Fe21,248.15475,CoCrFeMoW,True
Cu18Ni18Co9Mn15Cr13,248.15668,CoCrCuMnNi,True
W15Mo9Cr15Fe19Co22,248.16861,CoCrFeMoW,True
W10Cu12Fe14Cr5Mo6Ni7,248.17642,CrCuFeMoNiW,True
Cu18Mo19Fe21Cr25Ni15Mn12,248.19492,CrCuFeMnMoNi,True
Cu19Mn12Mo25Fe14Cr20Co14,248.2084,CoCrCuFeMnMo,True
Ni18Cu20Mo20W10Fe25,248.2121,CuFeMoNiW,True
Cr22Ni21Fe18W6Co9,248.21552,CoCrFeNiW,True
Cr6Fe19Co17Ni18Cu23Mn13,248.24762,CoCrCuFeMnNi,True
Cr13W6Mn22Mo22Fe23Co15,248.24878,CoCrFeMnMoW,True
Ni25Mn25Cu9Cr25Fe18,248.25638,CrCuFeMnNi,True
Mn12Cr13Fe22Ni10Co9,248.26074,CoCrFeMnNi,True
Cu21Ni16Cr12Fe10W12Mo11,248.26447,CrCuFeMoNiW,True
Co17Fe25Mo15W5Ni17,248.2862,CoFeMoNiW,True
Cu11Mn20Fe12Ni13Cr17,248.2966,CrCuFeMnNi,True
Mo5Cu23W6Cr23Ni12Mn11,248.31711,CrCuMnMoNiW,True
Ni12Fe21Co21Cr25Mn12,248.32474,CoCrFeMnNi,True
W7Co9Ni17Fe25Cr18Cu18,248.32492,CoCrCuFeNiW,True
Cr17Co9Fe23Cu21Mn11Mo20,248.34085,CoCrCuFeMnMo,True
Ni14Cr5Co9Cu19Fe14W9,248.35492,CoCrCuFeNiW,True
Fe13W8Mo9Cu23Ni22Co19,248.38962,CoCuFeMoNiW,True
W14Cr10Cu18Ni21Fe10Mo12,248.39899,CrCuFeMoNiW,True
Cr23Cu23Fe20Mo19Co6Mn6,248.39944,CoCrCuFeMnMo,True
Co21W5Fe20Cr18Ni7,248.42645,CoCrFeNiW,True
Fe12Ni17W13Co22Cr12,248.45041,CoCrFeNiW,True
Ni9Cr13Mn10Fe6Co10,248.4603,CoCrFeMnNi,True
Fe10Mn5Ni12Cr10Mo20Co11,248.46237,CoCrFeMnMoNi,True
Ni17Co20W16Fe22Cr17,248.47604,CoCrFeNiW,True
Fe16Co11W10Cr19Ni16Cu23,248.49194,CoCrCuFeNiW,True
W6Mn15Cr23Fe25Mo7,248.501,CrFeMnMoW,True
Cr11Mo5Mn6Fe24Ni11W10,248.50876,CrFeMnMoNiW,True
W12Fe16Mn7Mo6Co13Cr13,248.5108,CoCrFeMnMoW,True
Fe12Co11Cr15Cu10Ni21W5,248.51672,CoCrCuFeNiW,True
Mo6W18Cu20Fe25Cr6Ni12,248.52689,CrCuFeMoNiW,True
Fe21Cu15Mo7W10Cr8,248.53006,CrCuFeMoW,True
Cr24Ni23Mn13Cu20Co22,248.53827,CoCrCuMnNi,True
Mo21Cu11Ni7Cr7Mn11Co24,248.57175,CoCrCuMnMoNi,True
W12Ni15Cu20Fe23Cr5Co11,248.57184,CoCrCuFeNiW,True
Co22Cu15Ni9Fe14Cr17W5,248.5748,CoCrCuFeNiW,True
Mo5Co14Mn12Ni13Cu7Cr6,248.57492,CoCrCuMnMoNi,True
Mo14Mn23Ni7W5Fe21Cr18,248.58261,CrFeMnMoNiW,True
Cr19Ni7Co5Mn18Fe21,248.5911,CoCrFeMnNi,True
Ni21Cu23Cr21Mn16Co22,248.59268,CoCrCuMnNi,True
Co9Fe5W8Cu10Mo5,248.61288,CoCuFeMoW,True
W9Mo13Cu20Cr17Ni25,248.62091,CrCuMoNiW,True
Co16Fe9Cu18Mn6Ni17,248.62375,CoCuFeMnNi,True
Fe23Co16W5Ni18Mo16,248.63605,CoFeMoNiW,True
Fe13Co12Cr18Cu9Mn21,248.63617,CoCrCuFeMn,True
Fe22Mo6W18Mn18Cu22Cr19,248.63974,CrCuFeMnMoW,True
Co14Cu23Cr17Mo14Fe6Ni11,248.64185,CoCrCuFeMoNi,True
Fe12Co21W10Cr17Ni15,248.64767,CoCrFeNiW,True
Ni19Fe22Mo5W14Cu11,248.66098,CuFeMoNiW,True
Fe24Cr7W21Co24Ni23,248.69986,CoCrFeNiW,True
Ni9Cu10Cr19Co15W8Fe16,248.70001,CoCrCuFeNiW,True
Fe18Cu11Mo13W5Ni15Cr5,248.72491,CrCuFeMoNiW,True
Cr11Mo14Mn22Co12Fe16Cu25,248.73865,CoCrCuFeMnMo,True
Co12Fe13Mn9Cu16Cr20,248.73883,CoCrCuFeMn,True
Mn20Cr15Cu9Co10Ni19,248.73935,CoCrCuMnNi,True
Co14Fe16Mn21Ni7Cu15,248.75415,CoCuFeMnNi,True
Co15W5Cr24Ni11Mo6Mn14,248.77795,CoCrMnMoNiW,True
Fe20Ni6Cr9Co19Cu15W8,248.7897,CoCrCuFeNiW,True
Mn21Fe23Ni13Cr21Cu23,248.79315,CrCuFeMnNi,True
Ni11Mn9Mo7Co23Cu22Fe5,248.79495,CoCuFeMnMoNi,True
Cu12Fe10Ni9W7Co12Cr18,248.84918,CoCrCuFeNiW,True
Co8Mo9Cr23Fe5Cu8,248.85138,CoCrCuFeMo,True
Ni20W5Mn11Mo9Cr22Fe6,248.85577,CrFeMnMoNiW,True
Ni20Fe12Mo11W14Co16,248.86768,CoFeMoNiW,True
Fe5Ni18Cu24Co17Mn18Cr22,248.87149,CoCrCuFeMnNi,True
Fe10Mn15Cr13Cu10Ni12,248.87265,CrCuFeMnNi,True
Ni17Cr9Mo8Co18Fe7W10,248.87979,CoCrFeMoNiW,True
Fe19W12Ni18Cr15Cu21Mo19,248.89664,CrCuFeMoNiW,True
Ni23Co8Mn20Fe9Mo15Cr7,248.91434,CoCrFeMnMoNi,True
Cu16Fe24W12Mo7Cr19,248.92151,CrCuFeMoW,True
Mn19Ni20Cr17Fe17Mo12W12,248.94147,CrFeMnMoNiW,True
Co12Cu19Fe15Ni13Mn6Cr5,248.95859,CoCrCuFeMnNi,True
Ni6Mn18Cr12Mo22Cu24Fe15,248.97076,CrCuFeMnMoNi,True
Cu24Ni20Cr19W13Co20Fe12,248.97845,CoCrCuFeNiW,True
Co19Cu16Mo17W9Fe24,248.97849,CoCuFeMoW,True
Cr24W9Ni20Co13Fe17,248.98395,CoCrFeNiW,True
Mo11Co20Fe24Mn20Cr18Ni18,248.99976,CoCrFeMnMoNi,True
Mo8Fe12W6Cr6Mn22Cu15,249.00507,CrCuFeMnMoW,True
W25Co25Mo5Ni24Fe22Cu20,249.00839,CoCuFeMoNiW,True
Cr6Ni14Cu15Fe24Co12W12,249.01697,CoCrCuFeNiW,True
Cr20Fe19Cu23W8Co19,249.03214,CoCrCuFeW,True
Cr9Fe17Ni13Cu16Co14Mn21,249.0481,CoCrCuFeMnNi,True
Fe9Mo13Cr16Mn17Cu14Ni15,249.04926,CrCuFeMnMoNi,True
Cr17Cu13Mo16Mn24Fe21W7,249.06802,CrCuFeMnMoW,True
Ni5Cr24Mo20Co6Cu14,249.0733,CoCrCuMoNi,True
Co13Ni11Cu24Fe24Cr9W5,249.07376,CoCrCuFeNiW,True
Fe9Mo7Cr8Ni13W5,249.0751,CrFeMoNiW,True
Ni24W7Cu23Cr21Co18Mo12,249.10892,CoCrCuMoNiW,True
Fe17Cr16Mo17Co20W11Ni21,249.11234,CoCrFeMoNiW,True
Co12Mo5Cr5Fe15W7,249.11835,CoCrFeMoW,True
Cr21Fe6Co15Mn11Mo11Ni13,249.12048,CoCrFeMnMoNi,True
Cu18Cr21Co15W18Ni21Fe22,249.1221,CoCrCuFeNiW,True
Mo5Ni17Cr24Co16Mn12Fe15,249.12744,CoCrFeMnMoNi,True
Cu17W10Mo10Cr22Fe18,249.13596,CrCuFeMoW,True
Co17W20Mo6Fe21Ni18Cr19,249.1488,CoCrFeMoNiW,True
Ni16Mn11Cu6Cr16Fe17,249.15881,CrCuFeMnNi,True
W6Mn24Fe15Mo14Cu13Cr14,249.16693,CrCuFeMnMoW,True
W6Cr10Fe18Cu16Ni15,249.17496,CrCuFeNiW,True
Co25Cr13Fe14Ni18W14,249.18231,CoCrFeNiW,True
Co15Mn23Cu23Cr20Fe17,249.21265,CoCrCuFeMn,True
Co24Cu13Ni6Fe19Mn22,249.23425,CoCuFeMnNi,True
Co18Mo8Cu24Cr24Fe10W13,249.25928,CoCrCuFeMoW,True
Ni19Cu20Fe17Cr9W8,249.26361,CrCuFeNiW,True
Cr12Fe17Cu6Ni17Co14W5,249.26923,CoCrCuFeNiW,True
W12Cu18Mo15Fe18Ni15,249.27258,CuFeMoNiW,True
Mo7W6Cr7Cu11Fe10,249.28494,CrCuFeMoW,True
Fe25Ni18W9Cu24Cr7Co10,249.28546,CoCrCuFeNiW,True
Cu15Mo7Co22Fe11W16,249.31406,CoCuFeMoW,True
Mo16W6Cu19Cr22Fe18,249.34189,CrCuFeMoW,True
W10Cu21Fe5Co23Mo9,249.37051,CoCuFeMoW,True
W15Cu25Mo5Cr19Ni21,249.40045,CrCuMoNiW,True
Ni19Mo6Fe11W9Cr16,249.40714,CrFeMoNiW,True
Co14Cr9Ni17Mo9Fe25W9,249.42218,CoCrFeMoNiW,True
Mo5W10Fe5Cu20Co24,249.50034,CoCuFeMoW,True
W17Fe22Co16Ni24Cr11,249.53726,CoCrFeNiW,True
Cr20Fe22Mn9Ni19Mo12W12,249.53934,CrFeMnMoNiW,True
Co15Mo17W11Mn16Fe23Cr20,249.54156,CoCrFeMnMoW,True
Cu17Ni15W17Cr14Fe25Co18,249.54877,CoCrCuFeNiW,True
Co17Mo10Cu14Fe15W15,249.55856,CoCuFeMoW,True
Ni22Co6Cu20Fe21Mn5,249.56723,CoCuFeMnNi,True
Ni9Mn18Cu25Cr18Co10,249.5708,CoCrCuMnNi,True
Ni23Cr15Mn13Fe7Cu25Co19,249.6091,CoCrCuFeMnNi,True
Mo13Cr24Ni20Cu24W22Fe20,249.61365,CrCuFeMoNiW,True
Cr23Mo12Ni25Fe12Co10Mn16,249.61905,CoCrFeMnMoNi,True
Fe24Mo6Mn16Cu7Cr13Ni17,249.62344,CrCuFeMnMoNi,True
Cr21Ni22Mo6Fe23Co19W24,249.65881,CoCrFeMoNiW,True
Cu10Co13Mn20Fe14Cr15,249.66699,CoCrCuFeMn,True
Fe11Mo10Cu16Co18W15,249.70038,CoCuFeMoW,True
Mo12Cu15Fe24Co25W17,249.71362,CoCuFeMoW,True
Ni7Mn6Fe18Co21Cu24,249.71698,CoCuFeMnNi,True
Ni19Co6Mo24Fe6Cu5Cr25,249.71967,CoCrCuFeMoNi,True
Fe18W15Mo11Ni16Co18,249.73615,CoFeMoNiW,True
Fe24Mn9Cu9Cr17Ni13Mo19,249.76224,CrCuFeMnMoNi,True
Cr22Mo7W6Cu17Co18,249.79144,CoCrCuMoW,True
Fe24Cu22Mn22Ni5Cr5Mo17,249.81241,CrCuFeMnMoNi,True
Cr14Fe6Mn14Ni22Cu14Co11,249.82086,CoCrCuFeMnNi,True
Co20Cr18Mo12W7Fe8Cu23,249.82153,CoCrCuFeMoW,True
Cr24Mo12Fe11Mn16Ni22Cu12,249.82208,CrCuFeMnMoNi,True
Co20Mn16Ni6Fe13Cu7,249.83011,CoCuFeMnNi,True
Cr11Fe16Ni8Mn8Cu5,249.85446,CrCuFeMnNi,True
Cr23Co19Ni23Fe20W15,249.86545,CoCrFeNiW,True
Cu11Mn21Fe24Cr18Co20,249.87628,CoCrCuFeMn,True
Cr23Fe23Mn14Mo20Ni15Cu18,249.8829,CrCuFeMnMoNi,True
Ni18Fe23Mo15Cu22W9Co25,249.91278,CoCuFeMoNiW,True
Ni16Mo24Fe11Mn21Cr23Cu20,249.92142,CrCuFeMnMoNi,True
Fe22W5Mo22Cr10Cu22,249.96176,CrCuFeMoW,True
Mn9Co6Ni23Cu12Cr22,249.96829,CoCrCuMnNi,True
Mn23Ni20Cr20Cu12Fe16,249.97464,CrCuFeMnNi,True
W5Mn12Ni18Cr14Cu17Mo6,249.98071,CrCuMnMoNiW,True
Ni21Fe14Co7Mn14Cr16,250.0,CoCrFeMnNi,True
Co11Cr21Mn18Fe11Cu18,250.00275,CoCrCuFeMn,True
Cu22Fe18Co25Cr20W7,250.04727,CoCrCuFeW,True
Cr23Fe25Mn6Cu6Ni14Mo8,250.05688,CrCuFeMnMoNi,True
Cr7Co8Mn7Fe7Cu5,250.0632,CoCrCuFeMn,True
Cr13Mo25Ni11Fe6Mn20Co20,250.06775,CoCrFeMnMoNi,True
Ni22Co14Fe12Cr10W11,250.08566,CoCrFeNiW,True
Cr18Co19W8Cu23Fe25,250.09421,CoCrCuFeW,True
Mn12Cr8W8Mo5Fe9Co23,250.10406,CoCrFeMnMoW,True
Co11Cu22Cr16Mo18Mn7Ni12,250.1593,CoCrCuMnMoNi,True
Mo11Co8Mn11Ni20Cr16Cu21,250.185,CoCrCuMnMoNi,True
Cr18Co24Mo11W8Mn25Ni22,250.18921,CoCrMnMoNiW,True
Mn10Mo20Cr24Ni18Cu11Fe25,250.2334,CrCuFeMnMoNi,True
Cu9Mo7W10Fe17Co13Cr15,250.24405,CoCrCuFeMoW,True
Cu15Cr17Mn8Mo17Co13Ni22,250.25104,CoCrCuMnMoNi,True
Cr25W8Mo16Fe19Cu20Ni22,250.26797,CrCuFeMoNiW,True
Cu17Ni17Cr19Mn7Co7,250.30215,CoCrCuMnNi,True
Co22Mo10W9Cr14Fe14,250.34183,CoCrFeMoW,True
Ni22Fe22Mo19Mn10Cr22Co9,250.34543,CoCrFeMnMoNi,True
W14Mo11Cr13Fe25Cu22,250.3471,CrCuFeMoW,True
Fe24Cr21W12Mo7Co16,250.35617,CoCrFeMoW,True
Cr10Ni21Mo15W6Fe24,250.366,CrFeMoNiW,True
Cr11W9Co13Ni24Mo8Cu24,250.3765,CoCrCuMoNiW,True
Mn17Fe23Cr7Co16Cu19Ni7,250.38632,CoCrCuFeMnNi,True
Mn23Fe24Cr7Mo18Cu20Ni11,250.4046,CrCuFeMnMoNi,True
Co11Fe23Cr20Ni15Mo16Mn9,250.42825,CoCrFeMnMoNi,True
Co21Cu25W10Mo15Fe9,250.42926,CoCuFeMoW,True
Cr10Fe7Ni21Co9Mo15Cu13,250.42972,CoCrCuFeMoNi,True
W9Fe11Cr23Ni15Cu18Co20,250.46045,CoCrCuFeNiW,True
Co14Cu6Cr8Mo5Fe15Ni25,250.46924,CoCrCuFeMoNi,True
Cu10Mn24Fe11Co8Mo7,250.4885,CoCuFeMnMo,True
Fe15Mo8Cr11Co25W9,250.4932,CoCrFeMoW,True
Mo11Ni16Cr12Cu20Co17W6,250.51007,CoCrCuMoNiW,True
Ni24Co25Fe15Cr19W14,250.5108,CoCrFeNiW,True
Fe21Mn16Mo12Cr11Cu13Co14,250.52386,CoCrCuFeMnMo,True
Ni5Mo8Fe11Mn19Cu6,250.54224,CuFeMnMoNi,True
Cr18Co21Fe25Ni8Mo19Mn13,250.54758,CoCrFeMnMoNi,True
Mo17Cu24Fe16W12Ni17,250.55908,CuFeMoNiW,True
Cr15Ni11Co17Fe16Mn16,250.56976,CoCrFeMnNi,True
Mn11Ni9Cu19Mo24Cr22Fe6,250.61984,CrCuFeMnMoNi,True
Ni14Co17Fe25Cr21Mn14,250.63928,CoCrFeMnNi,True
Co21W17Cu19Cr12Fe18Mo16,250.67288,CoCrCuFeMoW,True
Mo9W15Co18Ni19Fe17Cr20,250.67688,CoCrFeMoNiW,True
Mn11Cr25Co15Fe17Cu18,250.68811,CoCrCuFeMn,True
W13Mo10Fe23Cu22Ni12,250.70944,CuFeMoNiW,True
Fe16Cu19Mn23Cr23Co21,250.71268,CoCrCuFeMn,True
Mo23Cr24Mn6Co19Ni10Fe19,250.72986,CoCrFeMnMoNi,True
Fe21Mn7Ni25Cu7Co7,250.73221,CoCuFeMnNi,True
Mn21Fe17Co14Cr17Ni18,250.73245,CoCrFeMnNi,True
Mo5Co11Cr21W5Ni21Mn5,250.74435,CoCrMnMoNiW,True
Fe25Cu11Ni15Cr17Mn15,250.76187,CrCuFeMnNi,True
Mn16Cr21Fe21Cu14Co22,250.76486,CoCrCuFeMn,True
Cu9Cr13Fe21Co11Mn15,250.76566,CoCrCuFeMn,True
Mn17Co19Fe10Cr24Cu10,250.77036,CoCrCuFeMn,True
Fe24Cu10Mo23Mn19Ni17Cr7,250.78186,CrCuFeMnMoNi,True
Fe24Ni21Cu9Cr22Mn22,250.78915,CrCuFeMnNi,True
Mn23Fe22Co12Cu15Cr17,250.82556,CoCrCuFeMn,True
Co11Mo6Cu5Mn21Fe7,250.83987,CoCuFeMnMo,True
Co19Cu5Fe19Mn12Ni9Cr6,250.8498,CoCrCuFeMnNi,True
Cu25Mn17Co7Ni24Cr23,250.86475,CoCrCuMnNi,True
Fe17W12Cr9Co15Ni13,250.89355,CoCrFeNiW,True
Fe16Ni19Mn13Cr17Co15Mo25,250.91885,CoCrFeMnMoNi,True
Mn15Cr10Mo16Ni11Cu10Fe23,250.92291,CrCuFeMnMoNi,True
Cu24Ni21W5Fe15Mo22,250.92337,CuFeMoNiW,True
Cu19Fe24Ni21Mo15W19Cr15,250.92337,CrCuFeMoNiW,True
Mo13Cu16Ni19Cr20W15Fe23,250.92407,CrCuFeMoNiW,True
Cu21Co15Ni9Cr6Mo25Mn16,250.93582,CoCrCuMnMoNi,True
Cr23Ni20Co10Fe25Mn12,250.93875,CoCrFeMnNi,True
W10Fe13Mo7Cr23Co22,250.94763,CoCrFeMoW,True
Fe17Cu24Co23Cr9W11,250.98813,CoCrCuFeW,True
Ni21Cu24Co7Mn23Cr22,251.01227,CoCrCuMnNi,True
Mo10Fe12Cu12Mn25Co25Cr6,251.01804,CoCrCuFeMnMo,True
Mo13Fe20Ni19W10Cr12Co14,251.0325,CoCrFeMoNiW,True
Cu22Ni24W11Mo10Cr6,251.04758,CrCuMoNiW,True
Cu7Co18Cr14Ni18W9Fe18,251.05423,CoCrCuFeNiW,True
Mo11Ni18W13Cu16Co21,251.06918,CoCuMoNiW,True
Co7Mo21Mn12Fe19Ni18Cr8,251.07556,CoCrFeMnMoNi,True
Fe6Mn15Cu5Mo18Ni25Cr22,251.08282,CrCuFeMnMoNi,True
Cu23Co18Fe25Mo14W19,251.09271,CoCuFeMoW,True
Ni8Cr23Fe24Cu16Mn25,251.11523,CrCuFeMnNi,True
Cr15Ni14Fe14Co12Mn10,251.14133,CoCrFeMnNi,True
Fe10Mn19Ni10Co25Cu22,251.15701,CoCuFeMnNi,True
Cr23Mn9Fe14Cu5Mo15Ni22,251.16815,CrCuFeMnMoNi,True
Cr13Ni6Fe16Mn15Co13,251.23917,CoCrFeMnNi,True
Cr23Ni8Mn25Cu20Co16,251.2641,CoCrCuMnNi,True
W7Fe19Co20Cu20Mo21,251.27505,CoCuFeMoW,True
W20Cr19Mo9Fe13Ni25Co25,251.28186,CoCrFeMoNiW,True
Ni8Co25Cu18Cr21Mn15,251.28787,CoCrCuMnNi,True
Mn19Ni10Cu13Co5Cr21,251.29153,CoCrCuMnNi,True
W12Fe25Co23Mo14Cr14,251.29965,CoCrFeMoW,True
Cu19Mo7Fe13W18Ni17,251.31049,CuFeMoNiW,True
Cu25W11Mo18Cr15Fe21,251.33679,CrCuFeMoW,True
Ni16Cr15Co8Fe9Mn11,251.35364,CoCrFeMnNi,True
Mo5Fe15W20Ni19Co18,251.39679,CoFeMoNiW,True
Mn17Fe25W10Cu22Mo15Cr20,251.40314,CrCuFeMnMoW,True
Cu22Fe17Co7Mn13Cr23,251.41122,CoCrCuFeMn,True
Mo18Cu24Fe15W18Ni25,251.45099,CuFeMoNiW,True
Cr5Co11Mn23Ni20Fe22Mo11,251.452,CoCrFeMnMoNi,True
Mn20Ni17Cr11Cu8Fe25Co6,251.45294,CoCrCuFeMnNi,True
Cr23Fe22W10Ni14Co23,251.4544,CoCrFeNiW,True
Mn8Cr22Ni17Mo14Co10Fe11,251.4636,CoCrFeMnMoNi,True
Cu9Co19Fe23Cr8Mo8W8,251.47864,CoCrCuFeMoW,True
Mn13Cr11Cu11Fe19Mo7Co10,251.4813,CoCrCuFeMnMo,True
Fe14Co18Mn20Mo8Cr22W14,251.48819,CoCrFeMnMoW,True
Ni22Mn12Cu23Cr23Mo7W6,251.49841,CrCuMnMoNiW,True
Cr25Fe11Mo15Co20Mn24Cu24,251.50974,CoCrCuFeMnMo,True
Cu5Mo20Co7Ni8Cr21,251.51935,CoCrCuMoNi,True
Ni9Fe19Co20Cr11W8,251.52524,CoCrFeNiW,True
Cu9Co13Cr10Mo18Mn11Ni19,251.52603,CoCrCuMnMoNi,True
Mo24Mn9Fe10Co10Cu21Cr23,251.53714,CoCrCuFeMnMo,True
Cu12Co17Ni8Cr24Mn6,251.5411,CoCrCuMnNi,True
Ni15Co9Mn25Cr22Cu20,251.55545,CoCrCuMnNi,True
W8Cr18Co21Ni23Fe11,251.57837,CoCrFeNiW,True
W14Cr10Fe13Co17Cu14Ni23,251.58292,CoCrCuFeNiW,True
Mo5Co12W9Cr14Fe17,251.59329,CoCrFeMoW,True
Cr11Cu12Fe23Mo10W6Mn16,251.60544,CrCuFeMnMoW,True
Fe7Co19Mn14Ni14Cu15,251.65952,CoCuFeMnNi,True
Fe18Mo13W11Cr24Co23,251.66031,CoCrFeMoW,True
Mn8Mo21Cr20Ni11Fe17Co16,251.73944,CoCrFeMnMoNi,True
W7Cu21Cr9Fe15Ni18,251.74063,CrCuFeNiW,True
Fe5Ni21Co18Cr20Cu11Mn17,251.74118,CoCrCuFeMnNi,True
Cu24Cr11Mo11W14Fe24,251.75143,CrCuFeMoW,True
Mn7Cr25Cu6Fe16Mo9Co20,251.77182,CoCrCuFeMnMo,True
W8Fe14Mo11Cr16Mn7Co21,251.77353,CoCrFeMnMoW,True
Cu12Fe18Ni7Mn12Cr11Mo10,251.80026,CrCuFeMnMoNi,True
Mn23Co9Fe15Ni12Cr25,251.80835,CoCrFeMnNi,True
Ni21W16Cr22Fe15Mo13Cu23,251.81863,CrCuFeMoNiW,True
W10Ni18Fe15Cu17Mo16,251.84143,CuFeMoNiW,True
Ni5Cr25Co19Mn7Cu12,251.8501,CoCrCuMnNi,True
Cr9W7Cu20Ni11Co16Fe11,251.87152,CoCrCuFeNiW,True
Ni17Cr17W13Fe19Co18,251.87244,CoCrFeNiW,True
Cu11Mo22Ni20Mn21Cr14Fe11,251.91504,CrCuFeMnMoNi,True
Co8Cr13Mn12Ni6Cu24Mo6,251.93466,CoCrCuMnMoNi,True
Cr9Fe12Ni13Co21Cu24Mn6,251.94647,CoCrCuFeMnNi,True
W5Cu15Mo12Fe25Mn10Cr13,251.95096,CrCuFeMnMoW,True
Fe24Ni19Cu20Cr7Mn20Co15,251.98184,CoCrCuFeMnNi,True
Co25Mn20Cr23Fe20Ni9,251.9877,CoCrFeMnNi,True
Mn20Fe13Ni21Cr24Co13,252.01196,CoCrFeMnNi,True
Cr13Fe25Mo18W6Ni24,252.01727,CrFeMoNiW,True
Cr8Mo7Co23W9Mn12Fe14,252.01758,CoCrFeMnMoW,True
W5Fe18Cr22Co24Mo18,252.02716,CoCrFeMoW,True
Cr13W14Ni23Co18Mo11Cu20,252.05963,CoCrCuMoNiW,True
Cu14Cr9W5Fe24Co13Ni10,252.07312,CoCrCuFeNiW,True
Co19Fe25Mn14Cu15Cr23,252.07507,CoCrCuFeMn,True
Fe18W24Co17Cu22Mo7Cr16,252.07562,CoCrCuFeMoW,True
Cu20Co19Fe12Cr8W10Ni11,252.08167,CoCrCuFeNiW,True
Mo10Mn12Ni20Fe20Cu7Cr22,252.13257,CrCuFeMnMoNi,True
Mn9Ni15Cr21Fe19Co10,252.1467,CoCrFeMnNi,True
Co22Ni17Cr25W7Fe15,252.14932,CoCrFeNiW,True
Cu19Cr23Ni18Mo21Fe17Mn22,252.16168,CrCuFeMnMoNi,True
W9Fe12Co21Cu13Cr21Ni19,252.16345,CoCrCuFeNiW,True
Cu21W13Co19Cr18Mo5Ni17,252.16492,CoCrCuMoNiW,True
Fe15Cu16Mn22Cr25Ni21,252.17813,CrCuFeMnNi,True
Co6Mn17Ni24Cu22Cr22,252.18964,CoCrCuMnNi,True
Cu17W15Ni24Co17Fe15Cr19,252.21646,CoCrCuFeNiW,True
Co20W15Fe16Mo15Ni24,252.22223,CoFeMoNiW,True
Cu24Ni23Fe22Mo20W16,252.23242,CuFeMoNiW,True
Ni22Mo10Cr18Co23W22Fe19,252.24728,CoCrFeMoNiW,True
Fe10Ni22Mn10Mo10Cr14W5,252.2605,CrFeMnMoNiW,True
Mo5W20Fe22Co18Cr22Mn21,252.28424,CoCrFeMnMoW,True
Mn13Cu9Fe22Co5Cr15,252.29504,CoCrCuFeMn,True
Fe22Cu14Cr23W6Mo7,252.29523,CrCuFeMoW,True
Ni16Co12W10Mo6Fe21,252.32013,CoFeMoNiW,True
Fe21Cr12W8Mo14Ni23Mn20,252.32285,CrFeMnMoNiW,True
Cu8Mo15Co16Mn6Cr18Ni20,252.33832,CoCrCuMnMoNi,True
Fe17Cr12W15Ni18Co22,252.34064,CoCrFeNiW,True
Fe19Mo18Mn19Cr18Cu18Co17,252.3424,CoCrCuFeMnMo,True
Fe13Cr17Ni16Mn17Cu11,252.36163,CrCuFeMnNi,True
Co16Fe17Ni12Cr5W11,252.36206,CoCrFeNiW,True
Fe9Cu8Ni16Mn17Cr24,252.36234,CrCuFeMnNi,True
Mo21Ni6Co20Mn7Cr6Fe6,252.38162,CoCrFeMnMoNi,True
Cu11Fe25Ni16Cr23Mn11Mo19,252.38232,CrCuFeMnMoNi,True
Mo9Co16Cr8W7Fe21,252.41306,CoCrFeMoW,True
Ni20Co24Fe15W12Cr17Mo13,252.4206,CoCrFeMoNiW,True
Co16Cr14Cu9Mn14Ni19,252.43259,CoCrCuMnNi,True
W5Mo17Ni22Cu18Co22,252.45853,CoCuMoNiW,True
Cu25Co20Ni24Fe10Cr18Mo13,252.47003,CoCrCuFeMoNi,True
Ni12Cu25Mo9Cr20Fe18W11,252.48251,CrCuFeMoNiW,True
Mn22W13Co24Mo7Cr23Ni25,252.5055,CoCrMnMoNiW,True
W6Co20Ni11Fe13Cr18,252.54333,CoCrFeNiW,True
Ni15Mo8Cr25Fe5Cu14Mn10,252.5603,CrCuFeMnMoNi,True
Fe25Cr23Co15W7Mo19Mn16,252.5776,CoCrFeMnMoW,True
Fe18Cr19Ni18Co13W9,252.5776,CoCrFeNiW,True
Cu19Co22Mo21Mn13Cr12Ni6,252.58304,CoCrCuMnMoNi,True
Fe11Mn23Co19Mo23Cr18Cu18,252.59363,CoCrCuFeMnMo,True
Mn21Fe21Co14Mo24Cu24Cr19,252.63806,CoCrCuFeMnMo,True
Mo11W7Cr19Ni17Fe17,252.63947,CrFeMoNiW,True
Mn12Ni7Cu23Co5Fe22,252.64102,CoCuFeMnNi,True
Cr17Co13W7Fe16Cu19Mo13,252.65353,CoCrCuFeMoW,True
Co5Cr20Cu15Fe25Mn18,252.67175,CoCrCuFeMn,True
Cr11Co6Fe16Ni7Mn5Cu24,252.6785,CoCrCuFeMnNi,True
Co24W16Cr25Fe25Ni24,252.707,CoCrFeNiW,True
Cr18Mn23Co13Cu18Fe22,252.71661,CoCrCuFeMn,True
Fe14Ni15Cr16Co18W10,252.73187,CoCrFeNiW,True
Mo8Co24Mn24W15Cr9Fe24,252.75949,CoCrFeMnMoW,True
Co17Mn13Cu23Fe9Ni10,252.76382,CoCuFeMnNi,True
Mo12Cr16Fe16W9Co22Ni15,252.79263,CoCrFeMoNiW,True
Cu21Ni21W19Co19Mo7,252.7962,CoCuMoNiW,True
Co23Fe24W23Cr13Cu17Ni25,252.84442,CoCrCuFeNiW,True
Ni14Cr24Co24Mn7Cu25Fe6,252.85736,CoCrCuFeMnNi,True
Co17Cr15Ni17Cu15Mn14,252.8909,CoCrCuMnNi,True
W13Cu16Co22Mo16Fe24Cr10,252.89273,CoCrCuFeMoW,True
Ni18Mn7Cu9Fe8Co17,252.92218,CoCuFeMnNi,True
Cu22Cr21Mo5Ni20W11,252.92963,CrCuMoNiW,True
Co22Cr21Fe18Ni21Mn25Mo20,252.94308,CoCrFeMnMoNi,True
Cr20Co20Fe21Cu16Mn23,252.96063,CoCrCuFeMn,True
Mn24W7Fe17Mo8Cu20Cr7,252.96152,CrCuFeMnMoW,True
Mo5Fe5Cr6Ni10Co20Mn21,252.98315,CoCrFeMnMoNi,True
Fe8Mn17Co18Ni17Cu12,252.98792,CoCuFeMnNi,True
Cr24Co18Mn16Fe17Ni22,253.00195,CoCrFeMnNi,True
Cr10Fe13W6Cu15Co16,253.00345,CoCrCuFeW,True
Cu7Fe24Mn10Cr19Co10,253.02936,CoCrCuFeMn,True
Mo10Co21Cu18W8Cr13,253.05121,CoCrCuMoW,True
Cr24Cu8Co6Mn6Ni18,253.0589,CoCrCuMnNi,True
W11Cr13Ni19Mo9Cu23,253.09238,CrCuMoNiW,True
Ni23Mo13Fe24W14Cr10Co17,253.10321,CoCrFeMoNiW,True
W22Cr8Ni16Mo6Cu21Fe24,253.11795,CrCuFeMoNiW,True
Ni18Mo23Co19Cr9Mn15Cu10,253.12238,CoCrCuMnMoNi,True
Fe17Cu10Cr13Co11Mn9Mo18,253.12308,CoCrCuFeMnMo,True
Fe20Mn14Ni11Cr19Co19,253.13547,CoCrFeMnNi,True
Cr24Mn21Ni10Fe5Mo23Cu22,253.13864,CrCuFeMnMoNi,True
Co21Fe17Ni19Cr8W10Mo15,253.13931,CoCrFeMoNiW,True
Ni17Mn22Cu12Fe13Cr24,253.16278,CrCuFeMnNi,True
Fe13Cu21Co24W13Mo17,253.20761,CoCuFeMoW,True
Mo14Cr19Mn22Cu14Fe23W6,253.24033,CrCuFeMnMoW,True
Mo13Ni15Cu22Cr18W16Fe24,253.24649,CrCuFeMoNiW,True
Fe10Cr20Cu20Co17W14Mo5,253.31192,CoCrCuFeMoW,True
Co13Fe25Cr8W14Mo12Cu24,253.35025,CoCrCuFeMoW,True
Co20Fe19Cr21Mn16Ni6,253.36618,CoCrFeMnNi,True
Cr25Ni11Mo6Cu11Co16,253.38074,CoCrCuMoNi,True
Cr5Mo14Cu22Fe13Mn22Ni6,253.39624,CrCuFeMnMoNi,True
Ni23Fe19W6Cu24Cr16,253.40408,CrCuFeNiW,True
Cr14Ni20Fe6Co6Mn7Cu16,253.40512,CoCrCuFeMnNi,True
Cr7W8Mn24Fe19Cu16Mo7,253.40845,CrCuFeMnMoW,True
W15Cr9Ni23Co22Cu21Fe12,253.42316,CoCrCuFeNiW,True
Cu17W7Mo5Mn15Co23Cr25,253.43726,CoCrCuMnMoW,True
Cr14Co24Cu25W9Mo16,253.44632,CoCrCuMoW,True
Co24Cr21Mn11Ni9Cu13,253.45718,CoCrCuMnNi,True
Mn23Mo16Co25Fe7Cr10Cu9,253.46515,CoCrCuFeMnMo,True
Cu12Co13Mn11Fe24Cr21,253.47696,CoCrCuFeMn,True
Mn16Ni18Fe9Cu7Co22,253.48325,CoCuFeMnNi,True
Ni21Cu20Cr9Fe21W6,253.49405,CrCuFeNiW,True
W13Mo6Fe19Ni13Co24,253.49771,CoFeMoNiW,True
Co25Cu9Cr16Mo9W6Fe19,253.50879,CoCrCuFeMoW,True
Mn17Fe23Mo7Cu12Cr19W9,253.52682,CrCuFeMnMoW,True
Fe14Cu15Ni19Mn17Cr23,253.54053,CrCuFeMnNi,True
Ni13Cr10W10Fe15Cu24Co19,253.54529,CoCrCuFeNiW,True
Co25W11Fe18Cr11Mo6,253.54968,CoCrFeMoW,True
Ni20W5Co12Cr14Fe23Cu11,253.56119,CoCrCuFeNiW,True
Cu19Co16Ni17Mn25Cr18,253.56943,CoCrCuMnNi,True
Co20Ni25Mn24Fe22Cr24,253.63339,CoCrFeMnNi,True
Fe21Co18Cr5Ni25W14,253.64896,CoCrFeNiW,True
Cu22Fe16Cr25Mn17Ni7,253.65628,CrCuFeMnNi,True
Cr13W11Mo10Co17Cu24Ni24,253.66586,CoCrCuMoNiW,True
Ni19Co20Cu11W7Mo9,253.6694,CoCuMoNiW,True
W7Cr15Ni20Fe24Mo14,253.67105,CrFeMoNiW,True
Ni25Cr13Co18W16Fe22,253.69644,CoCrFeNiW,True
Cu23Cr14W9Co25Fe25,253.71368,CoCrCuFeW,True
Mo16W7Cr20Mn21Co13Fe22,253.72275,CoCrFeMnMoW,True
Fe23Mn22Ni7Cu13Co15,253.72284,CoCuFeMnNi,True
Ni20Mn14Co18Cu14Cr17,253.73364,CoCrCuMnNi,True
Cu8Mn8Fe16Cr20Ni14Mo6,253.73877,CrCuFeMnMoNi,True
W8Fe18Cr17Mo13Ni25,253.78287,CrFeMoNiW,True
W15Fe18Ni23Cu12Co23Cr9,253.79901,CoCrCuFeNiW,True
Mn19Co15Fe18Ni17Cu20Cr8,253.81406,CoCrCuFeMnNi,True
Fe23Ni12Mn7Cr24Mo18Co12,253.81503,CoCrFeMnMoNi,True
Cr23Mn10Fe9Cu6Ni16,253.82504,CrCuFeMnNi,True
W5Fe19Mn24Cu14Cr23Mo12,253.83081,CrCuFeMnMoW,True
Fe18Mn17Co12Cr19Cu21,253.86041,CoCrCuFeMn,True
Ni5Cr24Mn21Cu12Co20,253.89978,CoCrCuMnNi,True
Mo5Fe24Mn17Ni18Co19Cr25,253.91565,CoCrFeMnMoNi,True
Mo21Cu5Cr9Ni14Fe18Mn8,253.92502,CrCuFeMnMoNi,True
Co25Ni10W5Fe21Cr19,253.94461,CoCrFeNiW,True
Cu10Fe13Co19Mo6W10,253.97827,CoCuFeMoW,True
Co14Ni25Mn14Cr20Cu11,253.99606,CoCrCuMnNi,True
Fe8Mo9Cr22Ni5Co5,254.04971,CoCrFeMoNi,True
Mo12W5Fe15Co11Cu14,254.05539,CoCuFeMoW,True
Fe19Ni16Cr10Mo11W6Mn22,254.12363,CrFeMnMoNiW,True
Cr24Co19Cu19Mo17Mn19Fe21,254.13937,CoCrCuFeMnMo,True
Ni13Fe9Cu10Co5Mo24Cr5,254.13992,CoCrCuFeMoNi,True
W18Cu18Fe24Ni23Cr24Co23,254.1532,CoCrCuFeNiW,True
Mo9Co18W10Cu21Cr8,254.17917,CoCrCuMoW,True
W8Cr19Ni17Mo10Fe22,254.19473,CrFeMoNiW,True
Co18Fe11W8Ni20Cr13Cu21,254.20227,CoCrCuFeNiW,True
Cu10Ni7Cr17Mn16Fe23,254.20471,CrCuFeMnNi,True
Fe14Mo7W9Cu9Ni15,254.21716,CuFeMoNiW,True
Mo11Cr23Cu14Mn11Fe22Ni11,254.2302,CrCuFeMnMoNi,True
Cr15Co21W9Mn19Fe15Mo12,254.24478,CoCrFeMnMoW,True
Ni18Fe17Cr24Mo7W7Cu16,254.2547,CrCuFeMoNiW,True
Cr14Ni11Fe13W5Co17Mo8,254.26428,CoCrFeMoNiW,True
Mo12Ni25Co16W8Cr23Fe25,254.29044,CoCrFeMoNiW,True
Fe12Mn16Ni25Co6Cr14Mo23,254.31876,CoCrFeMnMoNi,True
Ni22Fe13Cu23Mo11W19,254.33066,CuFeMoNiW,True
Fe17Ni9Mn18Cr22Cu21,254.38596,CrCuFeMnNi,True
Co13Fe20Mo7W10Cu13,254.4021,CoCuFeMoW,True
Cr20W5Co22Mo13Cu21,254.40253,CoCrCuMoW,True
Mn12Ni5Cr14Cu16Co11,254.40503,CoCrCuMnNi,True
Mo11Cu23Cr19Fe22Ni12W10,254.41974,CrCuFeMoNiW,True
W7Fe8Co22Cu19Mo13,254.43399,CoCuFeMoW,True
Mn17Fe19Cr14Ni15Mo20Co15,254.43591,CoCrFeMnMoNi,True
Cr19Cu7Fe24Co9Mn18,254.4625,CoCrCuFeMn,True
Cu14Mo8Cr16Co20Fe9W5,254.50583,CoCrCuFeMoW,True
Mn20Ni21Cr25Cu24Co5,254.51358,CoCrCuMnNi,True
Co14Mn9Fe19Mo13Cr17Ni6,254.52542,CoCrFeMnMoNi,True
Co5Cu20Cr18Ni6Mn11,254.52966,CoCrCuMnNi,True
Cu18Mn10Co24Ni10Fe10,254.57184,CoCuFeMnNi,True
Mn19Cu6Fe11Co24Cr15Mo13,254.5828,CoCrCuFeMnMo,True
Fe10Mn25Co25Cu16Ni21Cr19,254.5925,CoCrCuFeMnNi,True
Mo17Cu18Fe21W13Co24,254.60727,CoCuFeMoW,True
W7Fe25Cr21Co22Ni24Cu12,254.64401,CoCrCuFeNiW,True
Cu18Cr8W10Ni17Co11Fe23,254.69998,CoCrCuFeNiW,True
Cr20Mn15Ni16Co10Cu24,254.70764,CoCrCuMnNi,True
Ni18W8Cr5Fe21Co14Mo8,254.72998,CoCrFeMoNiW,True
Fe22Cu21W15Co25Ni14Cr20,254.73349,CoCrCuFeNiW,True
Cu15Co25W8Cr25Ni22Fe17,254.73932,CoCrCuFeNiW,True
Ni16Fe9Cr24Cu17Mo19Mn21,254.75363,CrCuFeMnMoNi,True
Mo5Ni21W19Fe22Co17,254.798,CoFeMoNiW,True
Co17W6Fe23Cr13Cu22,254.80887,CoCrCuFeW,True
Fe14Ni6Cu12Cr14Mn14,254.81479,CrCuFeMnNi,True
Cu19Mo14Cr7Fe19W5,254.82355,CrCuFeMoW,True
Cr20W13Mn12Fe24Ni16Mo6,254.83838,CrFeMnMoNiW,True
Mo14Cu21Co25Ni24W16,254.84308,CoCuMoNiW,True
Co7Mn16Mo22Cu23Fe8Cr21,254.86154,CoCrCuFeMnMo,True
Mo17Mn23Fe11Cu10Ni22Cr13,254.88382,CrCuFeMnMoNi,True
Cu18Ni17Fe10Mo24Co24Cr7,254.8873,CoCrCuFeMoNi,True
Cr16Co17Ni24W11Mo7Cu21,254.89285,CoCrCuMoNiW,True
Cu19Cr20Fe8Ni6Mn19Co17,254.89359,CoCrCuFeMnNi,True
Cr20Mn19Fe14Ni7Cu9,254.9469,CrCuFeMnNi,True
Cu5Ni15Mn14Fe21Mo20Cr8,254.97717,CrCuFeMnMoNi,True
Fe22Cr10Mn7Mo9Co25W8,255.01721,CoCrFeMnMoW,True
Mo14Cr24Mn16W7Ni18Fe21,255.01929,CrFeMnMoNiW,True
Mn10Cu23Fe13Co24Ni19Cr9,255.01935,CoCrCuFeMnNi,True
Mn7Ni11Fe22Cr14Co10Mo22,255.03635,CoCrFeMnMoNi,True
Cu19Cr6Fe21Ni25Co12Mo14,255.05688,CoCrCuFeMoNi,True
Fe22Mn14Co6Cu14Cr5Mo23,255.07462,CoCrCuFeMnMo,True
Cr10Mo24Fe20Mn14Ni6Co20,255.08606,CoCrFeMnMoNi,True
Cr24Fe18Mn8Cu5Co9,255.09204,CoCrCuFeMn,True
Ni19Mo7Fe18W8Cr12Mn9,255.09528,CrFeMnMoNiW,True
Co25Ni25W14Mo19Fe19,255.11563,CoFeMoNiW,True
Cu8Mo21Ni9Fe5Cr23Co6,255.12762,CoCrCuFeMoNi,True
Cu16Fe16Ni24Mo8W17,255.16055,CuFeMoNiW,True
Fe5Cr17Co13Ni20Mo9Cu5,255.16586,CoCrCuFeMoNi,True
Mn12Ni10Cr25Co25Cu18,255.17319,CoCrCuMnNi,True
Ni19Co24Cu20Mn6Fe5Mo22,255.17792,CoCuFeMnMoNi,True
Cr15Ni16Mo16Fe22W8Cu22,255.18646,CrCuFeMoNiW,True
Fe14Mo13Cr22Mn23W6Co17,255.18994,CoCrFeMnMoW,True
Co24Ni15Fe15Mo9Mn25Cr18,255.19006,CoCrFeMnMoNi,True
Ni19Co16Cr22Mn25Fe20,255.20032,CoCrFeMnNi,True
Co11Fe9Cu19Mn19Cr15Mo13,255.20374,CoCrCuFeMnMo,True
Mn11Cu10Ni6Co24Cr13Mo14,255.21188,CoCrCuMnMoNi,True
Mo12W5Cr13Ni15Co17Fe18,255.21588,CoCrFeMoNiW,True
Fe21Mo13W8Mn23Ni25Cr14,255.22186,CrFeMnMoNiW,True
Fe22Mo13Co21W18Cr13Cu19,255.22595,CoCrCuFeMoW,True
Co18W18Mo7Cr9Fe13Cu19,255.23016,CoCrCuFeMoW,True
Cu5Ni14Cr21Co19Mn10,255.26724,CoCrCuMnNi,True
Co23Ni20Fe22Cr8W16,255.26901,CoCrFeNiW,True
Cu24W14Cr9Mo6Co24,255.31339,CoCrCuMoW,True
Mo14Mn25Co5Cu5Fe12,255.31436,CoCuFeMnMo,True
Cu15Cr25Co7Ni11Mn6,255.3523,CoCrCuMnNi,True
Cu18Cr21Ni23Co10Mn24,255.3563,CoCrCuMnNi,True
Ni9Co25Cu24Cr25Mo24Mn9,255.3642,CoCrCuMnMoNi,True
Cr18Mn6Ni11Fe15Mo18Co10,255.36725,CoCrFeMnMoNi,True
Fe18Mn14Cr7W5Ni11Mo7,255.39304,CrFeMnMoNiW,True
Fe19Co19W10Mo9Cu11,255.39325,CoCuFeMoW,True
Ni9Fe20W6Co18Cr8,255.39603,CoCrFeNiW,True
Co23Fe25W8Cr14Ni12,255.40494,CoCrFeNiW,True
Co22Cu18Mo6Mn15Cr15Ni8,255.41022,CoCrCuMnMoNi,True
Mo10Ni18Cr11Cu13Co5Fe7,255.44662,CoCrCuFeMoNi,True
W11Cu17Fe11Mo10Ni14,255.45941,CuFeMoNiW,True
Ni14Fe18Cu14Cr24Mn12,255.47269,CrCuFeMnNi,True
Cu14Ni23Co9Cr12Fe9Mo6,255.49731,CoCrCuFeMoNi,True
Mn9Co10Mo9W5Cr19Fe13,255.50192,CoCrFeMnMoW,True
Fe22Co20Cu19Cr5W6,255.5057,CoCrCuFeW,True
Co21Fe12Cr16Ni19W7,255.52304,CoCrFeNiW,True
Co21W5Fe14Cu15Cr6,255.53726,CoCrCuFeW,True
W13Cr22Cu25Fe18Mo9,255.54913,CrCuFeMoW,True
Mo24Cu16Cr5Fe17Ni25Co24,255.5737,CoCrCuFeMoNi,True
Ni16Mn22Mo16Co24Fe21Cr24,255.5805,CoCrFeMnMoNi,True
Cu23Ni7Co23Mn13Mo22Cr17,255.5878,CoCrCuMnMoNi,True
Mo11W6Fe19Cu12Ni24,255.5924,CuFeMoNiW,True
Mn17Co11Cr25Fe25Ni25,255.60406,CoCrFeMnNi,True
Fe22Mn22Mo6Cr18Ni24W15,255.61221,CrFeMnMoNiW,True
W18Cr20Mo12Fe21Cu24Co18,255.6164,CoCrCuFeMoW,True
Co19Ni19Cr21Cu11Mn25,255.61703,CoCrCuMnNi,True
Cr11Mo17Ni25Co7Cu10Mn15,255.63223,CoCrCuMnMoNi,True
Mo9Cu19W8Cr17Ni22,255.64786,CrCuMoNiW,True
Cr24Fe25Mn16Mo20Co22W7,255.68353,CoCrFeMnMoW,True
Ni8Cr24Mn14Cu22Co23,255.6865,CoCrCuMnNi,True
Mo16Co23Ni19Fe9Cu9Cr11,255.6962,CoCrCuFeMoNi,True
Ni13Cu13Cr23Mo7Mn8Co22,255.69693,CoCrCuMnMoNi,True
Mn9Cu11Cr25Co14Fe14,255.70068,CoCrCuFeMn,True
Ni11W10Fe10Cu18Mo6,255.70459,CuFeMoNiW,True
Mn19Cr21Fe21Cu11Co24Mo17,255.73248,CoCrCuFeMnMo,True
Ni16Fe13Mn14Cu23Co5,255.75192,CoCuFeMnNi,True
Cr20Co7Mn11Cu18Fe16,255.77393,CoCrCuFeMn,True
Cu14Cr24Mn11Ni10Fe22,255.77756,CrCuFeMnNi,True
Cu14Ni17Co8Mn8Cr18,255.78918,CoCrCuMnNi,True
Fe20Mo7Cu17Ni21Cr19W20,255.80194,CrCuFeMoNiW,True
W5Cr12Fe25Co15Mo5,255.80945,CoCrFeMoW,True
Fe20Co22Cr6Mo6W6,255.83136,CoCrFeMoW,True
Ni19Mo15Mn23Fe25Cr21Co20,255.87213,CoCrFeMnMoNi,True
Ni18W8Mo6Cr11Fe24,255.87292,CrFeMoNiW,True
Mn17W5Fe11Cr19Ni20Mo9,255.8743,CrFeMnMoNiW,True
Mn21Ni5Co13Mo9Cu7,255.87573,CoCuMnMoNi,True
Cu5Cr19Co13Mo6Mn10Fe25,255.88577,CoCrCuFeMnMo,True
Ni21Mo6W12Fe14Co13,255.88785,CoFeMoNiW,True
Mn14Ni14Cr14Cu8Fe19Mo16,255.89554,CrCuFeMnMoNi,True
Cr21Mn20Ni22Fe23Mo24Co16,255.90771,CoCrFeMnMoNi,True
Fe20Cr11Co19W7Cu23,255.9093,CoCrCuFeW,True
Mo7W12Co22Cr6Fe12Ni24,255.94012,CoCrFeMoNiW,True
Co16Mn21Cu21Fe14Ni8,255.94083,CoCuFeMnNi,True
Cr15Ni18W7Fe19Mo11,255.95941,CrFeMoNiW,True
Co21Fe15Cr22Mo11W6,255.96149,CoCrFeMoW,True
Cu21Fe19Co22W15Ni20Mo8,255.98016,CoCuFeMoNiW,True
Mn12Mo21Ni23Co23Cr19Cu5,256.0036,CoCrCuMnMoNi,True
Mo12W8Fe11Ni15Cu22,256.00726,CuFeMoNiW,True
Co14Mo5Cr6Ni15Cu6Mn14,256.05347,CoCrCuMnMoNi,True
Cr15Mn20Ni15Fe16Cu15Mo10,256.06186,CrCuFeMnMoNi,True
Mo8W9Ni14Cr20Co23Fe19,256.07162,CoCrFeMoNiW,True
Mo18Co23Mn10Cu21Cr25Ni17,256.07413,CoCrCuMnMoNi,True
Ni13Mn12Cr24Cu16Fe13,256.07898,CrCuFeMnNi,True
Mn12Co9Mo14Cr10Fe18Ni10,256.08127,CoCrFeMnMoNi,True
Ni17Cr17Cu19W5Co22Mo6,256.1758,CoCrCuMoNiW,True
Mo6Co21Cr16Fe20Ni12Mn21,256.2121,CoCrFeMnMoNi,True
Fe8Cu17Mo5Co15Cr20Ni25,256.22238,CoCrCuFeMoNi,True
Co16Mn20Fe18Cr17Mo23Cu17,256.22873,CoCrCuFeMnMo,True
Cr18Cu20Co13Ni20Mn23,256.23364,CoCrCuMnNi,True
Co18Cu5Cr22Mn8Ni9,256.25082,CoCrCuMnNi,True
Cu15Co20Mo25Ni11Cr17Mn8,256.25616,CoCrCuMnMoNi,True
Mo9Co11Cr24Cu12Ni12,256.25632,CoCrCuMoNi,True
Mo6Co23W16Ni21Cu22Fe18,256.2639,CoCuFeMoNiW,True
Mn8Cr25Fe21Co5Cu13,256.28595,CoCrCuFeMn,True
Cr18Ni5Cu5Fe14Mn15,256.28595,CrCuFeMnNi,True
Ni15Cr22Fe23Co21Mn19,256.32693,CoCrFeMnNi,True
Fe9Mn21Ni10Cr13Cu20Mo8,256.33826,CrCuFeMnMoNi,True
Co24Mo18W14Cu21Fe22,256.39438,CoCuFeMoW,True
Cr11Cu17Mn18Fe9Ni9Mo6,256.4392,CrCuFeMnMoNi,True
Cr18Mn12Cu16Co7Fe20,256.4582,CoCrCuFeMn,True
Cr9W11Mo7Cu24Fe17Ni13,256.45947,CrCuFeMoNiW,True
W13Ni23Fe14Cu15Cr10Co21,256.46188,CoCrCuFeNiW,True
W11Cu22Cr20Mo9Fe17,256.47598,CrCuFeMoW,True
Cu21Ni6Mn8Fe22Co6,256.47668,CoCuFeMnNi,True
W6Mn20Fe16Cu20Cr21Mo9,256.4896,CrCuFeMnMoW,True
W9Co25Ni19Cr13Cu13Fe19,256.50568,CoCrCuFeNiW,True
Mn8Cu13Ni6Co19Cr23,256.51218,CoCrCuMnNi,True
Cu11Ni13Fe15Cr17Mn17,256.51813,CrCuFeMnNi,True
Cr13Cu8Co11Fe9Mn12,256.52466,CoCrCuFeMn,True
Mn25Ni14Co17Cr22Cu12,256.54913,CoCrCuMnNi,True
Mo18Cu24W13Fe21Co21,256.5617,CoCuFeMoW,True
Fe13Co12Mn18Ni13Cr19,256.57132,CoCrFeMnNi,True
Co22Fe19Ni25Cr14W15,256.57373,CoCrFeNiW,True
Fe22Cu18Mo19Co22W5,256.59067,CoCuFeMoW,True
Ni25Cu17Co17Mn14Fe15Cr9,256.59464,CoCrCuFeMnNi,True
Fe22Mn22Ni18W13Mo7Cr23,256.6002,CrFeMnMoNiW,True
Cu12Fe16Co5Mn18Cr21,256.61026,CoCrCuFeMn,True
Cr19Mn19Co9Mo22Fe10Ni21,256.63025,CoCrFeMnMoNi,True
Fe18Ni13Cr17Mn16Cu11,256.66727,CrCuFeMnNi,True
W12Cu11Fe14Ni13Mo5Cr5,256.66785,CrCuFeMoNiW,True
Co16Fe19Cr18Ni18Mo10W6,256.6716,CoCrFeMoNiW,True
W7Mo10Cr16Co24Ni17Fe16,256.67407,CoCrFeMoNiW,True
Mn22Cu11Cr21Co25Ni17,256.6841,CoCrCuMnNi,True
Cu24Co9Ni9Mo10Mn20Cr5,256.6911,CoCrCuMnMoNi,True
Cr21Fe22Ni13Cu12Mn23,256.71475,CrCuFeMnNi,True
Ni8Cu13Cr12Co21Mn20Fe14,256.72418,CoCrCuFeMnNi,True
Co18W10Mo6Cr7Cu19,256.73224,CoCrCuMoW,True
Fe8Mn23Ni17Cr21Mo22Cu15,256.73532,CrCuFeMnMoNi,True
Fe5Cr18Co15Mo24Ni13Mn21,256.77173,CoCrFeMnMoNi,True
Fe12W5Co22Ni19Cu19Cr9,256.7879,CoCrCuFeNiW,True
W7Cu13Fe22Co14Cr11Ni24,256.80936,CoCrCuFeNiW,True
W5Cr23Mn18Fe9Mo6Ni23,256.8688,CrFeMnMoNiW,True
Cr11Cu11Fe9Co23Mn24Mo24,256.8971,CoCrCuFeMnMo,True
Cr15Mn19Mo19Ni7Co19Fe8,256.92706,CoCrFeMnMoNi,True
Co25Mo8Fe9Cu11Cr14Ni7,256.97482,CoCrCuFeMoNi,True
Cr14Cu8Co17Mn13Ni7,256.98065,CoCrCuMnNi,True
Mo9Co12Fe5Mn20Cr16Ni17,256.98505,CoCrFeMnMoNi,True
Co12Mn23Ni19Cr23Fe10Cu12,257.01498,CoCrCuFeMnNi,True
Co19W15Ni18Mo8Cu22,257.029,CoCuMoNiW,True
Ni5Mn20Fe22Cu25Co15,257.04535,CoCuFeMnNi,True
Mn15Ni7Cr19Co17Cu20,257.048,CoCrCuMnNi,True
Mo12Fe20Cr18Ni19W6,257.0514,CrFeMoNiW,True
Fe25Co10Ni10Mn17Cr18,257.06082,CoCrFeMnNi,True
Co14Cr22Ni12Fe12Mn10,257.08218,CoCrFeMnNi,True
Fe11Mo21Ni9Cr23Co24Mn21,257.08307,CoCrFeMnMoNi,True
Fe10Ni7Cr20Cu5Mn13,257.09357,CrCuFeMnNi,True
Cu18Cr8Mn15W6Mo5Fe24,257.132,CrCuFeMnMoW,True
Cr14Mn13Ni24Mo23Cu10Co14,257.13342,CoCrCuMnMoNi,True
Mo9Ni22W15Cu24Fe9,257.16827,CuFeMoNiW,True
Mn23Cr24Cu21Fe19Co10,257.18085,CoCrCuFeMn,True
Fe16Cr22W9Co23Mo11Mn22,257.20193,CoCrFeMnMoW,True
Fe6Mo13Cr9Mn16Co8Cu14,257.21213,CoCrCuFeMnMo,True
Cu13Mo9Fe18Mn20Co21Cr18,257.22244,CoCrCuFeMnMo,True
Ni23Cr7Co21W14Fe15,257.22263,CoCrFeNiW,True
Fe6Mn14Ni13Cu12Cr11Co16,257.23422,CoCrCuFeMnNi,True
Co14Mn13Ni11Cu6Fe5Cr24,257.23566,CoCrCuFeMnNi,True
Co15Mo22Mn10Cr15Ni20Cu10,257.2431,CoCrCuMnMoNi,True
Fe21Mo20Co25Mn24Cr18Cu13,257.24365,CoCrCuFeMnMo,True
Ni25Co15Cu10Cr19Mn10Mo22,257.2672,CoCrCuMnMoNi,True
Cr15Mo16Co23W5Mn16Fe23,257.2683,CoCrFeMnMoW,True
W6Mo8Fe21Ni12Cu14,257.27203,CuFeMoNiW,True
Mo7Cu20Cr11Co18W10,257.27963,CoCrCuMoW,True
Cr19Cu13Co17Fe21Mo21Mn16,257.2858,CoCrCuFeMnMo,True
Co14Cr19Mn17Cu15Ni24,257.34512,CoCrCuMnNi,True
Ni21Mo8Co17Cu13W8,257.34814,CoCuMoNiW,True
Mo8Fe19Cr16Co16Ni5Mn13,257.3494,CoCrFeMnMoNi,True
Cu14Mn9Fe6Ni22Co11Cr15,257.35162,CoCrCuFeMnNi,True
Co13Ni17Mo6Fe8W9,257.35284,CoFeMoNiW,True
Ni20Cu23Mo7Fe21W24Cr14,257.3581,CrCuFeMoNiW,True
Mo11Co20Cu24W17Ni24,257.359,CoCuMoNiW,True
Co8Cu22Ni21Cr23Mn13,257.3773,CoCrCuMnNi,True
Co11Cu10Mn8Fe9Cr19,257.37997,CoCrCuFeMn,True
Mo24Mn9Fe15Cu15Cr23Co12,257.38376,CoCrCuFeMnMo,True
Ni24Cr11Mn19Co5Mo24Fe24,257.39795,CoCrFeMnMoNi,True
Ni19Cr14Mn22Cu18Mo16Co24,257.40076,CoCrCuMnMoNi,True
Ni24Mo7Co15Cr10W7Fe15,257.44238,CoCrFeMoNiW,True
Fe14Co21W8Mo5Cu19Ni20,257.47607,CoCuFeMoNiW,True
Ni19Cr21Mn25Cu19Fe20Mo13,257.49155,CrCuFeMnMoNi,True
Co18Cr20Fe6Cu22Ni10Mn13,257.4926,CoCrCuFeMnNi,True
Fe22Cr5Cu9Mo13Ni7Mn16,257.52164,CrCuFeMnMoNi,True
Ni12W7Co11Fe11Cr8,257.54138,CoCrFeNiW,True
Fe24Co20Mn18Mo18Cr18Ni10,257.54538,CoCrFeMnMoNi,True
Cu22Cr19Mn21Ni21Co13,257.54956,CoCrCuMnNi,True
Fe20Co15Ni12Cr7Cu13Mn17,257.5505,CoCrCuFeMnNi,True
Ni13Co25Fe23W8Cr14,257.5705,CoCrFeNiW,True
Cu17Cr25Fe17Ni15Mo20Mn19,257.5791,CrCuFeMnMoNi,True
Ni19W8Cr19Mn8Mo5Fe13,257.57993,CrFeMnMoNiW,True
Co14Cr22Mn22Fe25Ni11,257.61,CoCrFeMnNi,True
Mn8Co8Cr25Cu10Fe12,257.66507,CoCrCuFeMn,True
Ni18Mn17Co11Cu11Cr14,257.68448,CoCrCuMnNi,True
Mo17Mn16Cu13Co12Ni18Cr10,257.69446,CoCrCuMnMoNi,True
Mo5Cr10Fe19Mn15Co9Ni11,257.70682,CoCrFeMnMoNi,True
Co5Mn10Ni23Cr25Mo15Fe18,257.71216,CoCrFeMnMoNi,True
Cr22Mo10Fe17Co24W9Ni22,257.7343,CoCrFeMoNiW,True
Ni17Mn7Cr22Cu12Mo5Co17,257.74368,CoCrCuMnMoNi,True
Cu13Ni15W5Fe24Mo6,257.74573,CuFeMoNiW,True
W11Mo15Fe23Cr23Ni22Cu23,257.75153,CrCuFeMoNiW,True
Ni22Mo8Cu18Co19Cr11W12,257.77707,CoCrCuMoNiW,True
Co18Mn17Cr15Cu15Ni11,257.78735,CoCrCuMnNi,True
Cr7W11Ni17Co21Fe13,257.82544,CoCrFeNiW,True
Cr12W10Fe22Co18Ni15,257.85635,CoCrFeNiW,True
Cr15Co7Mn13Cu11Ni18,257.8828,CoCrCuMnNi,True
Co19Mn9Ni9Mo23Cr14Cu14,257.8995,CoCrCuMnMoNi,True
Mn19Fe15Cr14Ni20W8Mo7,257.90634,CrFeMnMoNiW,True
Cr13Fe23Ni25Co24W16,257.9336,CoCrFeNiW,True
Cu16Co13Fe23Mo10W6,257.93436,CoCuFeMoW,True
Mn24Co23Mo23Cr11Ni18Cu19,257.95035,CoCrCuMnMoNi,True
Ni17Cr14Co13W7Fe15,257.9624,CoCrFeNiW,True
W9Cu17Mo15Co22Fe20Cr15,258.0221,CoCrCuFeMoW,True
Ni24Cr20Mo12Co7Fe8Cu18,258.03845,CoCrCuFeMoNi,True
Mo9Fe23Cr25Cu20Co20W14,258.03906,CoCrCuFeMoW,True
Mn8Cr15Fe12Co7Cu12,258.05475,CoCrCuFeMn,True
Cr21Co18Mo14Ni13Mn20Fe7,258.1112,CoCrFeMnMoNi,True
Cu19Co10Fe8Ni9Mn8,258.1578,CoCuFeMnNi,True
Mn13Cr13Mo18Co14Ni9Cu21,258.17368,CoCrCuMnMoNi,True
Cr22Cu6Fe24Mn15Co14,258.1922,CoCrCuFeMn,True
Cu15Co24Ni24Cr20Fe18W6,258.19522,CoCrCuFeNiW,True
Cr9Fe9W7Cu21Ni22Mo9,258.2143,CrCuFeMoNiW,True
Cu11Fe22Co5Mn18Ni23,258.24966,CoCuFeMnNi,True
Mn12Cu17Cr8Fe19Ni9Co23,258.28027,CoCrCuFeMnNi,True
Cr16Mo16Ni18Mn16Cu23Co12,258.30887,CoCrCuMnMoNi,True
W6Co14Cr10Fe25Mn12Mo8,258.34158,CoCrFeMnMoW,True
Mo11Cr18Fe23Co11Mn23W5,258.35266,CoCrFeMnMoW,True
Ni23Fe21Mn21Cr13Co8Cu8,258.36655,CoCrCuFeMnNi,True
Ni8Mn25Co15Mo9Cu11,258.40033,CoCuMnMoNi,True
Fe12Cr12Ni11Mn8Co6,258.41046,CoCrFeMnNi,True
Mn14Cr22Mo10Ni21Co6Fe20,258.42117,CoCrFeMnMoNi,True
Mo16Cr23Fe13Cu12Mn5Ni7,258.44736,CrCuFeMnMoNi,True
Mn9Ni7Cu11Co18Cr18,258.47125,CoCrCuMnNi,True
Co23W20Mo6Fe17Cu20,258.48038,CoCuFeMoW,True
Mn12Cr15Fe8Cu8Ni5,258.4879,CrCuFeMnNi,True
Co14Cr19W6Fe16Mo5,258.49933,CoCrFeMoW,True
Fe22Cr15Ni12W6Mn14Mo8,258.54596,CrFeMnMoNiW,True
Ni20Fe6W8Mo5Cu23,258.56833,CuFeMoNiW,True
Co9Cr13Mo15Fe10Ni19Mn20,258.6068,CoCrFeMnMoNi,True
Cr7Fe11Co14W6Ni21,258.61676,CoCrFeNiW,True
Fe14Mn16Ni14Cu16Cr24,258.63828,CrCuFeMnNi,True
Cu11Ni21Cr25Mn16Fe15,258.655,CrCuFeMnNi,True
Co15Mo7W12Fe13Cu13,258.7005,CoCuFeMoW,True
Co13Cr17Mn10Fe12Mo5Ni8,258.73227,CoCrFeMnMoNi,True
Cu20W8Ni11Mo7Fe13,258.74347,CuFeMoNiW,True
Cu17Co5Cr25Ni22Mn12,258.7445,CoCrCuMnNi,True
Co6Ni15Cr20Fe25Mn10Mo19,258.74814,CoCrFeMnMoNi,True
Co6Fe19Mn20Ni16Cu25,258.75934,CoCuFeMnNi,True
Co22Ni22Mn6Cu8Fe18,258.76163,CoCuFeMnNi,True
Mo13Fe25Ni25Co20W14,258.7743,CoFeMoNiW,True
Cr10Cu6Mn15Ni13Mo11Fe18,258.7826,CrCuFeMnMoNi,True
Cr20Mo22Cu16Co19Ni14Mn9,258.78436,CoCrCuMnMoNi,True
Cu25Ni17Mn6Fe21Co12,258.81314,CoCuFeMnNi,True
Mn24Co25Ni24Cu12Cr24,258.81332,CoCrCuMnNi,True
Co25Cu8Cr13Ni18Mo14Fe10,258.8199,CoCrCuFeMoNi,True
Mn6Cr24Mo17Co10Fe14Cu13,258.83423,CoCrCuFeMnMo,True
Co20Fe16Cu16W14Mo10,258.84943,CoCuFeMoW,True
Mo11Cr22Ni11Co23Cu25Mn16,258.85883,CoCrCuMnMoNi,True
Fe19Co14Mn23Cr23Ni12,258.86487,CoCrFeMnNi,True
W11Fe16Ni19Cu23Mo15,258.8902,CuFeMoNiW,True
Mn5Cu6Ni5Cr18Co12,258.9848,CoCrCuMnNi,True
Fe18Cu23Ni13Mo12W5,259.01154,CuFeMoNiW,True
Ni11Cu10Cr12Mo20Fe15Mn15,259.10257,CrCuFeMnMoNi,True
Co13Ni9Fe11Mn9Cr24,259.10553,CoCrFeMnNi,True
Co20Ni14Cu15Mo10Mn16Cr14,259.18408,CoCrCuMnMoNi,True
Cr13Mo19Ni5Cu23Co13Mn14,259.2146,CoCrCuMnMoNi,True
Ni11Mo9Cr19Cu13Mn14Fe13,259.23444,CrCuFeMnMoNi,True
Mn16Co14Fe23Cu8Cr20,259.24,CoCrCuFeMn,True
Fe23Cr10Mo18Co5Cu9Ni25,259.26633,CoCrCuFeMoNi,True
Mn22Cu21Co6Fe24Cr13Ni13,259.27603,CoCrCuFeMnNi,True
Cr8Mn8Cu13Fe16Co24Ni11,259.28485,CoCrCuFeMnNi,True
Mo5Cu13W11Fe24Ni19,259.30008,CuFeMoNiW,True
W8Fe17Mo10Cu14Co13,259.33575,CoCuFeMoW,True
W11Ni25Fe21Cr18Mo5,259.3393,CrFeMoNiW,True
Mn12Cu15Co12Fe19Mo14Cr23,259.36505,CoCrCuFeMnMo,True
Mn6Co13Cu25Ni22Fe23,259.38327,CoCuFeMnNi,True
W5Co21Mo15Fe21Cr11Ni25,259.41864,CoCrFeMoNiW,True
Co18W10Fe16Mo15Cu24,259.50412,CoCuFeMoW,True
Co17Mo6Cr11W7Fe19Mn8,259.527,CoCrFeMnMoW,True
Mn12Ni20Cr20Co23Cu5Mo15,259.54572,CoCrCuMnMoNi,True
Ni9Co10Mn10Cu22Cr24,259.55096,CoCrCuMnNi,True
Ni8Co5Cr20Cu6Mn13,259.56757,CoCrCuMnNi,True
Cr20Ni24Cu17Fe8Co12Mo16,259.58057,CoCrCuFeMoNi,True
Mo9Co16Ni25Cu20Cr18Mn20,259.60812,CoCrCuMnMoNi,True
Ni17Cu17Mo21Mn14Co17Cr16,259.61307,CoCrCuMnMoNi,True
Mo12Cu23W11Ni23Fe9,259.6144,CuFeMoNiW,True
Mn19Cr10Mo19Ni5Cu19Fe12,259.637,CrCuFeMnMoNi,True
Ni18Mn16Co19Cu11Cr17,259.68967,CoCrCuMnNi,True
W9Cu25Mo12Cr17Fe18,259.69687,CrCuFeMoW,True
Fe11Cr14Mo7W5Cu20,259.735,CrCuFeMoW,True
Ni14Mn16Cu5Fe15Cr22,259.7351,CrCuFeMnNi,True
Co21Fe13Mn23Cr8Cu10Mo23,259.754,CoCrCuFeMnMo,True
Fe22Cr22Co18Mn19Ni17,259.76642,CoCrFeMnNi,True
Cu20Mn9Co7Cr22Ni11,259.8058,CoCrCuMnNi,True
Ni24Fe25Cr22W11Co25,259.84293,CoCrFeNiW,True
Mn16Ni21Cu13Cr20Co7,259.86832,CoCrCuMnNi,True
Co13Mo20Cr12Mn13Ni9Cu19,259.9065,CoCrCuMnMoNi,True
W7Co13Fe20Cr9Ni25,259.9071,CoCrFeNiW,True
Co25Cu21Cr7Fe15W5,259.91663,CoCrCuFeW,True
Ni6Fe8Cu22Cr25Mo16Mn18,259.94916,CrCuFeMnMoNi,True
Co18Cu8Cr25Fe21Mn15,259.9526,CoCrCuFeMn,True
Cu16Ni17Mo13Co15Cr20Mn9,259.96704,CoCrCuMnMoNi,True
Fe17Mo6W11Ni15Co14,259.97253,CoFeMoNiW,True
Fe13Cu20Cr7Co24Ni16Mo23,259.98184,CoCrCuFeMoNi,True
Cr23Co15Cu21Mn21Fe22,260.0093,CoCrCuFeMn,True
Ni8Cu10Mn14Cr18Fe22,260.01352,CrCuFeMnNi,True
Mo22Fe8Co12Cu10Ni22Cr20,260.01373,CoCrCuFeMoNi,True
Cu17Cr7Ni13Mo16Fe19Mn25,260.08176,CrCuFeMnMoNi,True
Ni12Cr23Mo7W5Mn12Fe22,260.11267,CrFeMnMoNiW,True
Ni15Mn22Cu9Fe22Co10,260.1392,CoCuFeMnNi,True
Cr10Mo18Co5Cu5Fe10Ni18,260.1569,CoCrCuFeMoNi,True
Ni21Cu5Co13Mn9Fe14,260.16357,CoCuFeMnNi,True
Co7Ni24Fe19Cu21Mo8Cr12,260.172,CoCrCuFeMoNi,True
Mo7Cu6Fe14Ni8Co19Cr6,260.18512,CoCrCuFeMoNi,True
Ni6Fe18Cr23Cu5Mn15,260.24567,CrCuFeMnNi,True
Cr16Co21Fe23Ni19W10,260.25668,CoCrFeNiW,True
Fe16Ni7Cu14Cr24Mn19,260.27542,CrCuFeMnNi,True
Co11Cr17Ni17Cu16Mn13,260.31345,CoCrCuMnNi,True
Cu7Mo8Cr22Ni8Co14,260.34668,CoCrCuMoNi,True
Cu24Ni11Fe10Co24Mo20Cr23,260.34763,CoCrCuFeMoNi,True
W5Ni14Fe12Mo5Cr11,260.35828,CrFeMoNiW,True
Ni22Cr5W6Fe18Co13,260.43735,CoCrFeNiW,True
Cu8Fe19Mn17Ni13Cr20,260.45932,CrCuFeMnNi,True
Mn16Cr23Co8Fe17Cu5,260.46667,CoCrCuFeMn,True
W5Ni23Mo12Cu22Cr12Co24,260.4926,CoCrCuMoNiW,True
Cr24Mn24Mo20Ni18Fe6Co15,260.5557,CoCrFeMnMoNi,True
Mn21Fe17Ni10Cr24Mo20Cu21,260.5645,CrCuFeMnMoNi,True
Co10Cu10Ni14Fe7Mn13,260.5676,CoCuFeMnNi,True
Co10Ni8Cr25Mn11Cu23,260.61417,CoCrCuMnNi,True
Cu24Cr23Co18W5Mo7,260.6172,CoCrCuMoW,True
Co9Fe11Cr17Mn9Ni13,260.63165,CoCrFeMnNi,True
W7Fe15Co13Cu17Mo11,260.6559,CoCuFeMoW,True
Co19Cr17W5Fe22Mo13Mn19,260.66727,CoCrFeMnMoW,True
Cr22Mn18Ni22Cu8Co17,260.70844,CoCrCuMnNi,True
W5Fe21Co21Cu19Cr5Ni16,260.71655,CoCrCuFeNiW,True
Fe13Co13Ni19Cu6Mn6,260.73056,CoCuFeMnNi,True
W5Cr17Mn10Mo12Co22Fe23,260.7477,CoCrFeMnMoW,True
Ni8Co12Mo20Mn5Fe15Cr21,260.7697,CoCrFeMnMoNi,True
Co19Mn18Cu19Mo6Cr13Ni12,260.83096,CoCrCuMnMoNi,True
Mo24Fe16Cr23Cu8Mn9Ni15,260.86636,CrCuFeMnMoNi,True
Cu22Fe19Mo14Cr9W8Ni20,260.86725,CrCuFeMoNiW,True
W9Ni24Mo7Fe21Co13,260.8781,CoFeMoNiW,True
Cr14Ni13W5Cu19Fe22Mo10,260.88644,CrCuFeMoNiW,True
Ni18Fe25Mn23Co20Cr25,260.88974,CoCrFeMnNi,True
Co5Cr22Fe5Ni13Cu14Mn11,260.89603,CoCrCuFeMnNi,True
Cu12Co12Ni23Cr22Mn23,260.90497,CoCrCuMnNi,True
Cr9Ni5Co21Fe15Cu21Mo25,260.91022,CoCrCuFeMoNi,True
Mn20Cr23Ni15Fe20Cu10,260.94794,CrCuFeMnNi,True
Mn20Cr25Ni8Cu16Fe19,260.95193,CrCuFeMnNi,True
Co25Fe12Cr9Ni12Cu6Mo25,260.98636,CoCrCuFeMoNi,True
Co19Fe18Ni18Mn24Mo19Cr24,261.0134,CoCrFeMnMoNi,True
Co18Fe18Cr16W8Ni22,261.02548,CoCrFeNiW,True
Ni19Fe19Cr17Co18W12Mo8,261.0411,CoCrFeMoNiW,True
Co19Mo24Cu14Cr13Ni5Mn8,261.04868,CoCrCuMnMoNi,True
Cu17W10Ni15Co17Fe12Cr9,261.0779,CoCrCuFeNiW,True
Co13Mn19Ni10Cr24Cu7,261.17908,CoCrCuMnNi,True
Co18Cu25Ni6Fe24Mn23,261.18887,CoCuFeMnNi,True
Cr10Ni7Mo22Co13Mn6Fe7,261.21378,CoCrFeMnMoNi,True
Cr19Co13Mn5Cu7Fe15Mo22,261.21637,CoCrCuFeMnMo,True
Co12Fe12Ni6Mn10Cr15,261.2266,CoCrFeMnNi,True
Cu9Co23Ni10Cr22Mn16,261.24203,CoCrCuMnNi,True
Cu25Mn11W5Fe21Mo8Cr21,261.2576,CrCuFeMnMoW,True
Ni25Mo8Cr23W5Cu21Fe16,261.3635,CrCuFeMoNiW,True
Cu19Cr22Ni6Mn16Co6,261.3731,CoCrCuMnNi,True
Cu15Mn11Fe12Cr18Co9,261.4111,CoCrCuFeMn,True
Fe14Cr21Ni7Mn10Co14,261.42117,CoCrFeMnNi,True
Co23Mn25Ni16Cr24Cu24,261.44247,CoCrCuMnNi,True
Cr6W5Fe23Co22Cu14Mo8,261.4758,CoCrCuFeMoW,True
Ni15Fe11Mn12Cu25Co10,261.4782,CoCuFeMnNi,True
Fe20Mn11Cr24Cu6Ni6,261.49387,CrCuFeMnNi,True
Fe11Co14Mn5Ni15Cu5,261.53793,CoCuFeMnNi,True
Fe16Co7Mn8Mo12Ni14Cr22,261.55615,CoCrFeMnMoNi,True
Co19Mn24Mo9W9Cr18Fe22,261.58533,CoCrFeMnMoW,True
Ni18Cr9Fe19W11Co22,261.58633,CoCrFeNiW,True
Mo9Cu22W16Co20Fe13,261.59192,CoCuFeMoW,True
Ni25Cu16Co24Mo9Fe17Cr10,261.5944,CoCrCuFeMoNi,True
Fe12Cu14Ni9Mn5Co18,261.60406,CoCuFeMnNi,True
Ni19Co11Cu15Cr24Mn9,261.62375,CoCrCuMnNi,True
Cu8Mn24Cr9Co23Mo14Fe20,261.65237,CoCrCuFeMnMo,True
Cu5Cr20Co15Ni11Mn16,261.69156,CoCrCuMnNi,True
Mn7Cr20Co9Mo18Ni18Cu16,261.7111,CoCrCuMnMoNi,True
Cr14Fe25Ni6Mo19Mn18Co17,261.72934,CoCrFeMnMoNi,True
Ni22Fe7Co19Cu7Mo17Cr22,261.7381,CoCrCuFeMoNi,True
Fe20Co19Cu11Mn17Mo5Cr21,261.74188,CoCrCuFeMnMo,True
Co13W5Fe19Ni18Cr13,261.76172,CoCrFeNiW,True
Co19Cr18Mo11W14Cu25Fe21,261.81662,CoCrCuFeMoW,True
Cr16Fe19W7Ni20Co17,261.81955,CoCrFeNiW,True
Cu20Co22Fe15Mn7Ni8,261.8238,CoCuFeMnNi,True
Co12Cr12Fe5Cu16Ni10Mn7,261.83237,CoCrCuFeMnNi,True
Cr22Fe11Co9Mn15Ni12,261.83585,CoCrFeMnNi,True
Fe23Cu23Cr21Mo12W8,261.84262,CrCuFeMoW,True
Fe20Ni18W5Mo8Cr17,261.85367,CrFeMoNiW,True
Co11Mn6Cu8Mo19Cr20Fe18,261.86838,CoCrCuFeMnMo,True
Ni16Fe19Mo10Cr15W9Cu23,261.94034,CrCuFeMoNiW,True
Fe23Ni22Co9Mn6Cu10,262.02454,CoCuFeMnNi,True
Cr17Fe17Co15Ni6Mo13Mn13,262.03717,CoCrFeMnMoNi,True
Mo6Fe18Co25W22Cu25,262.07285,CoCuFeMoW,True
Co25Fe15Mn18Ni6Cu24,262.1356,CoCuFeMnNi,True
Mo14Fe11Cu22Ni17Cr11Co11,262.19186,CoCrCuFeMoNi,True
Co9Cu5Ni14Mn8Fe6,262.27515,CoCuFeMnNi,True
Cr23Mn9Cu11Co9Fe11,262.29004,CoCrCuFeMn,True
Co12Mn15Mo13Cu7Ni18Cr9,262.29578,CoCrCuMnMoNi,True
Mn17Co10Cu21Fe10Ni21,262.32526,CoCuFeMnNi,True
Mn14Ni14Cr19Co20Cu10,262.3295,CoCrCuMnNi,True
Mo11Fe14Cu17Ni25Co22Cr12,262.3676,CoCrCuFeMoNi,True
Fe19Co9Ni15Cr21Mn19,262.3838,CoCrFeMnNi,True
Ni23Mo5W12Fe20Co14,262.3892,CoFeMoNiW,True
Co13Mn25Ni9Cu15Mo6,262.39908,CoCuMnMoNi,True
Co22Mn8Cu25Fe17Ni20,262.41556,CoCuFeMnNi,True
Fe25Mn18Ni10Co11Cu15Cr10,262.42874,CoCrCuFeMnNi,True
Co13W6Mo9Ni14Fe13,262.44864,CoFeMoNiW,True
Mo16Mn15Fe17Co9Cr23Ni19,262.45886,CoCrFeMnMoNi,True
Mo13Fe7Cr24Cu19Co18Ni22,262.4707,CoCrCuFeMoNi,True
Co10Cu14Fe21Mn12Cr21,262.47345,CoCrCuFeMn,True
Cu16Mn9Cr24Ni5Co24Mo14,262.47473,CoCrCuMnMoNi,True
Co20Cr17Fe23Mo5W10,262.497,CoCrFeMoW,True
Fe23Ni20Cr24Mn21Co14,262.5038,CoCrFeMnNi,True
Mn23Co21Mo12Fe5Cu14Cr25,262.51172,CoCrCuFeMnMo,True
Cr17Mo20Cu24Co7Mn8Ni7,262.526,CoCrCuMnMoNi,True
Cu14Co5Fe14Cr24Mn10,262.54147,CoCrCuFeMn,True
Mo5Cr12W8Fe14Cu17,262.56848,CrCuFeMoW,True
Co15Ni22Cr24Mn13Cu16,262.5819,CoCrCuMnNi,True
W7Cu16Co21Cr7Mo7Fe25,262.61227,CoCrCuFeMoW,True
Mo9Ni24Cr16W6Fe24,262.6593,CrFeMoNiW,True
Mo8Co18Fe21W7Cu13Cr9,262.6631,CoCrCuFeMoW,True
Cu10Cr23Fe10Mn12Ni8,262.66867,CrCuFeMnNi,True
Co25Ni24W6Fe23Cr25,262.6696,CoCrFeNiW,True
Ni17Cr25Co21Mn25Cu25,262.68353,CoCrCuMnNi,True
Ni15Fe10Co23Mo10Cr20Cu22,262.7526,CoCrCuFeMoNi,True
Co18Fe18Mn6Cr23W5Mo6,262.80038,CoCrFeMnMoW,True
W11Co20Cu25Fe15Mo14,262.81662,CoCuFeMoW,True
Mn16Cr12Fe15Mo22Cu16Co7,262.8332,CoCrCuFeMnMo,True
Mn9Fe11Cr19Cu6Ni12,262.85464,CrCuFeMnNi,True
Ni25Mn10Cr11Fe22Co23Cu5,262.87646,CoCrCuFeMnNi,True
Mn16Ni9Co25Cu10Cr11Mo24,262.93268,CoCrCuMnMoNi,True
Mn17Cu11Ni23Co13Cr21,262.965,CoCrCuMnNi,True
Ni25Cr24Cu14Co19Mn17,262.99704,CoCrCuMnNi,True
Mn12Cr23Fe10Ni9Cu9,263.09464,CrCuFeMnNi,True
Cu10Fe24Ni8Mn17Cr22,263.11438,CrCuFeMnNi,True
Co8Cu21Cr21Ni8Fe16Mn23,263.13818,CoCrCuFeMnNi,True
Cr16Ni22Mn9Co18Cu13Fe7,263.14383,CoCrCuFeMnNi,True
Cu10Ni13W6Fe14Mo5Cr11,263.1602,CrCuFeMoNiW,True
Mo11Co22Cu25Fe23W17Cr19,263.22723,CoCrCuFeMoW,True
Mn7Ni7Fe6Cr21Co11Cu20,263.23148,CoCrCuFeMnNi,True
Mn11Ni8Cu7Fe7Co15,263.28873,CoCuFeMnNi,True
Cr22Mn14Cu14Ni16Co20,263.29346,CoCrCuMnNi,True
Mn10Ni11Co14Cu10Cr12Mo10,263.3711,CoCrCuMnMoNi,True
Cr23Co9Mn19Fe24Cu16,263.39807,CoCrCuFeMn,True
Cu6Cr13Fe6Mn8Ni6,263.41272,CrCuFeMnNi,True
Cu20Ni23Mo7Co5Cr11Mn21,263.44388,CoCrCuMnMoNi,True
Mo12Co21Fe13Ni24W9,263.4461,CoFeMoNiW,True
Cu18Mo25Cr18Ni15Mn13Co15,263.45578,CoCrCuMnMoNi,True
Mo20Mn16Co9Fe12Cr6Ni11,263.5028,CoCrFeMnMoNi,True
Ni16Cu11Co24Fe18Mn6,263.51068,CoCuFeMnNi,True
Co24Cu12Ni24Fe12Mn22,263.51868,CoCuFeMnNi,True
Cu20W8Mo6Fe20Cr7,263.52887,CrCuFeMoW,True
Cu5Mo21Cr23Mn24Ni24Fe5,263.56302,CrCuFeMnMoNi,True
Mn20Mo23Cr10Co16Cu8Fe24,263.59894,CoCrCuFeMnMo,True
Co9Mn9Fe12Cu23Ni8,263.629,CoCuFeMnNi,True
Cu25Co12Ni24Fe19Mn15Cr11,263.6602,CoCrCuFeMnNi,True
Ni19W13Fe12Mo5Co25,263.66534,CoFeMoNiW,True
Mo13Co20W7Fe21Cu16,263.67764,CoCuFeMoW,True
Cr16Mo22Cu12Ni14Mn22Fe12,263.70496,CrCuFeMnMoNi,True
Co25Mo18Ni9Cu23Cr25Fe10,263.709,CoCrCuFeMoNi,True
Fe17Mo25Co23Cu11Cr22Mn24,263.72446,CoCrCuFeMnMo,True
Ni19Fe25Mn19Cr25Co14,263.72495,CoCrFeMnNi,True
Mn23Ni9Mo10Fe10Co6,263.72522,CoFeMnMoNi,True
Ni14Fe16Co17Mo15Cr7Cu21,263.76962,CoCrCuFeMoNi,True
Cr24Co6Mn10Ni9Fe12,263.77728,CoCrFeMnNi,True
Fe5Cr14Cu5Ni20Mo18Mn23,263.79236,CrCuFeMnMoNi,True
Co10Cr8Fe10Cu7Mo21Mn8,263.79395,CoCrCuFeMnMo,True
Co5Fe18Mn11Ni18Cu5,263.8494,CoCuFeMnNi,True
Cr5Co19Cu6Mn20Ni16Mo25,263.85825,CoCrCuMnMoNi,True
Fe16Co10Cr17Cu8Mn15,263.8631,CoCrCuFeMn,True
Co8Mn10Mo24Cr10Ni5Cu22,263.883,CoCrCuMnMoNi,True
Mn10Fe5Ni20Mo5Cu18Co10,263.8886,CoCuFeMnMoNi,True
Cr9Ni17Mo24Cu10Fe9Co17,263.89716,CoCrCuFeMoNi,True
Co10Ni12Fe7Cr14Mn18Mo16,263.93365,CoCrFeMnMoNi,True
Mo19Fe19Co12Cr24Ni15Mn14,263.96652,CoCrFeMnMoNi,True
Mn14Mo25Co18Cu22Ni9Cr18,264.00308,CoCrCuMnMoNi,True
Cu14Co15Mo15Mn9Ni19Cr22,264.053,CoCrCuMnMoNi,True
Mo10Cr5Co13Cu16Mn24Ni20,264.08282,CoCrCuMnMoNi,True
Cr12Co23Fe21Ni13W5,264.12646,CoCrFeNiW,True
Cr23Ni18Cu15Mn17Co22,264.12903,CoCrCuMnNi,True
Mn22Cu5Co16Fe25Ni20,264.13126,CoCuFeMnNi,True
Fe13Cr24Co14Mn25Ni13Cu18,264.22595,CoCrCuFeMnNi,True
Fe18W6Cr7Ni13Co16,264.34677,CoCrFeNiW,True
Mo16Cu19W6Fe21Ni22,264.3749,CuFeMoNiW,True
Cr10Cu13Co24Mn24Mo22Ni16,264.40698,CoCrCuMnMoNi,True
Fe20Mo6Ni25Co21W10Cr5,264.4088,CoCrFeMoNiW,True
Mn13Ni6Cu17Co23Cr20Mo15,264.40897,CoCrCuMnMoNi,True
Ni13Mn16Cu12Co23Mo19Cr16,264.43,CoCrCuMnMoNi,True
Mo14Mn6Cr25Fe18Ni14Co6,264.47406,CoCrFeMnMoNi,True
Cu12Mn16Co10Fe12Cr21,264.554,CoCrCuFeMn,True
Ni9Mo8Cr22Fe16Mn14Co16,264.6978,CoCrFeMnMoNi,True
Cu18Mn5Fe7Cr19Co20Ni20,264.6995,CoCrCuFeMnNi,True
Ni21Co21Cr24Cu10Mn16,264.8128,CoCrCuMnNi,True
Mn18Ni9Co10Fe21Cr23,264.81418,CoCrFeMnNi,True
Cr13Cu14Mn24Fe19Ni13Mo23,264.8238,CrCuFeMnMoNi,True
W11Cu19Ni15Mo7Fe12,264.82846,CuFeMoNiW,True
Ni8Mo25Cu15Mn20Fe11Cr17,264.82928,CrCuFeMnMoNi,True
Cr24Mn16Co23Ni18Cu11,264.861,CoCrCuMnNi,True
Cu25Ni19W9Mo11Co24,264.864,CoCuMoNiW,True
Ni8Co14Cu24Fe17Cr12Mn16,264.92468,CoCrCuFeMnNi,True
Cu10Co10Mn6Cr16Mo21Ni14,264.9507,CoCrCuMnMoNi,True
Mn9Fe17Cr17Cu10Ni5Mo18,264.9875,CrCuFeMnMoNi,True
Cu19Fe15W16Mo6Co20,264.98962,CoCuFeMoW,True
Cu11Ni11Co17Mn19Cr19,264.9972,CoCrCuMnNi,True
Mo22Co15Mn17Fe21Cu13Cr23,265.03665,CoCrCuFeMnMo,True
W15Mo7Cu19Co18Fe17,265.0429,CoCuFeMoW,True
Fe15W17Co23Mo9Cu23,265.10287,CoCuFeMoW,True
Ni17Cu9Mn10Co10Mo9Cr15,265.10397,CoCrCuMnMoNi,True
Co11Mn25Fe6Ni11Mo5,265.12885,CoFeMnMoNi,True
Co9Mo14Fe22Mn24Ni21Cr15,265.19254,CoCrFeMnMoNi,True
Mo5Ni23Co17Cu20Mn5Fe16,265.204,CoCuFeMnMoNi,True
Cr22Mn15Fe14Cu7Ni9,265.23132,CrCuFeMnNi,True
Ni25W9Fe19Co22Cr5,265.29782,CoCrFeNiW,True
Fe14W12Mo5Co17Ni25,265.29956,CoFeMoNiW,True
Fe21Ni18Co23Cr8Cu22Mo19,265.31345,CoCrCuFeMoNi,True
Mo25Fe16Cr6Cu18Mn22Ni5,265.34067,CrCuFeMnMoNi,True
Mn16Ni23Co10Cu8Cr25,265.34796,CoCrCuMnNi,True
Mn10Co7Ni6Cr17Cu16,265.3668,CoCrCuMnNi,True
Mn13Mo6Cr19Fe10Cu6Ni16,265.37262,CrCuFeMnMoNi,True
Fe25Mo20Ni13Mn14Co8Cr21,265.40384,CoCrFeMnMoNi,True
Mo17Co19Mn24Cu11Fe5Cr19,265.45258,CoCrCuFeMnMo,True
Mo9W9Fe14Cu15Ni22,265.49097,CuFeMoNiW,True
Ni7Cr18Mo24Fe13Co25Cu15,265.50803,CoCrCuFeMoNi,True
Fe20Ni25Co14Mn8Cu25,265.55905,CoCuFeMnNi,True
Cu12Cr21Ni5Fe13Co6Mo23,265.56168,CoCrCuFeMoNi,True
Co21Fe22W9Cr21Mo5,265.64975,CoCrFeMoW,True
Ni17Cr25Mn20Co15Fe24,265.66147,CoCrFeMnNi,True
Cu8Mn23Fe7Cr7Co19Mo18,265.66656,CoCrCuFeMnMo,True
W5Cr12Cu17Fe17Ni18Co16,265.68405,CoCrCuFeNiW,True
Cr17Mn10Mo7Fe25W6Co25,265.686,CoCrFeMnMoW,True
Fe23Ni5Mn17Co19Mo16Cr23,265.71603,CoCrFeMnMoNi,True
Ni7Mn16Cu10Cr25Co20Fe8,265.74063,CoCrCuFeMnNi,True
Cr19Cu14Mn16Co18Ni13,265.76605,CoCrCuMnNi,True
Cr24Cu7Fe7Mo19Ni5Co16,265.86902,CoCrCuFeMoNi,True
Cu10Fe19Ni16Mo24Mn25Cr5,266.01727,CrCuFeMnMoNi,True
Co22W12Cu22Ni22Fe25Cr10,266.0956,CoCrCuFeNiW,True
Mo10W14Ni24Co25Cu22,266.11838,CoCuMoNiW,True
Fe21Mn6Ni17Cu18Co6,266.17288,CoCuFeMnNi,True
Cu8Cr19Mn12Fe19Ni7,266.19418,CrCuFeMnNi,True
Ni12Mo7Fe8Co16Cr21Mn19,266.2871,CoCrFeMnMoNi,True
Mn14Cu6Mo14Ni9Fe13Cr8,266.29193,CrCuFeMnMoNi,True
W5Cu18Mo7Cr9Ni24Fe14,266.31693,CrCuFeMoNiW,True
Cr15W6Cu25Mo11Fe19,266.32285,CrCuFeMoW,True
Co8Mn19Mo10Cu14Fe17Cr7,266.32312,CoCrCuFeMnMo,True
Mn8Cr18Cu8Ni12Co14,266.4116,CoCrCuMnNi,True
Mn22Mo7Cu6Co25Ni20Cr14,266.43573,CoCrCuMnMoNi,True
Cu20Co8Cr23Mn18Ni12,266.4541,CoCrCuMnNi,True
Cr17Cu21Ni25Mo13Fe19Co6,266.51346,CoCrCuFeMoNi,True
Cr25Mn16Ni6Cu18Co18,266.55115,CoCrCuMnNi,True
Ni20Cu15Co11Cr22Mn21,266.60785,CoCrCuMnNi,True
Cr11Mo22Mn6Cu13Ni8Co7,266.6092,CoCrCuMnMoNi,True
Ni19Cu15Cr24Mn13Co16,266.6265,CoCrCuMnNi,True
Ni11Cu18W6Fe19Mo7,266.6291,CuFeMoNiW,True
Mo11Fe18Cu17W10Co24,266.65854,CoCuFeMoW,True
Cr7Co15Mo7Fe10Cu8Mn18,266.69888,CoCrCuFeMnMo,True
Cu21Fe13Ni20Cr14Mo11Co17,266.73096,CoCrCuFeMoNi,True
Cr22Co10Mn19Mo23Ni16Fe13,266.74738,CoCrFeMnMoNi,True
Co9Mn19Cr25Fe23Cu13,266.77988,CoCrCuFeMn,True
Cu7Ni14Mo13Fe10Co25Cr18,266.78207,CoCrCuFeMoNi,True
Mn14Co6Cu13Cr25Ni8,266.80182,CoCrCuMnNi,True
Ni6Mo14Cr21Cu8Co6,266.8431,CoCrCuMoNi,True
Ni8Co5Cu9Mn7Cr20Fe5,266.85965,CoCrCuFeMnNi,True
Ni17Cr19Fe17Mn18Co7Mo15,266.87888,CoCrFeMnMoNi,True
Cu24Co11Fe20Ni21Mo8Cr12,266.8887,CoCrCuFeMoNi,True
Co17Cu14W8Ni20Mo6,266.92566,CoCuMoNiW,True
Cr24Mn22Ni23Fe11Cu7Co24,266.95737,CoCrCuFeMnNi,True
Fe13Cu25Mn16Ni23Co22,266.95773,CoCuFeMnNi,True
Co8Ni9Fe13Cr17Mn9,267.00238,CoCrFeMnNi,True
Co14Mn14Cu15Cr18Ni11,267.05237,CoCrCuMnNi,True
Ni15Cr14Cu25Mn23Co15Fe22,267.1031,CoCrCuFeMnNi,True
Ni18Mo13Cr18Mn24Fe23Co12,267.11877,CoCrFeMnMoNi,True
Co6Fe20Cu9Ni18Mn6,267.12128,CoCuFeMnNi,True
Cu21W13Co19Fe20Mo10,267.14935,CoCuFeMoW,True
Cr10Co8Ni14Mo24Cu25Fe21,267.18338,CoCrCuFeMoNi,True
Fe24Cu25Co20Ni8Mn9,267.21765,CoCuFeMnNi,True
Co7Fe10Mn22Mo24Cr16Cu18,267.24713,CoCrCuFeMnMo,True
Cu13Co6Ni17Mn12Cr15Mo7,267.25754,CoCrCuMnMoNi,True
Co15Mn19Cu17Ni10Cr21,267.31656,CoCrCuMnNi,True
Ni7Fe13Cu16Co13Mn17,267.41287,CoCuFeMnNi,True
Ni15Cr17Mn8Cu7Co6,267.46786,CoCrCuMnNi,True
Cu8Ni5Mo13Cr17Mn6Fe6,267.5147,CrCuFeMnMoNi,True
Fe25W12Cu19Mo7Ni18,267.52216,CuFeMoNiW,True
Mo25Mn18Ni14Fe11Cu6Cr13,267.65558,CrCuFeMnMoNi,True
Cu13Co18Ni21Mn23Cr24,267.66064,CoCrCuMnNi,True
W5Co13Mo8Ni15Fe12,267.70422,CoFeMoNiW,True
Mo12Cu10Mn24Fe20Cr7Ni15,267.73938,CrCuFeMnMoNi,True
Co21Cu23Fe21Mn19Ni13Cr12,267.81046,CoCrCuFeMnNi,True
Mn7Co16Fe15Cu21Ni10,267.82788,CoCuFeMnNi,True
Ni5Co25Cr18Cu20Mn6Fe13,267.91104,CoCrCuFeMnNi,True
Cu12Co6Mn7Mo20Cr14Ni13,267.98087,CoCrCuMnMoNi,True
Cu7Mn24Ni5Co13Mo11,268.0342,CoCuMnMoNi,True
Mo10Cu19Fe23W11Ni19,268.06424,CuFeMoNiW,True
Cu23Mo22Mn12Co17Cr23Ni7,268.14667,CoCrCuMnMoNi,True
Mo22Cu12Cr11Co9Fe11Ni21,268.15067,CoCrCuFeMoNi,True
Mn23Cu18Cr24Ni18Co14,268.1703,CoCrCuMnNi,True
Mn14Cu18Cr9Co19Ni10Fe20,268.1846,CoCrCuFeMnNi,True
Fe21Cr24Ni12Mn25Cu21Mo12,268.19308,CrCuFeMnMoNi,True
Fe16Cr9Ni10Co7Mo13Mn16,268.2229,CoCrFeMnMoNi,True
Co11Cu6Ni5Cr16Fe15Mn17,268.25903,CoCrCuFeMnNi,True
Ni7Cr8Co12Cu19Mo14Fe23,268.38858,CoCrCuFeMoNi,True
Co11Cu12Fe15Cr22Mn14,268.40842,CoCrCuFeMn,True
Ni15Cu25Mo8Fe16W5,268.51605,CuFeMoNiW,True
Ni11Co16Mn23Cu17Fe17,268.62607,CoCuFeMnNi,True
Co10Mo7Cr25Fe17Mn13Ni14,268.64093,CoCrFeMnMoNi,True
Cu20Mn17Ni7Co9Cr12Fe23,268.692,CoCrCuFeMnNi,True
Cu7Cr10Ni10Mn16Fe10Mo17,268.7084,CrCuFeMnMoNi,True
Cr23Fe9Mo7Co19Ni8Mn19,268.72916,CoCrFeMnMoNi,True
Co16Ni20Cr13Cu23Fe22Mn22,268.7402,CoCrCuFeMnNi,True
Ni9Cu17Mn16Co9Cr19,268.76126,CoCrCuMnNi,True
Fe20Co20Mo8Mn22Cu11Cr20,268.77722,CoCrCuFeMnMo,True
Mn6Fe22Co9Cu12Ni20,268.81708,CoCuFeMnNi,True
Co20Fe17Cr5W5Ni25,268.8464,CoCrFeNiW,True
Cr11Co14Mn20Ni17Cu19Fe24,268.89114,CoCrCuFeMnNi,True
Mo5Ni15Cu22W11Fe16,268.9499,CuFeMoNiW,True
Mo7Cu18Cr8Fe18W5,268.96323,CrCuFeMoW,True
Co8Cr14Mo19Mn17Fe10Cu12,269.00165,CoCrCuFeMnMo,True
Mn8Mo9Cr21Co7Cu7Fe20,269.01636,CoCrCuFeMnMo,True
Co11Ni8Cr25Cu7Mn13,269.022,CoCrCuMnNi,True
Co16Fe12Ni23Mo19Cu17Cr19,269.05945,CoCrCuFeMoNi,True
Cu13Ni5Mn13Cr20Co11,269.20175,CoCrCuMnNi,True
Cr17Co25Cu24Mo6W12Fe17,269.2095,CoCrCuFeMoW,True
Ni19Co9Mn25Cr18Fe5Mo11,269.2965,CoCrFeMnMoNi,True
Co8Mn15Cr12Cu23Ni22Fe19,269.30862,CoCrCuFeMnNi,True
Mn15Cu20Ni16Co18Cr10Fe18,269.32266,CoCrCuFeMnNi,True
Mo19Fe16Co15Ni7Cr20Cu25,269.35193,CoCrCuFeMoNi,True
Mo25Mn20Cr18Cu18Ni10Co23,269.37943,CoCrCuMnMoNi,True
Co7Ni13Cu19Mo13Cr9Fe22,269.46387,CoCrCuFeMoNi,True
Cr9Cu7Ni11Mo9Mn16Fe6,269.5356,CrCuFeMnMoNi,True
Fe12Mo10Co6Cu16Cr8Ni9,269.63535,CoCrCuFeMoNi,True
Ni8Mo13Cr21Fe8Mn16Co14,269.6819,CoCrFeMnMoNi,True
Fe23Mo19Co19Cu6Cr6Ni12,269.7136,CoCrCuFeMoNi,True
Ni18W7Fe23Cu19Mo11,269.7878,CuFeMoNiW,True
Mo8Cu24Co25Cr9W7,269.81943,CoCrCuMoW,True
Ni14Mn7Co7Fe18Cu20,269.8387,CoCuFeMnNi,True
Ni7Cu11Co21Fe8Cr21Mo13,269.86154,CoCrCuFeMoNi,True
Fe17Mo12Co10Mn19Cr13Cu13,269.8765,CoCrCuFeMnMo,True
Co17Cu17Ni14W7Mo6,269.92252,CoCuMoNiW,True
Mn8Ni23Co10Cu12Fe14,269.99603,CoCuFeMnNi,True
Cu8Co7Fe15Ni23Cr11Mn8,270.06082,CoCrCuFeMnNi,True
Mn16Ni7Co24Cr18Mo21Cu12,270.06738,CoCrCuMnMoNi,True
Cu13Fe25Mn14Cr25Co8Mo18,270.10794,CoCrCuFeMnMo,True
Co6Fe11Mo15Mn21Ni17Cr10,270.1191,CoCrFeMnMoNi,True
Fe17Cr16Mo21Co8Ni24Cu19,270.12222,CoCrCuFeMoNi,True
Co7Ni18Mo12Fe10Mn22Cr9,270.1704,CoCrFeMnMoNi,True
Co6Cu11Fe20Ni6Mn8Cr8,270.1804,CoCrCuFeMnNi,True
Cr23Ni5Co21Cu25Mn18Mo23,270.209,CoCrCuMnMoNi,True
Co19Fe23Cu6Ni16Mo9Cr10,270.35062,CoCrCuFeMoNi,True
Co12Mn25Ni17Fe16Mo17Cr20,270.37784,CoCrFeMnMoNi,True
Fe21Ni12Co12Cu25Mn24,270.40793,CoCuFeMnNi,True
Cu17Mo19Co17Fe22Ni25Cr9,270.42734,CoCrCuFeMoNi,True
Ni5Fe25Cu25Cr19Mn23Co24,270.42816,CoCrCuFeMnNi,True
Fe17Cu7Co21Ni6Mn11,270.43445,CoCuFeMnNi,True
Co23Fe24Cu16Mo10W7,270.44925,CoCuFeMoW,True
Co17Cr23Cu14Mo21Fe16Mn25,270.51105,CoCrCuFeMnMo,True
Mo17Cr21Co11Ni22Mn10Cu7,270.52594,CoCrCuMnMoNi,True
Mo25Co10Mn20Cu12Cr13Fe10,270.67426,CoCrCuFeMnMo,True
Fe20Ni24Cu22Mo21Co24Cr11,270.75168,CoCrCuFeMoNi,True
Mn24Cu12Co21Ni25Cr16Mo5,270.75858,CoCrCuMnMoNi,True
Cr21Cu18Co9Ni13Fe8Mo15,270.84183,CoCrCuFeMoNi,True
Ni6Co13Cu7Cr25Fe14Mn19,270.8619,CoCrCuFeMnNi,True
Cu17Ni16Mo18Co15Cr9Fe12,270.89252,CoCrCuFeMoNi,True
Mo13Cr13Cu18Ni5Fe16Co12,271.02185,CoCrCuFeMoNi,True
Cr24Cu19Mn16Ni6Mo16Co24,271.0428,CoCrCuMnMoNi,True
Cu11Fe11Ni20Mn13Co23,271.0887,CoCuFeMnNi,True
Ni22Fe20Mn16Cu14Co7Cr12,271.12558,CoCrCuFeMnNi,True
Cu14Fe16Ni11Mn22Co21,271.17142,CoCuFeMnNi,True
W8Mo6Fe17Cu20Co13,271.25653,CoCuFeMoW,True
Co8Fe13Cu20Mn8Ni11,271.844,CoCuFeMnNi,True
Cr18Mo23Ni6Co7Mn12Fe24,271.87314,CoCrFeMnMoNi,True
Co5Fe20Mn7Cu23Cr14Ni18,271.88974,CoCrCuFeMnNi,True
Mn25Fe6Cu11Ni17Cr5Mo6,271.89905,CrCuFeMnMoNi,True
Ni10Co17Cr24Mo21Fe21Mn24,271.92792,CoCrFeMnMoNi,True
Fe22Mo23Co7Ni14Cr25Mn15,271.96432,CoCrFeMnMoNi,True
Ni18Cr22Cu19Co23Fe11Mn21,271.97675,CoCrCuFeMnNi,True
Ni21Cu20W12Co20Mo5,271.97974,CoCuMoNiW,True
Co6Cr25Mn13Ni13Cu15,271.99548,CoCrCuMnNi,True
Mn20Cu15Fe13Ni12Co17,271.99753,CoCuFeMnNi,True
Fe20Co13Cu8Cr9Ni5Mo22,272.00644,CoCrCuFeMoNi,True
Ni16Mn11Cr25Co9Cu18,272.05972,CoCrCuMnNi,True
Fe22Mo5Cr8Mn24Co13Ni9,272.10397,CoCrFeMnMoNi,True
Cu18Mo18Cr24Ni21Co6Fe11,272.16068,CoCrCuFeMoNi,True
Ni14Cr11Fe20Mo12Mn21Co7,272.20084,CoCrFeMnMoNi,True
Cu13Co10Ni18Mn22Fe20,272.2163,CoCuFeMnNi,True
Mn25Co10Cu18Fe24Ni22,272.22263,CoCuFeMnNi,True
Fe6Ni24Mo5Co15Cu19Mn14,272.22464,CoCuFeMnMoNi,True
Ni20Cr11Cu7Fe21Mo22Co8,272.29294,CoCrCuFeMoNi,True
Mo19Mn9Cu15Co8Ni15Cr20,272.3252,CoCrCuMnMoNi,True
Co15Mo14Ni22Cu8Fe8Cr24,272.337,CoCrCuFeMoNi,True
Mo23Co8Ni24Cu7Fe25Cr23,272.34305,CoCrCuFeMoNi,True
Ni19Co13Mn6Cu16Fe21,272.3536,CoCuFeMnNi,True
Mo11Fe24Ni19Mn25Cr16Co5,272.42285,CoCrFeMnMoNi,True
Ni18Cr19Cu21Fe10Co6Mn5,272.42795,CoCrCuFeMnNi,True
Fe11Mo11Mn16Cr19Cu6Ni14,272.43982,CrCuFeMnMoNi,True
Cr25Fe19Mn14Mo20Ni14Co7,272.50244,CoCrFeMnMoNi,True
Co14Fe23Mo16Cr16Ni10Mn24,272.54385,CoCrFeMnMoNi,True
Co23Mo7W11Ni25Cu21,272.6062,CoCuMoNiW,True
Co11Mo22Cu6Cr5Fe16Ni13,272.6136,CoCrCuFeMoNi,True
Mo6Ni24W5Cu23Cr17,272.6757,CrCuMoNiW,True
Mn22Fe17Cu13Ni23Co8Cr20,272.83127,CoCrCuFeMnNi,True
Ni6Fe16Co18Cu21Mo5Cr17,272.83884,CoCrCuFeMoNi,True
Cr15Mo24Co6Mn13Ni7Fe23,272.8428,CoCrFeMnMoNi,True
Mn6Fe22Cu11Ni18Co9,272.86523,CoCuFeMnNi,True
Cr21Mo5Ni11Fe21Mn20Co14,272.8868,CoCrFeMnMoNi,True
W6Cu17Fe19Co16Mo9,273.06122,CoCuFeMoW,True
Ni13Fe18Cr7Mo5Mn22Co9,273.1278,CoCrFeMnMoNi,True
Cu18Ni15Mn6Co10Fe20,273.14914,CoCuFeMnNi,True
Ni7Co8Fe24Cr17Mo24Cu15,273.1516,CoCrCuFeMoNi,True
Co9Mo7Mn11Ni22Cu10Cr23,273.19647,CoCrCuMnMoNi,True
Cr12Co10Cu12Ni24Mn24Mo22,273.25342,CoCrCuMnMoNi,True
Mo10W6Fe15Cu25Co18,273.2704,CoCuFeMoW,True
Mn23Fe16Co16Ni5Mo22Cr6,273.34357,CoCrFeMnMoNi,True
Cu13Fe14Co13Mo24Cr9Ni23,273.40643,CoCrCuFeMoNi,True
Cu7Fe13Cr12Mn19Mo9Co15,273.47916,CoCrCuFeMnMo,True
Mo14Co11Cu22Fe21Cr11Ni11,273.48853,CoCrCuFeMoNi,True
Ni13Mn16Cr24Cu16Co15,273.67395,CoCrCuMnNi,True
Fe16Cr14Co21Mo23Ni18Cu6,273.75165,CoCrCuFeMoNi,True
Fe22Mn9Cr22Mo25Co8Cu8,273.78598,CoCrCuFeMnMo,True
Mo9Cr24Fe13Ni22Cu22Co6,273.82956,CoCrCuFeMoNi,True
Mo7Ni25Cu24Cr11W6,273.95514,CrCuMoNiW,True
Cu9Mo24Co22Mn22Cr18Ni17,273.99142,CoCrCuMnMoNi,True
Fe11Mn11Cu10Mo19Cr17Co6,274.0026,CoCrCuFeMnMo,True
Mn25Ni8Mo14Fe11Cr16Co17,274.04797,CoCrFeMnMoNi,True
Fe17Mo24Cu9Ni6Cr19Mn14,274.06012,CrCuFeMnMoNi,True
Cr10Co10Ni6Fe20Mo6Cu14,274.08853,CoCrCuFeMoNi,True
Cu24Cr21Mn9Ni6Co7Mo25,274.09714,CoCrCuMnMoNi,True
Cu14Fe21Mn18Co11Cr13Ni7,274.1089,CoCrCuFeMnNi,True
Cr22Cu16Ni14Co8Mn11,274.12366,CoCrCuMnNi,True
Fe25Cu5Cr23Ni6Co22Mo17,274.1309,CoCrCuFeMoNi,True
Co13Cr10Mn18Mo7Cu18Ni8,274.2499,CoCrCuMnMoNi,True
Cu14Ni20W7Mo6Fe15,274.28964,CuFeMoNiW,True
Cr22Cu9Co12Mn16Mo15Fe11,274.37555,CoCrCuFeMnMo,True
Mn21Cu8Co5Cr8Mo21Ni23,274.40216,CoCrCuMnMoNi,True
Fe11Ni8Cr24Mo24Cu15Mn24,274.4524,CrCuFeMnMoNi,True
Cu16Mo7W7Fe19Co25,274.4636,CoCuFeMoW,True
Cu17Co24Cr20Mo16Ni6Fe19,274.51428,CoCrCuFeMoNi,True
Ni12Co7Fe16Mn6Cu17,274.5278,CoCuFeMnNi,True
Mo9Fe13Mn20Cr12Ni7Co14,274.55777,CoCrFeMnMoNi,True
Fe18Cr8Ni10Mo7Co16Cu13,274.6833,CoCrCuFeMoNi,True
Ni11Co12Fe10Cr14Cu17Mn16,274.74512,CoCrCuFeMnNi,True
Mo7Cu13Mn22Co7Ni8,274.79855,CoCuMnMoNi,True
Cu20Fe25Co8Cr17Mo22Ni20,274.84842,CoCrCuFeMoNi,True
Cr18Mn11Mo25Co11Cu5Ni19,274.8814,CoCrCuMnMoNi,True
Ni8Mn12Co13Cu24Fe22,274.90753,CoCuFeMnNi,True
Cu16Cr20Mn22Co20Ni16Mo23,275.04327,CoCrCuMnMoNi,True
W13Fe22Co25Mo8Cu21,275.0517,CoCuFeMoW,True
Cu15Mo5Co22Fe25Cr16Ni7,275.22876,CoCrCuFeMoNi,True
Cu11Fe11Ni7Cr21Mn18Mo21,275.26978,CrCuFeMnMoNi,True
Fe22Ni22Co21Cu18Mn8,275.31522,CoCuFeMnNi,True
Co6Cr13Fe18Ni16Mo19Cu9,275.41922,CoCrCuFeMoNi,True
Ni13Cr15Co9Mo11Cu8Fe6,275.47537,CoCrCuFeMoNi,True
Co14Mn17Mo6Fe25Cr25Cu7,275.48367,CoCrCuFeMnMo,True
Mo15Cr11Ni9Cu16Fe16Co19,275.59772,CoCrCuFeMoNi,True
Mo19Ni6Co12Fe11Cr12Cu9,275.64886,CoCrCuFeMoNi,True
Mn14Cr15Ni5Fe8Mo25Co8,275.73044,CoCrFeMnMoNi,True
Cr18Mo13Fe23Co17Cu25Ni9,275.83487,CoCrCuFeMoNi,True
Cr13Mo21Fe22Ni9Co8Cu16,275.88757,CoCrCuFeMoNi,True
Cu25Co23Ni24Mn11Fe20,275.88986,CoCuFeMnNi,True
Fe13Cr14Co5Mn9Mo6Ni5,275.89496,CoCrFeMnMoNi,True
Ni19Mn15Cu10Co19Cr24Mo6,275.90735,CoCrCuMnMoNi,True
Fe13Mn12Co15Ni23Cu19,275.91794,CoCuFeMnNi,True
Cu23Ni17Co12Mn18Fe12Cr19,275.9362,CoCrCuFeMnNi,True
Cu22Co21Mo6Ni19W5,275.96506,CoCuMoNiW,True
Cr24Co11Mo21Mn7Cu6Ni20,275.97977,CoCrCuMnMoNi,True
Mo6Cr20Mn24Ni18Co8Fe19,275.98636,CoCrFeMnMoNi,True
Cr18Mo13Mn18Cu18Co18Ni10,276.07166,CoCrCuMnMoNi,True
Cr12Fe18Co24Mn10Ni20Cu21,276.22467,CoCrCuFeMnNi,True
Mn7Fe18Ni19Co9Cu18,276.35187,CoCuFeMnNi,True
Cu12Mn24Fe16Co15Cr12Mo5,276.40402,CoCrCuFeMnMo,True
Cu10Cr25Mn24Fe24Mo5Ni18,276.4065,CrCuFeMnMoNi,True
Mn11Cr23Ni7Cu6Fe18Mo16,276.4843,CrCuFeMnMoNi,True
Cu12Ni24Co16Mn9Fe17,276.5037,CoCuFeMnNi,True
Cr25Co25Cu17Ni14Mo19Fe13,276.5384,CoCrCuFeMoNi,True
Ni23Co8Mn13Cu17Fe16,276.55063,CoCuFeMnNi,True
Co19Cu7Fe16Ni19Cr23Mo25,276.55988,CoCrCuFeMoNi,True
Mo7Cr15Co24Cu14Fe21Ni24,276.63638,CoCrCuFeMoNi,True
Cr10Fe19Mo20Ni17Co21Cu16,276.63885,CoCrCuFeMoNi,True
Fe11Cr14Mo19Co14Ni10Cu13,276.82156,CoCrCuFeMoNi,True
Co13Cu12Mn20Mo12Cr23Fe7,276.87064,CoCrCuFeMnMo,True
Fe17Cr12Ni20Cu12Mo7Co19,276.92166,CoCrCuFeMoNi,True
Fe19Mn24Ni23Cu18Co12,276.94855,CoCuFeMnNi,True
Cr10Ni20Cu8Co15Mo13Mn22,276.96362,CoCrCuMnMoNi,True
Co13Cu14Mo25Ni25Fe15Cr25,277.01523,CoCrCuFeMoNi,True
Fe24Ni25Cu18Mo7W8,277.12045,CuFeMoNiW,True
Mo11Ni12Fe5Cr11Mn23Cu10,277.20245,CrCuFeMnMoNi,True
Ni9Cu12Cr7Mo7Fe12Co9,277.24933,CoCrCuFeMoNi,True
Cu19Ni17Co6Mn13Mo5Cr23,277.26068,CoCrCuMnMoNi,True
Cr13Mo20Co11Fe20Ni15Cu22,277.26688,CoCrCuFeMoNi,True
Mo22Fe15Ni8Mn14Co6Cr19,277.27994,CoCrFeMnMoNi,True
Cu6Co14Mn20Mo24Ni14Cr7,277.34317,CoCrCuMnMoNi,True
Mo11Cr6Cu5Mn20Co11Fe20,277.41498,CoCrCuFeMnMo,True
Mn14Mo22Cr18Cu5Ni7Fe17,277.44434,CrCuFeMnMoNi,True
Mn23Co9Ni12Cr14Mo12Fe19,277.4945,CoCrFeMnMoNi,True
Cr20Mn16Ni15Cu18Co7Mo19,277.5803,CoCrCuMnMoNi,True
Cu10Fe19Cr19Co13Mo21Ni6,277.59674,CoCrCuFeMoNi,True
Ni13Mn25Mo22Co8Cr16Fe13,277.651,CoCrFeMnMoNi,True
Cr18Mo11Ni19Fe19Co22Cu5,277.71384,CoCrCuFeMoNi,True
Co6Mn15Ni24Cr24Fe13Cu19,277.72006,CoCrCuFeMnNi,True
Cr21Co18Ni21Fe13Mo20Cu10,277.84177,CoCrCuFeMoNi,True
Cu19Fe18Co24Cr13Ni14Mo25,277.85074,CoCrCuFeMoNi,True
Fe17Cr19Mo21Ni7Mn13Co5,277.8947,CoCrFeMnMoNi,True
Mn25Ni24Cu11Fe21Co19,277.94928,CoCuFeMnNi,True
Co14Fe16W5Cu19Mo6,277.985,CoCuFeMoW,True
Fe6Cu10Co20Cr25Mo7Mn24,278.06567,CoCrCuFeMnMo,True
Mn21Fe19Cr15Ni19Co21Cu9,278.16806,CoCrCuFeMnNi,True
Co6Cr20Mn8Fe10Ni20Cu20,278.29874,CoCrCuFeMnNi,True
Fe6Cu12Mo7Mn19Co13Cr22,278.31168,CoCrCuFeMnMo,True
Mn13Fe19Cu23Co17Ni8,278.3337,CoCuFeMnNi,True
Co17Cr16Mn24Mo18Cu16Ni17,278.44736,CoCrCuMnMoNi,True
Co14Fe22Cu15Ni14Cr11Mn16,278.46878,CoCrCuFeMnNi,True
Fe17Ni11Co8Cr24Mn18Mo15,278.53076,CoCrFeMnMoNi,True
Co22Cr20Fe17Mo22Cu14Ni25,278.56613,CoCrCuFeMoNi,True
Mn22Mo18Ni11Co22Cu7Cr13,278.65842,CoCrCuMnMoNi,True
Mn15Co18Cr24Mo6Ni8Cu19,278.68295,CoCrCuMnMoNi,True
Cu18Mo16Co16Cr24Mn19Ni17,278.79623,CoCrCuMnMoNi,True
Fe8Co6Mo19Cu11Cr21Mn16,278.92508,CoCrCuFeMnMo,True
Ni20Mn16Fe17Cu7Co15Cr13,278.93042,CoCrCuFeMnNi,True
Co20Cr17Mn17Cu9Ni5Mo22,279.05093,CoCrCuMnMoNi,True
Cu8Mo6Ni11Cr11Co25Mn23,279.05453,CoCrCuMnMoNi,True
Ni21Mo6Cu18W9Fe19,279.15656,CuFeMoNiW,True
Ni6Cu11Cr16Fe25Mn23Mo12,279.2829,CrCuFeMnMoNi,True
Mo17Ni22Cr24Cu22Co7Fe23,279.31937,CoCrCuFeMoNi,True
Ni25Cr20Co18Mn23Cu10Mo6,279.3537,CoCrCuMnMoNi,True
Co18Fe17Ni7Mn18Cu22Cr18,279.40768,CoCrCuFeMnNi,True
Mo8Cu21Cr19Ni8Fe22Co9,279.44397,CoCrCuFeMoNi,True
Cr20Cu11Fe9Mo10Ni19Co8,279.4588,CoCrCuFeMoNi,True
Fe15Mo20Ni12Co7Cr13Mn24,279.65335,CoCrFeMnMoNi,True
Fe14Ni22Co17Cu23Mn20,279.6916,CoCuFeMnNi,True
Cr11Cu12Mo17Fe16Ni15Co21,279.7222,CoCrCuFeMoNi,True
Ni15Fe5Mn24Cr14Cu9Mo8,279.86578,CrCuFeMnMoNi,True
Co8Fe20Ni16Cu23Mn18,279.942,CoCuFeMnNi,True
Mo16Cr25Co15Ni17Mn20Cu20,279.94705,CoCrCuMnMoNi,True
Ni14Co22Cr17Fe16Cu15Mo24,280.0769,CoCrCuFeMoNi,True
Mn17Ni6Cu17Co16Fe23,280.0889,CoCuFeMnNi,True
Ni11Co13Cr22Mo11Fe19Mn24,280.09952,CoCrFeMnMoNi,True
Cu15Ni9Mo20Fe24Co13Cr12,280.1407,CoCrCuFeMoNi,True
Mo11Fe23Ni16Co16Cu20Cr13,280.26437,CoCrCuFeMoNi,True
Mo19Co10Ni14Cu12Mn21Cr8,280.30472,CoCrCuMnMoNi,True
Mo12Mn22Fe19Cr22Cu6Ni15,280.44373,CrCuFeMnMoNi,True
Cu15Co9Ni14Mn10Fe9,280.4523,CoCuFeMnNi,True
Cu8Co16Mo18Cr11Fe13Ni13,280.48178,CoCrCuFeMoNi,True
Co10Mn14Ni17Fe10Cu14,280.49796,CoCuFeMnNi,True
Cr22Cu16Ni13Mo17Co5Fe16,280.53397,CoCrCuFeMoNi,True
Cr11Mn22Mo11Co6Cu12Fe22,280.5965,CoCrCuFeMnMo,True
Cr16Fe17Cu15Ni25Co13Mo12,280.61023,CoCrCuFeMoNi,True
Mo19Cu13Co7Fe25Cr20Ni17,280.62445,CoCrCuFeMoNi,True
Cu14Ni7Mn11Fe16Co20,280.65186,CoCuFeMnNi,True
Mo16Fe6Co16Ni9Cu23Mn9,280.68692,CoCuFeMnMoNi,True
Ni5Co9Cr12Mn8Cu13Fe23,280.71408,CoCrCuFeMnNi,True
Ni16Co15Mn21Mo5Cr24Cu24,280.73798,CoCrCuMnMoNi,True
Co21Cu7Fe19Ni16Mn19,280.78845,CoCuFeMnNi,True
Co22Cr25Fe16Cu6Ni20Mo19,280.9365,CoCrCuFeMoNi,True
Fe16Mo11Cr19Ni5Mn12Co5,281.06326,CoCrFeMnMoNi,True
Fe24Cu22Mo5W8Ni20,281.10056,CuFeMoNiW,True
Ni15Mn15Cu5Mo6Cr25Fe14,281.1764,CrCuFeMnMoNi,True
Cr15Mn12Cu12Mo18Ni7Co9,281.1999,CoCrCuMnMoNi,True
Co21Ni12Fe22Cu15Mn24,281.21674,CoCuFeMnNi,True
Mo24Co18Ni14Cu22Cr22Fe18,281.4402,CoCrCuFeMoNi,True
Co11Fe14Ni20Mn19Cu19,281.61444,CoCuFeMnNi,True
Fe12Cr23Cu15Mn12Co5Ni6,281.6219,CoCrCuFeMnNi,True
Mo5Mn24Cr8Co14Ni12Cu18,281.76205,CoCrCuMnMoNi,True
Cr13Co11Fe15Mn24Mo16Ni8,281.81186,CoCrFeMnMoNi,True
Co16Cr15Mo8Fe7Ni6Mn25,281.82538,CoCrFeMnMoNi,True
Co11Ni25Cu11Fe19Mn12,281.85236,CoCuFeMnNi,True
Mn17Ni7Cu15Fe21Co14,282.00504,CoCuFeMnNi,True
Co15Fe19Mo23Cr23Ni20Cu24,282.07687,CoCrCuFeMoNi,True
Mn20Cr25Mo18Ni14Co23Cu9,282.13892,CoCrCuMnMoNi,True
Co13Mn18Fe13Cu18Ni14,282.1549,CoCuFeMnNi,True
Cu12Co22Mn9Ni19Fe17,282.1563,CoCuFeMnNi,True
Mn5Ni20Cu19Cr24Fe13Co23,282.16977,CoCrCuFeMnNi,True
Cu12Mn9Ni22Fe18Co12,282.2451,CoCuFeMnNi,True
Co15Mn25Mo23Ni23Cu16Cr25,282.36627,CoCrCuMnMoNi,True
Co10Fe24Mo5Cr13Ni12Cu7,282.63138,CoCrCuFeMoNi,True
Cr21Cu13Mn18Ni20Fe12Co11,282.68958,CoCrCuFeMnNi,True
Cr24Ni5Mn9Cu7Fe5Mo11,282.722,CrCuFeMnMoNi,True
Cr24Fe16Cu14Ni15Co24Mo22,282.7622,CoCrCuFeMoNi,True
Cr13Fe20Mo8Cu9Co13Ni19,282.80493,CoCrCuFeMoNi,True
Mn13Fe16Cu12Co5Mo7Cr23,282.85312,CoCrCuFeMnMo,True
Co21Mo5Cu12Fe17Ni25Cr21,283.08762,CoCrCuFeMoNi,True
Mn24Ni17Co14Fe25Cu13Cr18,283.09818,CoCrCuFeMnNi,True
Co19Fe21Mn11Cu18Ni7,283.15317,CoCuFeMnNi,True
Ni13Cr19Fe21Co20Mn6Cu25,283.20685,CoCrCuFeMnNi,True
Mo11Cr16Ni16Mn16Co9Cu11,283.26086,CoCrCuMnMoNi,True
Co19Fe12Cu16Cr24Mo10Ni19,283.3163,CoCrCuFeMoNi,True
Ni8Cr20Co18Fe16Mo14Cu18,283.34583,CoCrCuFeMoNi,True
Mn25Mo15Fe17Cr9Ni10Cu9,283.41522,CrCuFeMnMoNi,True
Ni21Fe14Cr22Mn21Co17Cu21,283.44537,CoCrCuFeMnNi,True
Cr22Mn25Ni6Fe10Mo18Co14,283.4586,CoCrFeMnMoNi,True
Cu8Co21Fe13Ni5Cr24Mo6,283.45963,CoCrCuFeMoNi,True
Cu9Co18Cr20Ni8Mo16Fe12,283.5105,CoCrCuFeMoNi,True
Cu19Fe18Cr13Mn5Ni12Co9,283.5327,CoCrCuFeMnNi,True
Cu6Fe24Mo20Cr9Mn21Co5,283.53586,CoCrCuFeMnMo,True
Mn18Fe5Ni25Mo16Cu20Co7,283.5597,CoCuFeMnMoNi,True
Cr21Cu9Fe24Co12Ni21Mo19,283.59833,CoCrCuFeMoNi,True
Cu8Ni23Co13Mn17Fe22,283.70206,CoCuFeMnNi,True
Cu14Fe21Co16Mn7Ni14,283.72565,CoCuFeMnNi,True
Co22Fe24Mo8Cr20Ni25Cu10,283.7632,CoCrCuFeMoNi,True
Ni25Fe23Cu10Co14Mn21,283.77847,CoCuFeMnNi,True
Cr19Mo22Ni15Cu22Fe23Co14,283.7957,CoCrCuFeMoNi,True
Ni23Cu13Fe15Co23Mn13,283.83163,CoCuFeMnNi,True
Ni14Fe22Cu14Mo15Cr16Co24,283.88696,CoCrCuFeMoNi,True
Mn16Fe17Cu7Co21Ni16,283.9186,CoCuFeMnNi,True
Ni23Co11Mn19Cu24Fe17,283.94614,CoCuFeMnNi,True
Mo13Mn25Cr17Ni13Co14Cu23,283.9486,CoCrCuMnMoNi,True
Mn13Co19Cu7Ni18Fe15,283.9705,CoCuFeMnNi,True
Cu8Fe22Mn10Co20Ni18,284.07263,CoCuFeMnNi,True
Ni5Cu18Mo14Co5Cr11Mn18,284.07825,CoCrCuMnMoNi,True
Mn11Cr14Fe13Ni19Co6Cu11,284.09195,CoCrCuFeMnNi,True
Co12Cr6Fe10Ni6Mn24Mo19,284.19077,CoCrFeMnMoNi,True
Ni6Mn25Mo24Fe21Co8Cr8,284.2505,CoCrFeMnMoNi,True
Mn20Cu19Co20Ni8Fe24,284.66492,CoCuFeMnNi,True
Ni20Mn6Cr21Co5Fe14Cu10,284.8189,CoCrCuFeMnNi,True
Cu21Fe16Mn11Co15Ni20,284.8622,CoCuFeMnNi,True
Mn14Ni8Cr14Fe18Cu14Co21,284.89664,CoCrCuFeMnNi,True
Co8Fe7Mn7Ni15Mo5Cu14,284.97034,CoCuFeMnMoNi,True
Co15Cu7Ni17Cr15Mo5Fe22,284.98804,CoCrCuFeMoNi,True
Fe16Cu19Co19Ni23Mn13,285.02,CoCuFeMnNi,True
Cu7Mn21Cr5Fe18Co6Mo13,285.079,CoCrCuFeMnMo,True
Co5Cu11Mo6Ni16Cr18Fe21,285.08676,CoCrCuFeMoNi,True
Cr13Co16Cu18Fe13Ni15Mn13,285.13394,CoCrCuFeMnNi,True
Ni23Cu7Mo9Cr16Mn23Co14,285.15637,CoCrCuMnMoNi,True
Cu21Ni20Mo6Co22Fe17Cr24,285.1637,CoCrCuFeMoNi,True
Cu10Fe20Mn11Co6Ni14,285.16943,CoCuFeMnNi,True
Co10Cu13Cr21Mo11Fe24Ni23,285.172,CoCrCuFeMoNi,True
Cu7Mn17Co9Mo5Cr12Fe14,285.4125,CoCrCuFeMnMo,True
Cu6Co10Mn22Mo25Cr19Fe11,285.50778,CoCrCuFeMnMo,True
Ni8Cu12Co7Mn5Fe12Cr25,285.55945,CoCrCuFeMnNi,True
Ni17Cr19Mo14Mn25Co13Cu21,285.6207,CoCrCuMnMoNi,True
Cu14Fe24Co23Ni23Mn10,285.67136,CoCuFeMnNi,True
Cr24Fe15Co11Ni7Mn17Cu8,285.68256,CoCrCuFeMnNi,True
Co9Ni8Mn12Mo25Cu12Cr19,285.7159,CoCrCuMnMoNi,True
Cu12Mn10Cr13Ni7Fe9Co16,285.73148,CoCrCuFeMnNi,True
Co12Fe23Cu13Ni18Mo20Cr17,285.8187,CoCrCuFeMoNi,True
Co16Mo15Cr18Cu6Fe23Ni12,285.8461,CoCrCuFeMoNi,True
Mn25Ni9Mo25Cu15Cr20Co19,285.94318,CoCrCuMnMoNi,True
Cu15Mn20Ni23Co9Fe17Cr22,286.01895,CoCrCuFeMnNi,True
Co23Mo9Cu25Ni9Fe6Mn22,286.03308,CoCuFeMnMoNi,True
Ni16Cr21Mo18Fe18Cu15Co9,286.06332,CoCrCuFeMoNi,True
Fe18Mn9Co24Cu6Ni22Cr19,286.07037,CoCrCuFeMnNi,True
Cr21Cu22Co19Mn18Fe14Ni20,286.1819,CoCrCuFeMnNi,True
Cu7Ni22Cr25Co10Fe22Mo13,286.2653,CoCrCuFeMoNi,True
Cu23Ni20Co23Fe20Mn8Mo7,286.277,CoCuFeMnMoNi,True
Co9Cu21Ni12Mn12Fe20,286.31406,CoCuFeMnNi,True
Mo12Ni12Mn20Cr13Cu10Co16,286.31467,CoCrCuMnMoNi,True
Co14Mo7Cr20Ni13Cu7Mn13,286.32343,CoCrCuMnMoNi,True
Cu22Ni9Fe25Co13Mn13,286.38544,CoCuFeMnNi,True
Fe9Mn10Ni12Cu14Co8,286.45044,CoCuFeMnNi,True
Fe12Cu21Ni13Co10Cr14Mn11,286.5889,CoCrCuFeMnNi,True
Cu5Mo11Cr19Mn22Ni15Co22,286.6057,CoCrCuMnMoNi,True
Cr20Co12Mo21Cu13Ni18Fe22,286.63727,CoCrCuFeMoNi,True
Mn21Cr21Co7Ni7Fe13Mo18,286.8268,CoCrFeMnMoNi,True
Fe10Ni5Cu14Cr13Mn10Co6,286.87042,CoCrCuFeMnNi,True
Cu9Co11Mo14Mn20Fe7Cr24,287.0362,CoCrCuFeMnMo,True
Co7Mn24Ni22Cr16Cu14Mo13,287.0753,CoCrCuMnMoNi,True
Mn16Mo17Ni22Co22Fe7Cu24,287.07718,CoCuFeMnMoNi,True
Cu13Ni18Fe14Co17Cr25Mo19,287.09372,CoCrCuFeMoNi,True
Co22Mo17Ni15Cr20Fe22Cu10,287.4189,CoCrCuFeMoNi,True
Fe21Mn13Co12Ni22Cu9,287.52728,CoCuFeMnNi,True
Fe19Cr19Co16Mn22Ni14Cu11,287.68112,CoCrCuFeMnNi,True
Ni20Fe15Cr25Co12Cu15Mo19,287.70068,CoCrCuFeMoNi,True
Cr21Cu5Ni5Mo10Mn11Fe5,287.75504,CrCuFeMnMoNi,True
Cr25Cu19Co15Mn8Fe10Ni9,287.81998,CoCrCuFeMnNi,True
Mn21Fe10Mo11Cr5Cu8Co9,287.98056,CoCrCuFeMnMo,True
Ni12Cu10Co5Fe16Mn9,288.04114,CoCuFeMnNi,True
Mn16Fe7Ni19Cu25Co12Mo12,288.20602,CoCuFeMnMoNi,True
Co17Cu7Mn16Fe20Ni11,288.25238,CoCuFeMnNi,True
Fe21Ni16Mo25Co17Cu13Cr18,288.28687,CoCrCuFeMoNi,True
Fe22Mn13Ni20Co8Cu17,288.3029,CoCuFeMnNi,True
Co11Fe23Mo14Cr20Cu18Ni14,288.31555,CoCrCuFeMoNi,True
Co13Cu6Mo15Fe17Cr19Ni8,288.48856,CoCrCuFeMoNi,True
Ni8Fe17Mo7Cu7Co20Cr21,288.501,CoCrCuFeMoNi,True
Mo8Cu10Co21Fe5Ni11Mn13,288.70486,CoCuFeMnMoNi,True
Co6Cr24Mn9Mo20Cu5Fe13,288.74713,CoCrCuFeMnMo,True
Fe25Mn17Co13Cu8Ni19,288.80798,CoCuFeMnNi,True
Fe13Ni15Cu16Mn17Co13,288.87445,CoCuFeMnNi,True
Co20Cu22Mn21Fe7Mo7Ni23,288.94577,CoCuFeMnMoNi,True
Cu5Co17Mo15Cr22Fe20Ni14,288.96448,CoCrCuFeMoNi,True
Co14Ni12Cu17Fe18Mn20,288.98962,CoCuFeMnNi,True
Mn19Co16Fe20Cu9Ni17,289.12924,CoCuFeMnNi,True
Mn21Co20Fe16Ni23Cu17,289.2878,CoCuFeMnNi,True
Co7Cr14Cu14Fe9Mn25Mo12,289.34592,CoCrCuFeMnMo,True
Co7Mo25Fe8Cu17Mn5Ni22,289.4063,CoCuFeMnMoNi,True
Co21Cr25Ni12Fe15Mo13Cu7,289.44904,CoCrCuFeMoNi,True
Cu5Mn20Mo5Ni13Fe15Cr21,289.595,CrCuFeMnMoNi,True
Cu17Ni10Fe21Mn12Co22,289.60187,CoCuFeMnNi,True
Cr18Ni7Co6Mo17Mn23Fe6,289.60883,CoCrFeMnMoNi,True
Mo13Co17Cu15Fe17Cr22Ni23,289.88177,CoCrCuFeMoNi,True
Mn8Ni15Cu15Co12Fe17,289.96695,CoCuFeMnNi,True
Co6Cr10Mo21Mn22Fe19Cu5,289.98853,CoCrCuFeMnMo,True
Fe23Ni25Cu23Mn13Co15,290.10468,CoCuFeMnNi,True
Mn5Mo16Fe12Ni19Co20Cu10,290.27414,CoCuFeMnMoNi,True
Co15Cu6Mo10Fe10Cr19Ni9,290.33124,CoCrCuFeMoNi,True
Cr23Mo10Ni9Fe23Cu8Mn25,290.41794,CrCuFeMnMoNi,True
Ni7Co14Cr22Fe13Cu13Mn16,290.46698,CoCrCuFeMnNi,True
Mn15Fe11Ni10Co14Cu11Cr22,290.5496,CoCrCuFeMnNi,True
Fe15Cu18Cr23Co17Ni17Mo8,290.58432,CoCrCuFeMoNi,True
Cu16Co22Fe25Ni10Mn20,290.70554,CoCuFeMnNi,True
Cr15Ni20Co24Fe23Mn9Cu16,290.80423,CoCrCuFeMnNi,True
Mn11Co14Ni22Cu16Fe18,290.8769,CoCuFeMnNi,True
Ni10Mo5Co8Cu9Cr25,291.03403,CoCrCuMoNi,True
Mn12Co16Fe19Cu8Ni18,291.12253,CoCuFeMnNi,True
Ni16Cu9Mn14Co21Fe18,291.2268,CoCuFeMnNi,True
Fe9Mo14Co10Mn9Cu25Ni10,291.51135,CoCuFeMnMoNi,True
Fe21Co15Cu21Mo14Cr25Ni23,291.5471,CoCrCuFeMoNi,True
Co14Cu16Ni19Fe15Mn19,291.5779,CoCuFeMnNi,True
Mn12Cr25Cu21Fe14Co23Ni24,291.616,CoCrCuFeMnNi,True
Fe19Cu24Mn19Co23Ni23,291.71945,CoCuFeMnNi,True
Co15Fe24Mn16Cu23Cr17Ni22,291.8776,CoCrCuFeMnNi,True
Co17Fe18Ni17Cr20Cu9Mo15,291.94495,CoCrCuFeMoNi,True
Mn23Ni7Cu11Mo8Fe6Cr13,291.992,CrCuFeMnMoNi,True
Co14Mn9Ni13Cu17Fe19,292.02942,CoCuFeMnNi,True
Cu11Ni20Mn13Cr15Co10Fe13,292.04156,CoCrCuFeMnNi,True
Co12Mo11Fe20Ni9Cr16Cu7,292.04596,CoCrCuFeMoNi,True
Fe15Ni13Co18Mn10Cu9,292.28467,CoCuFeMnNi,True
Fe21Co21Mn9Cu8Ni6Cr19,292.43195,CoCrCuFeMnNi,True
Mn16Mo18Co5Fe6Ni24Cu17,292.49725,CoCuFeMnMoNi,True
Co22Ni16Mo7Cr23Cu10Fe25,292.7289,CoCrCuFeMoNi,True
Ni13Fe8Mn8Co20Cu20Mo25,292.83527,CoCuFeMnMoNi,True
Fe19Ni19Mn8Co24Cu17Cr18,293.11307,CoCrCuFeMnNi,True
Mn9Fe22Ni16Co10Cu24Cr18,293.1223,CoCrCuFeMnNi,True
Fe19Ni20Cu17Mn20Cr19Co22,293.15082,CoCrCuFeMnNi,True
Fe12Mo6Ni10Cr5Co8Mn24,293.20905,CoCrFeMnMoNi,True
Fe25Ni20Mn20Co25Cu11,293.2465,CoCuFeMnNi,True
Cu13Cr25Co7Ni24Fe20Mn11,293.46548,CoCrCuFeMnNi,True
Mn17Ni18Cr19Cu8Fe15Co19,293.49768,CoCrCuFeMnNi,True
Fe13Co22Mo13Mn11Cu23Ni18,293.5614,CoCuFeMnMoNi,True
Fe22Ni25Co22Cu17Mn14,293.65353,CoCuFeMnNi,True
Mo11Cr15Co18Cu14Ni5Mn23,293.73486,CoCrCuMnMoNi,True
Cr16Cu15Ni17Fe25Mn17Co19,294.21036,CoCrCuFeMnNi,True
Mn13Fe25Cu23Co20Ni17,294.39267,CoCuFeMnNi,True
Cu17Co24Ni15Fe25Mn12,294.49518,CoCuFeMnNi,True
Cu7Co8Mo13Mn21Cr16Fe6,294.5051,CoCrCuFeMnMo,True
Cu16Co20Ni24Mn14Fe20,294.5634,CoCuFeMnNi,True
Mo14Co7Fe21Cu5Cr10Mn25,295.0097,CoCrCuFeMnMo,True
Ni11Mo7Cu12Mn9Co24Fe14,295.05908,CoCuFeMnMoNi,True
Cu6Fe14Mn12Ni17Co9Cr16,295.1,CoCrCuFeMnNi,True
Fe15Ni14Cu7Co13Mn12,295.1078,CoCuFeMnNi,True
Mn16Fe22Cu25Co14Ni19,295.28116,CoCuFeMnNi,True
Fe20Mo7Mn25Co6Cr17Ni5,295.3456,CoCrFeMnMoNi,True
Ni8Mn25Cr13Cu18Mo18Co6,295.36105,CoCrCuMnMoNi,True
Mn14Co24Ni20Fe25Cu13,295.39832,CoCuFeMnNi,True
Ni7Mn14Cr25Co10Mo13Cu13,295.56033,CoCrCuMnMoNi,True
Mn15Mo23Fe6Cu20Co22Ni11,295.67035,CoCuFeMnMoNi,True
Fe22Cu13Cr20Co10Ni5Mn10,295.73798,CoCrCuFeMnNi,True
Mo11Fe6Ni6Mn8Co18Cu11,295.81894,CoCuFeMnMoNi,True
Co16Ni17Mn13Fe25Cu10,295.89758,CoCuFeMnNi,True
Co12Ni25Mn9Fe20Cu21Cr25,296.0121,CoCrCuFeMnNi,True
Co8Ni5Mn24Cu12Mo18Fe5,296.40137,CoCuFeMnMoNi,True
Co17Mn15Fe15Cu10Ni10,296.45114,CoCuFeMnNi,True
Cu6Co13Mn23Ni10Mo25Cr20,296.56607,CoCrCuMnMoNi,True
Ni15Fe21Co22Cr22Mn7Cu7,296.70587,CoCrCuFeMnNi,True
Mn17Fe23Cu15Co11Ni21,296.77335,CoCuFeMnNi,True
Ni13Co13Fe24Cu23Mn16,297.08142,CoCuFeMnNi,True
Mn23Cu7Co9Cr19Mo14Ni19,297.09808,CoCrCuMnMoNi,True
Co15Cu12Mn13Ni19Cr15Fe15,297.1912,CoCrCuFeMnNi,True
Mo7Ni5Co22Mn13Cu25Fe23,297.27573,CoCuFeMnMoNi,True
Mo13Cr18Ni6Cu5Co12Mn14,297.37875,CoCrCuMnMoNi,True
Cu17Mo17Co17Cr25Fe20Ni18,297.5415,CoCrCuFeMoNi,True
Fe10Mn14Cu23Co16Ni18Mo10,297.5427,CoCuFeMnMoNi,True
Fe24Co14Cr25Mn23Ni14Cu24,297.6688,CoCrCuFeMnNi,True
Co13Mn24Cr5Cu10Ni7Mo13,298.2206,CoCrCuMnMoNi,True
Ni16Fe24Mn20Cu16Co13,298.3437,CoCuFeMnNi,True
Fe25Co18Cu19Ni20Mn13,298.35117,CoCuFeMnNi,True
Cu12Co10Ni17Mn11Fe22,298.3892,CoCuFeMnNi,True
Cu11Co25Mn17Ni9Fe7Mo12,298.6767,CoCuFeMnMoNi,True
Fe16Cr23Cu16Co11Mn19Ni18,298.719,CoCrCuFeMnNi,True
Ni9Co6Mo7Cu5Fe12Cr21,298.78598,CoCrCuFeMoNi,True
Ni19Co24Cu14Fe22Mn21,298.97174,CoCuFeMnNi,True
Cu25Mn19Co17Ni19Fe21,299.10678,CoCuFeMnNi,True
Co7Cu24Mo6Mn9Fe19Ni8,299.29465,CoCuFeMnMoNi,True
Ni9Cr25Mn15Co6Cu9Mo21,300.0114,CoCrCuMnMoNi,True
Ni14Cu17Mn18Co17Fe17,300.18454,CoCuFeMnNi,True
Mo13Cr25Cu7Mn20Co18Ni9,300.3959,CoCrCuMnMoNi,True
Cr25Co23Fe25Ni24Cu19Mn25,300.51755,CoCrCuFeMnNi,True
Co19Ni25Cu17Fe20Mn19,300.6236,CoCuFeMnNi,True
Fe12Co12Cu9Mo15Mn5Ni20,300.6307,CoCuFeMnMoNi,True
Fe21Ni22Co7Cu5Mn8Mo8,301.20892,CoCuFeMnMoNi,True
Mo20Ni14Mn7Co13Fe10Cu20,301.27463,CoCuFeMnMoNi,True
Mo5Ni21Fe25Co10Mn10Cu25,301.33875,CoCuFeMnMoNi,True
Fe21Mn16Co18Ni11Cu11,301.35938,CoCuFeMnNi,True
Fe19Mn7Cu16Ni19Co19Cr25,301.47812,CoCrCuFeMnNi,True
Ni6Cr7Cu14Mo19Mn25Co6,301.54602,CoCrCuMnMoNi,True
Ni21Mo15Cu22Fe7Mn24Co18,301.83707,CoCuFeMnMoNi,True
Ni14Mn7Mo17Co21Fe19Cu22,302.42236,CoCuFeMnMoNi,True
Co9Mn15Ni12Cu10Cr22Fe25,302.65573,CoCrCuFeMnNi,True
Fe23Cu8Co13Cr20Mn16Ni17,302.75107,CoCrCuFeMnNi,True
Co21Fe25Mn14Cu9Ni12Cr20,303.00305,CoCrCuFeMnNi,True
Ni5Mo8Mn25Cr7Cu5Fe19,303.086,CrCuFeMnMoNi,True
Mn25Co6Cr22Ni19Cu8Mo16,303.29083,CoCrCuMnMoNi,True
Mn20Cu16Fe25Ni23Co23,303.35928,CoCuFeMnNi,True
Co22Fe22Mn7Ni6Mo19Cu23,303.7014,CoCuFeMnMoNi,True
Cr24Fe23Mn11Cu22Co14Ni9,303.8015,CoCrCuFeMnNi,True
Fe17Mn12Cu13Co11Ni16,303.8677,CoCuFeMnNi,True
Ni14Mn24Cr23Mo7Cu17Co9,304.30814,CoCrCuMnMoNi,True
Ni9Fe15Co17Cr19Mn7Cu11,304.3227,CoCrCuFeMnNi,True
Co10Cr24Fe22Cu11Ni23Mn13,304.38733,CoCrCuFeMnNi,True
Fe9Cu15Mo19Mn10Co20Ni12,304.662,CoCuFeMnMoNi,True
Cu9Co20Ni8Mo8Mn7Fe19,304.7263,CoCuFeMnMoNi,True
Fe7Mo18Co23Mn24Cu10Ni12,304.75162,CoCuFeMnMoNi,True
Cr23Ni9Fe12Cu6Mo5Co9,304.84723,CoCrCuFeMoNi,True
Ni19Co17Cu14Fe19Mn16,304.91803,CoCuFeMnNi,True
Mo10Ni11Mn5Fe17Cu16Co13,305.188,CoCuFeMnMoNi,True
Cu12Co25Ni12Cr25Fe24Mn11,305.3122,CoCrCuFeMnNi,True
Ni13Mn15Mo8Cr25Co9Cu7,305.68988,CoCrCuMnMoNi,True
Cu23Co13Fe8Mo14Mn22Ni14,305.8443,CoCuFeMnMoNi,True
Mo8Cu16Fe6Ni6Co7Mn13,306.14374,CoCuFeMnMoNi,True
Cu9Co11Ni12Mn16Cr19Fe18,306.65762,CoCrCuFeMnNi,True
Mn22Cr22Co8Cu7Mo17Ni13,306.6769,CoCrCuMnMoNi,True
Mo20Co21Mn6Fe14Cu16Ni7,307.02942,CoCuFeMnMoNi,True
Ni24Cu9Mo10Fe18Co11Mn10,307.07233,CoCuFeMnMoNi,True
Mn25Cu21Ni24Mo14Fe10Co5,307.34305,CoCuFeMnMoNi,True
Fe23Ni25Cu16Co19Mo14Mn9,307.4389,CoCuFeMnMoNi,True
Mo15Cu7Fe5Ni12Co6Mn5,307.58395,CoCuFeMnMoNi,True
Co13Mn13Ni8Cr22Cu9Fe17,308.04184,CoCrCuFeMnNi,True
Mn8Ni12Cu11Fe14Co21Mo14,308.1541,CoCuFeMnMoNi,True
Cr22Ni10Fe19Mn9Co15Cu18,308.20242,CoCrCuFeMnNi,True
Cu23Ni8Fe17Mo18Co18Mn8,308.3855,CoCuFeMnMoNi,True
Fe17Cu23Mo12Co14Mn10Ni15,308.72824,CoCuFeMnMoNi,True
Co18Fe7Ni20Mo5Cu18Mn25,308.7384,CoCuFeMnMoNi,True
Co20Mo9Mn10Fe16Cu12Ni5,308.94028,CoCuFeMnMoNi,True
Co7Fe10Mn21Cu20Ni23Mo13,309.01544,CoCuFeMnMoNi,True
Cu12Co8Cr19Ni13Mn12Fe14,309.02655,CoCrCuFeMnNi,True
Mn18Mo22Fe7Cu16Co7Ni17,309.08337,CoCuFeMnMoNi,True
Co20Mn15Cr25Cu17Ni22Fe18,309.09555,CoCrCuFeMnNi,True
Fe22Cr23Mn19Cu15Co14Ni20,309.24734,CoCrCuFeMnNi,True
Ni9Fe21Co19Mn7Mo16Cu21,309.38943,CoCuFeMnMoNi,True
Co20Cu9Fe6Ni11Mo5Mn20,309.40634,CoCuFeMnMoNi,True
Mo8Cr21Fe12Co7Mn23Cu5,309.4401,CoCrCuFeMnMo,True
Ni16Co12Mo19Mn9Cu9Fe7,309.516,CoCuFeMnMoNi,True
Mn14Co15Cu24Fe13Mo16Ni18,309.58673,CoCuFeMnMoNi,True
Ni25Fe10Cu15Mn21Mo20Co21,309.5926,CoCuFeMnMoNi,True
Mn11Ni25Fe20Co7Mo19Cu25,309.65976,CoCuFeMnMoNi,True
Ni25Cr24Fe24Mn16Co22Cu17,310.1762,CoCrCuFeMnNi,True
Ni20Cu8Fe9Mn8Mo16Co7,310.20013,CoCuFeMnMoNi,True
Cu7Mn9Mo21Co7Ni8Fe5,310.64426,CoCuFeMnMoNi,True
Co16Mn12Fe14Ni18Cu20Mo13,310.92276,CoCuFeMnMoNi,True
Co8Ni23Fe16Mn5Mo24Cu10,310.92538,CoCuFeMnMoNi,True
Ni9Fe9Co24Mn23Cu15Mo9,311.17545,CoCuFeMnMoNi,True
Ni14Co19Fe10Cu18Mn14Mo24,311.33514,CoCuFeMnMoNi,True
Co17Cu14Fe21Mn9Mo5Ni6,311.68008,CoCuFeMnMoNi,True
Fe8Co15Mn25Ni16Mo21Cu17,311.7779,CoCuFeMnMoNi,True
Fe10Cu22Mo12Ni8Co6Mn21,311.8443,CoCuFeMnMoNi,True
Cu13Mn12Ni19Mo9Fe23Co23,312.43546,CoCuFeMnMoNi,True
Ni16Fe14Cu19Co15Mo23Mn9,312.60193,CoCuFeMnMoNi,True
Ni11Co17Cr22Fe18Cu16Mn10,312.65598,CoCrCuFeMnNi,True
Mo18Fe7Co7Ni19Cu5Mn10,312.67685,CoCuFeMnMoNi,True
Fe14Mo10Co8Ni18Mn8Cu6,312.70416,CoCuFeMnMoNi,True
Fe12Ni21Cu17Co9Mo7Mn15,312.81482,CoCuFeMnMoNi,True
Co20Fe14Ni18Mo24Mn8Cu8,312.92108,CoCuFeMnMoNi,True
Mo8Cu25Co15Mn16Fe18Ni20,313.22638,CoCuFeMnMoNi,True
Ni16Co8Cu18Mn13Mo7Fe11,313.65564,CoCuFeMnMoNi,True
Fe9Cu17Mn13Co16Ni10Mo16,314.45444,CoCuFeMnMoNi,True
Mo5Mn15Fe20Ni5Co10Cu20,314.6487,CoCuFeMnMoNi,True
Mn11Fe23Mo10Co6Ni20Cu18,314.88232,CoCuFeMnMoNi,True
Mo24Cu8Co17Ni14Mn17Fe7,315.12097,CoCuFeMnMoNi,True
Co9Mo16Mn6Fe23Cu12Ni20,315.76282,CoCuFeMnMoNi,True
Cu13Co25Mo15Mn20Ni17Fe12,316.8901,CoCuFeMnMoNi,True
Cu18Fe25Co7Mn10Mo17Ni24,317.10052,CoCuFeMnMoNi,True
Cr23Cu16Ni13Mn13Fe24Co15,317.31192,CoCrCuFeMnNi,True
Mo5Co5Fe8Mn24Ni5,318.1225,CoFeMnMoNi,True
Ni22Mn17Co15Cu6Mo13Fe13,318.23035,CoCuFeMnMoNi,True
Ni11Fe19Co25Cu12Mn15Mo13,318.38217,CoCuFeMnMoNi,True
Mo11Mn13Cu17Co8Fe23Ni23,318.41077,CoCuFeMnMoNi,True
Cu23Co24Mo24Mn18Fe14Ni9,318.51843,CoCuFeMnMoNi,True
Co10Mo16Fe8Ni6Mn15Cu16,318.64084,CoCuFeMnMoNi,True
Fe17Mo7Co22Cu18Mn18Ni15,318.8918,CoCuFeMnMoNi,True
Mn20Mo15Co25Fe21Ni6Cu10,319.077,CoCuFeMnMoNi,True
Co5Cu10Ni24Mn19Fe17Mo19,319.19772,CoCuFeMnMoNi,True
Mo6Ni21Mn20Fe22Co6Cu19,319.29245,CoCuFeMnMoNi,True
Cu10Mo23Mn19Ni18Co20Fe10,319.43518,CoCuFeMnMoNi,True
Co12Cu18Fe12Mn14Mo7Ni8,319.62985,CoCuFeMnMoNi,True
Fe22Cu11Ni16Co17Cr24Mn12,319.64117,CoCrCuFeMnNi,True
Cu25Ni25Mo20Co8Fe25Mn14,319.7476,CoCuFeMnMoNi,True
Co6Fe21Mo8Mn23Ni18Cu24,319.89044,CoCuFeMnMoNi,True
Co18Cu13Ni8Mn13Fe16Mo6,319.89273,CoCuFeMnMoNi,True
Mn7Ni8Mo21Cu20Fe21Co11,319.90503,CoCuFeMnMoNi,True
Mo23Ni6Co17Mn5Cu8Fe20,319.95145,CoCuFeMnMoNi,True
Mo18Ni16Fe18Mn7Cu10Co13,320.01736,CoCuFeMnMoNi,True
Co6Mo12Ni11Mn24Cr19Cu6,320.08975,CoCrCuMnMoNi,True
Cu16Mo22Mn22Co15Fe11Ni19,320.13132,CoCuFeMnMoNi,True
Fe12Cu19Mo6Co13Ni16Mn19,320.16815,CoCuFeMnMoNi,True
Co21Mo21Mn19Ni15Cu13Fe11,320.49026,CoCuFeMnMoNi,True
Cu13Mo5Ni18Fe21Mn13Co15,320.54843,CoCuFeMnMoNi,True
Mo5Ni7Cu15Fe21Mn21Co24,320.81403,CoCuFeMnMoNi,True
Cu18Mo9Ni15Fe10Mn21Co10,320.97922,CoCuFeMnMoNi,True
Ni6Co15Mo18Mn24Fe14Cu19,321.04892,CoCuFeMnMoNi,True
Co16Ni21Mn17Fe20Cu23Mo14,321.36557,CoCuFeMnMoNi,True
Ni20Mo22Mn9Cu17Fe21Co6,321.37274,CoCuFeMnMoNi,True
Ni19Cu13Mn18Fe15Mo18Co24,321.4823,CoCuFeMnMoNi,True
Ni11Mn7Cu12Fe20Mo22Co16,321.54785,CoCuFeMnMoNi,True
Ni24Mo13Co17Mn19Fe24Cu6,321.8793,CoCuFeMnMoNi,True
Cu12Fe12Mo15Co21Mn18Ni10,322.45074,CoCuFeMnMoNi,True
Cu19Ni24Mn18Fe24Co12Mo10,322.55276,CoCuFeMnMoNi,True
Co5Mo24Fe19Mn25Ni23Cu18,322.5731,CoCuFeMnMoNi,True
Cu6Fe5Co5Mo5Ni10Mn13,322.7203,CoCuFeMnMoNi,True
Co6Mn18Cu19Mo13Fe18Ni10,323.10867,CoCuFeMnMoNi,True
Co8Fe17Mo22Cu19Ni16Mn10,323.49365,CoCuFeMnMoNi,True
Co7Cu12Mn21Ni6Fe15Mo19,323.72186,CoCuFeMnMoNi,True
Fe18Co15Ni7Cu22Mo17Mn15,323.7346,CoCuFeMnMoNi,True
Co23Mo14Ni15Fe24Cu15Mn15,323.78577,CoCuFeMnMoNi,True
Mn8Fe25Ni14Co14Mo15Cu13,323.86008,CoCuFeMnMoNi,True
Mo12Fe16Co21Cu20Ni17Mn24,323.91693,CoCuFeMnMoNi,True
Mo16Fe10Co9Cu8Mn8Ni12,324.06732,CoCuFeMnMoNi,True
Mo23Fe12Cu16Ni10Mn19Co15,324.46967,CoCuFeMnMoNi,True
Fe22Mo15Mn21Cu19Ni25Co22,324.87167,CoCuFeMnMoNi,True
Ni18Mn10Cu17Fe23Mo16Co8,325.25522,CoCuFeMnMoNi,True
Cu21Co9Mo16Fe17Mn24Ni17,325.33234,CoCuFeMnMoNi,True
Mo23Ni15Fe22Co12Cu10Mn7,325.3447,CoCuFeMnMoNi,True
Ni17Co9Fe25Mn14Mo24Cu25,325.42978,CoCuFeMnMoNi,True
Mo22Ni19Fe13Mn14Cu10Co9,325.52133,CoCuFeMnMoNi,True
Co19Mo17Fe13Cu12Ni9Mn17,325.5985,CoCuFeMnMoNi,True
Fe23Mo22Cu10Mn14Co20Ni21,325.6713,CoCuFeMnMoNi,True
Cu5Co15Mo11Mn11Ni10Fe15,325.67154,CoCuFeMnMoNi,True
Cu15Ni8Mn19Mo13Co21Fe17,325.75613,CoCuFeMnMoNi,True
Mo22Ni19Co22Fe17Mn20Cu8,326.3749,CoCuFeMnMoNi,True
Co13Cu16Fe17Ni21Mn21Mo13,326.45428,CoCuFeMnMoNi,True
Mn12Fe16Ni18Co7Cu8Mo16,326.66272,CoCuFeMnMoNi,True
Mn22Fe24Ni15Cu22Co20Mo6,326.7892,CoCuFeMnMoNi,True
Co7Ni15Mn9Cu10Fe17Mo16,326.84256,CoCuFeMnMoNi,True
Cu15Co24Fe19Mo25Mn20Ni10,326.88086,CoCuFeMnMoNi,True
Fe16Co15Mn20Mo19Ni22Cu13,326.93787,CoCuFeMnMoNi,True
Mn21Mo5Fe9Cu14Co8Ni5,327.0703,CoCuFeMnMoNi,True
Mn14Cu20Mo17Fe20Ni13Co13,327.16116,CoCuFeMnMoNi,True
Cu5Ni11Co17Fe21Mn23Mo23,327.4035,CoCuFeMnMoNi,True
Mn20Ni18Fe21Cu13Co5Mo24,327.70984,CoCuFeMnMoNi,True
Cu13Ni18Fe13Mn21Co7Mo8,327.88248,CoCuFeMnMoNi,True
Ni11Mo13Co20Cu20Mn24Fe18,327.942,CoCuFeMnMoNi,True
Ni21Mo18Fe23Co20Cu12Mn17,328.16266,CoCuFeMnMoNi,True
Ni10Fe8Mn13Co6Cu6Mo11,328.21872,CoCuFeMnMoNi,True
Fe14Ni16Mn19Cu10Co18Mo25,328.2678,CoCuFeMnMoNi,True
Mo22Fe20Cu18Ni8Co9Mn11,328.31436,CoCuFeMnMoNi,True
Cu14Co8Ni21Mn25Mo22Fe23,328.3179,CoCuFeMnMoNi,True
Cu9Mn21Co6Mo11Ni5Fe21,328.34125,CoCuFeMnMoNi,True
Co11Mo14Cu10Ni19Mn15Fe17,328.45572,CoCuFeMnMoNi,True
Mn23Fe22Cu8Mo20Co8Ni12,328.6339,CoCuFeMnMoNi,True
Mn25Ni7Co9Fe16Mo17Cu11,329.06024,CoCuFeMnMoNi,True
Cu6Mn18Fe22Ni16Co6Mo22,329.10977,CoCuFeMnMoNi,True
Mo23Fe25Mn12Cu10Ni19Co7,329.17303,CoCuFeMnMoNi,True
Cu8Fe20Mn20Ni13Co21Mo19,329.93304,CoCuFeMnMoNi,True
Co7Cu7Fe15Ni15Mo16Mn12,329.9613,CoCuFeMnMoNi,True
Cu10Mo20Co21Fe19Mn20Ni14,330.32114,CoCuFeMnMoNi,True
Cu16Fe24Ni11Mo8Mn22Co8,331.5899,CoCuFeMnMoNi,True
Fe20Co17Cu9Mn22Ni18Mo7,332.11374,CoCuFeMnMoNi,True
Fe24Ni16Mn21Co9Cu11Mo13,332.29813,CoCuFeMnMoNi,True
Cu7Mo12Mn19Fe20Co10Ni10,332.59833,CoCuFeMnMoNi,True
Cu5Ni11Co12Mn22Mo11Fe12,333.21896,CoCuFeMnMoNi,True
Co13Fe14Mn24Mo11Cu6Ni15,333.50488,CoCuFeMnMoNi,True
Ni8Mn17Mo9Co10Cu10Fe19,333.69217,CoCuFeMnMoNi,True
Ni13Fe15Co12Mn24Cu17Mo7,336.051,CoCuFeMnMoNi,True
